source,game,period,draw_date,draw,trial,open_no,source_url,source_note,non_official,status_code,parse_ok,error
彩宝网/8200,排列三,2023215,2023-08-13,480,738,,https://www.8200.cn/kjh/p3/2023215.htm,排列三页面所列三位试机号；排列三与排列五共用同一期体彩摇奖流程。,否,200,是,
一定牛/ydniu,排列五,2023215,2023-08-13,48032,07920,,https://m.ydniu.com/kaijiang/pl5/sjh/2023215.html,页面明确标注为排列五五位模拟试机号，属于互联网模拟数据，不是官方试机号。,是,200,是,
3D之家/3d178,福彩3D,2023215,2023-08-13,308,162,,https://www.3d178.cn/kaijiang/2023/2023215.shtml,3D之家页面所列试机号；与彩宝网口径可能不同，原样独立保留。,否,200,是,
彩宝网/8200,福彩3D,2023215,2023-08-13,308,162,802,https://www.8200.cn/kjh/3d/2023215.htm,福彩3D页面口径：同时列出开机号与试机号。,否,200,是,
彩宝网/8200,排列三,2023216,2023-08-14,138,987,,https://www.8200.cn/kjh/p3/2023216.htm,排列三页面所列三位试机号；排列三与排列五共用同一期体彩摇奖流程。,否,200,是,
一定牛/ydniu,排列五,2023216,2023-08-14,13897,11379,,https://m.ydniu.com/kaijiang/pl5/sjh/2023216.html,页面明确标注为排列五五位模拟试机号，属于互联网模拟数据，不是官方试机号。,是,200,是,
3D之家/3d178,福彩3D,2023216,2023-08-14,187,196,,https://www.3d178.cn/kaijiang/2023/2023216.shtml,3D之家页面所列试机号；与彩宝网口径可能不同，原样独立保留。,否,200,是,
彩宝网/8200,福彩3D,2023216,2023-08-14,187,196,395,https://www.8200.cn/kjh/3d/2023216.htm,福彩3D页面口径：同时列出开机号与试机号。,否,200,是,
彩宝网/8200,排列三,2023217,2023-08-15,748,531,,https://www.8200.cn/kjh/p3/2023217.htm,排列三页面所列三位试机号；排列三与排列五共用同一期体彩摇奖流程。,否,200,是,
一定牛/ydniu,排列五,2023217,2023-08-15,74883,75394,,https://m.ydniu.com/kaijiang/pl5/sjh/2023217.html,页面明确标注为排列五五位模拟试机号，属于互联网模拟数据，不是官方试机号。,是,200,是,
3D之家/3d178,福彩3D,2023217,2023-08-15,811,836,,https://www.3d178.cn/kaijiang/2023/2023217.shtml,3D之家页面所列试机号；与彩宝网口径可能不同，原样独立保留。,否,200,是,
彩宝网/8200,福彩3D,2023217,2023-08-15,811,836,071,https://www.8200.cn/kjh/3d/2023217.htm,福彩3D页面口径：同时列出开机号与试机号。,否,200,是,
彩宝网/8200,排列三,2023218,2023-08-16,942,168,,https://www.8200.cn/kjh/p3/2023218.htm,排列三页面所列三位试机号；排列三与排列五共用同一期体彩摇奖流程。,否,200,是,
一定牛/ydniu,排列五,2023218,2023-08-16,94288,42706,,https://m.ydniu.com/kaijiang/pl5/sjh/2023218.html,页面明确标注为排列五五位模拟试机号，属于互联网模拟数据，不是官方试机号。,是,200,是,
3D之家/3d178,福彩3D,2023218,2023-08-16,071,510,,https://www.3d178.cn/kaijiang/2023/2023218.shtml,3D之家页面所列试机号；与彩宝网口径可能不同，原样独立保留。,否,200,是,
彩宝网/8200,福彩3D,2023218,2023-08-16,071,510,304,https://www.8200.cn/kjh/3d/2023218.htm,福彩3D页面口径：同时列出开机号与试机号。,否,200,是,
彩宝网/8200,排列三,2023219,2023-08-17,738,236,,https://www.8200.cn/kjh/p3/2023219.htm,排列三页面所列三位试机号；排列三与排列五共用同一期体彩摇奖流程。,否,200,是,
一定牛/ydniu,排列五,2023219,2023-08-17,73832,29098,,https://m.ydniu.com/kaijiang/pl5/sjh/2023219.html,页面明确标注为排列五五位模拟试机号，属于互联网模拟数据，不是官方试机号。,是,200,是,
3D之家/3d178,福彩3D,2023219,2023-08-17,348,373,,https://www.3d178.cn/kaijiang/2023/2023219.shtml,3D之家页面所列试机号；与彩宝网口径可能不同，原样独立保留。,否,200,是,
彩宝网/8200,福彩3D,2023219,2023-08-17,348,373,509,https://www.8200.cn/kjh/3d/2023219.htm,福彩3D页面口径：同时列出开机号与试机号。,否,200,是,
彩宝网/8200,排列三,2023220,2023-08-18,035,214,,https://www.8200.cn/kjh/p3/2023220.htm,排列三页面所列三位试机号；排列三与排列五共用同一期体彩摇奖流程。,否,200,是,
一定牛/ydniu,排列五,2023220,2023-08-18,03564,88030,,https://m.ydniu.com/kaijiang/pl5/sjh/2023220.html,页面明确标注为排列五五位模拟试机号，属于互联网模拟数据，不是官方试机号。,是,200,是,
3D之家/3d178,福彩3D,2023220,2023-08-18,587,963,,https://www.3d178.cn/kaijiang/2023/2023220.shtml,3D之家页面所列试机号；与彩宝网口径可能不同，原样独立保留。,否,200,是,
彩宝网/8200,福彩3D,2023220,2023-08-18,587,963,658,https://www.8200.cn/kjh/3d/2023220.htm,福彩3D页面口径：同时列出开机号与试机号。,否,200,是,
彩宝网/8200,排列三,2023221,2023-08-19,649,472,,https://www.8200.cn/kjh/p3/2023221.htm,排列三页面所列三位试机号；排列三与排列五共用同一期体彩摇奖流程。,否,200,是,
一定牛/ydniu,排列五,2023221,2023-08-19,64995,39095,,https://m.ydniu.com/kaijiang/pl5/sjh/2023221.html,页面明确标注为排列五五位模拟试机号，属于互联网模拟数据，不是官方试机号。,是,200,是,
3D之家/3d178,福彩3D,2023221,2023-08-19,503,473,,https://www.3d178.cn/kaijiang/2023/2023221.shtml,3D之家页面所列试机号；与彩宝网口径可能不同，原样独立保留。,否,200,是,
彩宝网/8200,福彩3D,2023221,2023-08-19,503,473,574,https://www.8200.cn/kjh/3d/2023221.htm,福彩3D页面口径：同时列出开机号与试机号。,否,200,是,
彩宝网/8200,排列三,2023222,2023-08-20,977,194,,https://www.8200.cn/kjh/p3/2023222.htm,排列三页面所列三位试机号；排列三与排列五共用同一期体彩摇奖流程。,否,200,是,
一定牛/ydniu,排列五,2023222,2023-08-20,97718,38181,,https://m.ydniu.com/kaijiang/pl5/sjh/2023222.html,页面明确标注为排列五五位模拟试机号，属于互联网模拟数据，不是官方试机号。,是,200,是,
3D之家/3d178,福彩3D,2023222,2023-08-20,265,463,,https://www.3d178.cn/kaijiang/2023/2023222.shtml,3D之家页面所列试机号；与彩宝网口径可能不同，原样独立保留。,否,200,是,
彩宝网/8200,福彩3D,2023222,2023-08-20,265,463,190,https://www.8200.cn/kjh/3d/2023222.htm,福彩3D页面口径：同时列出开机号与试机号。,否,200,是,
彩宝网/8200,排列三,2023223,2023-08-21,740,259,,https://www.8200.cn/kjh/p3/2023223.htm,排列三页面所列三位试机号；排列三与排列五共用同一期体彩摇奖流程。,否,200,是,
一定牛/ydniu,排列五,2023223,2023-08-21,74039,83123,,https://m.ydniu.com/kaijiang/pl5/sjh/2023223.html,页面明确标注为排列五五位模拟试机号，属于互联网模拟数据，不是官方试机号。,是,200,是,
3D之家/3d178,福彩3D,2023223,2023-08-21,309,914,,https://www.3d178.cn/kaijiang/2023/2023223.shtml,3D之家页面所列试机号；与彩宝网口径可能不同，原样独立保留。,否,200,是,
彩宝网/8200,福彩3D,2023223,2023-08-21,309,914,508,https://www.8200.cn/kjh/3d/2023223.htm,福彩3D页面口径：同时列出开机号与试机号。,否,200,是,
彩宝网/8200,排列三,2023224,2023-08-22,374,972,,https://www.8200.cn/kjh/p3/2023224.htm,排列三页面所列三位试机号；排列三与排列五共用同一期体彩摇奖流程。,否,200,是,
一定牛/ydniu,排列五,2023224,2023-08-22,37478,97712,,https://m.ydniu.com/kaijiang/pl5/sjh/2023224.html,页面明确标注为排列五五位模拟试机号，属于互联网模拟数据，不是官方试机号。,是,200,是,
3D之家/3d178,福彩3D,2023224,2023-08-22,447,061,,https://www.3d178.cn/kaijiang/2023/2023224.shtml,3D之家页面所列试机号；与彩宝网口径可能不同，原样独立保留。,否,200,是,
彩宝网/8200,福彩3D,2023224,2023-08-22,447,061,539,https://www.8200.cn/kjh/3d/2023224.htm,福彩3D页面口径：同时列出开机号与试机号。,否,200,是,
彩宝网/8200,排列三,2023225,2023-08-23,118,425,,https://www.8200.cn/kjh/p3/2023225.htm,排列三页面所列三位试机号；排列三与排列五共用同一期体彩摇奖流程。,否,200,是,
一定牛/ydniu,排列五,2023225,2023-08-23,11878,91305,,https://m.ydniu.com/kaijiang/pl5/sjh/2023225.html,页面明确标注为排列五五位模拟试机号，属于互联网模拟数据，不是官方试机号。,是,200,是,
3D之家/3d178,福彩3D,2023225,2023-08-23,798,996,,https://www.3d178.cn/kaijiang/2023/2023225.shtml,3D之家页面所列试机号；与彩宝网口径可能不同，原样独立保留。,否,200,是,
彩宝网/8200,福彩3D,2023225,2023-08-23,798,996,259,https://www.8200.cn/kjh/3d/2023225.htm,福彩3D页面口径：同时列出开机号与试机号。,否,200,是,
彩宝网/8200,排列三,2023226,2023-08-24,535,958,,https://www.8200.cn/kjh/p3/2023226.htm,排列三页面所列三位试机号；排列三与排列五共用同一期体彩摇奖流程。,否,200,是,
一定牛/ydniu,排列五,2023226,2023-08-24,53581,88378,,https://m.ydniu.com/kaijiang/pl5/sjh/2023226.html,页面明确标注为排列五五位模拟试机号，属于互联网模拟数据，不是官方试机号。,是,200,是,
3D之家/3d178,福彩3D,2023226,2023-08-24,182,966,,https://www.3d178.cn/kaijiang/2023/2023226.shtml,3D之家页面所列试机号；与彩宝网口径可能不同，原样独立保留。,否,200,是,
彩宝网/8200,福彩3D,2023226,2023-08-24,182,966,012,https://www.8200.cn/kjh/3d/2023226.htm,福彩3D页面口径：同时列出开机号与试机号。,否,200,是,
彩宝网/8200,排列三,2023227,2023-08-25,901,570,,https://www.8200.cn/kjh/p3/2023227.htm,排列三页面所列三位试机号；排列三与排列五共用同一期体彩摇奖流程。,否,200,是,
一定牛/ydniu,排列五,2023227,2023-08-25,90178,71922,,https://m.ydniu.com/kaijiang/pl5/sjh/2023227.html,页面明确标注为排列五五位模拟试机号，属于互联网模拟数据，不是官方试机号。,是,200,是,
3D之家/3d178,福彩3D,2023227,2023-08-25,206,802,,https://www.3d178.cn/kaijiang/2023/2023227.shtml,3D之家页面所列试机号；与彩宝网口径可能不同，原样独立保留。,否,200,是,
彩宝网/8200,福彩3D,2023227,2023-08-25,206,802,053,https://www.8200.cn/kjh/3d/2023227.htm,福彩3D页面口径：同时列出开机号与试机号。,否,200,是,
彩宝网/8200,排列三,2023228,2023-08-26,773,689,,https://www.8200.cn/kjh/p3/2023228.htm,排列三页面所列三位试机号；排列三与排列五共用同一期体彩摇奖流程。,否,200,是,
一定牛/ydniu,排列五,2023228,2023-08-26,77317,52825,,https://m.ydniu.com/kaijiang/pl5/sjh/2023228.html,页面明确标注为排列五五位模拟试机号，属于互联网模拟数据，不是官方试机号。,是,200,是,
3D之家/3d178,福彩3D,2023228,2023-08-26,985,610,,https://www.3d178.cn/kaijiang/2023/2023228.shtml,3D之家页面所列试机号；与彩宝网口径可能不同，原样独立保留。,否,200,是,
彩宝网/8200,福彩3D,2023228,2023-08-26,985,610,240,https://www.8200.cn/kjh/3d/2023228.htm,福彩3D页面口径：同时列出开机号与试机号。,否,200,是,
彩宝网/8200,排列三,2023229,2023-08-27,678,619,,https://www.8200.cn/kjh/p3/2023229.htm,排列三页面所列三位试机号；排列三与排列五共用同一期体彩摇奖流程。,否,200,是,
一定牛/ydniu,排列五,2023229,2023-08-27,67890,56819,,https://m.ydniu.com/kaijiang/pl5/sjh/2023229.html,页面明确标注为排列五五位模拟试机号，属于互联网模拟数据，不是官方试机号。,是,200,是,
3D之家/3d178,福彩3D,2023229,2023-08-27,142,650,,https://www.3d178.cn/kaijiang/2023/2023229.shtml,3D之家页面所列试机号；与彩宝网口径可能不同，原样独立保留。,否,200,是,
彩宝网/8200,福彩3D,2023229,2023-08-27,142,650,463,https://www.8200.cn/kjh/3d/2023229.htm,福彩3D页面口径：同时列出开机号与试机号。,否,200,是,
彩宝网/8200,排列三,2023230,2023-08-28,949,317,,https://www.8200.cn/kjh/p3/2023230.htm,排列三页面所列三位试机号；排列三与排列五共用同一期体彩摇奖流程。,否,200,是,
一定牛/ydniu,排列五,2023230,2023-08-28,94974,68680,,https://m.ydniu.com/kaijiang/pl5/sjh/2023230.html,页面明确标注为排列五五位模拟试机号，属于互联网模拟数据，不是官方试机号。,是,200,是,
3D之家/3d178,福彩3D,2023230,2023-08-28,787,769,,https://www.3d178.cn/kaijiang/2023/2023230.shtml,3D之家页面所列试机号；与彩宝网口径可能不同，原样独立保留。,否,200,是,
彩宝网/8200,福彩3D,2023230,2023-08-28,787,769,942,https://www.8200.cn/kjh/3d/2023230.htm,福彩3D页面口径：同时列出开机号与试机号。,否,200,是,
彩宝网/8200,排列三,2023231,2023-08-29,365,681,,https://www.8200.cn/kjh/p3/2023231.htm,排列三页面所列三位试机号；排列三与排列五共用同一期体彩摇奖流程。,否,200,是,
一定牛/ydniu,排列五,2023231,2023-08-29,36575,67943,,https://m.ydniu.com/kaijiang/pl5/sjh/2023231.html,页面明确标注为排列五五位模拟试机号，属于互联网模拟数据，不是官方试机号。,是,200,是,
3D之家/3d178,福彩3D,2023231,2023-08-29,049,762,,https://www.3d178.cn/kaijiang/2023/2023231.shtml,3D之家页面所列试机号；与彩宝网口径可能不同，原样独立保留。,否,200,是,
彩宝网/8200,福彩3D,2023231,2023-08-29,049,762,076,https://www.8200.cn/kjh/3d/2023231.htm,福彩3D页面口径：同时列出开机号与试机号。,否,200,是,
彩宝网/8200,排列三,2023232,2023-08-30,860,326,,https://www.8200.cn/kjh/p3/2023232.htm,排列三页面所列三位试机号；排列三与排列五共用同一期体彩摇奖流程。,否,200,是,
一定牛/ydniu,排列五,2023232,2023-08-30,86069,94777,,https://m.ydniu.com/kaijiang/pl5/sjh/2023232.html,页面明确标注为排列五五位模拟试机号，属于互联网模拟数据，不是官方试机号。,是,200,是,
3D之家/3d178,福彩3D,2023232,2023-08-30,133,031,,https://www.3d178.cn/kaijiang/2023/2023232.shtml,3D之家页面所列试机号；与彩宝网口径可能不同，原样独立保留。,否,200,是,
彩宝网/8200,福彩3D,2023232,2023-08-30,133,031,502,https://www.8200.cn/kjh/3d/2023232.htm,福彩3D页面口径：同时列出开机号与试机号。,否,200,是,
彩宝网/8200,排列三,2023233,2023-08-31,124,483,,https://www.8200.cn/kjh/p3/2023233.htm,排列三页面所列三位试机号；排列三与排列五共用同一期体彩摇奖流程。,否,200,是,
一定牛/ydniu,排列五,2023233,2023-08-31,12406,71063,,https://m.ydniu.com/kaijiang/pl5/sjh/2023233.html,页面明确标注为排列五五位模拟试机号，属于互联网模拟数据，不是官方试机号。,是,200,是,
3D之家/3d178,福彩3D,2023233,2023-08-31,928,793,,https://www.3d178.cn/kaijiang/2023/2023233.shtml,3D之家页面所列试机号；与彩宝网口径可能不同，原样独立保留。,否,200,是,
彩宝网/8200,福彩3D,2023233,2023-08-31,928,793,184,https://www.8200.cn/kjh/3d/2023233.htm,福彩3D页面口径：同时列出开机号与试机号。,否,200,是,
彩宝网/8200,排列三,2023234,2023-09-01,805,520,,https://www.8200.cn/kjh/p3/2023234.htm,排列三页面所列三位试机号；排列三与排列五共用同一期体彩摇奖流程。,否,200,是,
一定牛/ydniu,排列五,2023234,2023-09-01,80537,46409,,https://m.ydniu.com/kaijiang/pl5/sjh/2023234.html,页面明确标注为排列五五位模拟试机号，属于互联网模拟数据，不是官方试机号。,是,200,是,
3D之家/3d178,福彩3D,2023234,2023-09-01,109,546,,https://www.3d178.cn/kaijiang/2023/2023234.shtml,3D之家页面所列试机号；与彩宝网口径可能不同，原样独立保留。,否,200,是,
彩宝网/8200,福彩3D,2023234,2023-09-01,109,546,625,https://www.8200.cn/kjh/3d/2023234.htm,福彩3D页面口径：同时列出开机号与试机号。,否,200,是,
彩宝网/8200,排列三,2023235,2023-09-02,424,620,,https://www.8200.cn/kjh/p3/2023235.htm,排列三页面所列三位试机号；排列三与排列五共用同一期体彩摇奖流程。,否,200,是,
一定牛/ydniu,排列五,2023235,2023-09-02,42485,60530,,https://m.ydniu.com/kaijiang/pl5/sjh/2023235.html,页面明确标注为排列五五位模拟试机号，属于互联网模拟数据，不是官方试机号。,是,200,是,
3D之家/3d178,福彩3D,2023235,2023-09-02,480,688,,https://www.3d178.cn/kaijiang/2023/2023235.shtml,3D之家页面所列试机号；与彩宝网口径可能不同，原样独立保留。,否,200,是,
彩宝网/8200,福彩3D,2023235,2023-09-02,480,688,059,https://www.8200.cn/kjh/3d/2023235.htm,福彩3D页面口径：同时列出开机号与试机号。,否,200,是,
彩宝网/8200,排列三,2023236,2023-09-03,270,549,,https://www.8200.cn/kjh/p3/2023236.htm,排列三页面所列三位试机号；排列三与排列五共用同一期体彩摇奖流程。,否,200,是,
一定牛/ydniu,排列五,2023236,2023-09-03,27066,25159,,https://m.ydniu.com/kaijiang/pl5/sjh/2023236.html,页面明确标注为排列五五位模拟试机号，属于互联网模拟数据，不是官方试机号。,是,200,是,
3D之家/3d178,福彩3D,2023236,2023-09-03,680,333,,https://www.3d178.cn/kaijiang/2023/2023236.shtml,3D之家页面所列试机号；与彩宝网口径可能不同，原样独立保留。,否,200,是,
彩宝网/8200,福彩3D,2023236,2023-09-03,680,333,538,https://www.8200.cn/kjh/3d/2023236.htm,福彩3D页面口径：同时列出开机号与试机号。,否,200,是,
彩宝网/8200,排列三,2023237,2023-09-04,798,670,,https://www.8200.cn/kjh/p3/2023237.htm,排列三页面所列三位试机号；排列三与排列五共用同一期体彩摇奖流程。,否,200,是,
一定牛/ydniu,排列五,2023237,2023-09-04,79886,95013,,https://m.ydniu.com/kaijiang/pl5/sjh/2023237.html,页面明确标注为排列五五位模拟试机号，属于互联网模拟数据，不是官方试机号。,是,200,是,
3D之家/3d178,福彩3D,2023237,2023-09-04,096,033,,https://www.3d178.cn/kaijiang/2023/2023237.shtml,3D之家页面所列试机号；与彩宝网口径可能不同，原样独立保留。,否,200,是,
彩宝网/8200,福彩3D,2023237,2023-09-04,096,033,304,https://www.8200.cn/kjh/3d/2023237.htm,福彩3D页面口径：同时列出开机号与试机号。,否,200,是,
彩宝网/8200,排列三,2023238,2023-09-05,562,851,,https://www.8200.cn/kjh/p3/2023238.htm,排列三页面所列三位试机号；排列三与排列五共用同一期体彩摇奖流程。,否,200,是,
一定牛/ydniu,排列五,2023238,2023-09-05,56231,81640,,https://m.ydniu.com/kaijiang/pl5/sjh/2023238.html,页面明确标注为排列五五位模拟试机号，属于互联网模拟数据，不是官方试机号。,是,200,是,
3D之家/3d178,福彩3D,2023238,2023-09-05,455,899,,https://www.3d178.cn/kaijiang/2023/2023238.shtml,3D之家页面所列试机号；与彩宝网口径可能不同，原样独立保留。,否,200,是,
彩宝网/8200,福彩3D,2023238,2023-09-05,455,899,469,https://www.8200.cn/kjh/3d/2023238.htm,福彩3D页面口径：同时列出开机号与试机号。,否,200,是,
彩宝网/8200,排列三,2023239,2023-09-06,440,968,,https://www.8200.cn/kjh/p3/2023239.htm,排列三页面所列三位试机号；排列三与排列五共用同一期体彩摇奖流程。,否,200,是,
一定牛/ydniu,排列五,2023239,2023-09-06,44008,43464,,https://m.ydniu.com/kaijiang/pl5/sjh/2023239.html,页面明确标注为排列五五位模拟试机号，属于互联网模拟数据，不是官方试机号。,是,200,是,
3D之家/3d178,福彩3D,2023239,2023-09-06,731,517,,https://www.3d178.cn/kaijiang/2023/2023239.shtml,3D之家页面所列试机号；与彩宝网口径可能不同，原样独立保留。,否,200,是,
彩宝网/8200,福彩3D,2023239,2023-09-06,731,517,317,https://www.8200.cn/kjh/3d/2023239.htm,福彩3D页面口径：同时列出开机号与试机号。,否,200,是,
彩宝网/8200,排列三,2023240,2023-09-07,702,198,,https://www.8200.cn/kjh/p3/2023240.htm,排列三页面所列三位试机号；排列三与排列五共用同一期体彩摇奖流程。,否,200,是,
一定牛/ydniu,排列五,2023240,2023-09-07,70212,66800,,https://m.ydniu.com/kaijiang/pl5/sjh/2023240.html,页面明确标注为排列五五位模拟试机号，属于互联网模拟数据，不是官方试机号。,是,200,是,
3D之家/3d178,福彩3D,2023240,2023-09-07,232,751,,https://www.3d178.cn/kaijiang/2023/2023240.shtml,3D之家页面所列试机号；与彩宝网口径可能不同，原样独立保留。,否,200,是,
彩宝网/8200,福彩3D,2023240,2023-09-07,232,751,639,https://www.8200.cn/kjh/3d/2023240.htm,福彩3D页面口径：同时列出开机号与试机号。,否,200,是,
彩宝网/8200,排列三,2023241,2023-09-08,935,259,,https://www.8200.cn/kjh/p3/2023241.htm,排列三页面所列三位试机号；排列三与排列五共用同一期体彩摇奖流程。,否,200,是,
一定牛/ydniu,排列五,2023241,2023-09-08,93514,61716,,https://m.ydniu.com/kaijiang/pl5/sjh/2023241.html,页面明确标注为排列五五位模拟试机号，属于互联网模拟数据，不是官方试机号。,是,200,是,
3D之家/3d178,福彩3D,2023241,2023-09-08,495,700,,https://www.3d178.cn/kaijiang/2023/2023241.shtml,3D之家页面所列试机号；与彩宝网口径可能不同，原样独立保留。,否,200,是,
彩宝网/8200,福彩3D,2023241,2023-09-08,495,700,350,https://www.8200.cn/kjh/3d/2023241.htm,福彩3D页面口径：同时列出开机号与试机号。,否,200,是,
彩宝网/8200,排列三,2023242,2023-09-09,987,816,,https://www.8200.cn/kjh/p3/2023242.htm,排列三页面所列三位试机号；排列三与排列五共用同一期体彩摇奖流程。,否,200,是,
一定牛/ydniu,排列五,2023242,2023-09-09,98798,21678,,https://m.ydniu.com/kaijiang/pl5/sjh/2023242.html,页面明确标注为排列五五位模拟试机号，属于互联网模拟数据，不是官方试机号。,是,200,是,
3D之家/3d178,福彩3D,2023242,2023-09-09,486,299,,https://www.3d178.cn/kaijiang/2023/2023242.shtml,3D之家页面所列试机号；与彩宝网口径可能不同，原样独立保留。,否,200,是,
彩宝网/8200,福彩3D,2023242,2023-09-09,486,299,927,https://www.8200.cn/kjh/3d/2023242.htm,福彩3D页面口径：同时列出开机号与试机号。,否,200,是,
彩宝网/8200,排列三,2023243,2023-09-10,966,480,,https://www.8200.cn/kjh/p3/2023243.htm,排列三页面所列三位试机号；排列三与排列五共用同一期体彩摇奖流程。,否,200,是,
一定牛/ydniu,排列五,2023243,2023-09-10,96606,49945,,https://m.ydniu.com/kaijiang/pl5/sjh/2023243.html,页面明确标注为排列五五位模拟试机号，属于互联网模拟数据，不是官方试机号。,是,200,是,
3D之家/3d178,福彩3D,2023243,2023-09-10,848,582,,https://www.3d178.cn/kaijiang/2023/2023243.shtml,3D之家页面所列试机号；与彩宝网口径可能不同，原样独立保留。,否,200,是,
彩宝网/8200,福彩3D,2023243,2023-09-10,848,582,928,https://www.8200.cn/kjh/3d/2023243.htm,福彩3D页面口径：同时列出开机号与试机号。,否,200,是,
彩宝网/8200,排列三,2023244,2023-09-11,315,792,,https://www.8200.cn/kjh/p3/2023244.htm,排列三页面所列三位试机号；排列三与排列五共用同一期体彩摇奖流程。,否,200,是,
一定牛/ydniu,排列五,2023244,2023-09-11,31524,76551,,https://m.ydniu.com/kaijiang/pl5/sjh/2023244.html,页面明确标注为排列五五位模拟试机号，属于互联网模拟数据，不是官方试机号。,是,200,是,
3D之家/3d178,福彩3D,2023244,2023-09-11,377,848,,https://www.3d178.cn/kaijiang/2023/2023244.shtml,3D之家页面所列试机号；与彩宝网口径可能不同，原样独立保留。,否,200,是,
彩宝网/8200,福彩3D,2023244,2023-09-11,377,848,465,https://www.8200.cn/kjh/3d/2023244.htm,福彩3D页面口径：同时列出开机号与试机号。,否,200,是,
彩宝网/8200,排列三,2023245,2023-09-12,480,718,,https://www.8200.cn/kjh/p3/2023245.htm,排列三页面所列三位试机号；排列三与排列五共用同一期体彩摇奖流程。,否,200,是,
一定牛/ydniu,排列五,2023245,2023-09-12,48081,32327,,https://m.ydniu.com/kaijiang/pl5/sjh/2023245.html,页面明确标注为排列五五位模拟试机号，属于互联网模拟数据，不是官方试机号。,是,200,是,
3D之家/3d178,福彩3D,2023245,2023-09-12,768,406,,https://www.3d178.cn/kaijiang/2023/2023245.shtml,3D之家页面所列试机号；与彩宝网口径可能不同，原样独立保留。,否,200,是,
彩宝网/8200,福彩3D,2023245,2023-09-12,768,406,402,https://www.8200.cn/kjh/3d/2023245.htm,福彩3D页面口径：同时列出开机号与试机号。,否,200,是,
彩宝网/8200,排列三,2023246,2023-09-13,422,975,,https://www.8200.cn/kjh/p3/2023246.htm,排列三页面所列三位试机号；排列三与排列五共用同一期体彩摇奖流程。,否,200,是,
一定牛/ydniu,排列五,2023246,2023-09-13,42275,79134,,https://m.ydniu.com/kaijiang/pl5/sjh/2023246.html,页面明确标注为排列五五位模拟试机号，属于互联网模拟数据，不是官方试机号。,是,200,是,
3D之家/3d178,福彩3D,2023246,2023-09-13,779,874,,https://www.3d178.cn/kaijiang/2023/2023246.shtml,3D之家页面所列试机号；与彩宝网口径可能不同，原样独立保留。,否,200,是,
彩宝网/8200,福彩3D,2023246,2023-09-13,779,874,278,https://www.8200.cn/kjh/3d/2023246.htm,福彩3D页面口径：同时列出开机号与试机号。,否,200,是,
彩宝网/8200,排列三,2023247,2023-09-14,937,978,,https://www.8200.cn/kjh/p3/2023247.htm,排列三页面所列三位试机号；排列三与排列五共用同一期体彩摇奖流程。,否,200,是,
一定牛/ydniu,排列五,2023247,2023-09-14,93726,71325,,https://m.ydniu.com/kaijiang/pl5/sjh/2023247.html,页面明确标注为排列五五位模拟试机号，属于互联网模拟数据，不是官方试机号。,是,200,是,
3D之家/3d178,福彩3D,2023247,2023-09-14,569,796,,https://www.3d178.cn/kaijiang/2023/2023247.shtml,3D之家页面所列试机号；与彩宝网口径可能不同，原样独立保留。,否,200,是,
彩宝网/8200,福彩3D,2023247,2023-09-14,569,796,680,https://www.8200.cn/kjh/3d/2023247.htm,福彩3D页面口径：同时列出开机号与试机号。,否,200,是,
彩宝网/8200,排列三,2023248,2023-09-15,696,786,,https://www.8200.cn/kjh/p3/2023248.htm,排列三页面所列三位试机号；排列三与排列五共用同一期体彩摇奖流程。,否,200,是,
一定牛/ydniu,排列五,2023248,2023-09-15,69645,59651,,https://m.ydniu.com/kaijiang/pl5/sjh/2023248.html,页面明确标注为排列五五位模拟试机号，属于互联网模拟数据，不是官方试机号。,是,200,是,
3D之家/3d178,福彩3D,2023248,2023-09-15,049,678,,https://www.3d178.cn/kaijiang/2023/2023248.shtml,3D之家页面所列试机号；与彩宝网口径可能不同，原样独立保留。,否,200,是,
彩宝网/8200,福彩3D,2023248,2023-09-15,049,678,427,https://www.8200.cn/kjh/3d/2023248.htm,福彩3D页面口径：同时列出开机号与试机号。,否,200,是,
彩宝网/8200,排列三,2023249,2023-09-16,039,541,,https://www.8200.cn/kjh/p3/2023249.htm,排列三页面所列三位试机号；排列三与排列五共用同一期体彩摇奖流程。,否,200,是,
一定牛/ydniu,排列五,2023249,2023-09-16,03969,60246,,https://m.ydniu.com/kaijiang/pl5/sjh/2023249.html,页面明确标注为排列五五位模拟试机号，属于互联网模拟数据，不是官方试机号。,是,200,是,
3D之家/3d178,福彩3D,2023249,2023-09-16,076,685,,https://www.3d178.cn/kaijiang/2023/2023249.shtml,3D之家页面所列试机号；与彩宝网口径可能不同，原样独立保留。,否,200,是,
彩宝网/8200,福彩3D,2023249,2023-09-16,076,685,149,https://www.8200.cn/kjh/3d/2023249.htm,福彩3D页面口径：同时列出开机号与试机号。,否,200,是,
彩宝网/8200,排列三,2023250,2023-09-17,180,236,,https://www.8200.cn/kjh/p3/2023250.htm,排列三页面所列三位试机号；排列三与排列五共用同一期体彩摇奖流程。,否,200,是,
一定牛/ydniu,排列五,2023250,2023-09-17,18096,24643,,https://m.ydniu.com/kaijiang/pl5/sjh/2023250.html,页面明确标注为排列五五位模拟试机号，属于互联网模拟数据，不是官方试机号。,是,200,是,
3D之家/3d178,福彩3D,2023250,2023-09-17,968,329,,https://www.3d178.cn/kaijiang/2023/2023250.shtml,3D之家页面所列试机号；与彩宝网口径可能不同，原样独立保留。,否,200,是,
彩宝网/8200,福彩3D,2023250,2023-09-17,968,329,510,https://www.8200.cn/kjh/3d/2023250.htm,福彩3D页面口径：同时列出开机号与试机号。,否,200,是,
彩宝网/8200,排列三,2023251,2023-09-18,736,710,,https://www.8200.cn/kjh/p3/2023251.htm,排列三页面所列三位试机号；排列三与排列五共用同一期体彩摇奖流程。,否,200,是,
一定牛/ydniu,排列五,2023251,2023-09-18,73636,23791,,https://m.ydniu.com/kaijiang/pl5/sjh/2023251.html,页面明确标注为排列五五位模拟试机号，属于互联网模拟数据，不是官方试机号。,是,200,是,
3D之家/3d178,福彩3D,2023251,2023-09-18,503,320,,https://www.3d178.cn/kaijiang/2023/2023251.shtml,3D之家页面所列试机号；与彩宝网口径可能不同，原样独立保留。,否,200,是,
彩宝网/8200,福彩3D,2023251,2023-09-18,503,320,793,https://www.8200.cn/kjh/3d/2023251.htm,福彩3D页面口径：同时列出开机号与试机号。,否,200,是,
彩宝网/8200,排列三,2023252,2023-09-19,961,925,,https://www.8200.cn/kjh/p3/2023252.htm,排列三页面所列三位试机号；排列三与排列五共用同一期体彩摇奖流程。,否,200,是,
一定牛/ydniu,排列五,2023252,2023-09-19,96109,15197,,https://m.ydniu.com/kaijiang/pl5/sjh/2023252.html,页面明确标注为排列五五位模拟试机号，属于互联网模拟数据，不是官方试机号。,是,200,是,
3D之家/3d178,福彩3D,2023252,2023-09-19,213,234,,https://www.3d178.cn/kaijiang/2023/2023252.shtml,3D之家页面所列试机号；与彩宝网口径可能不同，原样独立保留。,否,200,是,
彩宝网/8200,福彩3D,2023252,2023-09-19,213,234,680,https://www.8200.cn/kjh/3d/2023252.htm,福彩3D页面口径：同时列出开机号与试机号。,否,200,是,
彩宝网/8200,排列三,2023253,2023-09-20,986,841,,https://www.8200.cn/kjh/p3/2023253.htm,排列三页面所列三位试机号；排列三与排列五共用同一期体彩摇奖流程。,否,200,是,
一定牛/ydniu,排列五,2023253,2023-09-20,98641,22602,,https://m.ydniu.com/kaijiang/pl5/sjh/2023253.html,页面明确标注为排列五五位模拟试机号，属于互联网模拟数据，不是官方试机号。,是,200,是,
3D之家/3d178,福彩3D,2023253,2023-09-20,721,309,,https://www.3d178.cn/kaijiang/2023/2023253.shtml,3D之家页面所列试机号；与彩宝网口径可能不同，原样独立保留。,否,200,是,
彩宝网/8200,福彩3D,2023253,2023-09-20,721,309,206,https://www.8200.cn/kjh/3d/2023253.htm,福彩3D页面口径：同时列出开机号与试机号。,否,200,是,
彩宝网/8200,排列三,2023254,2023-09-21,991,518,,https://www.8200.cn/kjh/p3/2023254.htm,排列三页面所列三位试机号；排列三与排列五共用同一期体彩摇奖流程。,否,200,是,
一定牛/ydniu,排列五,2023254,2023-09-21,99171,82209,,https://m.ydniu.com/kaijiang/pl5/sjh/2023254.html,页面明确标注为排列五五位模拟试机号，属于互联网模拟数据，不是官方试机号。,是,200,是,
3D之家/3d178,福彩3D,2023254,2023-09-21,283,904,,https://www.3d178.cn/kaijiang/2023/2023254.shtml,3D之家页面所列试机号；与彩宝网口径可能不同，原样独立保留。,否,200,是,
彩宝网/8200,福彩3D,2023254,2023-09-21,283,904,594,https://www.8200.cn/kjh/3d/2023254.htm,福彩3D页面口径：同时列出开机号与试机号。,否,200,是,
彩宝网/8200,排列三,2023255,2023-09-22,056,613,,https://www.8200.cn/kjh/p3/2023255.htm,排列三页面所列三位试机号；排列三与排列五共用同一期体彩摇奖流程。,否,200,是,
一定牛/ydniu,排列五,2023255,2023-09-22,05637,91668,,https://m.ydniu.com/kaijiang/pl5/sjh/2023255.html,页面明确标注为排列五五位模拟试机号，属于互联网模拟数据，不是官方试机号。,是,200,是,
3D之家/3d178,福彩3D,2023255,2023-09-22,564,000,,https://www.3d178.cn/kaijiang/2023/2023255.shtml,3D之家页面所列试机号；与彩宝网口径可能不同，原样独立保留。,否,200,是,
彩宝网/8200,福彩3D,2023255,2023-09-22,564,000,870,https://www.8200.cn/kjh/3d/2023255.htm,福彩3D页面口径：同时列出开机号与试机号。,否,200,是,
彩宝网/8200,排列三,2023256,2023-09-23,840,709,,https://www.8200.cn/kjh/p3/2023256.htm,排列三页面所列三位试机号；排列三与排列五共用同一期体彩摇奖流程。,否,200,是,
一定牛/ydniu,排列五,2023256,2023-09-23,84071,39299,,https://m.ydniu.com/kaijiang/pl5/sjh/2023256.html,页面明确标注为排列五五位模拟试机号，属于互联网模拟数据，不是官方试机号。,是,200,是,
3D之家/3d178,福彩3D,2023256,2023-09-23,474,474,,https://www.3d178.cn/kaijiang/2023/2023256.shtml,3D之家页面所列试机号；与彩宝网口径可能不同，原样独立保留。,否,200,是,
彩宝网/8200,福彩3D,2023256,2023-09-23,474,474,673,https://www.8200.cn/kjh/3d/2023256.htm,福彩3D页面口径：同时列出开机号与试机号。,否,200,是,
彩宝网/8200,排列三,2023257,2023-09-24,908,981,,https://www.8200.cn/kjh/p3/2023257.htm,排列三页面所列三位试机号；排列三与排列五共用同一期体彩摇奖流程。,否,200,是,
一定牛/ydniu,排列五,2023257,2023-09-24,90877,32963,,https://m.ydniu.com/kaijiang/pl5/sjh/2023257.html,页面明确标注为排列五五位模拟试机号，属于互联网模拟数据，不是官方试机号。,是,200,是,
3D之家/3d178,福彩3D,2023257,2023-09-24,694,412,,https://www.3d178.cn/kaijiang/2023/2023257.shtml,3D之家页面所列试机号；与彩宝网口径可能不同，原样独立保留。,否,200,是,
彩宝网/8200,福彩3D,2023257,2023-09-24,694,412,508,https://www.8200.cn/kjh/3d/2023257.htm,福彩3D页面口径：同时列出开机号与试机号。,否,200,是,
彩宝网/8200,排列三,2023258,2023-09-25,915,716,,https://www.8200.cn/kjh/p3/2023258.htm,排列三页面所列三位试机号；排列三与排列五共用同一期体彩摇奖流程。,否,200,是,
一定牛/ydniu,排列五,2023258,2023-09-25,91531,54423,,https://m.ydniu.com/kaijiang/pl5/sjh/2023258.html,页面明确标注为排列五五位模拟试机号，属于互联网模拟数据，不是官方试机号。,是,200,是,
3D之家/3d178,福彩3D,2023258,2023-09-25,927,627,,https://www.3d178.cn/kaijiang/2023/2023258.shtml,3D之家页面所列试机号；与彩宝网口径可能不同，原样独立保留。,否,200,是,
彩宝网/8200,福彩3D,2023258,2023-09-25,927,627,359,https://www.8200.cn/kjh/3d/2023258.htm,福彩3D页面口径：同时列出开机号与试机号。,否,200,是,
彩宝网/8200,排列三,2023259,2023-09-26,088,264,,https://www.8200.cn/kjh/p3/2023259.htm,排列三页面所列三位试机号；排列三与排列五共用同一期体彩摇奖流程。,否,200,是,
一定牛/ydniu,排列五,2023259,2023-09-26,08886,34236,,https://m.ydniu.com/kaijiang/pl5/sjh/2023259.html,页面明确标注为排列五五位模拟试机号，属于互联网模拟数据，不是官方试机号。,是,200,是,
3D之家/3d178,福彩3D,2023259,2023-09-26,086,425,,https://www.3d178.cn/kaijiang/2023/2023259.shtml,3D之家页面所列试机号；与彩宝网口径可能不同，原样独立保留。,否,200,是,
彩宝网/8200,福彩3D,2023259,2023-09-26,086,425,983,https://www.8200.cn/kjh/3d/2023259.htm,福彩3D页面口径：同时列出开机号与试机号。,否,200,是,
彩宝网/8200,排列三,2023260,2023-09-27,247,539,,https://www.8200.cn/kjh/p3/2023260.htm,排列三页面所列三位试机号；排列三与排列五共用同一期体彩摇奖流程。,否,200,是,
一定牛/ydniu,排列五,2023260,2023-09-27,24794,00621,,https://m.ydniu.com/kaijiang/pl5/sjh/2023260.html,页面明确标注为排列五五位模拟试机号，属于互联网模拟数据，不是官方试机号。,是,200,是,
3D之家/3d178,福彩3D,2023260,2023-09-27,547,089,,https://www.3d178.cn/kaijiang/2023/2023260.shtml,3D之家页面所列试机号；与彩宝网口径可能不同，原样独立保留。,否,200,是,
彩宝网/8200,福彩3D,2023260,2023-09-27,547,089,129,https://www.8200.cn/kjh/3d/2023260.htm,福彩3D页面口径：同时列出开机号与试机号。,否,200,是,
彩宝网/8200,排列三,2023261,2023-09-28,930,495,,https://www.8200.cn/kjh/p3/2023261.htm,排列三页面所列三位试机号；排列三与排列五共用同一期体彩摇奖流程。,否,200,是,
一定牛/ydniu,排列五,2023261,2023-09-28,93070,09797,,https://m.ydniu.com/kaijiang/pl5/sjh/2023261.html,页面明确标注为排列五五位模拟试机号，属于互联网模拟数据，不是官方试机号。,是,200,是,
3D之家/3d178,福彩3D,2023261,2023-09-28,723,180,,https://www.3d178.cn/kaijiang/2023/2023261.shtml,3D之家页面所列试机号；与彩宝网口径可能不同，原样独立保留。,否,200,是,
彩宝网/8200,福彩3D,2023261,2023-09-28,723,180,795,https://www.8200.cn/kjh/3d/2023261.htm,福彩3D页面口径：同时列出开机号与试机号。,否,200,是,
彩宝网/8200,排列三,2023262,2023-09-29,717,213,,https://www.8200.cn/kjh/p3/2023262.htm,排列三页面所列三位试机号；排列三与排列五共用同一期体彩摇奖流程。,否,200,是,
一定牛/ydniu,排列五,2023262,2023-09-29,71737,72076,,https://m.ydniu.com/kaijiang/pl5/sjh/2023262.html,页面明确标注为排列五五位模拟试机号，属于互联网模拟数据，不是官方试机号。,是,200,是,
3D之家/3d178,福彩3D,2023262,2023-09-29,220,803,,https://www.3d178.cn/kaijiang/2023/2023262.shtml,3D之家页面所列试机号；与彩宝网口径可能不同，原样独立保留。,否,200,是,
彩宝网/8200,福彩3D,2023262,2023-09-29,220,803,986,https://www.8200.cn/kjh/3d/2023262.htm,福彩3D页面口径：同时列出开机号与试机号。,否,200,是,
彩宝网/8200,排列三,2023263,2023-09-30,993,702,,https://www.8200.cn/kjh/p3/2023263.htm,排列三页面所列三位试机号；排列三与排列五共用同一期体彩摇奖流程。,否,200,是,
一定牛/ydniu,排列五,2023263,2023-09-30,99302,89723,,https://m.ydniu.com/kaijiang/pl5/sjh/2023263.html,页面明确标注为排列五五位模拟试机号，属于互联网模拟数据，不是官方试机号。,是,200,是,
3D之家/3d178,福彩3D,2023263,2023-09-30,335,979,,https://www.3d178.cn/kaijiang/2023/2023263.shtml,3D之家页面所列试机号；与彩宝网口径可能不同，原样独立保留。,否,200,是,
彩宝网/8200,福彩3D,2023263,2023-09-30,335,979,216,https://www.8200.cn/kjh/3d/2023263.htm,福彩3D页面口径：同时列出开机号与试机号。,否,200,是,
彩宝网/8200,排列三,2023264,2023-10-05,925,932,,https://www.8200.cn/kjh/p3/2023264.htm,排列三页面所列三位试机号；排列三与排列五共用同一期体彩摇奖流程。,否,200,是,
一定牛/ydniu,排列五,2023264,2023-10-05,92547,32918,,https://m.ydniu.com/kaijiang/pl5/sjh/2023264.html,页面明确标注为排列五五位模拟试机号，属于互联网模拟数据，不是官方试机号。,是,200,是,
3D之家/3d178,福彩3D,2023264,2023-10-05,638,412,,https://www.3d178.cn/kaijiang/2023/2023264.shtml,3D之家页面所列试机号；与彩宝网口径可能不同，原样独立保留。,否,200,是,
彩宝网/8200,福彩3D,2023264,2023-10-01,638,412,834,https://www.8200.cn/kjh/3d/2023264.htm,福彩3D页面口径：同时列出开机号与试机号。,否,200,是,
彩宝网/8200,排列三,2023265,2023-10-06,224,312,,https://www.8200.cn/kjh/p3/2023265.htm,排列三页面所列三位试机号；排列三与排列五共用同一期体彩摇奖流程。,否,200,是,
一定牛/ydniu,排列五,2023265,2023-10-06,22402,43830,,https://m.ydniu.com/kaijiang/pl5/sjh/2023265.html,页面明确标注为排列五五位模拟试机号，属于互联网模拟数据，不是官方试机号。,是,200,是,
3D之家/3d178,福彩3D,2023265,2023-10-06,356,520,,https://www.3d178.cn/kaijiang/2023/2023265.shtml,3D之家页面所列试机号；与彩宝网口径可能不同，原样独立保留。,否,200,是,
彩宝网/8200,福彩3D,2023265,2023-10-06,356,520,705,https://www.8200.cn/kjh/3d/2023265.htm,福彩3D页面口径：同时列出开机号与试机号。,否,200,是,
彩宝网/8200,排列三,2023266,2023-10-07,133,287,,https://www.8200.cn/kjh/p3/2023266.htm,排列三页面所列三位试机号；排列三与排列五共用同一期体彩摇奖流程。,否,200,是,
一定牛/ydniu,排列五,2023266,2023-10-07,13367,68309,,https://m.ydniu.com/kaijiang/pl5/sjh/2023266.html,页面明确标注为排列五五位模拟试机号，属于互联网模拟数据，不是官方试机号。,是,200,是,
3D之家/3d178,福彩3D,2023266,2023-10-07,113,766,,https://www.3d178.cn/kaijiang/2023/2023266.shtml,3D之家页面所列试机号；与彩宝网口径可能不同，原样独立保留。,否,200,是,
彩宝网/8200,福彩3D,2023266,2023-10-07,113,766,947,https://www.8200.cn/kjh/3d/2023266.htm,福彩3D页面口径：同时列出开机号与试机号。,否,200,是,
彩宝网/8200,排列三,2023267,2023-10-08,554,584,,https://www.8200.cn/kjh/p3/2023267.htm,排列三页面所列三位试机号；排列三与排列五共用同一期体彩摇奖流程。,否,200,是,
一定牛/ydniu,排列五,2023267,2023-10-08,55455,46723,,https://m.ydniu.com/kaijiang/pl5/sjh/2023267.html,页面明确标注为排列五五位模拟试机号，属于互联网模拟数据，不是官方试机号。,是,200,是,
3D之家/3d178,福彩3D,2023267,2023-10-08,478,550,,https://www.3d178.cn/kaijiang/2023/2023267.shtml,3D之家页面所列试机号；与彩宝网口径可能不同，原样独立保留。,否,200,是,
彩宝网/8200,福彩3D,2023267,2023-10-08,478,550,824,https://www.8200.cn/kjh/3d/2023267.htm,福彩3D页面口径：同时列出开机号与试机号。,否,200,是,
彩宝网/8200,排列三,2023268,2023-10-09,975,491,,https://www.8200.cn/kjh/p3/2023268.htm,排列三页面所列三位试机号；排列三与排列五共用同一期体彩摇奖流程。,否,200,是,
一定牛/ydniu,排列五,2023268,2023-10-09,97531,74756,,https://m.ydniu.com/kaijiang/pl5/sjh/2023268.html,页面明确标注为排列五五位模拟试机号，属于互联网模拟数据，不是官方试机号。,是,200,是,
3D之家/3d178,福彩3D,2023268,2023-10-09,067,830,,https://www.3d178.cn/kaijiang/2023/2023268.shtml,3D之家页面所列试机号；与彩宝网口径可能不同，原样独立保留。,否,200,是,
彩宝网/8200,福彩3D,2023268,2023-10-09,067,830,548,https://www.8200.cn/kjh/3d/2023268.htm,福彩3D页面口径：同时列出开机号与试机号。,否,200,是,
彩宝网/8200,排列三,2023269,2023-10-10,234,695,,https://www.8200.cn/kjh/p3/2023269.htm,排列三页面所列三位试机号；排列三与排列五共用同一期体彩摇奖流程。,否,200,是,
一定牛/ydniu,排列五,2023269,2023-10-10,23415,41224,,https://m.ydniu.com/kaijiang/pl5/sjh/2023269.html,页面明确标注为排列五五位模拟试机号，属于互联网模拟数据，不是官方试机号。,是,200,是,
3D之家/3d178,福彩3D,2023269,2023-10-10,665,495,,https://www.3d178.cn/kaijiang/2023/2023269.shtml,3D之家页面所列试机号；与彩宝网口径可能不同，原样独立保留。,否,200,是,
彩宝网/8200,福彩3D,2023269,2023-10-10,665,495,513,https://www.8200.cn/kjh/3d/2023269.htm,福彩3D页面口径：同时列出开机号与试机号。,否,200,是,
彩宝网/8200,排列三,2023270,2023-10-11,355,834,,https://www.8200.cn/kjh/p3/2023270.htm,排列三页面所列三位试机号；排列三与排列五共用同一期体彩摇奖流程。,否,200,是,
一定牛/ydniu,排列五,2023270,2023-10-11,35536,37914,,https://m.ydniu.com/kaijiang/pl5/sjh/2023270.html,页面明确标注为排列五五位模拟试机号，属于互联网模拟数据，不是官方试机号。,是,200,是,
3D之家/3d178,福彩3D,2023270,2023-10-11,457,462,,https://www.3d178.cn/kaijiang/2023/2023270.shtml,3D之家页面所列试机号；与彩宝网口径可能不同，原样独立保留。,否,200,是,
彩宝网/8200,福彩3D,2023270,2023-10-11,457,462,241,https://www.8200.cn/kjh/3d/2023270.htm,福彩3D页面口径：同时列出开机号与试机号。,否,200,是,
彩宝网/8200,排列三,2023271,2023-10-12,096,276,,https://www.8200.cn/kjh/p3/2023271.htm,排列三页面所列三位试机号；排列三与排列五共用同一期体彩摇奖流程。,否,200,是,
一定牛/ydniu,排列五,2023271,2023-10-12,09675,59532,,https://m.ydniu.com/kaijiang/pl5/sjh/2023271.html,页面明确标注为排列五五位模拟试机号，属于互联网模拟数据，不是官方试机号。,是,200,是,
3D之家/3d178,福彩3D,2023271,2023-10-12,179,678,,https://www.3d178.cn/kaijiang/2023/2023271.shtml,3D之家页面所列试机号；与彩宝网口径可能不同，原样独立保留。,否,200,是,
彩宝网/8200,福彩3D,2023271,2023-10-12,179,678,068,https://www.8200.cn/kjh/3d/2023271.htm,福彩3D页面口径：同时列出开机号与试机号。,否,200,是,
彩宝网/8200,排列三,2023272,2023-10-13,419,420,,https://www.8200.cn/kjh/p3/2023272.htm,排列三页面所列三位试机号；排列三与排列五共用同一期体彩摇奖流程。,否,200,是,
一定牛/ydniu,排列五,2023272,2023-10-13,41900,65519,,https://m.ydniu.com/kaijiang/pl5/sjh/2023272.html,页面明确标注为排列五五位模拟试机号，属于互联网模拟数据，不是官方试机号。,是,200,是,
3D之家/3d178,福彩3D,2023272,2023-10-13,058,738,,https://www.3d178.cn/kaijiang/2023/2023272.shtml,3D之家页面所列试机号；与彩宝网口径可能不同，原样独立保留。,否,200,是,
彩宝网/8200,福彩3D,2023272,2023-10-13,058,738,109,https://www.8200.cn/kjh/3d/2023272.htm,福彩3D页面口径：同时列出开机号与试机号。,否,200,是,
彩宝网/8200,排列三,2023273,2023-10-14,121,520,,https://www.8200.cn/kjh/p3/2023273.htm,排列三页面所列三位试机号；排列三与排列五共用同一期体彩摇奖流程。,否,200,是,
一定牛/ydniu,排列五,2023273,2023-10-14,12149,68278,,https://m.ydniu.com/kaijiang/pl5/sjh/2023273.html,页面明确标注为排列五五位模拟试机号，属于互联网模拟数据，不是官方试机号。,是,200,是,
3D之家/3d178,福彩3D,2023273,2023-10-14,475,765,,https://www.3d178.cn/kaijiang/2023/2023273.shtml,3D之家页面所列试机号；与彩宝网口径可能不同，原样独立保留。,否,200,是,
彩宝网/8200,福彩3D,2023273,2023-10-14,475,765,630,https://www.8200.cn/kjh/3d/2023273.htm,福彩3D页面口径：同时列出开机号与试机号。,否,200,是,
彩宝网/8200,排列三,2023274,2023-10-15,669,137,,https://www.8200.cn/kjh/p3/2023274.htm,排列三页面所列三位试机号；排列三与排列五共用同一期体彩摇奖流程。,否,200,是,
一定牛/ydniu,排列五,2023274,2023-10-15,66993,13807,,https://m.ydniu.com/kaijiang/pl5/sjh/2023274.html,页面明确标注为排列五五位模拟试机号，属于互联网模拟数据，不是官方试机号。,是,200,是,
3D之家/3d178,福彩3D,2023274,2023-10-15,995,221,,https://www.3d178.cn/kaijiang/2023/2023274.shtml,3D之家页面所列试机号；与彩宝网口径可能不同，原样独立保留。,否,200,是,
彩宝网/8200,福彩3D,2023274,2023-10-15,995,221,137,https://www.8200.cn/kjh/3d/2023274.htm,福彩3D页面口径：同时列出开机号与试机号。,否,200,是,
彩宝网/8200,排列三,2023275,2023-10-16,984,673,,https://www.8200.cn/kjh/p3/2023275.htm,排列三页面所列三位试机号；排列三与排列五共用同一期体彩摇奖流程。,否,200,是,
一定牛/ydniu,排列五,2023275,2023-10-16,98427,59380,,https://m.ydniu.com/kaijiang/pl5/sjh/2023275.html,页面明确标注为排列五五位模拟试机号，属于互联网模拟数据，不是官方试机号。,是,200,是,
3D之家/3d178,福彩3D,2023275,2023-10-16,739,676,,https://www.3d178.cn/kaijiang/2023/2023275.shtml,3D之家页面所列试机号；与彩宝网口径可能不同，原样独立保留。,否,200,是,
彩宝网/8200,福彩3D,2023275,2023-10-16,739,676,856,https://www.8200.cn/kjh/3d/2023275.htm,福彩3D页面口径：同时列出开机号与试机号。,否,200,是,
彩宝网/8200,排列三,2023276,2023-10-17,606,245,,https://www.8200.cn/kjh/p3/2023276.htm,排列三页面所列三位试机号；排列三与排列五共用同一期体彩摇奖流程。,否,200,是,
一定牛/ydniu,排列五,2023276,2023-10-17,60624,08985,,https://m.ydniu.com/kaijiang/pl5/sjh/2023276.html,页面明确标注为排列五五位模拟试机号，属于互联网模拟数据，不是官方试机号。,是,200,是,
3D之家/3d178,福彩3D,2023276,2023-10-17,441,172,,https://www.3d178.cn/kaijiang/2023/2023276.shtml,3D之家页面所列试机号；与彩宝网口径可能不同，原样独立保留。,否,200,是,
彩宝网/8200,福彩3D,2023276,2023-10-17,441,172,021,https://www.8200.cn/kjh/3d/2023276.htm,福彩3D页面口径：同时列出开机号与试机号。,否,200,是,
彩宝网/8200,排列三,2023277,2023-10-18,028,701,,https://www.8200.cn/kjh/p3/2023277.htm,排列三页面所列三位试机号；排列三与排列五共用同一期体彩摇奖流程。,否,200,是,
一定牛/ydniu,排列五,2023277,2023-10-18,02813,85594,,https://m.ydniu.com/kaijiang/pl5/sjh/2023277.html,页面明确标注为排列五五位模拟试机号，属于互联网模拟数据，不是官方试机号。,是,200,是,
3D之家/3d178,福彩3D,2023277,2023-10-18,920,938,,https://www.3d178.cn/kaijiang/2023/2023277.shtml,3D之家页面所列试机号；与彩宝网口径可能不同，原样独立保留。,否,200,是,
彩宝网/8200,福彩3D,2023277,2023-10-18,920,938,745,https://www.8200.cn/kjh/3d/2023277.htm,福彩3D页面口径：同时列出开机号与试机号。,否,200,是,
彩宝网/8200,排列三,2023278,2023-10-19,070,492,,https://www.8200.cn/kjh/p3/2023278.htm,排列三页面所列三位试机号；排列三与排列五共用同一期体彩摇奖流程。,否,200,是,
一定牛/ydniu,排列五,2023278,2023-10-19,07053,17967,,https://m.ydniu.com/kaijiang/pl5/sjh/2023278.html,页面明确标注为排列五五位模拟试机号，属于互联网模拟数据，不是官方试机号。,是,200,是,
3D之家/3d178,福彩3D,2023278,2023-10-19,809,262,,https://www.3d178.cn/kaijiang/2023/2023278.shtml,3D之家页面所列试机号；与彩宝网口径可能不同，原样独立保留。,否,200,是,
彩宝网/8200,福彩3D,2023278,2023-10-19,809,262,180,https://www.8200.cn/kjh/3d/2023278.htm,福彩3D页面口径：同时列出开机号与试机号。,否,200,是,
彩宝网/8200,排列三,2023279,2023-10-20,391,639,,https://www.8200.cn/kjh/p3/2023279.htm,排列三页面所列三位试机号；排列三与排列五共用同一期体彩摇奖流程。,否,200,是,
一定牛/ydniu,排列五,2023279,2023-10-20,39116,43621,,https://m.ydniu.com/kaijiang/pl5/sjh/2023279.html,页面明确标注为排列五五位模拟试机号，属于互联网模拟数据，不是官方试机号。,是,200,是,
3D之家/3d178,福彩3D,2023279,2023-10-20,792,519,,https://www.3d178.cn/kaijiang/2023/2023279.shtml,3D之家页面所列试机号；与彩宝网口径可能不同，原样独立保留。,否,200,是,
彩宝网/8200,福彩3D,2023279,2023-10-20,792,519,941,https://www.8200.cn/kjh/3d/2023279.htm,福彩3D页面口径：同时列出开机号与试机号。,否,200,是,
彩宝网/8200,排列三,2023280,2023-10-21,601,841,,https://www.8200.cn/kjh/p3/2023280.htm,排列三页面所列三位试机号；排列三与排列五共用同一期体彩摇奖流程。,否,200,是,
一定牛/ydniu,排列五,2023280,2023-10-21,60133,87163,,https://m.ydniu.com/kaijiang/pl5/sjh/2023280.html,页面明确标注为排列五五位模拟试机号，属于互联网模拟数据，不是官方试机号。,是,200,是,
3D之家/3d178,福彩3D,2023280,2023-10-21,278,953,,https://www.3d178.cn/kaijiang/2023/2023280.shtml,3D之家页面所列试机号；与彩宝网口径可能不同，原样独立保留。,否,200,是,
彩宝网/8200,福彩3D,2023280,2023-10-21,278,953,497,https://www.8200.cn/kjh/3d/2023280.htm,福彩3D页面口径：同时列出开机号与试机号。,否,200,是,
彩宝网/8200,排列三,2023281,2023-10-22,344,254,,https://www.8200.cn/kjh/p3/2023281.htm,排列三页面所列三位试机号；排列三与排列五共用同一期体彩摇奖流程。,否,200,是,
一定牛/ydniu,排列五,2023281,2023-10-22,34478,68548,,https://m.ydniu.com/kaijiang/pl5/sjh/2023281.html,页面明确标注为排列五五位模拟试机号，属于互联网模拟数据，不是官方试机号。,是,200,是,
3D之家/3d178,福彩3D,2023281,2023-10-22,684,768,,https://www.3d178.cn/kaijiang/2023/2023281.shtml,3D之家页面所列试机号；与彩宝网口径可能不同，原样独立保留。,否,200,是,
彩宝网/8200,福彩3D,2023281,2023-10-22,684,768,769,https://www.8200.cn/kjh/3d/2023281.htm,福彩3D页面口径：同时列出开机号与试机号。,否,200,是,
彩宝网/8200,排列三,2023282,2023-10-23,308,907,,https://www.8200.cn/kjh/p3/2023282.htm,排列三页面所列三位试机号；排列三与排列五共用同一期体彩摇奖流程。,否,200,是,
一定牛/ydniu,排列五,2023282,2023-10-23,30835,25723,,https://m.ydniu.com/kaijiang/pl5/sjh/2023282.html,页面明确标注为排列五五位模拟试机号，属于互联网模拟数据，不是官方试机号。,是,200,是,
3D之家/3d178,福彩3D,2023282,2023-10-23,104,340,,https://www.3d178.cn/kaijiang/2023/2023282.shtml,3D之家页面所列试机号；与彩宝网口径可能不同，原样独立保留。,否,200,是,
彩宝网/8200,福彩3D,2023282,2023-10-23,104,340,134,https://www.8200.cn/kjh/3d/2023282.htm,福彩3D页面口径：同时列出开机号与试机号。,否,200,是,
彩宝网/8200,排列三,2023283,2023-10-24,029,621,,https://www.8200.cn/kjh/p3/2023283.htm,排列三页面所列三位试机号；排列三与排列五共用同一期体彩摇奖流程。,否,200,是,
一定牛/ydniu,排列五,2023283,2023-10-24,02952,29392,,https://m.ydniu.com/kaijiang/pl5/sjh/2023283.html,页面明确标注为排列五五位模拟试机号，属于互联网模拟数据，不是官方试机号。,是,200,是,
3D之家/3d178,福彩3D,2023283,2023-10-24,948,376,,https://www.3d178.cn/kaijiang/2023/2023283.shtml,3D之家页面所列试机号；与彩宝网口径可能不同，原样独立保留。,否,200,是,
彩宝网/8200,福彩3D,2023283,2023-10-24,948,376,930,https://www.8200.cn/kjh/3d/2023283.htm,福彩3D页面口径：同时列出开机号与试机号。,否,200,是,
彩宝网/8200,排列三,2023284,2023-10-25,382,519,,https://www.8200.cn/kjh/p3/2023284.htm,排列三页面所列三位试机号；排列三与排列五共用同一期体彩摇奖流程。,否,200,是,
一定牛/ydniu,排列五,2023284,2023-10-25,38269,98033,,https://m.ydniu.com/kaijiang/pl5/sjh/2023284.html,页面明确标注为排列五五位模拟试机号，属于互联网模拟数据，不是官方试机号。,是,200,是,
3D之家/3d178,福彩3D,2023284,2023-10-25,393,064,,https://www.3d178.cn/kaijiang/2023/2023284.shtml,3D之家页面所列试机号；与彩宝网口径可能不同，原样独立保留。,否,200,是,
彩宝网/8200,福彩3D,2023284,2023-10-25,393,064,290,https://www.8200.cn/kjh/3d/2023284.htm,福彩3D页面口径：同时列出开机号与试机号。,否,200,是,
彩宝网/8200,排列三,2023285,2023-10-26,716,479,,https://www.8200.cn/kjh/p3/2023285.htm,排列三页面所列三位试机号；排列三与排列五共用同一期体彩摇奖流程。,否,200,是,
一定牛/ydniu,排列五,2023285,2023-10-26,71631,89744,,https://m.ydniu.com/kaijiang/pl5/sjh/2023285.html,页面明确标注为排列五五位模拟试机号，属于互联网模拟数据，不是官方试机号。,是,200,是,
3D之家/3d178,福彩3D,2023285,2023-10-26,591,980,,https://www.3d178.cn/kaijiang/2023/2023285.shtml,3D之家页面所列试机号；与彩宝网口径可能不同，原样独立保留。,否,200,是,
彩宝网/8200,福彩3D,2023285,2023-10-26,591,980,351,https://www.8200.cn/kjh/3d/2023285.htm,福彩3D页面口径：同时列出开机号与试机号。,否,200,是,
彩宝网/8200,排列三,2023286,2023-10-27,116,251,,https://www.8200.cn/kjh/p3/2023286.htm,排列三页面所列三位试机号；排列三与排列五共用同一期体彩摇奖流程。,否,200,是,
一定牛/ydniu,排列五,2023286,2023-10-27,11604,77188,,https://m.ydniu.com/kaijiang/pl5/sjh/2023286.html,页面明确标注为排列五五位模拟试机号，属于互联网模拟数据，不是官方试机号。,是,200,是,
3D之家/3d178,福彩3D,2023286,2023-10-27,205,854,,https://www.3d178.cn/kaijiang/2023/2023286.shtml,3D之家页面所列试机号；与彩宝网口径可能不同，原样独立保留。,否,200,是,
彩宝网/8200,福彩3D,2023286,2023-10-27,205,854,401,https://www.8200.cn/kjh/3d/2023286.htm,福彩3D页面口径：同时列出开机号与试机号。,否,200,是,
彩宝网/8200,排列三,2023287,2023-10-28,894,726,,https://www.8200.cn/kjh/p3/2023287.htm,排列三页面所列三位试机号；排列三与排列五共用同一期体彩摇奖流程。,否,200,是,
一定牛/ydniu,排列五,2023287,2023-10-28,89481,69427,,https://m.ydniu.com/kaijiang/pl5/sjh/2023287.html,页面明确标注为排列五五位模拟试机号，属于互联网模拟数据，不是官方试机号。,是,200,是,
3D之家/3d178,福彩3D,2023287,2023-10-28,309,777,,https://www.3d178.cn/kaijiang/2023/2023287.shtml,3D之家页面所列试机号；与彩宝网口径可能不同，原样独立保留。,否,200,是,
彩宝网/8200,福彩3D,2023287,2023-10-28,309,777,680,https://www.8200.cn/kjh/3d/2023287.htm,福彩3D页面口径：同时列出开机号与试机号。,否,200,是,
彩宝网/8200,排列三,2023288,2023-10-29,314,639,,https://www.8200.cn/kjh/p3/2023288.htm,排列三页面所列三位试机号；排列三与排列五共用同一期体彩摇奖流程。,否,200,是,
一定牛/ydniu,排列五,2023288,2023-10-29,31426,87920,,https://m.ydniu.com/kaijiang/pl5/sjh/2023288.html,页面明确标注为排列五五位模拟试机号，属于互联网模拟数据，不是官方试机号。,是,200,是,
3D之家/3d178,福彩3D,2023288,2023-10-29,550,962,,https://www.3d178.cn/kaijiang/2023/2023288.shtml,3D之家页面所列试机号；与彩宝网口径可能不同，原样独立保留。,否,200,是,
彩宝网/8200,福彩3D,2023288,2023-10-29,550,962,230,https://www.8200.cn/kjh/3d/2023288.htm,福彩3D页面口径：同时列出开机号与试机号。,否,200,是,
彩宝网/8200,排列三,2023289,2023-10-30,998,340,,https://www.8200.cn/kjh/p3/2023289.htm,排列三页面所列三位试机号；排列三与排列五共用同一期体彩摇奖流程。,否,200,是,
一定牛/ydniu,排列五,2023289,2023-10-30,99893,31326,,https://m.ydniu.com/kaijiang/pl5/sjh/2023289.html,页面明确标注为排列五五位模拟试机号，属于互联网模拟数据，不是官方试机号。,是,200,是,
3D之家/3d178,福彩3D,2023289,2023-10-30,866,396,,https://www.3d178.cn/kaijiang/2023/2023289.shtml,3D之家页面所列试机号；与彩宝网口径可能不同，原样独立保留。,否,200,是,
彩宝网/8200,福彩3D,2023289,2023-10-30,866,396,635,https://www.8200.cn/kjh/3d/2023289.htm,福彩3D页面口径：同时列出开机号与试机号。,否,200,是,
彩宝网/8200,排列三,2023290,2023-10-31,154,413,,https://www.8200.cn/kjh/p3/2023290.htm,排列三页面所列三位试机号；排列三与排列五共用同一期体彩摇奖流程。,否,200,是,
一定牛/ydniu,排列五,2023290,2023-10-31,15472,77546,,https://m.ydniu.com/kaijiang/pl5/sjh/2023290.html,页面明确标注为排列五五位模拟试机号，属于互联网模拟数据，不是官方试机号。,是,200,是,
3D之家/3d178,福彩3D,2023290,2023-10-31,833,858,,https://www.3d178.cn/kaijiang/2023/2023290.shtml,3D之家页面所列试机号；与彩宝网口径可能不同，原样独立保留。,否,200,是,
彩宝网/8200,福彩3D,2023290,2023-10-31,833,858,746,https://www.8200.cn/kjh/3d/2023290.htm,福彩3D页面口径：同时列出开机号与试机号。,否,200,是,
彩宝网/8200,排列三,2023291,2023-11-01,150,503,,https://www.8200.cn/kjh/p3/2023291.htm,排列三页面所列三位试机号；排列三与排列五共用同一期体彩摇奖流程。,否,200,是,
一定牛/ydniu,排列五,2023291,2023-11-01,15010,95726,,https://m.ydniu.com/kaijiang/pl5/sjh/2023291.html,页面明确标注为排列五五位模拟试机号，属于互联网模拟数据，不是官方试机号。,是,200,是,
3D之家/3d178,福彩3D,2023291,2023-11-01,583,041,,https://www.3d178.cn/kaijiang/2023/2023291.shtml,3D之家页面所列试机号；与彩宝网口径可能不同，原样独立保留。,否,200,是,
彩宝网/8200,福彩3D,2023291,2023-11-01,583,041,896,https://www.8200.cn/kjh/3d/2023291.htm,福彩3D页面口径：同时列出开机号与试机号。,否,200,是,
彩宝网/8200,排列三,2023292,2023-11-02,968,890,,https://www.8200.cn/kjh/p3/2023292.htm,排列三页面所列三位试机号；排列三与排列五共用同一期体彩摇奖流程。,否,200,是,
一定牛/ydniu,排列五,2023292,2023-11-02,96888,30157,,https://m.ydniu.com/kaijiang/pl5/sjh/2023292.html,页面明确标注为排列五五位模拟试机号，属于互联网模拟数据，不是官方试机号。,是,200,是,
3D之家/3d178,福彩3D,2023292,2023-11-02,689,384,,https://www.3d178.cn/kaijiang/2023/2023292.shtml,3D之家页面所列试机号；与彩宝网口径可能不同，原样独立保留。,否,200,是,
彩宝网/8200,福彩3D,2023292,2023-11-02,689,384,085,https://www.8200.cn/kjh/3d/2023292.htm,福彩3D页面口径：同时列出开机号与试机号。,否,200,是,
彩宝网/8200,排列三,2023293,2023-11-03,434,938,,https://www.8200.cn/kjh/p3/2023293.htm,排列三页面所列三位试机号；排列三与排列五共用同一期体彩摇奖流程。,否,200,是,
一定牛/ydniu,排列五,2023293,2023-11-03,43411,73178,,https://m.ydniu.com/kaijiang/pl5/sjh/2023293.html,页面明确标注为排列五五位模拟试机号，属于互联网模拟数据，不是官方试机号。,是,200,是,
3D之家/3d178,福彩3D,2023293,2023-11-03,810,814,,https://www.3d178.cn/kaijiang/2023/2023293.shtml,3D之家页面所列试机号；与彩宝网口径可能不同，原样独立保留。,否,200,是,
彩宝网/8200,福彩3D,2023293,2023-11-03,810,814,281,https://www.8200.cn/kjh/3d/2023293.htm,福彩3D页面口径：同时列出开机号与试机号。,否,200,是,
彩宝网/8200,排列三,2023294,2023-11-04,667,160,,https://www.8200.cn/kjh/p3/2023294.htm,排列三页面所列三位试机号；排列三与排列五共用同一期体彩摇奖流程。,否,200,是,
一定牛/ydniu,排列五,2023294,2023-11-04,66767,60582,,https://m.ydniu.com/kaijiang/pl5/sjh/2023294.html,页面明确标注为排列五五位模拟试机号，属于互联网模拟数据，不是官方试机号。,是,200,是,
3D之家/3d178,福彩3D,2023294,2023-11-04,591,688,,https://www.3d178.cn/kaijiang/2023/2023294.shtml,3D之家页面所列试机号；与彩宝网口径可能不同，原样独立保留。,否,200,是,
彩宝网/8200,福彩3D,2023294,2023-11-04,591,688,687,https://www.8200.cn/kjh/3d/2023294.htm,福彩3D页面口径：同时列出开机号与试机号。,否,200,是,
彩宝网/8200,排列三,2023295,2023-11-05,882,546,,https://www.8200.cn/kjh/p3/2023295.htm,排列三页面所列三位试机号；排列三与排列五共用同一期体彩摇奖流程。,否,200,是,
一定牛/ydniu,排列五,2023295,2023-11-05,88285,43524,,https://m.ydniu.com/kaijiang/pl5/sjh/2023295.html,页面明确标注为排列五五位模拟试机号，属于互联网模拟数据，不是官方试机号。,是,200,是,
3D之家/3d178,福彩3D,2023295,2023-11-05,795,501,,https://www.3d178.cn/kaijiang/2023/2023295.shtml,3D之家页面所列试机号；与彩宝网口径可能不同，原样独立保留。,否,200,是,
彩宝网/8200,福彩3D,2023295,2023-11-05,795,501,468,https://www.8200.cn/kjh/3d/2023295.htm,福彩3D页面口径：同时列出开机号与试机号。,否,200,是,
彩宝网/8200,排列三,2023296,2023-11-06,807,802,,https://www.8200.cn/kjh/p3/2023296.htm,排列三页面所列三位试机号；排列三与排列五共用同一期体彩摇奖流程。,否,200,是,
一定牛/ydniu,排列五,2023296,2023-11-06,80745,45586,,https://m.ydniu.com/kaijiang/pl5/sjh/2023296.html,页面明确标注为排列五五位模拟试机号，属于互联网模拟数据，不是官方试机号。,是,200,是,
3D之家/3d178,福彩3D,2023296,2023-11-06,491,538,,https://www.3d178.cn/kaijiang/2023/2023296.shtml,3D之家页面所列试机号；与彩宝网口径可能不同，原样独立保留。,否,200,是,
彩宝网/8200,福彩3D,2023296,2023-11-06,491,538,763,https://www.8200.cn/kjh/3d/2023296.htm,福彩3D页面口径：同时列出开机号与试机号。,否,200,是,
彩宝网/8200,排列三,2023297,2023-11-07,761,871,,https://www.8200.cn/kjh/p3/2023297.htm,排列三页面所列三位试机号；排列三与排列五共用同一期体彩摇奖流程。,否,200,是,
一定牛/ydniu,排列五,2023297,2023-11-07,76157,97524,,https://m.ydniu.com/kaijiang/pl5/sjh/2023297.html,页面明确标注为排列五五位模拟试机号，属于互联网模拟数据，不是官方试机号。,是,200,是,
3D之家/3d178,福彩3D,2023297,2023-11-07,226,059,,https://www.3d178.cn/kaijiang/2023/2023297.shtml,3D之家页面所列试机号；与彩宝网口径可能不同，原样独立保留。,否,200,是,
彩宝网/8200,福彩3D,2023297,2023-11-07,226,059,806,https://www.8200.cn/kjh/3d/2023297.htm,福彩3D页面口径：同时列出开机号与试机号。,否,200,是,
彩宝网/8200,排列三,2023298,2023-11-08,365,679,,https://www.8200.cn/kjh/p3/2023298.htm,排列三页面所列三位试机号；排列三与排列五共用同一期体彩摇奖流程。,否,200,是,
一定牛/ydniu,排列五,2023298,2023-11-08,36591,62781,,https://m.ydniu.com/kaijiang/pl5/sjh/2023298.html,页面明确标注为排列五五位模拟试机号，属于互联网模拟数据，不是官方试机号。,是,200,是,
3D之家/3d178,福彩3D,2023298,2023-11-08,047,710,,https://www.3d178.cn/kaijiang/2023/2023298.shtml,3D之家页面所列试机号；与彩宝网口径可能不同，原样独立保留。,否,200,是,
彩宝网/8200,福彩3D,2023298,2023-11-08,047,710,431,https://www.8200.cn/kjh/3d/2023298.htm,福彩3D页面口径：同时列出开机号与试机号。,否,200,是,
彩宝网/8200,排列三,2023299,2023-11-09,808,437,,https://www.8200.cn/kjh/p3/2023299.htm,排列三页面所列三位试机号；排列三与排列五共用同一期体彩摇奖流程。,否,200,是,
一定牛/ydniu,排列五,2023299,2023-11-09,80839,40085,,https://m.ydniu.com/kaijiang/pl5/sjh/2023299.html,页面明确标注为排列五五位模拟试机号，属于互联网模拟数据，不是官方试机号。,是,200,是,
3D之家/3d178,福彩3D,2023299,2023-11-09,920,483,,https://www.3d178.cn/kaijiang/2023/2023299.shtml,3D之家页面所列试机号；与彩宝网口径可能不同，原样独立保留。,否,200,是,
彩宝网/8200,福彩3D,2023299,2023-11-09,920,483,094,https://www.8200.cn/kjh/3d/2023299.htm,福彩3D页面口径：同时列出开机号与试机号。,否,200,是,
彩宝网/8200,排列三,2023300,2023-11-10,296,105,,https://www.8200.cn/kjh/p3/2023300.htm,排列三页面所列三位试机号；排列三与排列五共用同一期体彩摇奖流程。,否,200,是,
一定牛/ydniu,排列五,2023300,2023-11-10,29657,09670,,https://m.ydniu.com/kaijiang/pl5/sjh/2023300.html,页面明确标注为排列五五位模拟试机号，属于互联网模拟数据，不是官方试机号。,是,200,是,
3D之家/3d178,福彩3D,2023300,2023-11-10,090,179,,https://www.3d178.cn/kaijiang/2023/2023300.shtml,3D之家页面所列试机号；与彩宝网口径可能不同，原样独立保留。,否,200,是,
彩宝网/8200,福彩3D,2023300,2023-11-10,090,179,786,https://www.8200.cn/kjh/3d/2023300.htm,福彩3D页面口径：同时列出开机号与试机号。,否,200,是,
彩宝网/8200,排列三,2023301,2023-11-11,041,713,,https://www.8200.cn/kjh/p3/2023301.htm,排列三页面所列三位试机号；排列三与排列五共用同一期体彩摇奖流程。,否,200,是,
一定牛/ydniu,排列五,2023301,2023-11-11,04186,19591,,https://m.ydniu.com/kaijiang/pl5/sjh/2023301.html,页面明确标注为排列五五位模拟试机号，属于互联网模拟数据，不是官方试机号。,是,200,是,
3D之家/3d178,福彩3D,2023301,2023-11-11,580,277,,https://www.3d178.cn/kaijiang/2023/2023301.shtml,3D之家页面所列试机号；与彩宝网口径可能不同，原样独立保留。,否,200,是,
彩宝网/8200,福彩3D,2023301,2023-11-11,580,277,174,https://www.8200.cn/kjh/3d/2023301.htm,福彩3D页面口径：同时列出开机号与试机号。,否,200,是,
彩宝网/8200,排列三,2023302,2023-11-12,161,876,,https://www.8200.cn/kjh/p3/2023302.htm,排列三页面所列三位试机号；排列三与排列五共用同一期体彩摇奖流程。,否,200,是,
一定牛/ydniu,排列五,2023302,2023-11-12,16160,15068,,https://m.ydniu.com/kaijiang/pl5/sjh/2023302.html,页面明确标注为排列五五位模拟试机号，属于互联网模拟数据，不是官方试机号。,是,200,是,
3D之家/3d178,福彩3D,2023302,2023-11-12,618,233,,https://www.3d178.cn/kaijiang/2023/2023302.shtml,3D之家页面所列试机号；与彩宝网口径可能不同，原样独立保留。,否,200,是,
彩宝网/8200,福彩3D,2023302,2023-11-12,618,233,362,https://www.8200.cn/kjh/3d/2023302.htm,福彩3D页面口径：同时列出开机号与试机号。,否,200,是,
彩宝网/8200,排列三,2023303,2023-11-13,572,902,,https://www.8200.cn/kjh/p3/2023303.htm,排列三页面所列三位试机号；排列三与排列五共用同一期体彩摇奖流程。,否,200,是,
一定牛/ydniu,排列五,2023303,2023-11-13,57289,52811,,https://m.ydniu.com/kaijiang/pl5/sjh/2023303.html,页面明确标注为排列五五位模拟试机号，属于互联网模拟数据，不是官方试机号。,是,200,是,
3D之家/3d178,福彩3D,2023303,2023-11-13,721,610,,https://www.3d178.cn/kaijiang/2023/2023303.shtml,3D之家页面所列试机号；与彩宝网口径可能不同，原样独立保留。,否,200,是,
彩宝网/8200,福彩3D,2023303,2023-11-13,721,610,697,https://www.8200.cn/kjh/3d/2023303.htm,福彩3D页面口径：同时列出开机号与试机号。,否,200,是,
彩宝网/8200,排列三,2023304,2023-11-14,728,814,,https://www.8200.cn/kjh/p3/2023304.htm,排列三页面所列三位试机号；排列三与排列五共用同一期体彩摇奖流程。,否,200,是,
一定牛/ydniu,排列五,2023304,2023-11-14,72845,44990,,https://m.ydniu.com/kaijiang/pl5/sjh/2023304.html,页面明确标注为排列五五位模拟试机号，属于互联网模拟数据，不是官方试机号。,是,200,是,
3D之家/3d178,福彩3D,2023304,2023-11-14,480,532,,https://www.3d178.cn/kaijiang/2023/2023304.shtml,3D之家页面所列试机号；与彩宝网口径可能不同，原样独立保留。,否,200,是,
彩宝网/8200,福彩3D,2023304,2023-11-14,480,532,253,https://www.8200.cn/kjh/3d/2023304.htm,福彩3D页面口径：同时列出开机号与试机号。,否,200,是,
彩宝网/8200,排列三,2023305,2023-11-15,679,468,,https://www.8200.cn/kjh/p3/2023305.htm,排列三页面所列三位试机号；排列三与排列五共用同一期体彩摇奖流程。,否,200,是,
一定牛/ydniu,排列五,2023305,2023-11-15,67918,58376,,https://m.ydniu.com/kaijiang/pl5/sjh/2023305.html,页面明确标注为排列五五位模拟试机号，属于互联网模拟数据，不是官方试机号。,是,200,是,
3D之家/3d178,福彩3D,2023305,2023-11-15,682,666,,https://www.3d178.cn/kaijiang/2023/2023305.shtml,3D之家页面所列试机号；与彩宝网口径可能不同，原样独立保留。,否,200,是,
彩宝网/8200,福彩3D,2023305,2023-11-15,682,666,930,https://www.8200.cn/kjh/3d/2023305.htm,福彩3D页面口径：同时列出开机号与试机号。,否,200,是,
彩宝网/8200,排列三,2023306,2023-11-16,330,578,,https://www.8200.cn/kjh/p3/2023306.htm,排列三页面所列三位试机号；排列三与排列五共用同一期体彩摇奖流程。,否,200,是,
一定牛/ydniu,排列五,2023306,2023-11-16,33087,28376,,https://m.ydniu.com/kaijiang/pl5/sjh/2023306.html,页面明确标注为排列五五位模拟试机号，属于互联网模拟数据，不是官方试机号。,是,200,是,
3D之家/3d178,福彩3D,2023306,2023-11-16,888,366,,https://www.3d178.cn/kaijiang/2023/2023306.shtml,3D之家页面所列试机号；与彩宝网口径可能不同，原样独立保留。,否,200,是,
彩宝网/8200,福彩3D,2023306,2023-11-16,888,366,807,https://www.8200.cn/kjh/3d/2023306.htm,福彩3D页面口径：同时列出开机号与试机号。,否,200,是,
彩宝网/8200,排列三,2023307,2023-11-17,936,529,,https://www.8200.cn/kjh/p3/2023307.htm,排列三页面所列三位试机号；排列三与排列五共用同一期体彩摇奖流程。,否,200,是,
一定牛/ydniu,排列五,2023307,2023-11-17,93692,29429,,https://m.ydniu.com/kaijiang/pl5/sjh/2023307.html,页面明确标注为排列五五位模拟试机号，属于互联网模拟数据，不是官方试机号。,是,200,是,
3D之家/3d178,福彩3D,2023307,2023-11-17,937,376,,https://www.3d178.cn/kaijiang/2023/2023307.shtml,3D之家页面所列试机号；与彩宝网口径可能不同，原样独立保留。,否,200,是,
彩宝网/8200,福彩3D,2023307,2023-11-17,937,376,608,https://www.8200.cn/kjh/3d/2023307.htm,福彩3D页面口径：同时列出开机号与试机号。,否,200,是,
彩宝网/8200,排列三,2023308,2023-11-18,619,928,,https://www.8200.cn/kjh/p3/2023308.htm,排列三页面所列三位试机号；排列三与排列五共用同一期体彩摇奖流程。,否,200,是,
一定牛/ydniu,排列五,2023308,2023-11-18,61950,23966,,https://m.ydniu.com/kaijiang/pl5/sjh/2023308.html,页面明确标注为排列五五位模拟试机号，属于互联网模拟数据，不是官方试机号。,是,200,是,
3D之家/3d178,福彩3D,2023308,2023-11-18,594,322,,https://www.3d178.cn/kaijiang/2023/2023308.shtml,3D之家页面所列试机号；与彩宝网口径可能不同，原样独立保留。,否,200,是,
彩宝网/8200,福彩3D,2023308,2023-11-18,594,322,478,https://www.8200.cn/kjh/3d/2023308.htm,福彩3D页面口径：同时列出开机号与试机号。,否,200,是,
彩宝网/8200,排列三,2023309,2023-11-19,329,385,,https://www.8200.cn/kjh/p3/2023309.htm,排列三页面所列三位试机号；排列三与排列五共用同一期体彩摇奖流程。,否,200,是,
一定牛/ydniu,排列五,2023309,2023-11-19,32997,06540,,https://m.ydniu.com/kaijiang/pl5/sjh/2023309.html,页面明确标注为排列五五位模拟试机号，属于互联网模拟数据，不是官方试机号。,是,200,是,
3D之家/3d178,福彩3D,2023309,2023-11-19,202,148,,https://www.3d178.cn/kaijiang/2023/2023309.shtml,3D之家页面所列试机号；与彩宝网口径可能不同，原样独立保留。,否,200,是,
彩宝网/8200,福彩3D,2023309,2023-11-19,202,148,750,https://www.8200.cn/kjh/3d/2023309.htm,福彩3D页面口径：同时列出开机号与试机号。,否,200,是,
彩宝网/8200,排列三,2023310,2023-11-20,417,910,,https://www.8200.cn/kjh/p3/2023310.htm,排列三页面所列三位试机号；排列三与排列五共用同一期体彩摇奖流程。,否,200,是,
一定牛/ydniu,排列五,2023310,2023-11-20,41768,58197,,https://m.ydniu.com/kaijiang/pl5/sjh/2023310.html,页面明确标注为排列五五位模拟试机号，属于互联网模拟数据，不是官方试机号。,是,200,是,
3D之家/3d178,福彩3D,2023310,2023-11-20,956,664,,https://www.3d178.cn/kaijiang/2023/2023310.shtml,3D之家页面所列试机号；与彩宝网口径可能不同，原样独立保留。,否,200,是,
彩宝网/8200,福彩3D,2023310,2023-11-20,956,664,271,https://www.8200.cn/kjh/3d/2023310.htm,福彩3D页面口径：同时列出开机号与试机号。,否,200,是,
彩宝网/8200,排列三,2023311,2023-11-21,583,704,,https://www.8200.cn/kjh/p3/2023311.htm,排列三页面所列三位试机号；排列三与排列五共用同一期体彩摇奖流程。,否,200,是,
一定牛/ydniu,排列五,2023311,2023-11-21,58399,71531,,https://m.ydniu.com/kaijiang/pl5/sjh/2023311.html,页面明确标注为排列五五位模拟试机号，属于互联网模拟数据，不是官方试机号。,是,200,是,
3D之家/3d178,福彩3D,2023311,2023-11-21,271,798,,https://www.3d178.cn/kaijiang/2023/2023311.shtml,3D之家页面所列试机号；与彩宝网口径可能不同，原样独立保留。,否,200,是,
彩宝网/8200,福彩3D,2023311,2023-11-21,271,798,760,https://www.8200.cn/kjh/3d/2023311.htm,福彩3D页面口径：同时列出开机号与试机号。,否,200,是,
彩宝网/8200,排列三,2023312,2023-11-22,442,278,,https://www.8200.cn/kjh/p3/2023312.htm,排列三页面所列三位试机号；排列三与排列五共用同一期体彩摇奖流程。,否,200,是,
一定牛/ydniu,排列五,2023312,2023-11-22,44263,43953,,https://m.ydniu.com/kaijiang/pl5/sjh/2023312.html,页面明确标注为排列五五位模拟试机号，属于互联网模拟数据，不是官方试机号。,是,200,是,
3D之家/3d178,福彩3D,2023312,2023-11-22,791,522,,https://www.3d178.cn/kaijiang/2023/2023312.shtml,3D之家页面所列试机号；与彩宝网口径可能不同，原样独立保留。,否,200,是,
彩宝网/8200,福彩3D,2023312,2023-11-22,791,522,805,https://www.8200.cn/kjh/3d/2023312.htm,福彩3D页面口径：同时列出开机号与试机号。,否,200,是,
彩宝网/8200,排列三,2023313,2023-11-23,414,192,,https://www.8200.cn/kjh/p3/2023313.htm,排列三页面所列三位试机号；排列三与排列五共用同一期体彩摇奖流程。,否,200,是,
一定牛/ydniu,排列五,2023313,2023-11-23,41435,14444,,https://m.ydniu.com/kaijiang/pl5/sjh/2023313.html,页面明确标注为排列五五位模拟试机号，属于互联网模拟数据，不是官方试机号。,是,200,是,
3D之家/3d178,福彩3D,2023313,2023-11-23,989,226,,https://www.3d178.cn/kaijiang/2023/2023313.shtml,3D之家页面所列试机号；与彩宝网口径可能不同，原样独立保留。,否,200,是,
彩宝网/8200,福彩3D,2023313,2023-11-23,989,226,657,https://www.8200.cn/kjh/3d/2023313.htm,福彩3D页面口径：同时列出开机号与试机号。,否,200,是,
彩宝网/8200,排列三,2023314,2023-11-24,355,716,,https://www.8200.cn/kjh/p3/2023314.htm,排列三页面所列三位试机号；排列三与排列五共用同一期体彩摇奖流程。,否,200,是,
一定牛/ydniu,排列五,2023314,2023-11-24,35508,99525,,https://m.ydniu.com/kaijiang/pl5/sjh/2023314.html,页面明确标注为排列五五位模拟试机号，属于互联网模拟数据，不是官方试机号。,是,200,是,
3D之家/3d178,福彩3D,2023314,2023-11-24,228,079,,https://www.3d178.cn/kaijiang/2023/2023314.shtml,3D之家页面所列试机号；与彩宝网口径可能不同，原样独立保留。,否,200,是,
彩宝网/8200,福彩3D,2023314,2023-11-24,228,079,498,https://www.8200.cn/kjh/3d/2023314.htm,福彩3D页面口径：同时列出开机号与试机号。,否,200,是,
彩宝网/8200,排列三,2023315,2023-11-25,747,329,,https://www.8200.cn/kjh/p3/2023315.htm,排列三页面所列三位试机号；排列三与排列五共用同一期体彩摇奖流程。,否,200,是,
一定牛/ydniu,排列五,2023315,2023-11-25,74754,44329,,https://m.ydniu.com/kaijiang/pl5/sjh/2023315.html,页面明确标注为排列五五位模拟试机号，属于互联网模拟数据，不是官方试机号。,是,200,是,
3D之家/3d178,福彩3D,2023315,2023-11-25,618,526,,https://www.3d178.cn/kaijiang/2023/2023315.shtml,3D之家页面所列试机号；与彩宝网口径可能不同，原样独立保留。,否,200,是,
彩宝网/8200,福彩3D,2023315,2023-11-25,618,526,657,https://www.8200.cn/kjh/3d/2023315.htm,福彩3D页面口径：同时列出开机号与试机号。,否,200,是,
彩宝网/8200,排列三,2023316,2023-11-26,234,639,,https://www.8200.cn/kjh/p3/2023316.htm,排列三页面所列三位试机号；排列三与排列五共用同一期体彩摇奖流程。,否,200,是,
一定牛/ydniu,排列五,2023316,2023-11-26,23417,33299,,https://m.ydniu.com/kaijiang/pl5/sjh/2023316.html,页面明确标注为排列五五位模拟试机号，属于互联网模拟数据，不是官方试机号。,是,200,是,
3D之家/3d178,福彩3D,2023316,2023-11-26,483,415,,https://www.3d178.cn/kaijiang/2023/2023316.shtml,3D之家页面所列试机号；与彩宝网口径可能不同，原样独立保留。,否,200,是,
彩宝网/8200,福彩3D,2023316,2023-11-26,483,415,678,https://www.8200.cn/kjh/3d/2023316.htm,福彩3D页面口径：同时列出开机号与试机号。,否,200,是,
彩宝网/8200,排列三,2023317,2023-11-27,397,912,,https://www.8200.cn/kjh/p3/2023317.htm,排列三页面所列三位试机号；排列三与排列五共用同一期体彩摇奖流程。,否,200,是,
一定牛/ydniu,排列五,2023317,2023-11-27,39708,27961,,https://m.ydniu.com/kaijiang/pl5/sjh/2023317.html,页面明确标注为排列五五位模拟试机号，属于互联网模拟数据，不是官方试机号。,是,200,是,
3D之家/3d178,福彩3D,2023317,2023-11-27,131,361,,https://www.3d178.cn/kaijiang/2023/2023317.shtml,3D之家页面所列试机号；与彩宝网口径可能不同，原样独立保留。,否,200,是,
彩宝网/8200,福彩3D,2023317,2023-11-27,131,361,174,https://www.8200.cn/kjh/3d/2023317.htm,福彩3D页面口径：同时列出开机号与试机号。,否,200,是,
彩宝网/8200,排列三,2023318,2023-11-28,790,642,,https://www.8200.cn/kjh/p3/2023318.htm,排列三页面所列三位试机号；排列三与排列五共用同一期体彩摇奖流程。,否,200,是,
一定牛/ydniu,排列五,2023318,2023-11-28,79005,88909,,https://m.ydniu.com/kaijiang/pl5/sjh/2023318.html,页面明确标注为排列五五位模拟试机号，属于互联网模拟数据，不是官方试机号。,是,200,是,
3D之家/3d178,福彩3D,2023318,2023-11-28,014,972,,https://www.3d178.cn/kaijiang/2023/2023318.shtml,3D之家页面所列试机号；与彩宝网口径可能不同，原样独立保留。,否,200,是,
彩宝网/8200,福彩3D,2023318,2023-11-28,014,972,572,https://www.8200.cn/kjh/3d/2023318.htm,福彩3D页面口径：同时列出开机号与试机号。,否,200,是,
彩宝网/8200,排列三,2023319,2023-11-29,965,498,,https://www.8200.cn/kjh/p3/2023319.htm,排列三页面所列三位试机号；排列三与排列五共用同一期体彩摇奖流程。,否,200,是,
一定牛/ydniu,排列五,2023319,2023-11-29,96598,19216,,https://m.ydniu.com/kaijiang/pl5/sjh/2023319.html,页面明确标注为排列五五位模拟试机号，属于互联网模拟数据，不是官方试机号。,是,200,是,
3D之家/3d178,福彩3D,2023319,2023-11-29,727,274,,https://www.3d178.cn/kaijiang/2023/2023319.shtml,3D之家页面所列试机号；与彩宝网口径可能不同，原样独立保留。,否,200,是,
彩宝网/8200,福彩3D,2023319,2023-11-29,727,274,834,https://www.8200.cn/kjh/3d/2023319.htm,福彩3D页面口径：同时列出开机号与试机号。,否,200,是,
彩宝网/8200,排列三,2023320,2023-11-30,697,240,,https://www.8200.cn/kjh/p3/2023320.htm,排列三页面所列三位试机号；排列三与排列五共用同一期体彩摇奖流程。,否,200,是,
一定牛/ydniu,排列五,2023320,2023-11-30,69771,09665,,https://m.ydniu.com/kaijiang/pl5/sjh/2023320.html,页面明确标注为排列五五位模拟试机号，属于互联网模拟数据，不是官方试机号。,是,200,是,
3D之家/3d178,福彩3D,2023320,2023-11-30,375,179,,https://www.3d178.cn/kaijiang/2023/2023320.shtml,3D之家页面所列试机号；与彩宝网口径可能不同，原样独立保留。,否,200,是,
彩宝网/8200,福彩3D,2023320,2023-11-30,375,179,791,https://www.8200.cn/kjh/3d/2023320.htm,福彩3D页面口径：同时列出开机号与试机号。,否,200,是,
彩宝网/8200,排列三,2023321,2023-12-01,211,746,,https://www.8200.cn/kjh/p3/2023321.htm,排列三页面所列三位试机号；排列三与排列五共用同一期体彩摇奖流程。,否,200,是,
一定牛/ydniu,排列五,2023321,2023-12-01,21113,19564,,https://m.ydniu.com/kaijiang/pl5/sjh/2023321.html,页面明确标注为排列五五位模拟试机号，属于互联网模拟数据，不是官方试机号。,是,200,是,
3D之家/3d178,福彩3D,2023321,2023-12-01,752,278,,https://www.3d178.cn/kaijiang/2023/2023321.shtml,3D之家页面所列试机号；与彩宝网口径可能不同，原样独立保留。,否,200,是,
彩宝网/8200,福彩3D,2023321,2023-12-01,752,278,190,https://www.8200.cn/kjh/3d/2023321.htm,福彩3D页面口径：同时列出开机号与试机号。,否,200,是,
彩宝网/8200,排列三,2023322,2023-12-02,174,972,,https://www.8200.cn/kjh/p3/2023322.htm,排列三页面所列三位试机号；排列三与排列五共用同一期体彩摇奖流程。,否,200,是,
一定牛/ydniu,排列五,2023322,2023-12-02,17428,09521,,https://m.ydniu.com/kaijiang/pl5/sjh/2023322.html,页面明确标注为排列五五位模拟试机号，属于互联网模拟数据，不是官方试机号。,是,200,是,
3D之家/3d178,福彩3D,2023322,2023-12-02,804,178,,https://www.3d178.cn/kaijiang/2023/2023322.shtml,3D之家页面所列试机号；与彩宝网口径可能不同，原样独立保留。,否,200,是,
彩宝网/8200,福彩3D,2023322,2023-12-02,804,178,594,https://www.8200.cn/kjh/3d/2023322.htm,福彩3D页面口径：同时列出开机号与试机号。,否,200,是,
彩宝网/8200,排列三,2023323,2023-12-03,945,809,,https://www.8200.cn/kjh/p3/2023323.htm,排列三页面所列三位试机号；排列三与排列五共用同一期体彩摇奖流程。,否,200,是,
一定牛/ydniu,排列五,2023323,2023-12-03,94550,81751,,https://m.ydniu.com/kaijiang/pl5/sjh/2023323.html,页面明确标注为排列五五位模拟试机号，属于互联网模拟数据，不是官方试机号。,是,200,是,
3D之家/3d178,福彩3D,2023323,2023-12-03,269,900,,https://www.3d178.cn/kaijiang/2023/2023323.shtml,3D之家页面所列试机号；与彩宝网口径可能不同，原样独立保留。,否,200,是,
彩宝网/8200,福彩3D,2023323,2023-12-03,269,900,457,https://www.8200.cn/kjh/3d/2023323.htm,福彩3D页面口径：同时列出开机号与试机号。,否,200,是,
彩宝网/8200,排列三,2023324,2023-12-04,602,583,,https://www.8200.cn/kjh/p3/2023324.htm,排列三页面所列三位试机号；排列三与排列五共用同一期体彩摇奖流程。,否,200,是,
一定牛/ydniu,排列五,2023324,2023-12-04,60246,20326,,https://m.ydniu.com/kaijiang/pl5/sjh/2023324.html,页面明确标注为排列五五位模拟试机号，属于互联网模拟数据，不是官方试机号。,是,200,是,
3D之家/3d178,福彩3D,2023324,2023-12-04,495,286,,https://www.3d178.cn/kaijiang/2023/2023324.shtml,3D之家页面所列试机号；与彩宝网口径可能不同，原样独立保留。,否,200,是,
彩宝网/8200,福彩3D,2023324,2023-12-04,495,286,189,https://www.8200.cn/kjh/3d/2023324.htm,福彩3D页面口径：同时列出开机号与试机号。,否,200,是,
彩宝网/8200,排列三,2023325,2023-12-05,717,537,,https://www.8200.cn/kjh/p3/2023325.htm,排列三页面所列三位试机号；排列三与排列五共用同一期体彩摇奖流程。,否,200,是,
一定牛/ydniu,排列五,2023325,2023-12-05,71793,02181,,https://m.ydniu.com/kaijiang/pl5/sjh/2023325.html,页面明确标注为排列五五位模拟试机号，属于互联网模拟数据，不是官方试机号。,是,200,是,
3D之家/3d178,福彩3D,2023325,2023-12-05,490,104,,https://www.3d178.cn/kaijiang/2023/2023325.shtml,3D之家页面所列试机号；与彩宝网口径可能不同，原样独立保留。,否,200,是,
彩宝网/8200,福彩3D,2023325,2023-12-05,490,104,456,https://www.8200.cn/kjh/3d/2023325.htm,福彩3D页面口径：同时列出开机号与试机号。,否,200,是,
彩宝网/8200,排列三,2023326,2023-12-06,790,318,,https://www.8200.cn/kjh/p3/2023326.htm,排列三页面所列三位试机号；排列三与排列五共用同一期体彩摇奖流程。,否,200,是,
一定牛/ydniu,排列五,2023326,2023-12-06,79018,99869,,https://m.ydniu.com/kaijiang/pl5/sjh/2023326.html,页面明确标注为排列五五位模拟试机号，属于互联网模拟数据，不是官方试机号。,是,200,是,
3D之家/3d178,福彩3D,2023326,2023-12-06,371,081,,https://www.3d178.cn/kaijiang/2023/2023326.shtml,3D之家页面所列试机号；与彩宝网口径可能不同，原样独立保留。,否,200,是,
彩宝网/8200,福彩3D,2023326,2023-12-06,371,081,072,https://www.8200.cn/kjh/3d/2023326.htm,福彩3D页面口径：同时列出开机号与试机号。,否,200,是,
彩宝网/8200,排列三,2023327,2023-12-07,314,267,,https://www.8200.cn/kjh/p3/2023327.htm,排列三页面所列三位试机号；排列三与排列五共用同一期体彩摇奖流程。,否,200,是,
一定牛/ydniu,排列五,2023327,2023-12-07,31472,27545,,https://m.ydniu.com/kaijiang/pl5/sjh/2023327.html,页面明确标注为排列五五位模拟试机号，属于互联网模拟数据，不是官方试机号。,是,200,是,
3D之家/3d178,福彩3D,2023327,2023-12-07,014,357,,https://www.3d178.cn/kaijiang/2023/2023327.shtml,3D之家页面所列试机号；与彩宝网口径可能不同，原样独立保留。,否,200,是,
彩宝网/8200,福彩3D,2023327,2023-12-07,014,357,218,https://www.8200.cn/kjh/3d/2023327.htm,福彩3D页面口径：同时列出开机号与试机号。,否,200,是,
彩宝网/8200,排列三,2023328,2023-12-08,882,478,,https://www.8200.cn/kjh/p3/2023328.htm,排列三页面所列三位试机号；排列三与排列五共用同一期体彩摇奖流程。,否,200,是,
一定牛/ydniu,排列五,2023328,2023-12-08,88212,44254,,https://m.ydniu.com/kaijiang/pl5/sjh/2023328.html,页面明确标注为排列五五位模拟试机号，属于互联网模拟数据，不是官方试机号。,是,200,是,
3D之家/3d178,福彩3D,2023328,2023-12-08,169,525,,https://www.3d178.cn/kaijiang/2023/2023328.shtml,3D之家页面所列试机号；与彩宝网口径可能不同，原样独立保留。,否,200,是,
彩宝网/8200,福彩3D,2023328,2023-12-08,169,525,459,https://www.8200.cn/kjh/3d/2023328.htm,福彩3D页面口径：同时列出开机号与试机号。,否,200,是,
彩宝网/8200,排列三,2023329,2023-12-09,289,254,,https://www.8200.cn/kjh/p3/2023329.htm,排列三页面所列三位试机号；排列三与排列五共用同一期体彩摇奖流程。,否,200,是,
一定牛/ydniu,排列五,2023329,2023-12-09,28959,71680,,https://m.ydniu.com/kaijiang/pl5/sjh/2023329.html,页面明确标注为排列五五位模拟试机号，属于互联网模拟数据，不是官方试机号。,是,200,是,
3D之家/3d178,福彩3D,2023329,2023-12-09,573,799,,https://www.3d178.cn/kaijiang/2023/2023329.shtml,3D之家页面所列试机号；与彩宝网口径可能不同，原样独立保留。,否,200,是,
彩宝网/8200,福彩3D,2023329,2023-12-09,573,799,614,https://www.8200.cn/kjh/3d/2023329.htm,福彩3D页面口径：同时列出开机号与试机号。,否,200,是,
彩宝网/8200,排列三,2023330,2023-12-10,531,529,,https://www.8200.cn/kjh/p3/2023330.htm,排列三页面所列三位试机号；排列三与排列五共用同一期体彩摇奖流程。,否,200,是,
一定牛/ydniu,排列五,2023330,2023-12-10,53185,29567,,https://m.ydniu.com/kaijiang/pl5/sjh/2023330.html,页面明确标注为排列五五位模拟试机号，属于互联网模拟数据，不是官方试机号。,是,200,是,
3D之家/3d178,福彩3D,2023330,2023-12-10,376,378,,https://www.3d178.cn/kaijiang/2023/2023330.shtml,3D之家页面所列试机号；与彩宝网口径可能不同，原样独立保留。,否,200,是,
彩宝网/8200,福彩3D,2023330,2023-12-10,376,378,892,https://www.8200.cn/kjh/3d/2023330.htm,福彩3D页面口径：同时列出开机号与试机号。,否,200,是,
彩宝网/8200,排列三,2023331,2023-12-11,402,783,,https://www.8200.cn/kjh/p3/2023331.htm,排列三页面所列三位试机号；排列三与排列五共用同一期体彩摇奖流程。,否,200,是,
一定牛/ydniu,排列五,2023331,2023-12-11,40215,87515,,https://m.ydniu.com/kaijiang/pl5/sjh/2023331.html,页面明确标注为排列五五位模拟试机号，属于互联网模拟数据，不是官方试机号。,是,200,是,
3D之家/3d178,福彩3D,2023331,2023-12-11,241,957,,https://www.3d178.cn/kaijiang/2023/2023331.shtml,3D之家页面所列试机号；与彩宝网口径可能不同，原样独立保留。,否,200,是,
彩宝网/8200,福彩3D,2023331,2023-12-11,241,957,537,https://www.8200.cn/kjh/3d/2023331.htm,福彩3D页面口径：同时列出开机号与试机号。,否,200,是,
彩宝网/8200,排列三,2023332,2023-12-12,667,524,,https://www.8200.cn/kjh/p3/2023332.htm,排列三页面所列三位试机号；排列三与排列五共用同一期体彩摇奖流程。,否,200,是,
一定牛/ydniu,排列五,2023332,2023-12-12,66726,63876,,https://m.ydniu.com/kaijiang/pl5/sjh/2023332.html,页面明确标注为排列五五位模拟试机号，属于互联网模拟数据，不是官方试机号。,是,200,是,
3D之家/3d178,福彩3D,2023332,2023-12-12,161,721,,https://www.3d178.cn/kaijiang/2023/2023332.shtml,3D之家页面所列试机号；与彩宝网口径可能不同，原样独立保留。,否,200,是,
彩宝网/8200,福彩3D,2023332,2023-12-12,161,721,452,https://www.8200.cn/kjh/3d/2023332.htm,福彩3D页面口径：同时列出开机号与试机号。,否,200,是,
彩宝网/8200,排列三,2023333,2023-12-13,989,106,,https://www.8200.cn/kjh/p3/2023333.htm,排列三页面所列三位试机号；排列三与排列五共用同一期体彩摇奖流程。,否,200,是,
一定牛/ydniu,排列五,2023333,2023-12-13,98940,93551,,https://m.ydniu.com/kaijiang/pl5/sjh/2023333.html,页面明确标注为排列五五位模拟试机号，属于互联网模拟数据，不是官方试机号。,是,200,是,
3D之家/3d178,福彩3D,2023333,2023-12-13,188,019,,https://www.3d178.cn/kaijiang/2023/2023333.shtml,3D之家页面所列试机号；与彩宝网口径可能不同，原样独立保留。,否,200,是,
彩宝网/8200,福彩3D,2023333,2023-12-13,188,019,059,https://www.8200.cn/kjh/3d/2023333.htm,福彩3D页面口径：同时列出开机号与试机号。,否,200,是,
彩宝网/8200,排列三,2023334,2023-12-14,587,695,,https://www.8200.cn/kjh/p3/2023334.htm,排列三页面所列三位试机号；排列三与排列五共用同一期体彩摇奖流程。,否,200,是,
一定牛/ydniu,排列五,2023334,2023-12-14,58793,51257,,https://m.ydniu.com/kaijiang/pl5/sjh/2023334.html,页面明确标注为排列五五位模拟试机号，属于互联网模拟数据，不是官方试机号。,是,200,是,
3D之家/3d178,福彩3D,2023334,2023-12-14,900,594,,https://www.3d178.cn/kaijiang/2023/2023334.shtml,3D之家页面所列试机号；与彩宝网口径可能不同，原样独立保留。,否,200,是,
彩宝网/8200,福彩3D,2023334,2023-12-14,900,594,713,https://www.8200.cn/kjh/3d/2023334.htm,福彩3D页面口径：同时列出开机号与试机号。,否,200,是,
彩宝网/8200,排列三,2023335,2023-12-15,047,652,,https://www.8200.cn/kjh/p3/2023335.htm,排列三页面所列三位试机号；排列三与排列五共用同一期体彩摇奖流程。,否,200,是,
一定牛/ydniu,排列五,2023335,2023-12-15,04739,39804,,https://m.ydniu.com/kaijiang/pl5/sjh/2023335.html,页面明确标注为排列五五位模拟试机号，属于互联网模拟数据，不是官方试机号。,是,200,是,
3D之家/3d178,福彩3D,2023335,2023-12-15,111,480,,https://www.3d178.cn/kaijiang/2023/2023335.shtml,3D之家页面所列试机号；与彩宝网口径可能不同，原样独立保留。,否,200,是,
彩宝网/8200,福彩3D,2023335,2023-12-15,111,480,875,https://www.8200.cn/kjh/3d/2023335.htm,福彩3D页面口径：同时列出开机号与试机号。,否,200,是,
彩宝网/8200,排列三,2023336,2023-12-16,821,830,,https://www.8200.cn/kjh/p3/2023336.htm,排列三页面所列三位试机号；排列三与排列五共用同一期体彩摇奖流程。,否,200,是,
一定牛/ydniu,排列五,2023336,2023-12-16,82162,66091,,https://m.ydniu.com/kaijiang/pl5/sjh/2023336.html,页面明确标注为排列五五位模拟试机号，属于互联网模拟数据，不是官方试机号。,是,200,是,
3D之家/3d178,福彩3D,2023336,2023-12-16,188,743,,https://www.3d178.cn/kaijiang/2023/2023336.shtml,3D之家页面所列试机号；与彩宝网口径可能不同，原样独立保留。,否,200,是,
彩宝网/8200,福彩3D,2023336,2023-12-16,188,743,269,https://www.8200.cn/kjh/3d/2023336.htm,福彩3D页面口径：同时列出开机号与试机号。,否,200,是,
彩宝网/8200,排列三,2023337,2023-12-17,846,407,,https://www.8200.cn/kjh/p3/2023337.htm,排列三页面所列三位试机号；排列三与排列五共用同一期体彩摇奖流程。,否,200,是,
一定牛/ydniu,排列五,2023337,2023-12-17,84654,41164,,https://m.ydniu.com/kaijiang/pl5/sjh/2023337.html,页面明确标注为排列五五位模拟试机号，属于互联网模拟数据，不是官方试机号。,是,200,是,
3D之家/3d178,福彩3D,2023337,2023-12-17,862,494,,https://www.3d178.cn/kaijiang/2023/2023337.shtml,3D之家页面所列试机号；与彩宝网口径可能不同，原样独立保留。,否,200,是,
彩宝网/8200,福彩3D,2023337,2023-12-17,862,494,269,https://www.8200.cn/kjh/3d/2023337.htm,福彩3D页面口径：同时列出开机号与试机号。,否,200,是,
彩宝网/8200,排列三,2023338,2023-12-18,380,827,,https://www.8200.cn/kjh/p3/2023338.htm,排列三页面所列三位试机号；排列三与排列五共用同一期体彩摇奖流程。,否,200,是,
一定牛/ydniu,排列五,2023338,2023-12-18,38019,07098,,https://m.ydniu.com/kaijiang/pl5/sjh/2023338.html,页面明确标注为排列五五位模拟试机号，属于互联网模拟数据，不是官方试机号。,是,200,是,
3D之家/3d178,福彩3D,2023338,2023-12-18,477,153,,https://www.3d178.cn/kaijiang/2023/2023338.shtml,3D之家页面所列试机号；与彩宝网口径可能不同，原样独立保留。,否,200,是,
彩宝网/8200,福彩3D,2023338,2023-12-18,477,153,504,https://www.8200.cn/kjh/3d/2023338.htm,福彩3D页面口径：同时列出开机号与试机号。,否,200,是,
彩宝网/8200,排列三,2023339,2023-12-19,482,571,,https://www.8200.cn/kjh/p3/2023339.htm,排列三页面所列三位试机号；排列三与排列五共用同一期体彩摇奖流程。,否,200,是,
一定牛/ydniu,排列五,2023339,2023-12-19,48286,10414,,https://m.ydniu.com/kaijiang/pl5/sjh/2023339.html,页面明确标注为排列五五位模拟试机号，属于互联网模拟数据，不是官方试机号。,是,200,是,
3D之家/3d178,福彩3D,2023339,2023-12-19,847,187,,https://www.3d178.cn/kaijiang/2023/2023339.shtml,3D之家页面所列试机号；与彩宝网口径可能不同，原样独立保留。,否,200,是,
彩宝网/8200,福彩3D,2023339,2023-12-19,847,187,467,https://www.8200.cn/kjh/3d/2023339.htm,福彩3D页面口径：同时列出开机号与试机号。,否,200,是,
彩宝网/8200,排列三,2023340,2023-12-20,089,651,,https://www.8200.cn/kjh/p3/2023340.htm,排列三页面所列三位试机号；排列三与排列五共用同一期体彩摇奖流程。,否,200,是,
一定牛/ydniu,排列五,2023340,2023-12-20,08996,32310,,https://m.ydniu.com/kaijiang/pl5/sjh/2023340.html,页面明确标注为排列五五位模拟试机号，属于互联网模拟数据，不是官方试机号。,是,200,是,
3D之家/3d178,福彩3D,2023340,2023-12-20,138,406,,https://www.3d178.cn/kaijiang/2023/2023340.shtml,3D之家页面所列试机号；与彩宝网口径可能不同，原样独立保留。,否,200,是,
彩宝网/8200,福彩3D,2023340,2023-12-20,138,406,407,https://www.8200.cn/kjh/3d/2023340.htm,福彩3D页面口径：同时列出开机号与试机号。,否,200,是,
彩宝网/8200,排列三,2023341,2023-12-21,341,730,,https://www.8200.cn/kjh/p3/2023341.htm,排列三页面所列三位试机号；排列三与排列五共用同一期体彩摇奖流程。,否,200,是,
一定牛/ydniu,排列五,2023341,2023-12-21,34158,11253,,https://m.ydniu.com/kaijiang/pl5/sjh/2023341.html,页面明确标注为排列五五位模拟试机号，属于互联网模拟数据，不是官方试机号。,是,200,是,
3D之家/3d178,福彩3D,2023341,2023-12-21,227,195,,https://www.3d178.cn/kaijiang/2023/2023341.shtml,3D之家页面所列试机号；与彩宝网口径可能不同，原样独立保留。,否,200,是,
彩宝网/8200,福彩3D,2023341,2023-12-21,227,195,026,https://www.8200.cn/kjh/3d/2023341.htm,福彩3D页面口径：同时列出开机号与试机号。,否,200,是,
彩宝网/8200,排列三,2023342,2023-12-22,978,981,,https://www.8200.cn/kjh/p3/2023342.htm,排列三页面所列三位试机号；排列三与排列五共用同一期体彩摇奖流程。,否,200,是,
一定牛/ydniu,排列五,2023342,2023-12-22,97815,57406,,https://m.ydniu.com/kaijiang/pl5/sjh/2023342.html,页面明确标注为排列五五位模拟试机号，属于互联网模拟数据，不是官方试机号。,是,200,是,
3D之家/3d178,福彩3D,2023342,2023-12-22,769,657,,https://www.3d178.cn/kaijiang/2023/2023342.shtml,3D之家页面所列试机号；与彩宝网口径可能不同，原样独立保留。,否,200,是,
彩宝网/8200,福彩3D,2023342,2023-12-22,769,657,501,https://www.8200.cn/kjh/3d/2023342.htm,福彩3D页面口径：同时列出开机号与试机号。,否,200,是,
彩宝网/8200,排列三,2023343,2023-12-23,730,140,,https://www.8200.cn/kjh/p3/2023343.htm,排列三页面所列三位试机号；排列三与排列五共用同一期体彩摇奖流程。,否,200,是,
一定牛/ydniu,排列五,2023343,2023-12-23,73061,55619,,https://m.ydniu.com/kaijiang/pl5/sjh/2023343.html,页面明确标注为排列五五位模拟试机号，属于互联网模拟数据，不是官方试机号。,是,200,是,
3D之家/3d178,福彩3D,2023343,2023-12-23,848,639,,https://www.3d178.cn/kaijiang/2023/2023343.shtml,3D之家页面所列试机号；与彩宝网口径可能不同，原样独立保留。,否,200,是,
彩宝网/8200,福彩3D,2023343,2023-12-23,848,639,145,https://www.8200.cn/kjh/3d/2023343.htm,福彩3D页面口径：同时列出开机号与试机号。,否,200,是,
彩宝网/8200,排列三,2023344,2023-12-24,801,253,,https://www.8200.cn/kjh/p3/2023344.htm,排列三页面所列三位试机号；排列三与排列五共用同一期体彩摇奖流程。,否,200,是,
一定牛/ydniu,排列五,2023344,2023-12-24,80173,83356,,https://m.ydniu.com/kaijiang/pl5/sjh/2023344.html,页面明确标注为排列五五位模拟试机号，属于互联网模拟数据，不是官方试机号。,是,200,是,
3D之家/3d178,福彩3D,2023344,2023-12-24,968,916,,https://www.3d178.cn/kaijiang/2023/2023344.shtml,3D之家页面所列试机号；与彩宝网口径可能不同，原样独立保留。,否,200,是,
彩宝网/8200,福彩3D,2023344,2023-12-24,968,916,063,https://www.8200.cn/kjh/3d/2023344.htm,福彩3D页面口径：同时列出开机号与试机号。,否,200,是,
彩宝网/8200,排列三,2023345,2023-12-25,678,579,,https://www.8200.cn/kjh/p3/2023345.htm,排列三页面所列三位试机号；排列三与排列五共用同一期体彩摇奖流程。,否,200,是,
一定牛/ydniu,排列五,2023345,2023-12-25,67878,47968,,https://m.ydniu.com/kaijiang/pl5/sjh/2023345.html,页面明确标注为排列五五位模拟试机号，属于互联网模拟数据，不是官方试机号。,是,200,是,
3D之家/3d178,福彩3D,2023345,2023-12-25,436,562,,https://www.3d178.cn/kaijiang/2023/2023345.shtml,3D之家页面所列试机号；与彩宝网口径可能不同，原样独立保留。,否,200,是,
彩宝网/8200,福彩3D,2023345,2023-12-25,436,562,013,https://www.8200.cn/kjh/3d/2023345.htm,福彩3D页面口径：同时列出开机号与试机号。,否,200,是,
彩宝网/8200,排列三,2023346,2023-12-26,258,837,,https://www.8200.cn/kjh/p3/2023346.htm,排列三页面所列三位试机号；排列三与排列五共用同一期体彩摇奖流程。,否,200,是,
一定牛/ydniu,排列五,2023346,2023-12-26,25803,73802,,https://m.ydniu.com/kaijiang/pl5/sjh/2023346.html,页面明确标注为排列五五位模拟试机号，属于互联网模拟数据，不是官方试机号。,是,200,是,
3D之家/3d178,福彩3D,2023346,2023-12-26,491,821,,https://www.3d178.cn/kaijiang/2023/2023346.shtml,3D之家页面所列试机号；与彩宝网口径可能不同，原样独立保留。,否,200,是,
彩宝网/8200,福彩3D,2023346,2023-12-26,491,821,614,https://www.8200.cn/kjh/3d/2023346.htm,福彩3D页面口径：同时列出开机号与试机号。,否,200,是,
彩宝网/8200,排列三,2023347,2023-12-27,742,279,,https://www.8200.cn/kjh/p3/2023347.htm,排列三页面所列三位试机号；排列三与排列五共用同一期体彩摇奖流程。,否,200,是,
一定牛/ydniu,排列五,2023347,2023-12-27,74216,70534,,https://m.ydniu.com/kaijiang/pl5/sjh/2023347.html,页面明确标注为排列五五位模拟试机号，属于互联网模拟数据，不是官方试机号。,是,200,是,
3D之家/3d178,福彩3D,2023347,2023-12-27,560,788,,https://www.3d178.cn/kaijiang/2023/2023347.shtml,3D之家页面所列试机号；与彩宝网口径可能不同，原样独立保留。,否,200,是,
彩宝网/8200,福彩3D,2023347,2023-12-27,560,788,184,https://www.8200.cn/kjh/3d/2023347.htm,福彩3D页面口径：同时列出开机号与试机号。,否,200,是,
彩宝网/8200,排列三,2023348,2023-12-28,597,638,,https://www.8200.cn/kjh/p3/2023348.htm,排列三页面所列三位试机号；排列三与排列五共用同一期体彩摇奖流程。,否,200,是,
一定牛/ydniu,排列五,2023348,2023-12-28,59716,14695,,https://m.ydniu.com/kaijiang/pl5/sjh/2023348.html,页面明确标注为排列五五位模拟试机号，属于互联网模拟数据，不是官方试机号。,是,200,是,
3D之家/3d178,福彩3D,2023348,2023-12-28,653,228,,https://www.3d178.cn/kaijiang/2023/2023348.shtml,3D之家页面所列试机号；与彩宝网口径可能不同，原样独立保留。,否,200,是,
彩宝网/8200,福彩3D,2023348,2023-12-28,653,228,905,https://www.8200.cn/kjh/3d/2023348.htm,福彩3D页面口径：同时列出开机号与试机号。,否,200,是,
彩宝网/8200,排列三,2023349,2023-12-29,923,768,,https://www.8200.cn/kjh/p3/2023349.htm,排列三页面所列三位试机号；排列三与排列五共用同一期体彩摇奖流程。,否,200,是,
一定牛/ydniu,排列五,2023349,2023-12-29,92321,88872,,https://m.ydniu.com/kaijiang/pl5/sjh/2023349.html,页面明确标注为排列五五位模拟试机号，属于互联网模拟数据，不是官方试机号。,是,200,是,
3D之家/3d178,福彩3D,2023349,2023-12-29,514,971,,https://www.3d178.cn/kaijiang/2023/2023349.shtml,3D之家页面所列试机号；与彩宝网口径可能不同，原样独立保留。,否,200,是,
彩宝网/8200,福彩3D,2023349,2023-12-29,514,971,082,https://www.8200.cn/kjh/3d/2023349.htm,福彩3D页面口径：同时列出开机号与试机号。,否,200,是,
彩宝网/8200,排列三,2023350,2023-12-30,197,935,,https://www.8200.cn/kjh/p3/2023350.htm,排列三页面所列三位试机号；排列三与排列五共用同一期体彩摇奖流程。,否,200,是,
一定牛/ydniu,排列五,2023350,2023-12-30,19794,59857,,https://m.ydniu.com/kaijiang/pl5/sjh/2023350.html,页面明确标注为排列五五位模拟试机号，属于互联网模拟数据，不是官方试机号。,是,200,是,
3D之家/3d178,福彩3D,2023350,2023-12-30,771,680,,https://www.3d178.cn/kaijiang/2023/2023350.shtml,3D之家页面所列试机号；与彩宝网口径可能不同，原样独立保留。,否,200,是,
彩宝网/8200,福彩3D,2023350,2023-12-30,771,680,214,https://www.8200.cn/kjh/3d/2023350.htm,福彩3D页面口径：同时列出开机号与试机号。,否,200,是,
彩宝网/8200,排列三,2023351,2023-12-31,571,786,,https://www.8200.cn/kjh/p3/2023351.htm,排列三页面所列三位试机号；排列三与排列五共用同一期体彩摇奖流程。,否,200,是,
一定牛/ydniu,排列五,2023351,2023-12-31,57180,78784,,https://m.ydniu.com/kaijiang/pl5/sjh/2023351.html,页面明确标注为排列五五位模拟试机号，属于互联网模拟数据，不是官方试机号。,是,200,是,
3D之家/3d178,福彩3D,2023351,2023-12-31,490,870,,https://www.3d178.cn/kaijiang/2023/2023351.shtml,3D之家页面所列试机号；与彩宝网口径可能不同，原样独立保留。,否,200,是,
彩宝网/8200,福彩3D,2023351,2023-12-31,490,870,809,https://www.8200.cn/kjh/3d/2023351.htm,福彩3D页面口径：同时列出开机号与试机号。,否,200,是,
彩宝网/8200,排列三,2023352,,,,,https://www.8200.cn/kjh/p3/2023352.htm,排列三页面所列三位试机号；排列三与排列五共用同一期体彩摇奖流程。,否,200,否,页面未包含目标期号
一定牛/ydniu,排列五,2023352,2026-08-13,92738,45103,,https://m.ydniu.com/kaijiang/pl5/sjh/2023352.html,页面明确标注为排列五五位模拟试机号，属于互联网模拟数据，不是官方试机号。,是,200,是,
3D之家/3d178,福彩3D,2023352,,,,,https://www.3d178.cn/kaijiang/2023/2023352.shtml,3D之家页面所列试机号；与彩宝网口径可能不同，原样独立保留。,否,404,否,页面未包含目标期号
彩宝网/8200,福彩3D,2023352,,,,,https://www.8200.cn/kjh/3d/2023352.htm,福彩3D页面口径：同时列出开机号与试机号。,否,200,否,页面未包含目标期号
彩宝网/8200,排列三,2023353,,,,,https://www.8200.cn/kjh/p3/2023353.htm,排列三页面所列三位试机号；排列三与排列五共用同一期体彩摇奖流程。,否,200,否,页面未包含目标期号
一定牛/ydniu,排列五,2023353,2026-08-13,92738,45103,,https://m.ydniu.com/kaijiang/pl5/sjh/2023353.html,页面明确标注为排列五五位模拟试机号，属于互联网模拟数据，不是官方试机号。,是,200,是,
3D之家/3d178,福彩3D,2023353,,,,,https://www.3d178.cn/kaijiang/2023/2023353.shtml,3D之家页面所列试机号；与彩宝网口径可能不同，原样独立保留。,否,404,否,页面未包含目标期号
彩宝网/8200,福彩3D,2023353,,,,,https://www.8200.cn/kjh/3d/2023353.htm,福彩3D页面口径：同时列出开机号与试机号。,否,200,否,页面未包含目标期号
彩宝网/8200,排列三,2023354,,,,,https://www.8200.cn/kjh/p3/2023354.htm,排列三页面所列三位试机号；排列三与排列五共用同一期体彩摇奖流程。,否,200,否,页面未包含目标期号
一定牛/ydniu,排列五,2023354,2026-08-13,92738,45103,,https://m.ydniu.com/kaijiang/pl5/sjh/2023354.html,页面明确标注为排列五五位模拟试机号，属于互联网模拟数据，不是官方试机号。,是,200,是,
3D之家/3d178,福彩3D,2023354,,,,,https://www.3d178.cn/kaijiang/2023/2023354.shtml,3D之家页面所列试机号；与彩宝网口径可能不同，原样独立保留。,否,404,否,页面未包含目标期号
彩宝网/8200,福彩3D,2023354,,,,,https://www.8200.cn/kjh/3d/2023354.htm,福彩3D页面口径：同时列出开机号与试机号。,否,200,否,页面未包含目标期号
彩宝网/8200,排列三,2023355,,,,,https://www.8200.cn/kjh/p3/2023355.htm,排列三页面所列三位试机号；排列三与排列五共用同一期体彩摇奖流程。,否,200,否,页面未包含目标期号
一定牛/ydniu,排列五,2023355,2026-08-13,92738,45103,,https://m.ydniu.com/kaijiang/pl5/sjh/2023355.html,页面明确标注为排列五五位模拟试机号，属于互联网模拟数据，不是官方试机号。,是,200,是,
3D之家/3d178,福彩3D,2023355,,,,,https://www.3d178.cn/kaijiang/2023/2023355.shtml,3D之家页面所列试机号；与彩宝网口径可能不同，原样独立保留。,否,404,否,页面未包含目标期号
彩宝网/8200,福彩3D,2023355,,,,,https://www.8200.cn/kjh/3d/2023355.htm,福彩3D页面口径：同时列出开机号与试机号。,否,200,否,页面未包含目标期号
彩宝网/8200,排列三,2023356,,,,,https://www.8200.cn/kjh/p3/2023356.htm,排列三页面所列三位试机号；排列三与排列五共用同一期体彩摇奖流程。,否,200,否,页面未包含目标期号
一定牛/ydniu,排列五,2023356,2026-08-13,92738,45103,,https://m.ydniu.com/kaijiang/pl5/sjh/2023356.html,页面明确标注为排列五五位模拟试机号，属于互联网模拟数据，不是官方试机号。,是,200,是,
3D之家/3d178,福彩3D,2023356,,,,,https://www.3d178.cn/kaijiang/2023/2023356.shtml,3D之家页面所列试机号；与彩宝网口径可能不同，原样独立保留。,否,404,否,页面未包含目标期号
彩宝网/8200,福彩3D,2023356,,,,,https://www.8200.cn/kjh/3d/2023356.htm,福彩3D页面口径：同时列出开机号与试机号。,否,200,否,页面未包含目标期号
彩宝网/8200,排列三,2023357,,,,,https://www.8200.cn/kjh/p3/2023357.htm,排列三页面所列三位试机号；排列三与排列五共用同一期体彩摇奖流程。,否,200,否,页面未包含目标期号
一定牛/ydniu,排列五,2023357,2026-08-13,92738,45103,,https://m.ydniu.com/kaijiang/pl5/sjh/2023357.html,页面明确标注为排列五五位模拟试机号，属于互联网模拟数据，不是官方试机号。,是,200,是,
3D之家/3d178,福彩3D,2023357,,,,,https://www.3d178.cn/kaijiang/2023/2023357.shtml,3D之家页面所列试机号；与彩宝网口径可能不同，原样独立保留。,否,404,否,页面未包含目标期号
彩宝网/8200,福彩3D,2023357,,,,,https://www.8200.cn/kjh/3d/2023357.htm,福彩3D页面口径：同时列出开机号与试机号。,否,200,否,页面未包含目标期号
彩宝网/8200,排列三,2023358,,,,,https://www.8200.cn/kjh/p3/2023358.htm,排列三页面所列三位试机号；排列三与排列五共用同一期体彩摇奖流程。,否,200,否,页面未包含目标期号
一定牛/ydniu,排列五,2023358,2026-08-13,92738,45103,,https://m.ydniu.com/kaijiang/pl5/sjh/2023358.html,页面明确标注为排列五五位模拟试机号，属于互联网模拟数据，不是官方试机号。,是,200,是,
3D之家/3d178,福彩3D,2023358,,,,,https://www.3d178.cn/kaijiang/2023/2023358.shtml,3D之家页面所列试机号；与彩宝网口径可能不同，原样独立保留。,否,404,否,页面未包含目标期号
彩宝网/8200,福彩3D,2023358,,,,,https://www.8200.cn/kjh/3d/2023358.htm,福彩3D页面口径：同时列出开机号与试机号。,否,200,否,页面未包含目标期号
彩宝网/8200,排列三,2023359,,,,,https://www.8200.cn/kjh/p3/2023359.htm,排列三页面所列三位试机号；排列三与排列五共用同一期体彩摇奖流程。,否,200,否,页面未包含目标期号
一定牛/ydniu,排列五,2023359,2026-08-13,92738,45103,,https://m.ydniu.com/kaijiang/pl5/sjh/2023359.html,页面明确标注为排列五五位模拟试机号，属于互联网模拟数据，不是官方试机号。,是,200,是,
3D之家/3d178,福彩3D,2023359,,,,,https://www.3d178.cn/kaijiang/2023/2023359.shtml,3D之家页面所列试机号；与彩宝网口径可能不同，原样独立保留。,否,404,否,页面未包含目标期号
彩宝网/8200,福彩3D,2023359,,,,,https://www.8200.cn/kjh/3d/2023359.htm,福彩3D页面口径：同时列出开机号与试机号。,否,200,否,页面未包含目标期号
彩宝网/8200,排列三,2023360,,,,,https://www.8200.cn/kjh/p3/2023360.htm,排列三页面所列三位试机号；排列三与排列五共用同一期体彩摇奖流程。,否,200,否,页面未包含目标期号
一定牛/ydniu,排列五,2023360,2026-08-13,92738,45103,,https://m.ydniu.com/kaijiang/pl5/sjh/2023360.html,页面明确标注为排列五五位模拟试机号，属于互联网模拟数据，不是官方试机号。,是,200,是,
3D之家/3d178,福彩3D,2023360,,,,,https://www.3d178.cn/kaijiang/2023/2023360.shtml,3D之家页面所列试机号；与彩宝网口径可能不同，原样独立保留。,否,404,否,页面未包含目标期号
彩宝网/8200,福彩3D,2023360,,,,,https://www.8200.cn/kjh/3d/2023360.htm,福彩3D页面口径：同时列出开机号与试机号。,否,200,否,页面未包含目标期号
彩宝网/8200,排列三,2023361,,,,,https://www.8200.cn/kjh/p3/2023361.htm,排列三页面所列三位试机号；排列三与排列五共用同一期体彩摇奖流程。,否,200,否,页面未包含目标期号
一定牛/ydniu,排列五,2023361,2026-08-13,92738,45103,,https://m.ydniu.com/kaijiang/pl5/sjh/2023361.html,页面明确标注为排列五五位模拟试机号，属于互联网模拟数据，不是官方试机号。,是,200,是,
3D之家/3d178,福彩3D,2023361,,,,,https://www.3d178.cn/kaijiang/2023/2023361.shtml,3D之家页面所列试机号；与彩宝网口径可能不同，原样独立保留。,否,404,否,页面未包含目标期号
彩宝网/8200,福彩3D,2023361,,,,,https://www.8200.cn/kjh/3d/2023361.htm,福彩3D页面口径：同时列出开机号与试机号。,否,200,否,页面未包含目标期号
彩宝网/8200,排列三,2023362,,,,,https://www.8200.cn/kjh/p3/2023362.htm,排列三页面所列三位试机号；排列三与排列五共用同一期体彩摇奖流程。,否,200,否,页面未包含目标期号
一定牛/ydniu,排列五,2023362,2026-08-13,92738,45103,,https://m.ydniu.com/kaijiang/pl5/sjh/2023362.html,页面明确标注为排列五五位模拟试机号，属于互联网模拟数据，不是官方试机号。,是,200,是,
3D之家/3d178,福彩3D,2023362,,,,,https://www.3d178.cn/kaijiang/2023/2023362.shtml,3D之家页面所列试机号；与彩宝网口径可能不同，原样独立保留。,否,404,否,页面未包含目标期号
彩宝网/8200,福彩3D,2023362,,,,,https://www.8200.cn/kjh/3d/2023362.htm,福彩3D页面口径：同时列出开机号与试机号。,否,200,否,页面未包含目标期号
彩宝网/8200,排列三,2023363,,,,,https://www.8200.cn/kjh/p3/2023363.htm,排列三页面所列三位试机号；排列三与排列五共用同一期体彩摇奖流程。,否,200,否,页面未包含目标期号
一定牛/ydniu,排列五,2023363,2026-08-13,92738,45103,,https://m.ydniu.com/kaijiang/pl5/sjh/2023363.html,页面明确标注为排列五五位模拟试机号，属于互联网模拟数据，不是官方试机号。,是,200,是,
3D之家/3d178,福彩3D,2023363,,,,,https://www.3d178.cn/kaijiang/2023/2023363.shtml,3D之家页面所列试机号；与彩宝网口径可能不同，原样独立保留。,否,404,否,页面未包含目标期号
彩宝网/8200,福彩3D,2023363,,,,,https://www.8200.cn/kjh/3d/2023363.htm,福彩3D页面口径：同时列出开机号与试机号。,否,200,否,页面未包含目标期号
彩宝网/8200,排列三,2023364,,,,,https://www.8200.cn/kjh/p3/2023364.htm,排列三页面所列三位试机号；排列三与排列五共用同一期体彩摇奖流程。,否,200,否,页面未包含目标期号
一定牛/ydniu,排列五,2023364,2026-08-13,92738,45103,,https://m.ydniu.com/kaijiang/pl5/sjh/2023364.html,页面明确标注为排列五五位模拟试机号，属于互联网模拟数据，不是官方试机号。,是,200,是,
3D之家/3d178,福彩3D,2023364,,,,,https://www.3d178.cn/kaijiang/2023/2023364.shtml,3D之家页面所列试机号；与彩宝网口径可能不同，原样独立保留。,否,404,否,页面未包含目标期号
彩宝网/8200,福彩3D,2023364,,,,,https://www.8200.cn/kjh/3d/2023364.htm,福彩3D页面口径：同时列出开机号与试机号。,否,200,否,页面未包含目标期号
彩宝网/8200,排列三,2023365,,,,,https://www.8200.cn/kjh/p3/2023365.htm,排列三页面所列三位试机号；排列三与排列五共用同一期体彩摇奖流程。,否,200,否,页面未包含目标期号
一定牛/ydniu,排列五,2023365,2026-08-13,92738,45103,,https://m.ydniu.com/kaijiang/pl5/sjh/2023365.html,页面明确标注为排列五五位模拟试机号，属于互联网模拟数据，不是官方试机号。,是,200,是,
3D之家/3d178,福彩3D,2023365,,,,,https://www.3d178.cn/kaijiang/2023/2023365.shtml,3D之家页面所列试机号；与彩宝网口径可能不同，原样独立保留。,否,404,否,页面未包含目标期号
彩宝网/8200,福彩3D,2023365,,,,,https://www.8200.cn/kjh/3d/2023365.htm,福彩3D页面口径：同时列出开机号与试机号。,否,200,否,页面未包含目标期号
彩宝网/8200,排列三,2023366,,,,,https://www.8200.cn/kjh/p3/2023366.htm,排列三页面所列三位试机号；排列三与排列五共用同一期体彩摇奖流程。,否,200,否,页面未包含目标期号
一定牛/ydniu,排列五,2023366,2026-08-13,92738,45103,,https://m.ydniu.com/kaijiang/pl5/sjh/2023366.html,页面明确标注为排列五五位模拟试机号，属于互联网模拟数据，不是官方试机号。,是,200,是,
3D之家/3d178,福彩3D,2023366,,,,,https://www.3d178.cn/kaijiang/2023/2023366.shtml,3D之家页面所列试机号；与彩宝网口径可能不同，原样独立保留。,否,404,否,页面未包含目标期号
彩宝网/8200,福彩3D,2023366,,,,,https://www.8200.cn/kjh/3d/2023366.htm,福彩3D页面口径：同时列出开机号与试机号。,否,200,否,页面未包含目标期号
彩宝网/8200,排列三,2024001,2024-01-01,403,047,,https://www.8200.cn/kjh/p3/2024001.htm,排列三页面所列三位试机号；排列三与排列五共用同一期体彩摇奖流程。,否,200,是,
一定牛/ydniu,排列五,2024001,2024-01-01,40339,15600,,https://m.ydniu.com/kaijiang/pl5/sjh/2024001.html,页面明确标注为排列五五位模拟试机号，属于互联网模拟数据，不是官方试机号。,是,200,是,
3D之家/3d178,福彩3D,2024001,2024-01-01,218,239,,https://www.3d178.cn/kaijiang/2024/2024001.shtml,3D之家页面所列试机号；与彩宝网口径可能不同，原样独立保留。,否,200,是,
彩宝网/8200,福彩3D,2024001,2024-01-01,218,239,892,https://www.8200.cn/kjh/3d/2024001.htm,福彩3D页面口径：同时列出开机号与试机号。,否,200,是,
彩宝网/8200,排列三,2024002,2024-01-02,544,894,,https://www.8200.cn/kjh/p3/2024002.htm,排列三页面所列三位试机号；排列三与排列五共用同一期体彩摇奖流程。,否,200,是,
一定牛/ydniu,排列五,2024002,2024-01-02,54444,80144,,https://m.ydniu.com/kaijiang/pl5/sjh/2024002.html,页面明确标注为排列五五位模拟试机号，属于互联网模拟数据，不是官方试机号。,是,200,是,
3D之家/3d178,福彩3D,2024002,2024-01-02,669,884,,https://www.3d178.cn/kaijiang/2024/2024002.shtml,3D之家页面所列试机号；与彩宝网口径可能不同，原样独立保留。,否,200,是,
彩宝网/8200,福彩3D,2024002,2024-01-02,669,884,102,https://www.8200.cn/kjh/3d/2024002.htm,福彩3D页面口径：同时列出开机号与试机号。,否,200,是,
彩宝网/8200,排列三,2024003,2024-01-03,666,918,,https://www.8200.cn/kjh/p3/2024003.htm,排列三页面所列三位试机号；排列三与排列五共用同一期体彩摇奖流程。,否,200,是,
一定牛/ydniu,排列五,2024003,2024-01-03,66633,28655,,https://m.ydniu.com/kaijiang/pl5/sjh/2024003.html,页面明确标注为排列五五位模拟试机号，属于互联网模拟数据，不是官方试机号。,是,200,是,
3D之家/3d178,福彩3D,2024003,2024-01-03,729,369,,https://www.3d178.cn/kaijiang/2024/2024003.shtml,3D之家页面所列试机号；与彩宝网口径可能不同，原样独立保留。,否,200,是,
彩宝网/8200,福彩3D,2024003,2024-01-03,729,369,578,https://www.8200.cn/kjh/3d/2024003.htm,福彩3D页面口径：同时列出开机号与试机号。,否,200,是,
彩宝网/8200,排列三,2024004,2024-01-04,665,954,,https://www.8200.cn/kjh/p3/2024004.htm,排列三页面所列三位试机号；排列三与排列五共用同一期体彩摇奖流程。,否,200,是,
一定牛/ydniu,排列五,2024004,2024-01-04,66596,40805,,https://m.ydniu.com/kaijiang/pl5/sjh/2024004.html,页面明确标注为排列五五位模拟试机号，属于互联网模拟数据，不是官方试机号。,是,200,是,
3D之家/3d178,福彩3D,2024004,2024-01-04,705,491,,https://www.3d178.cn/kaijiang/2024/2024004.shtml,3D之家页面所列试机号；与彩宝网口径可能不同，原样独立保留。,否,200,是,
彩宝网/8200,福彩3D,2024004,2024-01-04,705,491,519,https://www.8200.cn/kjh/3d/2024004.htm,福彩3D页面口径：同时列出开机号与试机号。,否,200,是,
彩宝网/8200,排列三,2024005,2024-01-05,259,138,,https://www.8200.cn/kjh/p3/2024005.htm,排列三页面所列三位试机号；排列三与排列五共用同一期体彩摇奖流程。,否,200,是,
一定牛/ydniu,排列五,2024005,2024-01-05,25946,10625,,https://m.ydniu.com/kaijiang/pl5/sjh/2024005.html,页面明确标注为排列五五位模拟试机号，属于互联网模拟数据，不是官方试机号。,是,200,是,
3D之家/3d178,福彩3D,2024005,2024-01-05,806,189,,https://www.3d178.cn/kaijiang/2024/2024005.shtml,3D之家页面所列试机号；与彩宝网口径可能不同，原样独立保留。,否,200,是,
彩宝网/8200,福彩3D,2024005,2024-01-05,806,189,157,https://www.8200.cn/kjh/3d/2024005.htm,福彩3D页面口径：同时列出开机号与试机号。,否,200,是,
彩宝网/8200,排列三,2024006,2024-01-06,284,937,,https://www.8200.cn/kjh/p3/2024006.htm,排列三页面所列三位试机号；排列三与排列五共用同一期体彩摇奖流程。,否,200,是,
一定牛/ydniu,排列五,2024006,2024-01-06,28477,18290,,https://m.ydniu.com/kaijiang/pl5/sjh/2024006.html,页面明确标注为排列五五位模拟试机号，属于互联网模拟数据，不是官方试机号。,是,200,是,
3D之家/3d178,福彩3D,2024006,2024-01-06,212,265,,https://www.3d178.cn/kaijiang/2024/2024006.shtml,3D之家页面所列试机号；与彩宝网口径可能不同，原样独立保留。,否,200,是,
彩宝网/8200,福彩3D,2024006,2024-01-06,212,265,902,https://www.8200.cn/kjh/3d/2024006.htm,福彩3D页面口径：同时列出开机号与试机号。,否,200,是,
彩宝网/8200,排列三,2024007,2024-01-07,888,829,,https://www.8200.cn/kjh/p3/2024007.htm,排列三页面所列三位试机号；排列三与排列五共用同一期体彩摇奖流程。,否,200,是,
一定牛/ydniu,排列五,2024007,2024-01-07,88898,38216,,https://m.ydniu.com/kaijiang/pl5/sjh/2024007.html,页面明确标注为排列五五位模拟试机号，属于互联网模拟数据，不是官方试机号。,是,200,是,
3D之家/3d178,福彩3D,2024007,2024-01-07,633,465,,https://www.3d178.cn/kaijiang/2024/2024007.shtml,3D之家页面所列试机号；与彩宝网口径可能不同，原样独立保留。,否,200,是,
彩宝网/8200,福彩3D,2024007,2024-01-07,633,465,728,https://www.8200.cn/kjh/3d/2024007.htm,福彩3D页面口径：同时列出开机号与试机号。,否,200,是,
彩宝网/8200,排列三,2024008,2024-01-08,405,276,,https://www.8200.cn/kjh/p3/2024008.htm,排列三页面所列三位试机号；排列三与排列五共用同一期体彩摇奖流程。,否,200,是,
一定牛/ydniu,排列五,2024008,2024-01-08,40505,30651,,https://m.ydniu.com/kaijiang/pl5/sjh/2024008.html,页面明确标注为排列五五位模拟试机号，属于互联网模拟数据，不是官方试机号。,是,200,是,
3D之家/3d178,福彩3D,2024008,2024-01-08,423,388,,https://www.3d178.cn/kaijiang/2024/2024008.shtml,3D之家页面所列试机号；与彩宝网口径可能不同，原样独立保留。,否,200,是,
彩宝网/8200,福彩3D,2024008,2024-01-08,423,388,402,https://www.8200.cn/kjh/3d/2024008.htm,福彩3D页面口径：同时列出开机号与试机号。,否,200,是,
彩宝网/8200,排列三,2024009,2024-01-09,815,843,,https://www.8200.cn/kjh/p3/2024009.htm,排列三页面所列三位试机号；排列三与排列五共用同一期体彩摇奖流程。,否,200,是,
一定牛/ydniu,排列五,2024009,2024-01-09,81503,57369,,https://m.ydniu.com/kaijiang/pl5/sjh/2024009.html,页面明确标注为排列五五位模拟试机号，属于互联网模拟数据，不是官方试机号。,是,200,是,
3D之家/3d178,福彩3D,2024009,2024-01-09,265,655,,https://www.3d178.cn/kaijiang/2024/2024009.shtml,3D之家页面所列试机号；与彩宝网口径可能不同，原样独立保留。,否,200,是,
彩宝网/8200,福彩3D,2024009,2024-01-09,265,655,903,https://www.8200.cn/kjh/3d/2024009.htm,福彩3D页面口径：同时列出开机号与试机号。,否,200,是,
彩宝网/8200,排列三,2024010,2024-01-10,281,947,,https://www.8200.cn/kjh/p3/2024010.htm,排列三页面所列三位试机号；排列三与排列五共用同一期体彩摇奖流程。,否,200,是,
一定牛/ydniu,排列五,2024010,2024-01-10,28132,45022,,https://m.ydniu.com/kaijiang/pl5/sjh/2024010.html,页面明确标注为排列五五位模拟试机号，属于互联网模拟数据，不是官方试机号。,是,200,是,
3D之家/3d178,福彩3D,2024010,2024-01-10,437,533,,https://www.3d178.cn/kaijiang/2024/2024010.shtml,3D之家页面所列试机号；与彩宝网口径可能不同，原样独立保留。,否,200,是,
彩宝网/8200,福彩3D,2024010,2024-01-10,437,533,489,https://www.8200.cn/kjh/3d/2024010.htm,福彩3D页面口径：同时列出开机号与试机号。,否,200,是,
彩宝网/8200,排列三,2024011,2024-01-11,080,524,,https://www.8200.cn/kjh/p3/2024011.htm,排列三页面所列三位试机号；排列三与排列五共用同一期体彩摇奖流程。,否,200,是,
一定牛/ydniu,排列五,2024011,2024-01-11,08088,07812,,https://m.ydniu.com/kaijiang/pl5/sjh/2024011.html,页面明确标注为排列五五位模拟试机号，属于互联网模拟数据，不是官方试机号。,是,200,是,
3D之家/3d178,福彩3D,2024011,2024-01-11,927,160,,https://www.3d178.cn/kaijiang/2024/2024011.shtml,3D之家页面所列试机号；与彩宝网口径可能不同，原样独立保留。,否,200,是,
彩宝网/8200,福彩3D,2024011,2024-01-11,927,160,853,https://www.8200.cn/kjh/3d/2024011.htm,福彩3D页面口径：同时列出开机号与试机号。,否,200,是,
彩宝网/8200,排列三,2024012,2024-01-12,081,613,,https://www.8200.cn/kjh/p3/2024012.htm,排列三页面所列三位试机号；排列三与排列五共用同一期体彩摇奖流程。,否,200,是,
一定牛/ydniu,排列五,2024012,2024-01-12,08152,46395,,https://m.ydniu.com/kaijiang/pl5/sjh/2024012.html,页面明确标注为排列五五位模拟试机号，属于互联网模拟数据，不是官方试机号。,是,200,是,
3D之家/3d178,福彩3D,2024012,2024-01-12,590,546,,https://www.3d178.cn/kaijiang/2024/2024012.shtml,3D之家页面所列试机号；与彩宝网口径可能不同，原样独立保留。,否,200,是,
彩宝网/8200,福彩3D,2024012,2024-01-12,590,546,367,https://www.8200.cn/kjh/3d/2024012.htm,福彩3D页面口径：同时列出开机号与试机号。,否,200,是,
彩宝网/8200,排列三,2024013,2024-01-13,985,038,,https://www.8200.cn/kjh/p3/2024013.htm,排列三页面所列三位试机号；排列三与排列五共用同一期体彩摇奖流程。,否,200,是,
一定牛/ydniu,排列五,2024013,2024-01-13,98575,32763,,https://m.ydniu.com/kaijiang/pl5/sjh/2024013.html,页面明确标注为排列五五位模拟试机号，属于互联网模拟数据，不是官方试机号。,是,200,是,
3D之家/3d178,福彩3D,2024013,2024-01-13,468,409,,https://www.3d178.cn/kaijiang/2024/2024013.shtml,3D之家页面所列试机号；与彩宝网口径可能不同，原样独立保留。,否,200,是,
彩宝网/8200,福彩3D,2024013,2024-01-13,468,409,095,https://www.8200.cn/kjh/3d/2024013.htm,福彩3D页面口径：同时列出开机号与试机号。,否,200,是,
彩宝网/8200,排列三,2024014,2024-01-14,187,950,,https://www.8200.cn/kjh/p3/2024014.htm,排列三页面所列三位试机号；排列三与排列五共用同一期体彩摇奖流程。,否,200,是,
一定牛/ydniu,排列五,2024014,2024-01-14,18776,07948,,https://m.ydniu.com/kaijiang/pl5/sjh/2024014.html,页面明确标注为排列五五位模拟试机号，属于互联网模拟数据，不是官方试机号。,是,200,是,
3D之家/3d178,福彩3D,2024014,2024-01-14,251,162,,https://www.3d178.cn/kaijiang/2024/2024014.shtml,3D之家页面所列试机号；与彩宝网口径可能不同，原样独立保留。,否,200,是,
彩宝网/8200,福彩3D,2024014,2024-01-14,251,162,962,https://www.8200.cn/kjh/3d/2024014.htm,福彩3D页面口径：同时列出开机号与试机号。,否,200,是,
彩宝网/8200,排列三,2024015,2024-01-15,475,628,,https://www.8200.cn/kjh/p3/2024015.htm,排列三页面所列三位试机号；排列三与排列五共用同一期体彩摇奖流程。,否,200,是,
一定牛/ydniu,排列五,2024015,2024-01-15,47565,12513,,https://m.ydniu.com/kaijiang/pl5/sjh/2024015.html,页面明确标注为排列五五位模拟试机号，属于互联网模拟数据，不是官方试机号。,是,200,是,
3D之家/3d178,福彩3D,2024015,2024-01-15,438,208,,https://www.3d178.cn/kaijiang/2024/2024015.shtml,3D之家页面所列试机号；与彩宝网口径可能不同，原样独立保留。,否,200,是,
彩宝网/8200,福彩3D,2024015,2024-01-15,438,208,369,https://www.8200.cn/kjh/3d/2024015.htm,福彩3D页面口径：同时列出开机号与试机号。,否,200,是,
彩宝网/8200,排列三,2024016,2024-01-16,702,169,,https://www.8200.cn/kjh/p3/2024016.htm,排列三页面所列三位试机号；排列三与排列五共用同一期体彩摇奖流程。,否,200,是,
一定牛/ydniu,排列五,2024016,2024-01-16,70253,99633,,https://m.ydniu.com/kaijiang/pl5/sjh/2024016.html,页面明确标注为排列五五位模拟试机号，属于互联网模拟数据，不是官方试机号。,是,200,是,
3D之家/3d178,福彩3D,2024016,2024-01-16,920,080,,https://www.3d178.cn/kaijiang/2024/2024016.shtml,3D之家页面所列试机号；与彩宝网口径可能不同，原样独立保留。,否,200,是,
彩宝网/8200,福彩3D,2024016,2024-01-16,920,080,283,https://www.8200.cn/kjh/3d/2024016.htm,福彩3D页面口径：同时列出开机号与试机号。,否,200,是,
彩宝网/8200,排列三,2024017,2024-01-17,555,739,,https://www.8200.cn/kjh/p3/2024017.htm,排列三页面所列三位试机号；排列三与排列五共用同一期体彩摇奖流程。,否,200,是,
一定牛/ydniu,排列五,2024017,2024-01-17,55555,91880,,https://m.ydniu.com/kaijiang/pl5/sjh/2024017.html,页面明确标注为排列五五位模拟试机号，属于互联网模拟数据，不是官方试机号。,是,200,是,
3D之家/3d178,福彩3D,2024017,2024-01-17,659,002,,https://www.3d178.cn/kaijiang/2024/2024017.shtml,3D之家页面所列试机号；与彩宝网口径可能不同，原样独立保留。,否,200,是,
彩宝网/8200,福彩3D,2024017,2024-01-17,659,002,657,https://www.8200.cn/kjh/3d/2024017.htm,福彩3D页面口径：同时列出开机号与试机号。,否,200,是,
彩宝网/8200,排列三,2024018,2024-01-18,859,513,,https://www.8200.cn/kjh/p3/2024018.htm,排列三页面所列三位试机号；排列三与排列五共用同一期体彩摇奖流程。,否,200,是,
一定牛/ydniu,排列五,2024018,2024-01-18,85942,43242,,https://m.ydniu.com/kaijiang/pl5/sjh/2024018.html,页面明确标注为排列五五位模拟试机号，属于互联网模拟数据，不是官方试机号。,是,200,是,
3D之家/3d178,福彩3D,2024018,2024-01-18,430,515,,https://www.3d178.cn/kaijiang/2024/2024018.shtml,3D之家页面所列试机号；与彩宝网口径可能不同，原样独立保留。,否,200,是,
彩宝网/8200,福彩3D,2024018,2024-01-18,430,515,634,https://www.8200.cn/kjh/3d/2024018.htm,福彩3D页面口径：同时列出开机号与试机号。,否,200,是,
彩宝网/8200,排列三,2024019,2024-01-19,313,548,,https://www.8200.cn/kjh/p3/2024019.htm,排列三页面所列三位试机号；排列三与排列五共用同一期体彩摇奖流程。,否,200,是,
一定牛/ydniu,排列五,2024019,2024-01-19,31384,37453,,https://m.ydniu.com/kaijiang/pl5/sjh/2024019.html,页面明确标注为排列五五位模拟试机号，属于互联网模拟数据，不是官方试机号。,是,200,是,
3D之家/3d178,福彩3D,2024019,2024-01-19,953,457,,https://www.3d178.cn/kaijiang/2024/2024019.shtml,3D之家页面所列试机号；与彩宝网口径可能不同，原样独立保留。,否,200,是,
彩宝网/8200,福彩3D,2024019,2024-01-19,953,457,697,https://www.8200.cn/kjh/3d/2024019.htm,福彩3D页面口径：同时列出开机号与试机号。,否,200,是,
彩宝网/8200,排列三,2024020,2024-01-20,406,405,,https://www.8200.cn/kjh/p3/2024020.htm,排列三页面所列三位试机号；排列三与排列五共用同一期体彩摇奖流程。,否,200,是,
一定牛/ydniu,排列五,2024020,2024-01-20,40657,08342,,https://m.ydniu.com/kaijiang/pl5/sjh/2024020.html,页面明确标注为排列五五位模拟试机号，属于互联网模拟数据，不是官方试机号。,是,200,是,
3D之家/3d178,福彩3D,2024020,2024-01-20,868,166,,https://www.3d178.cn/kaijiang/2024/2024020.shtml,3D之家页面所列试机号；与彩宝网口径可能不同，原样独立保留。,否,200,是,
彩宝网/8200,福彩3D,2024020,2024-01-20,868,166,195,https://www.8200.cn/kjh/3d/2024020.htm,福彩3D页面口径：同时列出开机号与试机号。,否,200,是,
彩宝网/8200,排列三,2024021,2024-01-21,370,218,,https://www.8200.cn/kjh/p3/2024021.htm,排列三页面所列三位试机号；排列三与排列五共用同一期体彩摇奖流程。,否,200,是,
一定牛/ydniu,排列五,2024021,2024-01-21,37072,27123,,https://m.ydniu.com/kaijiang/pl5/sjh/2024021.html,页面明确标注为排列五五位模拟试机号，属于互联网模拟数据，不是官方试机号。,是,200,是,
3D之家/3d178,福彩3D,2024021,2024-01-21,446,354,,https://www.3d178.cn/kaijiang/2024/2024021.shtml,3D之家页面所列试机号；与彩宝网口径可能不同，原样独立保留。,否,200,是,
彩宝网/8200,福彩3D,2024021,2024-01-21,446,354,649,https://www.8200.cn/kjh/3d/2024021.htm,福彩3D页面口径：同时列出开机号与试机号。,否,200,是,
彩宝网/8200,排列三,2024022,2024-01-22,124,403,,https://www.8200.cn/kjh/p3/2024022.htm,排列三页面所列三位试机号；排列三与排列五共用同一期体彩摇奖流程。,否,200,是,
一定牛/ydniu,排列五,2024022,2024-01-22,12406,70329,,https://m.ydniu.com/kaijiang/pl5/sjh/2024022.html,页面明确标注为排列五五位模拟试机号，属于互联网模拟数据，不是官方试机号。,是,200,是,
3D之家/3d178,福彩3D,2024022,2024-01-22,285,786,,https://www.3d178.cn/kaijiang/2024/2024022.shtml,3D之家页面所列试机号；与彩宝网口径可能不同，原样独立保留。,否,200,是,
彩宝网/8200,福彩3D,2024022,2024-01-22,285,786,094,https://www.8200.cn/kjh/3d/2024022.htm,福彩3D页面口径：同时列出开机号与试机号。,否,200,是,
彩宝网/8200,排列三,2024023,2024-01-23,793,384,,https://www.8200.cn/kjh/p3/2024023.htm,排列三页面所列三位试机号；排列三与排列五共用同一期体彩摇奖流程。,否,200,是,
一定牛/ydniu,排列五,2024023,2024-01-23,79348,28681,,https://m.ydniu.com/kaijiang/pl5/sjh/2024023.html,页面明确标注为排列五五位模拟试机号，属于互联网模拟数据，不是官方试机号。,是,200,是,
3D之家/3d178,福彩3D,2024023,2024-01-23,247,369,,https://www.3d178.cn/kaijiang/2024/2024023.shtml,3D之家页面所列试机号；与彩宝网口径可能不同，原样独立保留。,否,200,是,
彩宝网/8200,福彩3D,2024023,2024-01-23,247,369,971,https://www.8200.cn/kjh/3d/2024023.htm,福彩3D页面口径：同时列出开机号与试机号。,否,200,是,
彩宝网/8200,排列三,2024024,2024-01-24,199,904,,https://www.8200.cn/kjh/p3/2024024.htm,排列三页面所列三位试机号；排列三与排列五共用同一期体彩摇奖流程。,否,200,是,
一定牛/ydniu,排列五,2024024,2024-01-24,19979,90428,,https://m.ydniu.com/kaijiang/pl5/sjh/2024024.html,页面明确标注为排列五五位模拟试机号，属于互联网模拟数据，不是官方试机号。,是,200,是,
3D之家/3d178,福彩3D,2024024,2024-01-24,473,987,,https://www.3d178.cn/kaijiang/2024/2024024.shtml,3D之家页面所列试机号；与彩宝网口径可能不同，原样独立保留。,否,200,是,
彩宝网/8200,福彩3D,2024024,2024-01-24,473,987,128,https://www.8200.cn/kjh/3d/2024024.htm,福彩3D页面口径：同时列出开机号与试机号。,否,200,是,
彩宝网/8200,排列三,2024025,2024-01-25,314,968,,https://www.8200.cn/kjh/p3/2024025.htm,排列三页面所列三位试机号；排列三与排列五共用同一期体彩摇奖流程。,否,200,是,
一定牛/ydniu,排列五,2024025,2024-01-25,31497,39209,,https://m.ydniu.com/kaijiang/pl5/sjh/2024025.html,页面明确标注为排列五五位模拟试机号，属于互联网模拟数据，不是官方试机号。,是,200,是,
3D之家/3d178,福彩3D,2024025,2024-01-25,749,474,,https://www.3d178.cn/kaijiang/2024/2024025.shtml,3D之家页面所列试机号；与彩宝网口径可能不同，原样独立保留。,否,200,是,
彩宝网/8200,福彩3D,2024025,2024-01-25,749,474,072,https://www.8200.cn/kjh/3d/2024025.htm,福彩3D页面口径：同时列出开机号与试机号。,否,200,是,
彩宝网/8200,排列三,2024026,2024-01-26,751,402,,https://www.8200.cn/kjh/p3/2024026.htm,排列三页面所列三位试机号；排列三与排列五共用同一期体彩摇奖流程。,否,200,是,
一定牛/ydniu,排列五,2024026,2024-01-26,75102,16908,,https://m.ydniu.com/kaijiang/pl5/sjh/2024026.html,页面明确标注为排列五五位模拟试机号，属于互联网模拟数据，不是官方试机号。,是,200,是,
3D之家/3d178,福彩3D,2024026,2024-01-26,149,252,,https://www.3d178.cn/kaijiang/2024/2024026.shtml,3D之家页面所列试机号；与彩宝网口径可能不同，原样独立保留。,否,200,是,
彩宝网/8200,福彩3D,2024026,2024-01-26,149,252,437,https://www.8200.cn/kjh/3d/2024026.htm,福彩3D页面口径：同时列出开机号与试机号。,否,200,是,
彩宝网/8200,排列三,2024027,2024-01-27,502,814,,https://www.8200.cn/kjh/p3/2024027.htm,排列三页面所列三位试机号；排列三与排列五共用同一期体彩摇奖流程。,否,200,是,
一定牛/ydniu,排列五,2024027,2024-01-27,50242,65439,,https://m.ydniu.com/kaijiang/pl5/sjh/2024027.html,页面明确标注为排列五五位模拟试机号，属于互联网模拟数据，不是官方试机号。,是,200,是,
3D之家/3d178,福彩3D,2024027,2024-01-27,849,737,,https://www.3d178.cn/kaijiang/2024/2024027.shtml,3D之家页面所列试机号；与彩宝网口径可能不同，原样独立保留。,否,200,是,
彩宝网/8200,福彩3D,2024027,2024-01-27,849,737,230,https://www.8200.cn/kjh/3d/2024027.htm,福彩3D页面口径：同时列出开机号与试机号。,否,200,是,
彩宝网/8200,排列三,2024028,2024-01-28,259,703,,https://www.8200.cn/kjh/p3/2024028.htm,排列三页面所列三位试机号；排列三与排列五共用同一期体彩摇奖流程。,否,200,是,
一定牛/ydniu,排列五,2024028,2024-01-28,25939,60533,,https://m.ydniu.com/kaijiang/pl5/sjh/2024028.html,页面明确标注为排列五五位模拟试机号，属于互联网模拟数据，不是官方试机号。,是,200,是,
3D之家/3d178,福彩3D,2024028,2024-01-28,662,688,,https://www.3d178.cn/kaijiang/2024/2024028.shtml,3D之家页面所列试机号；与彩宝网口径可能不同，原样独立保留。,否,200,是,
彩宝网/8200,福彩3D,2024028,2024-01-28,662,688,873,https://www.8200.cn/kjh/3d/2024028.htm,福彩3D页面口径：同时列出开机号与试机号。,否,200,是,
彩宝网/8200,排列三,2024029,2024-01-29,575,413,,https://www.8200.cn/kjh/p3/2024029.htm,排列三页面所列三位试机号；排列三与排列五共用同一期体彩摇奖流程。,否,200,是,
一定牛/ydniu,排列五,2024029,2024-01-29,57548,99762,,https://m.ydniu.com/kaijiang/pl5/sjh/2024029.html,页面明确标注为排列五五位模拟试机号，属于互联网模拟数据，不是官方试机号。,是,200,是,
3D之家/3d178,福彩3D,2024029,2024-01-29,094,081,,https://www.3d178.cn/kaijiang/2024/2024029.shtml,3D之家页面所列试机号；与彩宝网口径可能不同，原样独立保留。,否,200,是,
彩宝网/8200,福彩3D,2024029,2024-01-29,094,081,692,https://www.8200.cn/kjh/3d/2024029.htm,福彩3D页面口径：同时列出开机号与试机号。,否,200,是,
彩宝网/8200,排列三,2024030,2024-01-30,951,902,,https://www.8200.cn/kjh/p3/2024030.htm,排列三页面所列三位试机号；排列三与排列五共用同一期体彩摇奖流程。,否,200,是,
一定牛/ydniu,排列五,2024030,2024-01-30,95147,12679,,https://m.ydniu.com/kaijiang/pl5/sjh/2024030.html,页面明确标注为排列五五位模拟试机号，属于互联网模拟数据，不是官方试机号。,是,200,是,
3D之家/3d178,福彩3D,2024030,2024-01-30,935,209,,https://www.3d178.cn/kaijiang/2024/2024030.shtml,3D之家页面所列试机号；与彩宝网口径可能不同，原样独立保留。,否,200,是,
彩宝网/8200,福彩3D,2024030,2024-01-30,935,209,864,https://www.8200.cn/kjh/3d/2024030.htm,福彩3D页面口径：同时列出开机号与试机号。,否,200,是,
彩宝网/8200,排列三,2024031,2024-01-31,682,549,,https://www.8200.cn/kjh/p3/2024031.htm,排列三页面所列三位试机号；排列三与排列五共用同一期体彩摇奖流程。,否,200,是,
一定牛/ydniu,排列五,2024031,2024-01-31,68240,19225,,https://m.ydniu.com/kaijiang/pl5/sjh/2024031.html,页面明确标注为排列五五位模拟试机号，属于互联网模拟数据，不是官方试机号。,是,200,是,
3D之家/3d178,福彩3D,2024031,2024-01-31,060,274,,https://www.3d178.cn/kaijiang/2024/2024031.shtml,3D之家页面所列试机号；与彩宝网口径可能不同，原样独立保留。,否,200,是,
彩宝网/8200,福彩3D,2024031,2024-01-31,060,274,637,https://www.8200.cn/kjh/3d/2024031.htm,福彩3D页面口径：同时列出开机号与试机号。,否,200,是,
彩宝网/8200,排列三,2024032,2024-02-01,805,908,,https://www.8200.cn/kjh/p3/2024032.htm,排列三页面所列三位试机号；排列三与排列五共用同一期体彩摇奖流程。,否,200,是,
一定牛/ydniu,排列五,2024032,2024-02-01,80526,00022,,https://m.ydniu.com/kaijiang/pl5/sjh/2024032.html,页面明确标注为排列五五位模拟试机号，属于互联网模拟数据，不是官方试机号。,是,200,是,
3D之家/3d178,福彩3D,2024032,2024-02-01,995,083,,https://www.3d178.cn/kaijiang/2024/2024032.shtml,3D之家页面所列试机号；与彩宝网口径可能不同，原样独立保留。,否,200,是,
彩宝网/8200,福彩3D,2024032,2024-02-01,995,083,483,https://www.8200.cn/kjh/3d/2024032.htm,福彩3D页面口径：同时列出开机号与试机号。,否,200,是,
彩宝网/8200,排列三,2024033,2024-02-02,739,713,,https://www.8200.cn/kjh/p3/2024033.htm,排列三页面所列三位试机号；排列三与排列五共用同一期体彩摇奖流程。,否,200,是,
一定牛/ydniu,排列五,2024033,2024-02-02,73936,32460,,https://m.ydniu.com/kaijiang/pl5/sjh/2024033.html,页面明确标注为排列五五位模拟试机号，属于互联网模拟数据，不是官方试机号。,是,200,是,
3D之家/3d178,福彩3D,2024033,2024-02-02,945,406,,https://www.3d178.cn/kaijiang/2024/2024033.shtml,3D之家页面所列试机号；与彩宝网口径可能不同，原样独立保留。,否,200,是,
彩宝网/8200,福彩3D,2024033,2024-02-02,945,406,957,https://www.8200.cn/kjh/3d/2024033.htm,福彩3D页面口径：同时列出开机号与试机号。,否,200,是,
彩宝网/8200,排列三,2024034,2024-02-03,017,576,,https://www.8200.cn/kjh/p3/2024034.htm,排列三页面所列三位试机号；排列三与排列五共用同一期体彩摇奖流程。,否,200,是,
一定牛/ydniu,排列五,2024034,2024-02-03,01733,73119,,https://m.ydniu.com/kaijiang/pl5/sjh/2024034.html,页面明确标注为排列五五位模拟试机号，属于互联网模拟数据，不是官方试机号。,是,200,是,
3D之家/3d178,福彩3D,2024034,2024-02-03,856,814,,https://www.3d178.cn/kaijiang/2024/2024034.shtml,3D之家页面所列试机号；与彩宝网口径可能不同，原样独立保留。,否,200,是,
彩宝网/8200,福彩3D,2024034,2024-02-03,856,814,840,https://www.8200.cn/kjh/3d/2024034.htm,福彩3D页面口径：同时列出开机号与试机号。,否,200,是,
彩宝网/8200,排列三,2024035,2024-02-04,306,408,,https://www.8200.cn/kjh/p3/2024035.htm,排列三页面所列三位试机号；排列三与排列五共用同一期体彩摇奖流程。,否,200,是,
一定牛/ydniu,排列五,2024035,2024-02-04,30653,68764,,https://m.ydniu.com/kaijiang/pl5/sjh/2024035.html,页面明确标注为排列五五位模拟试机号，属于互联网模拟数据，不是官方试机号。,是,200,是,
3D之家/3d178,福彩3D,2024035,2024-02-04,045,769,,https://www.3d178.cn/kaijiang/2024/2024035.shtml,3D之家页面所列试机号；与彩宝网口径可能不同，原样独立保留。,否,200,是,
彩宝网/8200,福彩3D,2024035,2024-02-04,045,769,502,https://www.8200.cn/kjh/3d/2024035.htm,福彩3D页面口径：同时列出开机号与试机号。,否,200,是,
彩宝网/8200,排列三,2024036,2024-02-05,547,261,,https://www.8200.cn/kjh/p3/2024036.htm,排列三页面所列三位试机号；排列三与排列五共用同一期体彩摇奖流程。,否,200,是,
一定牛/ydniu,排列五,2024036,2024-02-05,54791,35808,,https://m.ydniu.com/kaijiang/pl5/sjh/2024036.html,页面明确标注为排列五五位模拟试机号，属于互联网模拟数据，不是官方试机号。,是,200,是,
3D之家/3d178,福彩3D,2024036,2024-02-05,265,441,,https://www.3d178.cn/kaijiang/2024/2024036.shtml,3D之家页面所列试机号；与彩宝网口径可能不同，原样独立保留。,否,200,是,
彩宝网/8200,福彩3D,2024036,2024-02-05,265,441,168,https://www.8200.cn/kjh/3d/2024036.htm,福彩3D页面口径：同时列出开机号与试机号。,否,200,是,
彩宝网/8200,排列三,2024037,2024-02-06,910,298,,https://www.8200.cn/kjh/p3/2024037.htm,排列三页面所列三位试机号；排列三与排列五共用同一期体彩摇奖流程。,否,200,是,
一定牛/ydniu,排列五,2024037,2024-02-06,91076,03718,,https://m.ydniu.com/kaijiang/pl5/sjh/2024037.html,页面明确标注为排列五五位模拟试机号，属于互联网模拟数据，不是官方试机号。,是,200,是,
3D之家/3d178,福彩3D,2024037,2024-02-06,460,119,,https://www.3d178.cn/kaijiang/2024/2024037.shtml,3D之家页面所列试机号；与彩宝网口径可能不同，原样独立保留。,否,200,是,
彩宝网/8200,福彩3D,2024037,2024-02-06,460,119,158,https://www.8200.cn/kjh/3d/2024037.htm,福彩3D页面口径：同时列出开机号与试机号。,否,200,是,
彩宝网/8200,排列三,2024038,2024-02-07,529,823,,https://www.8200.cn/kjh/p3/2024038.htm,排列三页面所列三位试机号；排列三与排列五共用同一期体彩摇奖流程。,否,200,是,
一定牛/ydniu,排列五,2024038,2024-02-07,52946,36431,,https://m.ydniu.com/kaijiang/pl5/sjh/2024038.html,页面明确标注为排列五五位模拟试机号，属于互联网模拟数据，不是官方试机号。,是,200,是,
3D之家/3d178,福彩3D,2024038,2024-02-07,676,447,,https://www.3d178.cn/kaijiang/2024/2024038.shtml,3D之家页面所列试机号；与彩宝网口径可能不同，原样独立保留。,否,200,是,
彩宝网/8200,福彩3D,2024038,2024-02-07,676,447,162,https://www.8200.cn/kjh/3d/2024038.htm,福彩3D页面口径：同时列出开机号与试机号。,否,200,是,
彩宝网/8200,排列三,2024039,2024-02-18,508,624,,https://www.8200.cn/kjh/p3/2024039.htm,排列三页面所列三位试机号；排列三与排列五共用同一期体彩摇奖流程。,否,200,是,
一定牛/ydniu,排列五,2024039,2024-02-18,50868,17702,,https://m.ydniu.com/kaijiang/pl5/sjh/2024039.html,页面明确标注为排列五五位模拟试机号，属于互联网模拟数据，不是官方试机号。,是,200,是,
3D之家/3d178,福彩3D,2024039,2024-02-18,228,260,,https://www.3d178.cn/kaijiang/2024/2024039.shtml,3D之家页面所列试机号；与彩宝网口径可能不同，原样独立保留。,否,200,是,
彩宝网/8200,福彩3D,2024039,2024-02-18,228,260,097,https://www.8200.cn/kjh/3d/2024039.htm,福彩3D页面口径：同时列出开机号与试机号。,否,200,是,
彩宝网/8200,排列三,2024040,2024-02-19,514,802,,https://www.8200.cn/kjh/p3/2024040.htm,排列三页面所列三位试机号；排列三与排列五共用同一期体彩摇奖流程。,否,200,是,
一定牛/ydniu,排列五,2024040,2024-02-19,51477,09981,,https://m.ydniu.com/kaijiang/pl5/sjh/2024040.html,页面明确标注为排列五五位模拟试机号，属于互联网模拟数据，不是官方试机号。,是,200,是,
3D之家/3d178,福彩3D,2024040,2024-02-19,736,182,,https://www.3d178.cn/kaijiang/2024/2024040.shtml,3D之家页面所列试机号；与彩宝网口径可能不同，原样独立保留。,否,200,是,
彩宝网/8200,福彩3D,2024040,2024-02-19,736,182,837,https://www.8200.cn/kjh/3d/2024040.htm,福彩3D页面口径：同时列出开机号与试机号。,否,200,是,
彩宝网/8200,排列三,2024041,2024-02-20,905,847,,https://www.8200.cn/kjh/p3/2024041.htm,排列三页面所列三位试机号；排列三与排列五共用同一期体彩摇奖流程。,否,200,是,
一定牛/ydniu,排列五,2024041,2024-02-20,90558,98149,,https://m.ydniu.com/kaijiang/pl5/sjh/2024041.html,页面明确标注为排列五五位模拟试机号，属于互联网模拟数据，不是官方试机号。,是,200,是,
3D之家/3d178,福彩3D,2024041,2024-02-20,315,065,,https://www.3d178.cn/kaijiang/2024/2024041.shtml,3D之家页面所列试机号；与彩宝网口径可能不同，原样独立保留。,否,200,是,
彩宝网/8200,福彩3D,2024041,2024-02-20,315,065,153,https://www.8200.cn/kjh/3d/2024041.htm,福彩3D页面口径：同时列出开机号与试机号。,否,200,是,
彩宝网/8200,排列三,2024042,2024-02-21,342,948,,https://www.8200.cn/kjh/p3/2024042.htm,排列三页面所列三位试机号；排列三与排列五共用同一期体彩摇奖流程。,否,200,是,
一定牛/ydniu,排列五,2024042,2024-02-21,34276,80591,,https://m.ydniu.com/kaijiang/pl5/sjh/2024042.html,页面明确标注为排列五五位模拟试机号，属于互联网模拟数据，不是官方试机号。,是,200,是,
3D之家/3d178,福彩3D,2024042,2024-02-21,086,887,,https://www.3d178.cn/kaijiang/2024/2024042.shtml,3D之家页面所列试机号；与彩宝网口径可能不同，原样独立保留。,否,200,是,
彩宝网/8200,福彩3D,2024042,2024-02-21,086,887,126,https://www.8200.cn/kjh/3d/2024042.htm,福彩3D页面口径：同时列出开机号与试机号。,否,200,是,
彩宝网/8200,排列三,2024043,2024-02-22,296,609,,https://www.8200.cn/kjh/p3/2024043.htm,排列三页面所列三位试机号；排列三与排列五共用同一期体彩摇奖流程。,否,200,是,
一定牛/ydniu,排列五,2024043,2024-02-22,29608,94203,,https://m.ydniu.com/kaijiang/pl5/sjh/2024043.html,页面明确标注为排列五五位模拟试机号，属于互联网模拟数据，不是官方试机号。,是,200,是,
3D之家/3d178,福彩3D,2024043,2024-02-22,257,025,,https://www.3d178.cn/kaijiang/2024/2024043.shtml,3D之家页面所列试机号；与彩宝网口径可能不同，原样独立保留。,否,200,是,
彩宝网/8200,福彩3D,2024043,2024-02-22,257,025,853,https://www.8200.cn/kjh/3d/2024043.htm,福彩3D页面口径：同时列出开机号与试机号。,否,200,是,
彩宝网/8200,排列三,2024044,2024-02-23,885,517,,https://www.8200.cn/kjh/p3/2024044.htm,排列三页面所列三位试机号；排列三与排列五共用同一期体彩摇奖流程。,否,200,是,
一定牛/ydniu,排列五,2024044,2024-02-23,88528,63976,,https://m.ydniu.com/kaijiang/pl5/sjh/2024044.html,页面明确标注为排列五五位模拟试机号，属于互联网模拟数据，不是官方试机号。,是,200,是,
3D之家/3d178,福彩3D,2024044,2024-02-23,363,722,,https://www.3d178.cn/kaijiang/2024/2024044.shtml,3D之家页面所列试机号；与彩宝网口径可能不同，原样独立保留。,否,200,是,
彩宝网/8200,福彩3D,2024044,2024-02-23,363,722,247,https://www.8200.cn/kjh/3d/2024044.htm,福彩3D页面口径：同时列出开机号与试机号。,否,200,是,
彩宝网/8200,排列三,2024045,2024-02-24,757,801,,https://www.8200.cn/kjh/p3/2024045.htm,排列三页面所列三位试机号；排列三与排列五共用同一期体彩摇奖流程。,否,200,是,
一定牛/ydniu,排列五,2024045,2024-02-24,75783,46918,,https://m.ydniu.com/kaijiang/pl5/sjh/2024045.html,页面明确标注为排列五五位模拟试机号，属于互联网模拟数据，不是官方试机号。,是,200,是,
3D之家/3d178,福彩3D,2024045,2024-02-24,406,551,,https://www.3d178.cn/kaijiang/2024/2024045.shtml,3D之家页面所列试机号；与彩宝网口径可能不同，原样独立保留。,否,200,是,
彩宝网/8200,福彩3D,2024045,2024-02-24,406,551,397,https://www.8200.cn/kjh/3d/2024045.htm,福彩3D页面口径：同时列出开机号与试机号。,否,200,是,
彩宝网/8200,排列三,2024046,2024-02-25,702,924,,https://www.8200.cn/kjh/p3/2024046.htm,排列三页面所列三位试机号；排列三与排列五共用同一期体彩摇奖流程。,否,200,是,
一定牛/ydniu,排列五,2024046,2024-02-25,70263,66924,,https://m.ydniu.com/kaijiang/pl5/sjh/2024046.html,页面明确标注为排列五五位模拟试机号，属于互联网模拟数据，不是官方试机号。,是,200,是,
3D之家/3d178,福彩3D,2024046,2024-02-25,730,752,,https://www.3d178.cn/kaijiang/2024/2024046.shtml,3D之家页面所列试机号；与彩宝网口径可能不同，原样独立保留。,否,200,是,
彩宝网/8200,福彩3D,2024046,2024-02-25,730,752,618,https://www.8200.cn/kjh/3d/2024046.htm,福彩3D页面口径：同时列出开机号与试机号。,否,200,是,
彩宝网/8200,排列三,2024047,2024-02-26,760,627,,https://www.8200.cn/kjh/p3/2024047.htm,排列三页面所列三位试机号；排列三与排列五共用同一期体彩摇奖流程。,否,200,是,
一定牛/ydniu,排列五,2024047,2024-02-26,76088,32949,,https://m.ydniu.com/kaijiang/pl5/sjh/2024047.html,页面明确标注为排列五五位模拟试机号，属于互联网模拟数据，不是官方试机号。,是,200,是,
3D之家/3d178,福彩3D,2024047,2024-02-26,420,412,,https://www.3d178.cn/kaijiang/2024/2024047.shtml,3D之家页面所列试机号；与彩宝网口径可能不同，原样独立保留。,否,200,是,
彩宝网/8200,福彩3D,2024047,2024-02-26,420,412,678,https://www.8200.cn/kjh/3d/2024047.htm,福彩3D页面口径：同时列出开机号与试机号。,否,200,是,
彩宝网/8200,排列三,2024048,2024-02-27,396,628,,https://www.8200.cn/kjh/p3/2024048.htm,排列三页面所列三位试机号；排列三与排列五共用同一期体彩摇奖流程。,否,200,是,
一定牛/ydniu,排列五,2024048,2024-02-27,39635,47331,,https://m.ydniu.com/kaijiang/pl5/sjh/2024048.html,页面明确标注为排列五五位模拟试机号，属于互联网模拟数据，不是官方试机号。,是,200,是,
3D之家/3d178,福彩3D,2024048,2024-02-27,128,556,,https://www.3d178.cn/kaijiang/2024/2024048.shtml,3D之家页面所列试机号；与彩宝网口径可能不同，原样独立保留。,否,200,是,
彩宝网/8200,福彩3D,2024048,2024-02-27,128,556,802,https://www.8200.cn/kjh/3d/2024048.htm,福彩3D页面口径：同时列出开机号与试机号。,否,200,是,
彩宝网/8200,排列三,2024049,2024-02-28,631,174,,https://www.8200.cn/kjh/p3/2024049.htm,排列三页面所列三位试机号；排列三与排列五共用同一期体彩摇奖流程。,否,200,是,
一定牛/ydniu,排列五,2024049,2024-02-28,63101,67614,,https://m.ydniu.com/kaijiang/pl5/sjh/2024049.html,页面明确标注为排列五五位模拟试机号，属于互联网模拟数据，不是官方试机号。,是,200,是,
3D之家/3d178,福彩3D,2024049,2024-02-28,811,759,,https://www.3d178.cn/kaijiang/2024/2024049.shtml,3D之家页面所列试机号；与彩宝网口径可能不同，原样独立保留。,否,200,是,
彩宝网/8200,福彩3D,2024049,2024-02-28,811,759,394,https://www.8200.cn/kjh/3d/2024049.htm,福彩3D页面口径：同时列出开机号与试机号。,否,200,是,
彩宝网/8200,排列三,2024050,2024-02-29,495,917,,https://www.8200.cn/kjh/p3/2024050.htm,排列三页面所列三位试机号；排列三与排列五共用同一期体彩摇奖流程。,否,200,是,
一定牛/ydniu,排列五,2024050,2024-02-29,49595,60696,,https://m.ydniu.com/kaijiang/pl5/sjh/2024050.html,页面明确标注为排列五五位模拟试机号，属于互联网模拟数据，不是官方试机号。,是,200,是,
3D之家/3d178,福彩3D,2024050,2024-02-29,634,689,,https://www.3d178.cn/kaijiang/2024/2024050.shtml,3D之家页面所列试机号；与彩宝网口径可能不同，原样独立保留。,否,200,是,
彩宝网/8200,福彩3D,2024050,2024-02-29,634,689,305,https://www.8200.cn/kjh/3d/2024050.htm,福彩3D页面口径：同时列出开机号与试机号。,否,200,是,
彩宝网/8200,排列三,2024051,2024-03-01,674,524,,https://www.8200.cn/kjh/p3/2024051.htm,排列三页面所列三位试机号；排列三与排列五共用同一期体彩摇奖流程。,否,200,是,
一定牛/ydniu,排列五,2024051,2024-03-01,67475,06171,,https://m.ydniu.com/kaijiang/pl5/sjh/2024051.html,页面明确标注为排列五五位模拟试机号，属于互联网模拟数据，不是官方试机号。,是,200,是,
3D之家/3d178,福彩3D,2024051,2024-03-01,340,144,,https://www.3d178.cn/kaijiang/2024/2024051.shtml,3D之家页面所列试机号；与彩宝网口径可能不同，原样独立保留。,否,200,是,
彩宝网/8200,福彩3D,2024051,2024-03-01,340,144,584,https://www.8200.cn/kjh/3d/2024051.htm,福彩3D页面口径：同时列出开机号与试机号。,否,200,是,
彩宝网/8200,排列三,2024052,2024-03-02,995,547,,https://www.8200.cn/kjh/p3/2024052.htm,排列三页面所列三位试机号；排列三与排列五共用同一期体彩摇奖流程。,否,200,是,
一定牛/ydniu,排列五,2024052,2024-03-02,99505,73048,,https://m.ydniu.com/kaijiang/pl5/sjh/2024052.html,页面明确标注为排列五五位模拟试机号，属于互联网模拟数据，不是官方试机号。,是,200,是,
3D之家/3d178,福彩3D,2024052,2024-03-02,310,812,,https://www.3d178.cn/kaijiang/2024/2024052.shtml,3D之家页面所列试机号；与彩宝网口径可能不同，原样独立保留。,否,200,是,
彩宝网/8200,福彩3D,2024052,2024-03-02,310,812,713,https://www.8200.cn/kjh/3d/2024052.htm,福彩3D页面口径：同时列出开机号与试机号。,否,200,是,
彩宝网/8200,排列三,2024053,2024-03-03,958,217,,https://www.8200.cn/kjh/p3/2024053.htm,排列三页面所列三位试机号；排列三与排列五共用同一期体彩摇奖流程。,否,200,是,
一定牛/ydniu,排列五,2024053,2024-03-03,95828,42052,,https://m.ydniu.com/kaijiang/pl5/sjh/2024053.html,页面明确标注为排列五五位模拟试机号，属于互联网模拟数据，不是官方试机号。,是,200,是,
3D之家/3d178,福彩3D,2024053,2024-03-03,478,502,,https://www.3d178.cn/kaijiang/2024/2024053.shtml,3D之家页面所列试机号；与彩宝网口径可能不同，原样独立保留。,否,200,是,
彩宝网/8200,福彩3D,2024053,2024-03-03,478,502,690,https://www.8200.cn/kjh/3d/2024053.htm,福彩3D页面口径：同时列出开机号与试机号。,否,200,是,
彩宝网/8200,排列三,2024054,2024-03-04,221,348,,https://www.8200.cn/kjh/p3/2024054.htm,排列三页面所列三位试机号；排列三与排列五共用同一期体彩摇奖流程。,否,200,是,
一定牛/ydniu,排列五,2024054,2024-03-04,22187,56354,,https://m.ydniu.com/kaijiang/pl5/sjh/2024054.html,页面明确标注为排列五五位模拟试机号，属于互联网模拟数据，不是官方试机号。,是,200,是,
3D之家/3d178,福彩3D,2024054,2024-03-04,192,646,,https://www.3d178.cn/kaijiang/2024/2024054.shtml,3D之家页面所列试机号；与彩宝网口径可能不同，原样独立保留。,否,200,是,
彩宝网/8200,福彩3D,2024054,2024-03-04,192,646,730,https://www.8200.cn/kjh/3d/2024054.htm,福彩3D页面口径：同时列出开机号与试机号。,否,200,是,
彩宝网/8200,排列三,2024055,2024-03-05,173,310,,https://www.8200.cn/kjh/p3/2024055.htm,排列三页面所列三位试机号；排列三与排列五共用同一期体彩摇奖流程。,否,200,是,
一定牛/ydniu,排列五,2024055,2024-03-05,17333,16485,,https://m.ydniu.com/kaijiang/pl5/sjh/2024055.html,页面明确标注为排列五五位模拟试机号，属于互联网模拟数据，不是官方试机号。,是,200,是,
3D之家/3d178,福彩3D,2024055,2024-03-05,589,247,,https://www.3d178.cn/kaijiang/2024/2024055.shtml,3D之家页面所列试机号；与彩宝网口径可能不同，原样独立保留。,否,200,是,
彩宝网/8200,福彩3D,2024055,2024-03-05,589,247,304,https://www.8200.cn/kjh/3d/2024055.htm,福彩3D页面口径：同时列出开机号与试机号。,否,200,是,
彩宝网/8200,排列三,2024056,2024-03-06,788,267,,https://www.8200.cn/kjh/p3/2024056.htm,排列三页面所列三位试机号；排列三与排列五共用同一期体彩摇奖流程。,否,200,是,
一定牛/ydniu,排列五,2024056,2024-03-06,78830,62417,,https://m.ydniu.com/kaijiang/pl5/sjh/2024056.html,页面明确标注为排列五五位模拟试机号，属于互联网模拟数据，不是官方试机号。,是,200,是,
3D之家/3d178,福彩3D,2024056,2024-03-06,542,707,,https://www.3d178.cn/kaijiang/2024/2024056.shtml,3D之家页面所列试机号；与彩宝网口径可能不同，原样独立保留。,否,200,是,
彩宝网/8200,福彩3D,2024056,2024-03-06,542,707,549,https://www.8200.cn/kjh/3d/2024056.htm,福彩3D页面口径：同时列出开机号与试机号。,否,200,是,
彩宝网/8200,排列三,2024057,2024-03-07,765,612,,https://www.8200.cn/kjh/p3/2024057.htm,排列三页面所列三位试机号；排列三与排列五共用同一期体彩摇奖流程。,否,200,是,
一定牛/ydniu,排列五,2024057,2024-03-07,76585,34695,,https://m.ydniu.com/kaijiang/pl5/sjh/2024057.html,页面明确标注为排列五五位模拟试机号，属于互联网模拟数据，不是官方试机号。,是,200,是,
3D之家/3d178,福彩3D,2024057,2024-03-07,805,429,,https://www.3d178.cn/kaijiang/2024/2024057.shtml,3D之家页面所列试机号；与彩宝网口径可能不同，原样独立保留。,否,200,是,
彩宝网/8200,福彩3D,2024057,2024-03-07,805,429,396,https://www.8200.cn/kjh/3d/2024057.htm,福彩3D页面口径：同时列出开机号与试机号。,否,200,是,
彩宝网/8200,排列三,2024058,2024-03-08,065,183,,https://www.8200.cn/kjh/p3/2024058.htm,排列三页面所列三位试机号；排列三与排列五共用同一期体彩摇奖流程。,否,200,是,
一定牛/ydniu,排列五,2024058,2024-03-08,06548,58157,,https://m.ydniu.com/kaijiang/pl5/sjh/2024058.html,页面明确标注为排列五五位模拟试机号，属于互联网模拟数据，不是官方试机号。,是,200,是,
3D之家/3d178,福彩3D,2024058,2024-03-08,469,664,,https://www.3d178.cn/kaijiang/2024/2024058.shtml,3D之家页面所列试机号；与彩宝网口径可能不同，原样独立保留。,否,200,是,
彩宝网/8200,福彩3D,2024058,2024-03-08,469,664,571,https://www.8200.cn/kjh/3d/2024058.htm,福彩3D页面口径：同时列出开机号与试机号。,否,200,是,
彩宝网/8200,排列三,2024059,2024-03-09,629,984,,https://www.8200.cn/kjh/p3/2024059.htm,排列三页面所列三位试机号；排列三与排列五共用同一期体彩摇奖流程。,否,200,是,
一定牛/ydniu,排列五,2024059,2024-03-09,62979,23715,,https://m.ydniu.com/kaijiang/pl5/sjh/2024059.html,页面明确标注为排列五五位模拟试机号，属于互联网模拟数据，不是官方试机号。,是,200,是,
3D之家/3d178,福彩3D,2024059,2024-03-09,758,320,,https://www.3d178.cn/kaijiang/2024/2024059.shtml,3D之家页面所列试机号；与彩宝网口径可能不同，原样独立保留。,否,200,是,
彩宝网/8200,福彩3D,2024059,2024-03-09,758,320,492,https://www.8200.cn/kjh/3d/2024059.htm,福彩3D页面口径：同时列出开机号与试机号。,否,200,是,
彩宝网/8200,排列三,2024060,2024-03-10,357,307,,https://www.8200.cn/kjh/p3/2024060.htm,排列三页面所列三位试机号；排列三与排列五共用同一期体彩摇奖流程。,否,200,是,
一定牛/ydniu,排列五,2024060,2024-03-10,35726,60204,,https://m.ydniu.com/kaijiang/pl5/sjh/2024060.html,页面明确标注为排列五五位模拟试机号，属于互联网模拟数据，不是官方试机号。,是,200,是,
3D之家/3d178,福彩3D,2024060,2024-03-10,897,685,,https://www.3d178.cn/kaijiang/2024/2024060.shtml,3D之家页面所列试机号；与彩宝网口径可能不同，原样独立保留。,否,200,是,
彩宝网/8200,福彩3D,2024060,2024-03-10,897,685,916,https://www.8200.cn/kjh/3d/2024060.htm,福彩3D页面口径：同时列出开机号与试机号。,否,200,是,
彩宝网/8200,排列三,2024061,2024-03-11,250,824,,https://www.8200.cn/kjh/p3/2024061.htm,排列三页面所列三位试机号；排列三与排列五共用同一期体彩摇奖流程。,否,200,是,
一定牛/ydniu,排列五,2024061,2024-03-11,25070,06398,,https://m.ydniu.com/kaijiang/pl5/sjh/2024061.html,页面明确标注为排列五五位模拟试机号，属于互联网模拟数据，不是官方试机号。,是,200,是,
3D之家/3d178,福彩3D,2024061,2024-03-11,406,146,,https://www.3d178.cn/kaijiang/2024/2024061.shtml,3D之家页面所列试机号；与彩宝网口径可能不同，原样独立保留。,否,200,是,
彩宝网/8200,福彩3D,2024061,2024-03-11,406,146,816,https://www.8200.cn/kjh/3d/2024061.htm,福彩3D页面口径：同时列出开机号与试机号。,否,200,是,
彩宝网/8200,排列三,2024062,2024-03-12,784,713,,https://www.8200.cn/kjh/p3/2024062.htm,排列三页面所列三位试机号；排列三与排列五共用同一期体彩摇奖流程。,否,200,是,
一定牛/ydniu,排列五,2024062,2024-03-12,78455,96207,,https://m.ydniu.com/kaijiang/pl5/sjh/2024062.html,页面明确标注为排列五五位模拟试机号，属于互联网模拟数据，不是官方试机号。,是,200,是,
3D之家/3d178,福彩3D,2024062,2024-03-12,377,046,,https://www.3d178.cn/kaijiang/2024/2024062.shtml,3D之家页面所列试机号；与彩宝网口径可能不同，原样独立保留。,否,200,是,
彩宝网/8200,福彩3D,2024062,2024-03-12,377,046,216,https://www.8200.cn/kjh/3d/2024062.htm,福彩3D页面口径：同时列出开机号与试机号。,否,200,是,
彩宝网/8200,排列三,2024063,2024-03-13,651,640,,https://www.8200.cn/kjh/p3/2024063.htm,排列三页面所列三位试机号；排列三与排列五共用同一期体彩摇奖流程。,否,200,是,
一定牛/ydniu,排列五,2024063,2024-03-13,65190,76113,,https://m.ydniu.com/kaijiang/pl5/sjh/2024063.html,页面明确标注为排列五五位模拟试机号，属于互联网模拟数据，不是官方试机号。,是,200,是,
3D之家/3d178,福彩3D,2024063,2024-03-13,349,843,,https://www.3d178.cn/kaijiang/2024/2024063.shtml,3D之家页面所列试机号；与彩宝网口径可能不同，原样独立保留。,否,200,是,
彩宝网/8200,福彩3D,2024063,2024-03-13,349,843,438,https://www.8200.cn/kjh/3d/2024063.htm,福彩3D页面口径：同时列出开机号与试机号。,否,200,是,
彩宝网/8200,排列三,2024064,2024-03-14,132,473,,https://www.8200.cn/kjh/p3/2024064.htm,排列三页面所列三位试机号；排列三与排列五共用同一期体彩摇奖流程。,否,200,是,
一定牛/ydniu,排列五,2024064,2024-03-14,13228,94212,,https://m.ydniu.com/kaijiang/pl5/sjh/2024064.html,页面明确标注为排列五五位模拟试机号，属于互联网模拟数据，不是官方试机号。,是,200,是,
3D之家/3d178,福彩3D,2024064,2024-03-14,009,025,,https://www.3d178.cn/kaijiang/2024/2024064.shtml,3D之家页面所列试机号；与彩宝网口径可能不同，原样独立保留。,否,200,是,
彩宝网/8200,福彩3D,2024064,2024-03-14,009,025,051,https://www.8200.cn/kjh/3d/2024064.htm,福彩3D页面口径：同时列出开机号与试机号。,否,200,是,
彩宝网/8200,排列三,2024065,2024-03-15,903,267,,https://www.8200.cn/kjh/p3/2024065.htm,排列三页面所列三位试机号；排列三与排列五共用同一期体彩摇奖流程。,否,200,是,
一定牛/ydniu,排列五,2024065,2024-03-15,90376,17264,,https://m.ydniu.com/kaijiang/pl5/sjh/2024065.html,页面明确标注为排列五五位模拟试机号，属于互联网模拟数据，不是官方试机号。,是,200,是,
3D之家/3d178,福彩3D,2024065,2024-03-15,469,254,,https://www.3d178.cn/kaijiang/2024/2024065.shtml,3D之家页面所列试机号；与彩宝网口径可能不同，原样独立保留。,否,200,是,
彩宝网/8200,福彩3D,2024065,2024-03-15,469,254,092,https://www.8200.cn/kjh/3d/2024065.htm,福彩3D页面口径：同时列出开机号与试机号。,否,200,是,
彩宝网/8200,排列三,2024066,2024-03-16,803,568,,https://www.8200.cn/kjh/p3/2024066.htm,排列三页面所列三位试机号；排列三与排列五共用同一期体彩摇奖流程。,否,200,是,
一定牛/ydniu,排列五,2024066,2024-03-16,80383,94466,,https://m.ydniu.com/kaijiang/pl5/sjh/2024066.html,页面明确标注为排列五五位模拟试机号，属于互联网模拟数据，不是官方试机号。,是,200,是,
3D之家/3d178,福彩3D,2024066,2024-03-16,198,028,,https://www.3d178.cn/kaijiang/2024/2024066.shtml,3D之家页面所列试机号；与彩宝网口径可能不同，原样独立保留。,否,200,是,
彩宝网/8200,福彩3D,2024066,2024-03-16,198,028,735,https://www.8200.cn/kjh/3d/2024066.htm,福彩3D页面口径：同时列出开机号与试机号。,否,200,是,
彩宝网/8200,排列三,2024067,2024-03-17,549,682,,https://www.8200.cn/kjh/p3/2024067.htm,排列三页面所列三位试机号；排列三与排列五共用同一期体彩摇奖流程。,否,200,是,
一定牛/ydniu,排列五,2024067,2024-03-17,54969,36524,,https://m.ydniu.com/kaijiang/pl5/sjh/2024067.html,页面明确标注为排列五五位模拟试机号，属于互联网模拟数据，不是官方试机号。,是,200,是,
3D之家/3d178,福彩3D,2024067,2024-03-17,709,448,,https://www.3d178.cn/kaijiang/2024/2024067.shtml,3D之家页面所列试机号；与彩宝网口径可能不同，原样独立保留。,否,200,是,
彩宝网/8200,福彩3D,2024067,2024-03-17,709,448,894,https://www.8200.cn/kjh/3d/2024067.htm,福彩3D页面口径：同时列出开机号与试机号。,否,200,是,
彩宝网/8200,排列三,2024068,2024-03-18,239,580,,https://www.8200.cn/kjh/p3/2024068.htm,排列三页面所列三位试机号；排列三与排列五共用同一期体彩摇奖流程。,否,200,是,
一定牛/ydniu,排列五,2024068,2024-03-18,23981,90019,,https://m.ydniu.com/kaijiang/pl5/sjh/2024068.html,页面明确标注为排列五五位模拟试机号，属于互联网模拟数据，不是官方试机号。,是,200,是,
3D之家/3d178,福彩3D,2024068,2024-03-18,642,983,,https://www.3d178.cn/kaijiang/2024/2024068.shtml,3D之家页面所列试机号；与彩宝网口径可能不同，原样独立保留。,否,200,是,
彩宝网/8200,福彩3D,2024068,2024-03-18,642,983,628,https://www.8200.cn/kjh/3d/2024068.htm,福彩3D页面口径：同时列出开机号与试机号。,否,200,是,
彩宝网/8200,排列三,2024069,2024-03-19,411,712,,https://www.8200.cn/kjh/p3/2024069.htm,排列三页面所列三位试机号；排列三与排列五共用同一期体彩摇奖流程。,否,200,是,
一定牛/ydniu,排列五,2024069,2024-03-19,41109,60558,,https://m.ydniu.com/kaijiang/pl5/sjh/2024069.html,页面明确标注为排列五五位模拟试机号，属于互联网模拟数据，不是官方试机号。,是,200,是,
3D之家/3d178,福彩3D,2024069,2024-03-19,451,688,,https://www.3d178.cn/kaijiang/2024/2024069.shtml,3D之家页面所列试机号；与彩宝网口径可能不同，原样独立保留。,否,200,是,
彩宝网/8200,福彩3D,2024069,2024-03-19,451,688,451,https://www.8200.cn/kjh/3d/2024069.htm,福彩3D页面口径：同时列出开机号与试机号。,否,200,是,
彩宝网/8200,排列三,2024070,2024-03-20,891,812,,https://www.8200.cn/kjh/p3/2024070.htm,排列三页面所列三位试机号；排列三与排列五共用同一期体彩摇奖流程。,否,200,是,
一定牛/ydniu,排列五,2024070,2024-03-20,89103,79946,,https://m.ydniu.com/kaijiang/pl5/sjh/2024070.html,页面明确标注为排列五五位模拟试机号，属于互联网模拟数据，不是官方试机号。,是,200,是,
3D之家/3d178,福彩3D,2024070,2024-03-20,671,882,,https://www.3d178.cn/kaijiang/2024/2024070.shtml,3D之家页面所列试机号；与彩宝网口径可能不同，原样独立保留。,否,200,是,
彩宝网/8200,福彩3D,2024070,2024-03-20,671,882,386,https://www.8200.cn/kjh/3d/2024070.htm,福彩3D页面口径：同时列出开机号与试机号。,否,200,是,
彩宝网/8200,排列三,2024071,2024-03-21,258,826,,https://www.8200.cn/kjh/p3/2024071.htm,排列三页面所列三位试机号；排列三与排列五共用同一期体彩摇奖流程。,否,200,是,
一定牛/ydniu,排列五,2024071,2024-03-21,25820,85845,,https://m.ydniu.com/kaijiang/pl5/sjh/2024071.html,页面明确标注为排列五五位模拟试机号，属于互联网模拟数据，不是官方试机号。,是,200,是,
3D之家/3d178,福彩3D,2024071,2024-03-21,213,941,,https://www.3d178.cn/kaijiang/2024/2024071.shtml,3D之家页面所列试机号；与彩宝网口径可能不同，原样独立保留。,否,200,是,
彩宝网/8200,福彩3D,2024071,2024-03-21,213,941,368,https://www.8200.cn/kjh/3d/2024071.htm,福彩3D页面口径：同时列出开机号与试机号。,否,200,是,
彩宝网/8200,排列三,2024072,2024-03-22,341,947,,https://www.8200.cn/kjh/p3/2024072.htm,排列三页面所列三位试机号；排列三与排列五共用同一期体彩摇奖流程。,否,200,是,
一定牛/ydniu,排列五,2024072,2024-03-22,34153,75915,,https://m.ydniu.com/kaijiang/pl5/sjh/2024072.html,页面明确标注为排列五五位模拟试机号，属于互联网模拟数据，不是官方试机号。,是,200,是,
3D之家/3d178,福彩3D,2024072,2024-03-22,977,841,,https://www.3d178.cn/kaijiang/2024/2024072.shtml,3D之家页面所列试机号；与彩宝网口径可能不同，原样独立保留。,否,200,是,
彩宝网/8200,福彩3D,2024072,2024-03-22,977,841,134,https://www.8200.cn/kjh/3d/2024072.htm,福彩3D页面口径：同时列出开机号与试机号。,否,200,是,
彩宝网/8200,排列三,2024073,2024-03-23,590,951,,https://www.8200.cn/kjh/p3/2024073.htm,排列三页面所列三位试机号；排列三与排列五共用同一期体彩摇奖流程。,否,200,是,
一定牛/ydniu,排列五,2024073,2024-03-23,59043,90142,,https://m.ydniu.com/kaijiang/pl5/sjh/2024073.html,页面明确标注为排列五五位模拟试机号，属于互联网模拟数据，不是官方试机号。,是,200,是,
3D之家/3d178,福彩3D,2024073,2024-03-23,258,984,,https://www.3d178.cn/kaijiang/2024/2024073.shtml,3D之家页面所列试机号；与彩宝网口径可能不同，原样独立保留。,否,200,是,
彩宝网/8200,福彩3D,2024073,2024-03-23,258,984,275,https://www.8200.cn/kjh/3d/2024073.htm,福彩3D页面口径：同时列出开机号与试机号。,否,200,是,
彩宝网/8200,排列三,2024074,2024-03-24,629,604,,https://www.8200.cn/kjh/p3/2024074.htm,排列三页面所列三位试机号；排列三与排列五共用同一期体彩摇奖流程。,否,200,是,
一定牛/ydniu,排列五,2024074,2024-03-24,62952,57602,,https://m.ydniu.com/kaijiang/pl5/sjh/2024074.html,页面明确标注为排列五五位模拟试机号，属于互联网模拟数据，不是官方试机号。,是,200,是,
3D之家/3d178,福彩3D,2024074,2024-03-24,041,658,,https://www.3d178.cn/kaijiang/2024/2024074.shtml,3D之家页面所列试机号；与彩宝网口径可能不同，原样独立保留。,否,200,是,
彩宝网/8200,福彩3D,2024074,2024-03-24,041,658,487,https://www.8200.cn/kjh/3d/2024074.htm,福彩3D页面口径：同时列出开机号与试机号。,否,200,是,
彩宝网/8200,排列三,2024075,2024-03-25,285,703,,https://www.8200.cn/kjh/p3/2024075.htm,排列三页面所列三位试机号；排列三与排列五共用同一期体彩摇奖流程。,否,200,是,
一定牛/ydniu,排列五,2024075,2024-03-25,28508,48442,,https://m.ydniu.com/kaijiang/pl5/sjh/2024075.html,页面明确标注为排列五五位模拟试机号，属于互联网模拟数据，不是官方试机号。,是,200,是,
3D之家/3d178,福彩3D,2024075,2024-03-25,254,566,,https://www.3d178.cn/kaijiang/2024/2024075.shtml,3D之家页面所列试机号；与彩宝网口径可能不同，原样独立保留。,否,200,是,
彩宝网/8200,福彩3D,2024075,2024-03-25,254,566,380,https://www.8200.cn/kjh/3d/2024075.htm,福彩3D页面口径：同时列出开机号与试机号。,否,200,是,
彩宝网/8200,排列三,2024076,2024-03-26,968,493,,https://www.8200.cn/kjh/p3/2024076.htm,排列三页面所列三位试机号；排列三与排列五共用同一期体彩摇奖流程。,否,200,是,
一定牛/ydniu,排列五,2024076,2024-03-26,96875,69794,,https://m.ydniu.com/kaijiang/pl5/sjh/2024076.html,页面明确标注为排列五五位模拟试机号，属于互联网模拟数据，不是官方试机号。,是,200,是,
3D之家/3d178,福彩3D,2024076,2024-03-26,655,780,,https://www.3d178.cn/kaijiang/2024/2024076.shtml,3D之家页面所列试机号；与彩宝网口径可能不同，原样独立保留。,否,200,是,
彩宝网/8200,福彩3D,2024076,2024-03-26,655,780,850,https://www.8200.cn/kjh/3d/2024076.htm,福彩3D页面口径：同时列出开机号与试机号。,否,200,是,
彩宝网/8200,排列三,2024077,2024-03-27,626,624,,https://www.8200.cn/kjh/p3/2024077.htm,排列三页面所列三位试机号；排列三与排列五共用同一期体彩摇奖流程。,否,200,是,
一定牛/ydniu,排列五,2024077,2024-03-27,62685,37586,,https://m.ydniu.com/kaijiang/pl5/sjh/2024077.html,页面明确标注为排列五五位模拟试机号，属于互联网模拟数据，不是官方试机号。,是,200,是,
3D之家/3d178,福彩3D,2024077,2024-03-27,336,458,,https://www.3d178.cn/kaijiang/2024/2024077.shtml,3D之家页面所列试机号；与彩宝网口径可能不同，原样独立保留。,否,200,是,
彩宝网/8200,福彩3D,2024077,2024-03-27,336,458,859,https://www.8200.cn/kjh/3d/2024077.htm,福彩3D页面口径：同时列出开机号与试机号。,否,200,是,
彩宝网/8200,排列三,2024078,2024-03-28,126,954,,https://www.8200.cn/kjh/p3/2024078.htm,排列三页面所列三位试机号；排列三与排列五共用同一期体彩摇奖流程。,否,200,是,
一定牛/ydniu,排列五,2024078,2024-03-28,12680,14115,,https://m.ydniu.com/kaijiang/pl5/sjh/2024078.html,页面明确标注为排列五五位模拟试机号，属于互联网模拟数据，不是官方试机号。,是,200,是,
3D之家/3d178,福彩3D,2024078,2024-03-28,397,224,,https://www.3d178.cn/kaijiang/2024/2024078.shtml,3D之家页面所列试机号；与彩宝网口径可能不同，原样独立保留。,否,200,是,
彩宝网/8200,福彩3D,2024078,2024-03-28,397,224,830,https://www.8200.cn/kjh/3d/2024078.htm,福彩3D页面口径：同时列出开机号与试机号。,否,200,是,
彩宝网/8200,排列三,2024079,2024-03-29,889,893,,https://www.8200.cn/kjh/p3/2024079.htm,排列三页面所列三位试机号；排列三与排列五共用同一期体彩摇奖流程。,否,200,是,
一定牛/ydniu,排列五,2024079,2024-03-29,88908,95002,,https://m.ydniu.com/kaijiang/pl5/sjh/2024079.html,页面明确标注为排列五五位模拟试机号，属于互联网模拟数据，不是官方试机号。,是,200,是,
3D之家/3d178,福彩3D,2024079,2024-03-29,931,033,,https://www.3d178.cn/kaijiang/2024/2024079.shtml,3D之家页面所列试机号；与彩宝网口径可能不同，原样独立保留。,否,200,是,
彩宝网/8200,福彩3D,2024079,2024-03-29,931,033,129,https://www.8200.cn/kjh/3d/2024079.htm,福彩3D页面口径：同时列出开机号与试机号。,否,200,是,
彩宝网/8200,排列三,2024080,2024-03-30,012,927,,https://www.8200.cn/kjh/p3/2024080.htm,排列三页面所列三位试机号；排列三与排列五共用同一期体彩摇奖流程。,否,200,是,
一定牛/ydniu,排列五,2024080,2024-03-30,01264,68710,,https://m.ydniu.com/kaijiang/pl5/sjh/2024080.html,页面明确标注为排列五五位模拟试机号，属于互联网模拟数据，不是官方试机号。,是,200,是,
3D之家/3d178,福彩3D,2024080,2024-03-30,775,769,,https://www.3d178.cn/kaijiang/2024/2024080.shtml,3D之家页面所列试机号；与彩宝网口径可能不同，原样独立保留。,否,200,是,
彩宝网/8200,福彩3D,2024080,2024-03-30,775,769,670,https://www.8200.cn/kjh/3d/2024080.htm,福彩3D页面口径：同时列出开机号与试机号。,否,200,是,
彩宝网/8200,排列三,2024081,2024-03-31,928,930,,https://www.8200.cn/kjh/p3/2024081.htm,排列三页面所列三位试机号；排列三与排列五共用同一期体彩摇奖流程。,否,200,是,
一定牛/ydniu,排列五,2024081,2024-03-31,92851,44638,,https://m.ydniu.com/kaijiang/pl5/sjh/2024081.html,页面明确标注为排列五五位模拟试机号，属于互联网模拟数据，不是官方试机号。,是,200,是,
3D之家/3d178,福彩3D,2024081,2024-03-31,108,529,,https://www.3d178.cn/kaijiang/2024/2024081.shtml,3D之家页面所列试机号；与彩宝网口径可能不同，原样独立保留。,否,200,是,
彩宝网/8200,福彩3D,2024081,2024-03-31,108,529,459,https://www.8200.cn/kjh/3d/2024081.htm,福彩3D页面口径：同时列出开机号与试机号。,否,200,是,
彩宝网/8200,排列三,2024082,2024-04-01,571,719,,https://www.8200.cn/kjh/p3/2024082.htm,排列三页面所列三位试机号；排列三与排列五共用同一期体彩摇奖流程。,否,200,是,
一定牛/ydniu,排列五,2024082,2024-04-01,57154,35185,,https://m.ydniu.com/kaijiang/pl5/sjh/2024082.html,页面明确标注为排列五五位模拟试机号，属于互联网模拟数据，不是官方试机号。,是,200,是,
3D之家/3d178,福彩3D,2024082,2024-04-01,920,434,,https://www.3d178.cn/kaijiang/2024/2024082.shtml,3D之家页面所列试机号；与彩宝网口径可能不同，原样独立保留。,否,200,是,
彩宝网/8200,福彩3D,2024082,2024-04-01,920,434,769,https://www.8200.cn/kjh/3d/2024082.htm,福彩3D页面口径：同时列出开机号与试机号。,否,200,是,
彩宝网/8200,排列三,2024083,2024-04-02,232,371,,https://www.8200.cn/kjh/p3/2024083.htm,排列三页面所列三位试机号；排列三与排列五共用同一期体彩摇奖流程。,否,200,是,
一定牛/ydniu,排列五,2024083,2024-04-02,23219,02094,,https://m.ydniu.com/kaijiang/pl5/sjh/2024083.html,页面明确标注为排列五五位模拟试机号，属于互联网模拟数据，不是官方试机号。,是,200,是,
3D之家/3d178,福彩3D,2024083,2024-04-02,899,103,,https://www.3d178.cn/kaijiang/2024/2024083.shtml,3D之家页面所列试机号；与彩宝网口径可能不同，原样独立保留。,否,200,是,
彩宝网/8200,福彩3D,2024083,2024-04-02,899,103,438,https://www.8200.cn/kjh/3d/2024083.htm,福彩3D页面口径：同时列出开机号与试机号。,否,200,是,
彩宝网/8200,排列三,2024084,2024-04-03,549,513,,https://www.8200.cn/kjh/p3/2024084.htm,排列三页面所列三位试机号；排列三与排列五共用同一期体彩摇奖流程。,否,200,是,
一定牛/ydniu,排列五,2024084,2024-04-03,54947,43101,,https://m.ydniu.com/kaijiang/pl5/sjh/2024084.html,页面明确标注为排列五五位模拟试机号，属于互联网模拟数据，不是官方试机号。,是,200,是,
3D之家/3d178,福彩3D,2024084,2024-04-03,219,514,,https://www.3d178.cn/kaijiang/2024/2024084.shtml,3D之家页面所列试机号；与彩宝网口径可能不同，原样独立保留。,否,200,是,
彩宝网/8200,福彩3D,2024084,2024-04-03,219,514,620,https://www.8200.cn/kjh/3d/2024084.htm,福彩3D页面口径：同时列出开机号与试机号。,否,200,是,
彩宝网/8200,排列三,2024085,2024-04-04,493,620,,https://www.8200.cn/kjh/p3/2024085.htm,排列三页面所列三位试机号；排列三与排列五共用同一期体彩摇奖流程。,否,200,是,
一定牛/ydniu,排列五,2024085,2024-04-04,49361,45426,,https://m.ydniu.com/kaijiang/pl5/sjh/2024085.html,页面明确标注为排列五五位模拟试机号，属于互联网模拟数据，不是官方试机号。,是,200,是,
3D之家/3d178,福彩3D,2024085,2024-04-04,490,537,,https://www.3d178.cn/kaijiang/2024/2024085.shtml,3D之家页面所列试机号；与彩宝网口径可能不同，原样独立保留。,否,200,是,
彩宝网/8200,福彩3D,2024085,2024-04-04,490,537,593,https://www.8200.cn/kjh/3d/2024085.htm,福彩3D页面口径：同时列出开机号与试机号。,否,200,是,
彩宝网/8200,排列三,2024086,2024-04-05,278,917,,https://www.8200.cn/kjh/p3/2024086.htm,排列三页面所列三位试机号；排列三与排列五共用同一期体彩摇奖流程。,否,200,是,
一定牛/ydniu,排列五,2024086,2024-04-05,27835,74704,,https://m.ydniu.com/kaijiang/pl5/sjh/2024086.html,页面明确标注为排列五五位模拟试机号，属于互联网模拟数据，不是官方试机号。,是,200,是,
3D之家/3d178,福彩3D,2024086,2024-04-05,532,830,,https://www.3d178.cn/kaijiang/2024/2024086.shtml,3D之家页面所列试机号；与彩宝网口径可能不同，原样独立保留。,否,200,是,
彩宝网/8200,福彩3D,2024086,2024-04-05,532,830,780,https://www.8200.cn/kjh/3d/2024086.htm,福彩3D页面口径：同时列出开机号与试机号。,否,200,是,
彩宝网/8200,排列三,2024087,2024-04-06,161,256,,https://www.8200.cn/kjh/p3/2024087.htm,排列三页面所列三位试机号；排列三与排列五共用同一期体彩摇奖流程。,否,200,是,
一定牛/ydniu,排列五,2024087,2024-04-06,16107,90098,,https://m.ydniu.com/kaijiang/pl5/sjh/2024087.html,页面明确标注为排列五五位模拟试机号，属于互联网模拟数据，不是官方试机号。,是,200,是,
3D之家/3d178,福彩3D,2024087,2024-04-06,797,983,,https://www.3d178.cn/kaijiang/2024/2024087.shtml,3D之家页面所列试机号；与彩宝网口径可能不同，原样独立保留。,否,200,是,
彩宝网/8200,福彩3D,2024087,2024-04-06,797,983,652,https://www.8200.cn/kjh/3d/2024087.htm,福彩3D页面口径：同时列出开机号与试机号。,否,200,是,
彩宝网/8200,排列三,2024088,2024-04-07,819,350,,https://www.8200.cn/kjh/p3/2024088.htm,排列三页面所列三位试机号；排列三与排列五共用同一期体彩摇奖流程。,否,200,是,
一定牛/ydniu,排列五,2024088,2024-04-07,81952,31336,,https://m.ydniu.com/kaijiang/pl5/sjh/2024088.html,页面明确标注为排列五五位模拟试机号，属于互联网模拟数据，不是官方试机号。,是,200,是,
3D之家/3d178,福彩3D,2024088,2024-04-07,761,396,,https://www.3d178.cn/kaijiang/2024/2024088.shtml,3D之家页面所列试机号；与彩宝网口径可能不同，原样独立保留。,否,200,是,
彩宝网/8200,福彩3D,2024088,2024-04-07,761,396,408,https://www.8200.cn/kjh/3d/2024088.htm,福彩3D页面口径：同时列出开机号与试机号。,否,200,是,
彩宝网/8200,排列三,2024089,2024-04-08,117,268,,https://www.8200.cn/kjh/p3/2024089.htm,排列三页面所列三位试机号；排列三与排列五共用同一期体彩摇奖流程。,否,200,是,
一定牛/ydniu,排列五,2024089,2024-04-08,11704,57195,,https://m.ydniu.com/kaijiang/pl5/sjh/2024089.html,页面明确标注为排列五五位模拟试机号，属于互联网模拟数据，不是官方试机号。,是,200,是,
3D之家/3d178,福彩3D,2024089,2024-04-08,457,654,,https://www.3d178.cn/kaijiang/2024/2024089.shtml,3D之家页面所列试机号；与彩宝网口径可能不同，原样独立保留。,否,200,是,
彩宝网/8200,福彩3D,2024089,2024-04-08,457,654,472,https://www.8200.cn/kjh/3d/2024089.htm,福彩3D页面口径：同时列出开机号与试机号。,否,200,是,
彩宝网/8200,排列三,2024090,2024-04-09,206,875,,https://www.8200.cn/kjh/p3/2024090.htm,排列三页面所列三位试机号；排列三与排列五共用同一期体彩摇奖流程。,否,200,是,
一定牛/ydniu,排列五,2024090,2024-04-09,20626,93360,,https://m.ydniu.com/kaijiang/pl5/sjh/2024090.html,页面明确标注为排列五五位模拟试机号，属于互联网模拟数据，不是官方试机号。,是,200,是,
3D之家/3d178,福彩3D,2024090,2024-04-09,890,017,,https://www.3d178.cn/kaijiang/2024/2024090.shtml,3D之家页面所列试机号；与彩宝网口径可能不同，原样独立保留。,否,200,是,
彩宝网/8200,福彩3D,2024090,2024-04-09,890,017,087,https://www.8200.cn/kjh/3d/2024090.htm,福彩3D页面口径：同时列出开机号与试机号。,否,200,是,
彩宝网/8200,排列三,2024091,2024-04-10,196,950,,https://www.8200.cn/kjh/p3/2024091.htm,排列三页面所列三位试机号；排列三与排列五共用同一期体彩摇奖流程。,否,200,是,
一定牛/ydniu,排列五,2024091,2024-04-10,19651,18305,,https://m.ydniu.com/kaijiang/pl5/sjh/2024091.html,页面明确标注为排列五五位模拟试机号，属于互联网模拟数据，不是官方试机号。,是,200,是,
3D之家/3d178,福彩3D,2024091,2024-04-10,564,266,,https://www.3d178.cn/kaijiang/2024/2024091.shtml,3D之家页面所列试机号；与彩宝网口径可能不同，原样独立保留。,否,200,是,
彩宝网/8200,福彩3D,2024091,2024-04-10,564,266,728,https://www.8200.cn/kjh/3d/2024091.htm,福彩3D页面口径：同时列出开机号与试机号。,否,200,是,
彩宝网/8200,排列三,2024092,2024-04-11,150,148,,https://www.8200.cn/kjh/p3/2024092.htm,排列三页面所列三位试机号；排列三与排列五共用同一期体彩摇奖流程。,否,200,是,
一定牛/ydniu,排列五,2024092,2024-04-11,15044,76133,,https://m.ydniu.com/kaijiang/pl5/sjh/2024092.html,页面明确标注为排列五五位模拟试机号，属于互联网模拟数据，不是官方试机号。,是,200,是,
3D之家/3d178,福彩3D,2024092,2024-04-11,071,843,,https://www.3d178.cn/kaijiang/2024/2024092.shtml,3D之家页面所列试机号；与彩宝网口径可能不同，原样独立保留。,否,200,是,
彩宝网/8200,福彩3D,2024092,2024-04-11,071,843,924,https://www.8200.cn/kjh/3d/2024092.htm,福彩3D页面口径：同时列出开机号与试机号。,否,200,是,
彩宝网/8200,排列三,2024093,2024-04-12,935,934,,https://www.8200.cn/kjh/p3/2024093.htm,排列三页面所列三位试机号；排列三与排列五共用同一期体彩摇奖流程。,否,200,是,
一定牛/ydniu,排列五,2024093,2024-04-12,93538,65589,,https://m.ydniu.com/kaijiang/pl5/sjh/2024093.html,页面明确标注为排列五五位模拟试机号，属于互联网模拟数据，不是官方试机号。,是,200,是,
3D之家/3d178,福彩3D,2024093,2024-04-12,647,738,,https://www.3d178.cn/kaijiang/2024/2024093.shtml,3D之家页面所列试机号；与彩宝网口径可能不同，原样独立保留。,否,200,是,
彩宝网/8200,福彩3D,2024093,2024-04-12,647,738,253,https://www.8200.cn/kjh/3d/2024093.htm,福彩3D页面口径：同时列出开机号与试机号。,否,200,是,
彩宝网/8200,排列三,2024094,2024-04-13,271,824,,https://www.8200.cn/kjh/p3/2024094.htm,排列三页面所列三位试机号；排列三与排列五共用同一期体彩摇奖流程。,否,200,是,
一定牛/ydniu,排列五,2024094,2024-04-13,27176,73354,,https://m.ydniu.com/kaijiang/pl5/sjh/2024094.html,页面明确标注为排列五五位模拟试机号，属于互联网模拟数据，不是官方试机号。,是,200,是,
3D之家/3d178,福彩3D,2024094,2024-04-13,679,815,,https://www.3d178.cn/kaijiang/2024/2024094.shtml,3D之家页面所列试机号；与彩宝网口径可能不同，原样独立保留。,否,200,是,
彩宝网/8200,福彩3D,2024094,2024-04-13,679,815,537,https://www.8200.cn/kjh/3d/2024094.htm,福彩3D页面口径：同时列出开机号与试机号。,否,200,是,
彩宝网/8200,排列三,2024095,2024-04-14,175,386,,https://www.8200.cn/kjh/p3/2024095.htm,排列三页面所列三位试机号；排列三与排列五共用同一期体彩摇奖流程。,否,200,是,
一定牛/ydniu,排列五,2024095,2024-04-14,17543,93141,,https://m.ydniu.com/kaijiang/pl5/sjh/2024095.html,页面明确标注为排列五五位模拟试机号，属于互联网模拟数据，不是官方试机号。,是,200,是,
3D之家/3d178,福彩3D,2024095,2024-04-14,257,015,,https://www.3d178.cn/kaijiang/2024/2024095.shtml,3D之家页面所列试机号；与彩宝网口径可能不同，原样独立保留。,否,200,是,
彩宝网/8200,福彩3D,2024095,2024-04-14,257,015,280,https://www.8200.cn/kjh/3d/2024095.htm,福彩3D页面口径：同时列出开机号与试机号。,否,200,是,
彩宝网/8200,排列三,2024096,2024-04-15,463,986,,https://www.8200.cn/kjh/p3/2024096.htm,排列三页面所列三位试机号；排列三与排列五共用同一期体彩摇奖流程。,否,200,是,
一定牛/ydniu,排列五,2024096,2024-04-15,46352,00969,,https://m.ydniu.com/kaijiang/pl5/sjh/2024096.html,页面明确标注为排列五五位模拟试机号，属于互联网模拟数据，不是官方试机号。,是,200,是,
3D之家/3d178,福彩3D,2024096,2024-04-15,129,092,,https://www.3d178.cn/kaijiang/2024/2024096.shtml,3D之家页面所列试机号；与彩宝网口径可能不同，原样独立保留。,否,200,是,
彩宝网/8200,福彩3D,2024096,2024-04-15,129,092,563,https://www.8200.cn/kjh/3d/2024096.htm,福彩3D页面口径：同时列出开机号与试机号。,否,200,是,
彩宝网/8200,排列三,2024097,2024-04-16,863,509,,https://www.8200.cn/kjh/p3/2024097.htm,排列三页面所列三位试机号；排列三与排列五共用同一期体彩摇奖流程。,否,200,是,
一定牛/ydniu,排列五,2024097,2024-04-16,86372,87927,,https://m.ydniu.com/kaijiang/pl5/sjh/2024097.html,页面明确标注为排列五五位模拟试机号，属于互联网模拟数据，不是官方试机号。,是,200,是,
3D之家/3d178,福彩3D,2024097,2024-04-16,389,962,,https://www.3d178.cn/kaijiang/2024/2024097.shtml,3D之家页面所列试机号；与彩宝网口径可能不同，原样独立保留。,否,200,是,
彩宝网/8200,福彩3D,2024097,2024-04-16,389,962,910,https://www.8200.cn/kjh/3d/2024097.htm,福彩3D页面口径：同时列出开机号与试机号。,否,200,是,
彩宝网/8200,排列三,2024098,2024-04-17,247,571,,https://www.8200.cn/kjh/p3/2024098.htm,排列三页面所列三位试机号；排列三与排列五共用同一期体彩摇奖流程。,否,200,是,
一定牛/ydniu,排列五,2024098,2024-04-17,24705,93587,,https://m.ydniu.com/kaijiang/pl5/sjh/2024098.html,页面明确标注为排列五五位模拟试机号，属于互联网模拟数据，不是官方试机号。,是,200,是,
3D之家/3d178,福彩3D,2024098,2024-04-17,620,019,,https://www.3d178.cn/kaijiang/2024/2024098.shtml,3D之家页面所列试机号；与彩宝网口径可能不同，原样独立保留。,否,200,是,
彩宝网/8200,福彩3D,2024098,2024-04-17,620,019,827,https://www.8200.cn/kjh/3d/2024098.htm,福彩3D页面口径：同时列出开机号与试机号。,否,200,是,
彩宝网/8200,排列三,2024099,2024-04-18,102,795,,https://www.8200.cn/kjh/p3/2024099.htm,排列三页面所列三位试机号；排列三与排列五共用同一期体彩摇奖流程。,否,200,是,
一定牛/ydniu,排列五,2024099,2024-04-18,10254,07273,,https://m.ydniu.com/kaijiang/pl5/sjh/2024099.html,页面明确标注为排列五五位模拟试机号，属于互联网模拟数据，不是官方试机号。,是,200,是,
3D之家/3d178,福彩3D,2024099,2024-04-18,190,154,,https://www.3d178.cn/kaijiang/2024/2024099.shtml,3D之家页面所列试机号；与彩宝网口径可能不同，原样独立保留。,否,200,是,
彩宝网/8200,福彩3D,2024099,2024-04-18,190,154,057,https://www.8200.cn/kjh/3d/2024099.htm,福彩3D页面口径：同时列出开机号与试机号。,否,200,是,
彩宝网/8200,排列三,2024100,2024-04-19,157,690,,https://www.8200.cn/kjh/p3/2024100.htm,排列三页面所列三位试机号；排列三与排列五共用同一期体彩摇奖流程。,否,200,是,
一定牛/ydniu,排列五,2024100,2024-04-19,15771,22123,,https://m.ydniu.com/kaijiang/pl5/sjh/2024100.html,页面明确标注为排列五五位模拟试机号，属于互联网模拟数据，不是官方试机号。,是,200,是,
3D之家/3d178,福彩3D,2024100,2024-04-19,936,304,,https://www.3d178.cn/kaijiang/2024/2024100.shtml,3D之家页面所列试机号；与彩宝网口径可能不同，原样独立保留。,否,200,是,
彩宝网/8200,福彩3D,2024100,2024-04-19,936,304,495,https://www.8200.cn/kjh/3d/2024100.htm,福彩3D页面口径：同时列出开机号与试机号。,否,200,是,
彩宝网/8200,排列三,2024101,2024-04-20,030,186,,https://www.8200.cn/kjh/p3/2024101.htm,排列三页面所列三位试机号；排列三与排列五共用同一期体彩摇奖流程。,否,200,是,
一定牛/ydniu,排列五,2024101,2024-04-20,03074,04266,,https://m.ydniu.com/kaijiang/pl5/sjh/2024101.html,页面明确标注为排列五五位模拟试机号，属于互联网模拟数据，不是官方试机号。,是,200,是,
3D之家/3d178,福彩3D,2024101,2024-04-20,594,124,,https://www.3d178.cn/kaijiang/2024/2024101.shtml,3D之家页面所列试机号；与彩宝网口径可能不同，原样独立保留。,否,200,是,
彩宝网/8200,福彩3D,2024101,2024-04-20,594,124,927,https://www.8200.cn/kjh/3d/2024101.htm,福彩3D页面口径：同时列出开机号与试机号。,否,200,是,
彩宝网/8200,排列三,2024102,2024-04-21,215,697,,https://www.8200.cn/kjh/p3/2024102.htm,排列三页面所列三位试机号；排列三与排列五共用同一期体彩摇奖流程。,否,200,是,
一定牛/ydniu,排列五,2024102,2024-04-21,21536,08069,,https://m.ydniu.com/kaijiang/pl5/sjh/2024102.html,页面明确标注为排列五五位模拟试机号，属于互联网模拟数据，不是官方试机号。,是,200,是,
3D之家/3d178,福彩3D,2024102,2024-04-21,339,162,,https://www.3d178.cn/kaijiang/2024/2024102.shtml,3D之家页面所列试机号；与彩宝网口径可能不同，原样独立保留。,否,200,是,
彩宝网/8200,福彩3D,2024102,2024-04-21,339,162,597,https://www.8200.cn/kjh/3d/2024102.htm,福彩3D页面口径：同时列出开机号与试机号。,否,200,是,
彩宝网/8200,排列三,2024103,2024-04-22,551,143,,https://www.8200.cn/kjh/p3/2024103.htm,排列三页面所列三位试机号；排列三与排列五共用同一期体彩摇奖流程。,否,200,是,
一定牛/ydniu,排列五,2024103,2024-04-22,55120,74712,,https://m.ydniu.com/kaijiang/pl5/sjh/2024103.html,页面明确标注为排列五五位模拟试机号，属于互联网模拟数据，不是官方试机号。,是,200,是,
3D之家/3d178,福彩3D,2024103,2024-04-22,984,830,,https://www.3d178.cn/kaijiang/2024/2024103.shtml,3D之家页面所列试机号；与彩宝网口径可能不同，原样独立保留。,否,200,是,
彩宝网/8200,福彩3D,2024103,2024-04-22,984,830,765,https://www.8200.cn/kjh/3d/2024103.htm,福彩3D页面口径：同时列出开机号与试机号。,否,200,是,
彩宝网/8200,排列三,2024104,2024-04-23,474,834,,https://www.8200.cn/kjh/p3/2024104.htm,排列三页面所列三位试机号；排列三与排列五共用同一期体彩摇奖流程。,否,200,是,
一定牛/ydniu,排列五,2024104,2024-04-23,47428,49852,,https://m.ydniu.com/kaijiang/pl5/sjh/2024104.html,页面明确标注为排列五五位模拟试机号，属于互联网模拟数据，不是官方试机号。,是,200,是,
3D之家/3d178,福彩3D,2024104,2024-04-23,579,581,,https://www.3d178.cn/kaijiang/2024/2024104.shtml,3D之家页面所列试机号；与彩宝网口径可能不同，原样独立保留。,否,200,是,
彩宝网/8200,福彩3D,2024104,2024-04-23,579,581,247,https://www.8200.cn/kjh/3d/2024104.htm,福彩3D页面口径：同时列出开机号与试机号。,否,200,是,
彩宝网/8200,排列三,2024105,2024-04-24,210,239,,https://www.8200.cn/kjh/p3/2024105.htm,排列三页面所列三位试机号；排列三与排列五共用同一期体彩摇奖流程。,否,200,是,
一定牛/ydniu,排列五,2024105,2024-04-24,21015,59900,,https://m.ydniu.com/kaijiang/pl5/sjh/2024105.html,页面明确标注为排列五五位模拟试机号，属于互联网模拟数据，不是官方试机号。,是,200,是,
3D之家/3d178,福彩3D,2024105,2024-04-24,976,682,,https://www.3d178.cn/kaijiang/2024/2024105.shtml,3D之家页面所列试机号；与彩宝网口径可能不同，原样独立保留。,否,200,是,
彩宝网/8200,福彩3D,2024105,2024-04-24,976,682,724,https://www.8200.cn/kjh/3d/2024105.htm,福彩3D页面口径：同时列出开机号与试机号。,否,200,是,
彩宝网/8200,排列三,2024106,2024-04-25,533,531,,https://www.8200.cn/kjh/p3/2024106.htm,排列三页面所列三位试机号；排列三与排列五共用同一期体彩摇奖流程。,否,200,是,
一定牛/ydniu,排列五,2024106,2024-04-25,53323,84883,,https://m.ydniu.com/kaijiang/pl5/sjh/2024106.html,页面明确标注为排列五五位模拟试机号，属于互联网模拟数据，不是官方试机号。,是,200,是,
3D之家/3d178,福彩3D,2024106,2024-04-25,127,930,,https://www.3d178.cn/kaijiang/2024/2024106.shtml,3D之家页面所列试机号；与彩宝网口径可能不同，原样独立保留。,否,200,是,
彩宝网/8200,福彩3D,2024106,2024-04-25,127,930,347,https://www.8200.cn/kjh/3d/2024106.htm,福彩3D页面口径：同时列出开机号与试机号。,否,200,是,
彩宝网/8200,排列三,2024107,2024-04-26,499,265,,https://www.8200.cn/kjh/p3/2024107.htm,排列三页面所列三位试机号；排列三与排列五共用同一期体彩摇奖流程。,否,200,是,
一定牛/ydniu,排列五,2024107,2024-04-26,49936,50351,,https://m.ydniu.com/kaijiang/pl5/sjh/2024107.html,页面明确标注为排列五五位模拟试机号，属于互联网模拟数据，不是官方试机号。,是,200,是,
3D之家/3d178,福彩3D,2024107,2024-04-26,062,858,,https://www.3d178.cn/kaijiang/2024/2024107.shtml,3D之家页面所列试机号；与彩宝网口径可能不同，原样独立保留。,否,200,是,
彩宝网/8200,福彩3D,2024107,2024-04-26,062,858,625,https://www.8200.cn/kjh/3d/2024107.htm,福彩3D页面口径：同时列出开机号与试机号。,否,200,是,
彩宝网/8200,排列三,2024108,2024-04-27,252,598,,https://www.8200.cn/kjh/p3/2024108.htm,排列三页面所列三位试机号；排列三与排列五共用同一期体彩摇奖流程。,否,200,是,
一定牛/ydniu,排列五,2024108,2024-04-27,25283,77486,,https://m.ydniu.com/kaijiang/pl5/sjh/2024108.html,页面明确标注为排列五五位模拟试机号，属于互联网模拟数据，不是官方试机号。,是,200,是,
3D之家/3d178,福彩3D,2024108,2024-04-27,432,606,,https://www.3d178.cn/kaijiang/2024/2024108.shtml,3D之家页面所列试机号；与彩宝网口径可能不同，原样独立保留。,否,200,是,
彩宝网/8200,福彩3D,2024108,2024-04-27,432,606,952,https://www.8200.cn/kjh/3d/2024108.htm,福彩3D页面口径：同时列出开机号与试机号。,否,200,是,
彩宝网/8200,排列三,2024109,2024-04-28,243,269,,https://www.8200.cn/kjh/p3/2024109.htm,排列三页面所列三位试机号；排列三与排列五共用同一期体彩摇奖流程。,否,200,是,
一定牛/ydniu,排列五,2024109,2024-04-28,24366,02397,,https://m.ydniu.com/kaijiang/pl5/sjh/2024109.html,页面明确标注为排列五五位模拟试机号，属于互联网模拟数据，不是官方试机号。,是,200,是,
3D之家/3d178,福彩3D,2024109,2024-04-28,181,670,,https://www.3d178.cn/kaijiang/2024/2024109.shtml,3D之家页面所列试机号；与彩宝网口径可能不同，原样独立保留。,否,200,是,
彩宝网/8200,福彩3D,2024109,2024-04-28,181,670,162,https://www.8200.cn/kjh/3d/2024109.htm,福彩3D页面口径：同时列出开机号与试机号。,否,200,是,
彩宝网/8200,排列三,2024110,2024-04-29,629,261,,https://www.8200.cn/kjh/p3/2024110.htm,排列三页面所列三位试机号；排列三与排列五共用同一期体彩摇奖流程。,否,200,是,
一定牛/ydniu,排列五,2024110,2024-04-29,62904,38016,,https://m.ydniu.com/kaijiang/pl5/sjh/2024110.html,页面明确标注为排列五五位模拟试机号，属于互联网模拟数据，不是官方试机号。,是,200,是,
3D之家/3d178,福彩3D,2024110,2024-04-29,506,845,,https://www.3d178.cn/kaijiang/2024/2024110.shtml,3D之家页面所列试机号；与彩宝网口径可能不同，原样独立保留。,否,200,是,
彩宝网/8200,福彩3D,2024110,2024-04-29,506,845,046,https://www.8200.cn/kjh/3d/2024110.htm,福彩3D页面口径：同时列出开机号与试机号。,否,200,是,
彩宝网/8200,排列三,2024111,2024-04-30,336,947,,https://www.8200.cn/kjh/p3/2024111.htm,排列三页面所列三位试机号；排列三与排列五共用同一期体彩摇奖流程。,否,200,是,
一定牛/ydniu,排列五,2024111,2024-04-30,33671,99187,,https://m.ydniu.com/kaijiang/pl5/sjh/2024111.html,页面明确标注为排列五五位模拟试机号，属于互联网模拟数据，不是官方试机号。,是,200,是,
3D之家/3d178,福彩3D,2024111,2024-04-30,206,642,,https://www.3d178.cn/kaijiang/2024/2024111.shtml,3D之家页面所列试机号；与彩宝网口径可能不同，原样独立保留。,否,200,是,
彩宝网/8200,福彩3D,2024111,2024-04-30,206,642,736,https://www.8200.cn/kjh/3d/2024111.htm,福彩3D页面口径：同时列出开机号与试机号。,否,200,是,
彩宝网/8200,排列三,2024112,2024-05-01,218,102,,https://www.8200.cn/kjh/p3/2024112.htm,排列三页面所列三位试机号；排列三与排列五共用同一期体彩摇奖流程。,否,200,是,
一定牛/ydniu,排列五,2024112,2024-05-01,21803,11349,,https://m.ydniu.com/kaijiang/pl5/sjh/2024112.html,页面明确标注为排列五五位模拟试机号，属于互联网模拟数据，不是官方试机号。,是,200,是,
3D之家/3d178,福彩3D,2024112,2024-05-01,630,962,,https://www.3d178.cn/kaijiang/2024/2024112.shtml,3D之家页面所列试机号；与彩宝网口径可能不同，原样独立保留。,否,200,是,
彩宝网/8200,福彩3D,2024112,2024-05-01,630,962,138,https://www.8200.cn/kjh/3d/2024112.htm,福彩3D页面口径：同时列出开机号与试机号。,否,200,是,
彩宝网/8200,排列三,2024113,2024-05-02,345,378,,https://www.8200.cn/kjh/p3/2024113.htm,排列三页面所列三位试机号；排列三与排列五共用同一期体彩摇奖流程。,否,200,是,
一定牛/ydniu,排列五,2024113,2024-05-02,34500,22463,,https://m.ydniu.com/kaijiang/pl5/sjh/2024113.html,页面明确标注为排列五五位模拟试机号，属于互联网模拟数据，不是官方试机号。,是,200,是,
3D之家/3d178,福彩3D,2024113,2024-05-02,242,016,,https://www.3d178.cn/kaijiang/2024/2024113.shtml,3D之家页面所列试机号；与彩宝网口径可能不同，原样独立保留。,否,200,是,
彩宝网/8200,福彩3D,2024113,2024-05-02,242,016,043,https://www.8200.cn/kjh/3d/2024113.htm,福彩3D页面口径：同时列出开机号与试机号。,否,200,是,
彩宝网/8200,排列三,2024114,2024-05-03,548,794,,https://www.8200.cn/kjh/p3/2024114.htm,排列三页面所列三位试机号；排列三与排列五共用同一期体彩摇奖流程。,否,200,是,
一定牛/ydniu,排列五,2024114,2024-05-03,54856,09541,,https://m.ydniu.com/kaijiang/pl5/sjh/2024114.html,页面明确标注为排列五五位模拟试机号，属于互联网模拟数据，不是官方试机号。,是,200,是,
3D之家/3d178,福彩3D,2024114,2024-05-03,075,160,,https://www.3d178.cn/kaijiang/2024/2024114.shtml,3D之家页面所列试机号；与彩宝网口径可能不同，原样独立保留。,否,200,是,
彩宝网/8200,福彩3D,2024114,2024-05-03,075,160,287,https://www.8200.cn/kjh/3d/2024114.htm,福彩3D页面口径：同时列出开机号与试机号。,否,200,是,
彩宝网/8200,排列三,2024115,2024-05-04,620,563,,https://www.8200.cn/kjh/p3/2024115.htm,排列三页面所列三位试机号；排列三与排列五共用同一期体彩摇奖流程。,否,200,是,
一定牛/ydniu,排列五,2024115,2024-05-04,62023,23611,,https://m.ydniu.com/kaijiang/pl5/sjh/2024115.html,页面明确标注为排列五五位模拟试机号，属于互联网模拟数据，不是官方试机号。,是,200,是,
3D之家/3d178,福彩3D,2024115,2024-05-04,099,111,,https://www.3d178.cn/kaijiang/2024/2024115.shtml,3D之家页面所列试机号；与彩宝网口径可能不同，原样独立保留。,否,200,是,
彩宝网/8200,福彩3D,2024115,2024-05-04,099,111,351,https://www.8200.cn/kjh/3d/2024115.htm,福彩3D页面口径：同时列出开机号与试机号。,否,200,是,
彩宝网/8200,排列三,2024116,2024-05-05,348,420,,https://www.8200.cn/kjh/p3/2024116.htm,排列三页面所列三位试机号；排列三与排列五共用同一期体彩摇奖流程。,否,200,是,
一定牛/ydniu,排列五,2024116,2024-05-05,34845,11142,,https://m.ydniu.com/kaijiang/pl5/sjh/2024116.html,页面明确标注为排列五五位模拟试机号，属于互联网模拟数据，不是官方试机号。,是,200,是,
3D之家/3d178,福彩3D,2024116,2024-05-05,851,547,,https://www.3d178.cn/kaijiang/2024/2024116.shtml,3D之家页面所列试机号；与彩宝网口径可能不同，原样独立保留。,否,200,是,
彩宝网/8200,福彩3D,2024116,2024-05-05,851,547,021,https://www.8200.cn/kjh/3d/2024116.htm,福彩3D页面口径：同时列出开机号与试机号。,否,200,是,
彩宝网/8200,排列三,2024117,2024-05-06,185,917,,https://www.8200.cn/kjh/p3/2024117.htm,排列三页面所列三位试机号；排列三与排列五共用同一期体彩摇奖流程。,否,200,是,
一定牛/ydniu,排列五,2024117,2024-05-06,18586,88743,,https://m.ydniu.com/kaijiang/pl5/sjh/2024117.html,页面明确标注为排列五五位模拟试机号，属于互联网模拟数据，不是官方试机号。,是,200,是,
3D之家/3d178,福彩3D,2024117,2024-05-06,989,726,,https://www.3d178.cn/kaijiang/2024/2024117.shtml,3D之家页面所列试机号；与彩宝网口径可能不同，原样独立保留。,否,200,是,
彩宝网/8200,福彩3D,2024117,2024-05-06,989,726,305,https://www.8200.cn/kjh/3d/2024117.htm,福彩3D页面口径：同时列出开机号与试机号。,否,200,是,
彩宝网/8200,排列三,2024118,2024-05-07,733,705,,https://www.8200.cn/kjh/p3/2024118.htm,排列三页面所列三位试机号；排列三与排列五共用同一期体彩摇奖流程。,否,200,是,
一定牛/ydniu,排列五,2024118,2024-05-07,73372,77164,,https://m.ydniu.com/kaijiang/pl5/sjh/2024118.html,页面明确标注为排列五五位模拟试机号，属于互联网模拟数据，不是官方试机号。,是,200,是,
3D之家/3d178,福彩3D,2024118,2024-05-07,343,709,,https://www.3d178.cn/kaijiang/2024/2024118.shtml,3D之家页面所列试机号；与彩宝网口径可能不同，原样独立保留。,否,200,是,
彩宝网/8200,福彩3D,2024118,2024-05-07,343,709,038,https://www.8200.cn/kjh/3d/2024118.htm,福彩3D页面口径：同时列出开机号与试机号。,否,200,是,
彩宝网/8200,排列三,2024119,2024-05-08,255,639,,https://www.8200.cn/kjh/p3/2024119.htm,排列三页面所列三位试机号；排列三与排列五共用同一期体彩摇奖流程。,否,200,是,
一定牛/ydniu,排列五,2024119,2024-05-08,25533,19125,,https://m.ydniu.com/kaijiang/pl5/sjh/2024119.html,页面明确标注为排列五五位模拟试机号，属于互联网模拟数据，不是官方试机号。,是,200,是,
3D之家/3d178,福彩3D,2024119,2024-05-08,508,308,,https://www.3d178.cn/kaijiang/2024/2024119.shtml,3D之家页面所列试机号；与彩宝网口径可能不同，原样独立保留。,否,200,是,
彩宝网/8200,福彩3D,2024119,2024-05-08,508,308,058,https://www.8200.cn/kjh/3d/2024119.htm,福彩3D页面口径：同时列出开机号与试机号。,否,200,是,
彩宝网/8200,排列三,2024120,2024-05-09,529,524,,https://www.8200.cn/kjh/p3/2024120.htm,排列三页面所列三位试机号；排列三与排列五共用同一期体彩摇奖流程。,否,200,是,
一定牛/ydniu,排列五,2024120,2024-05-09,52911,86347,,https://m.ydniu.com/kaijiang/pl5/sjh/2024120.html,页面明确标注为排列五五位模拟试机号，属于互联网模拟数据，不是官方试机号。,是,200,是,
3D之家/3d178,福彩3D,2024120,2024-05-09,549,737,,https://www.3d178.cn/kaijiang/2024/2024120.shtml,3D之家页面所列试机号；与彩宝网口径可能不同，原样独立保留。,否,200,是,
彩宝网/8200,福彩3D,2024120,2024-05-09,549,737,178,https://www.8200.cn/kjh/3d/2024120.htm,福彩3D页面口径：同时列出开机号与试机号。,否,200,是,
彩宝网/8200,排列三,2024121,2024-05-10,518,501,,https://www.8200.cn/kjh/p3/2024121.htm,排列三页面所列三位试机号；排列三与排列五共用同一期体彩摇奖流程。,否,200,是,
一定牛/ydniu,排列五,2024121,2024-05-10,51844,94024,,https://m.ydniu.com/kaijiang/pl5/sjh/2024121.html,页面明确标注为排列五五位模拟试机号，属于互联网模拟数据，不是官方试机号。,是,200,是,
3D之家/3d178,福彩3D,2024121,2024-05-10,289,099,,https://www.3d178.cn/kaijiang/2024/2024121.shtml,3D之家页面所列试机号；与彩宝网口径可能不同，原样独立保留。,否,200,是,
彩宝网/8200,福彩3D,2024121,2024-05-10,289,099,915,https://www.8200.cn/kjh/3d/2024121.htm,福彩3D页面口径：同时列出开机号与试机号。,否,200,是,
彩宝网/8200,排列三,2024122,2024-05-11,246,478,,https://www.8200.cn/kjh/p3/2024122.htm,排列三页面所列三位试机号；排列三与排列五共用同一期体彩摇奖流程。,否,200,是,
一定牛/ydniu,排列五,2024122,2024-05-11,24638,57534,,https://m.ydniu.com/kaijiang/pl5/sjh/2024122.html,页面明确标注为排列五五位模拟试机号，属于互联网模拟数据，不是官方试机号。,是,200,是,
3D之家/3d178,福彩3D,2024122,2024-05-11,708,184,,https://www.3d178.cn/kaijiang/2024/2024122.shtml,3D之家页面所列试机号；与彩宝网口径可能不同，原样独立保留。,否,200,是,
彩宝网/8200,福彩3D,2024122,2024-05-11,708,184,136,https://www.8200.cn/kjh/3d/2024122.htm,福彩3D页面口径：同时列出开机号与试机号。,否,200,是,
彩宝网/8200,排列三,2024123,2024-05-12,538,149,,https://www.8200.cn/kjh/p3/2024123.htm,排列三页面所列三位试机号；排列三与排列五共用同一期体彩摇奖流程。,否,200,是,
一定牛/ydniu,排列五,2024123,2024-05-12,53858,26250,,https://m.ydniu.com/kaijiang/pl5/sjh/2024123.html,页面明确标注为排列五五位模拟试机号，属于互联网模拟数据，不是官方试机号。,是,200,是,
3D之家/3d178,福彩3D,2024123,2024-05-12,183,653,,https://www.3d178.cn/kaijiang/2024/2024123.shtml,3D之家页面所列试机号；与彩宝网口径可能不同，原样独立保留。,否,200,是,
彩宝网/8200,福彩3D,2024123,2024-05-12,183,653,681,https://www.8200.cn/kjh/3d/2024123.htm,福彩3D页面口径：同时列出开机号与试机号。,否,200,是,
彩宝网/8200,排列三,2024124,2024-05-13,835,812,,https://www.8200.cn/kjh/p3/2024124.htm,排列三页面所列三位试机号；排列三与排列五共用同一期体彩摇奖流程。,否,200,是,
一定牛/ydniu,排列五,2024124,2024-05-13,83503,46284,,https://m.ydniu.com/kaijiang/pl5/sjh/2024124.html,页面明确标注为排列五五位模拟试机号，属于互联网模拟数据，不是官方试机号。,是,200,是,
3D之家/3d178,福彩3D,2024124,2024-05-13,787,831,,https://www.3d178.cn/kaijiang/2024/2024124.shtml,3D之家页面所列试机号；与彩宝网口径可能不同，原样独立保留。,否,200,是,
彩宝网/8200,福彩3D,2024124,2024-05-13,787,831,346,https://www.8200.cn/kjh/3d/2024124.htm,福彩3D页面口径：同时列出开机号与试机号。,否,200,是,
彩宝网/8200,排列三,2024125,2024-05-14,706,102,,https://www.8200.cn/kjh/p3/2024125.htm,排列三页面所列三位试机号；排列三与排列五共用同一期体彩摇奖流程。,否,200,是,
一定牛/ydniu,排列五,2024125,2024-05-14,70680,25738,,https://m.ydniu.com/kaijiang/pl5/sjh/2024125.html,页面明确标注为排列五五位模拟试机号，属于互联网模拟数据，不是官方试机号。,是,200,是,
3D之家/3d178,福彩3D,2024125,2024-05-14,649,685,,https://www.3d178.cn/kaijiang/2024/2024125.shtml,3D之家页面所列试机号；与彩宝网口径可能不同，原样独立保留。,否,200,是,
彩宝网/8200,福彩3D,2024125,2024-05-14,649,685,853,https://www.8200.cn/kjh/3d/2024125.htm,福彩3D页面口径：同时列出开机号与试机号。,否,200,是,
彩宝网/8200,排列三,2024126,2024-05-15,379,849,,https://www.8200.cn/kjh/p3/2024126.htm,排列三页面所列三位试机号；排列三与排列五共用同一期体彩摇奖流程。,否,200,是,
一定牛/ydniu,排列五,2024126,2024-05-15,37952,42129,,https://m.ydniu.com/kaijiang/pl5/sjh/2024126.html,页面明确标注为排列五五位模拟试机号，属于互联网模拟数据，不是官方试机号。,是,200,是,
3D之家/3d178,福彩3D,2024126,2024-05-15,323,781,,https://www.3d178.cn/kaijiang/2024/2024126.shtml,3D之家页面所列试机号；与彩宝网口径可能不同，原样独立保留。,否,200,是,
彩宝网/8200,福彩3D,2024126,2024-05-15,323,781,549,https://www.8200.cn/kjh/3d/2024126.htm,福彩3D页面口径：同时列出开机号与试机号。,否,200,是,
彩宝网/8200,排列三,2024127,2024-05-16,744,506,,https://www.8200.cn/kjh/p3/2024127.htm,排列三页面所列三位试机号；排列三与排列五共用同一期体彩摇奖流程。,否,200,是,
一定牛/ydniu,排列五,2024127,2024-05-16,74405,63482,,https://m.ydniu.com/kaijiang/pl5/sjh/2024127.html,页面明确标注为排列五五位模拟试机号，属于互联网模拟数据，不是官方试机号。,是,200,是,
3D之家/3d178,福彩3D,2024127,2024-05-16,214,122,,https://www.3d178.cn/kaijiang/2024/2024127.shtml,3D之家页面所列试机号；与彩宝网口径可能不同，原样独立保留。,否,200,是,
彩宝网/8200,福彩3D,2024127,2024-05-16,214,122,598,https://www.8200.cn/kjh/3d/2024127.htm,福彩3D页面口径：同时列出开机号与试机号。,否,200,是,
彩宝网/8200,排列三,2024128,2024-05-17,017,513,,https://www.8200.cn/kjh/p3/2024128.htm,排列三页面所列三位试机号；排列三与排列五共用同一期体彩摇奖流程。,否,200,是,
一定牛/ydniu,排列五,2024128,2024-05-17,01780,44733,,https://m.ydniu.com/kaijiang/pl5/sjh/2024128.html,页面明确标注为排列五五位模拟试机号，属于互联网模拟数据，不是官方试机号。,是,200,是,
3D之家/3d178,福彩3D,2024128,2024-05-17,573,778,,https://www.3d178.cn/kaijiang/2024/2024128.shtml,3D之家页面所列试机号；与彩宝网口径可能不同，原样独立保留。,否,200,是,
彩宝网/8200,福彩3D,2024128,2024-05-17,573,778,780,https://www.8200.cn/kjh/3d/2024128.htm,福彩3D页面口径：同时列出开机号与试机号。,否,200,是,
彩宝网/8200,排列三,2024129,2024-05-18,278,289,,https://www.8200.cn/kjh/p3/2024129.htm,排列三页面所列三位试机号；排列三与排列五共用同一期体彩摇奖流程。,否,200,是,
一定牛/ydniu,排列五,2024129,2024-05-18,27873,68545,,https://m.ydniu.com/kaijiang/pl5/sjh/2024129.html,页面明确标注为排列五五位模拟试机号，属于互联网模拟数据，不是官方试机号。,是,200,是,
3D之家/3d178,福彩3D,2024129,2024-05-18,067,085,,https://www.3d178.cn/kaijiang/2024/2024129.shtml,3D之家页面所列试机号；与彩宝网口径可能不同，原样独立保留。,否,200,是,
彩宝网/8200,福彩3D,2024129,2024-05-18,067,085,860,https://www.8200.cn/kjh/3d/2024129.htm,福彩3D页面口径：同时列出开机号与试机号。,否,200,是,
彩宝网/8200,排列三,2024130,2024-05-19,122,712,,https://www.8200.cn/kjh/p3/2024130.htm,排列三页面所列三位试机号；排列三与排列五共用同一期体彩摇奖流程。,否,200,是,
一定牛/ydniu,排列五,2024130,2024-05-19,12202,51214,,https://m.ydniu.com/kaijiang/pl5/sjh/2024130.html,页面明确标注为排列五五位模拟试机号，属于互联网模拟数据，不是官方试机号。,是,200,是,
3D之家/3d178,福彩3D,2024130,2024-05-19,066,537,,https://www.3d178.cn/kaijiang/2024/2024130.shtml,3D之家页面所列试机号；与彩宝网口径可能不同，原样独立保留。,否,200,是,
彩宝网/8200,福彩3D,2024130,2024-05-19,066,537,983,https://www.8200.cn/kjh/3d/2024130.htm,福彩3D页面口径：同时列出开机号与试机号。,否,200,是,
彩宝网/8200,排列三,2024131,2024-05-20,571,894,,https://www.8200.cn/kjh/p3/2024131.htm,排列三页面所列三位试机号；排列三与排列五共用同一期体彩摇奖流程。,否,200,是,
一定牛/ydniu,排列五,2024131,2024-05-20,57141,60480,,https://m.ydniu.com/kaijiang/pl5/sjh/2024131.html,页面明确标注为排列五五位模拟试机号，属于互联网模拟数据，不是官方试机号。,是,200,是,
3D之家/3d178,福彩3D,2024131,2024-05-20,069,298,,https://www.3d178.cn/kaijiang/2024/2024131.shtml,3D之家页面所列试机号；与彩宝网口径可能不同，原样独立保留。,否,200,是,
彩宝网/8200,福彩3D,2024131,2024-05-20,069,298,012,https://www.8200.cn/kjh/3d/2024131.htm,福彩3D页面口径：同时列出开机号与试机号。,否,200,是,
彩宝网/8200,排列三,2024132,2024-05-21,604,237,,https://www.8200.cn/kjh/p3/2024132.htm,排列三页面所列三位试机号；排列三与排列五共用同一期体彩摇奖流程。,否,200,是,
一定牛/ydniu,排列五,2024132,2024-05-21,60448,65549,,https://m.ydniu.com/kaijiang/pl5/sjh/2024132.html,页面明确标注为排列五五位模拟试机号，属于互联网模拟数据，不是官方试机号。,是,200,是,
3D之家/3d178,福彩3D,2024132,2024-05-21,652,463,,https://www.3d178.cn/kaijiang/2024/2024132.shtml,3D之家页面所列试机号；与彩宝网口径可能不同，原样独立保留。,否,200,是,
彩宝网/8200,福彩3D,2024132,2024-05-21,652,463,501,https://www.8200.cn/kjh/3d/2024132.htm,福彩3D页面口径：同时列出开机号与试机号。,否,200,是,
彩宝网/8200,排列三,2024133,2024-05-22,281,670,,https://www.8200.cn/kjh/p3/2024133.htm,排列三页面所列三位试机号；排列三与排列五共用同一期体彩摇奖流程。,否,200,是,
一定牛/ydniu,排列五,2024133,2024-05-22,28121,00638,,https://m.ydniu.com/kaijiang/pl5/sjh/2024133.html,页面明确标注为排列五五位模拟试机号，属于互联网模拟数据，不是官方试机号。,是,200,是,
3D之家/3d178,福彩3D,2024133,2024-05-22,741,643,,https://www.3d178.cn/kaijiang/2024/2024133.shtml,3D之家页面所列试机号；与彩宝网口径可能不同，原样独立保留。,否,200,是,
彩宝网/8200,福彩3D,2024133,2024-05-22,741,643,496,https://www.8200.cn/kjh/3d/2024133.htm,福彩3D页面口径：同时列出开机号与试机号。,否,200,是,
彩宝网/8200,排列三,2024134,2024-05-23,660,950,,https://www.8200.cn/kjh/p3/2024134.htm,排列三页面所列三位试机号；排列三与排列五共用同一期体彩摇奖流程。,否,200,是,
一定牛/ydniu,排列五,2024134,2024-05-23,66079,59087,,https://m.ydniu.com/kaijiang/pl5/sjh/2024134.html,页面明确标注为排列五五位模拟试机号，属于互联网模拟数据，不是官方试机号。,是,200,是,
3D之家/3d178,福彩3D,2024134,2024-05-23,640,722,,https://www.3d178.cn/kaijiang/2024/2024134.shtml,3D之家页面所列试机号；与彩宝网口径可能不同，原样独立保留。,否,200,是,
彩宝网/8200,福彩3D,2024134,2024-05-23,640,722,603,https://www.8200.cn/kjh/3d/2024134.htm,福彩3D页面口径：同时列出开机号与试机号。,否,200,是,
彩宝网/8200,排列三,2024135,2024-05-24,891,908,,https://www.8200.cn/kjh/p3/2024135.htm,排列三页面所列三位试机号；排列三与排列五共用同一期体彩摇奖流程。,否,200,是,
一定牛/ydniu,排列五,2024135,2024-05-24,89160,09456,,https://m.ydniu.com/kaijiang/pl5/sjh/2024135.html,页面明确标注为排列五五位模拟试机号，属于互联网模拟数据，不是官方试机号。,是,200,是,
3D之家/3d178,福彩3D,2024135,2024-05-24,035,025,,https://www.3d178.cn/kaijiang/2024/2024135.shtml,3D之家页面所列试机号；与彩宝网口径可能不同，原样独立保留。,否,200,是,
彩宝网/8200,福彩3D,2024135,2024-05-24,035,025,628,https://www.8200.cn/kjh/3d/2024135.htm,福彩3D页面口径：同时列出开机号与试机号。,否,200,是,
彩宝网/8200,排列三,2024136,2024-05-25,062,564,,https://www.8200.cn/kjh/p3/2024136.htm,排列三页面所列三位试机号；排列三与排列五共用同一期体彩摇奖流程。,否,200,是,
一定牛/ydniu,排列五,2024136,2024-05-25,06281,92870,,https://m.ydniu.com/kaijiang/pl5/sjh/2024136.html,页面明确标注为排列五五位模拟试机号，属于互联网模拟数据，不是官方试机号。,是,200,是,
3D之家/3d178,福彩3D,2024136,2024-05-25,227,553,,https://www.3d178.cn/kaijiang/2024/2024136.shtml,3D之家页面所列试机号；与彩宝网口径可能不同，原样独立保留。,否,200,是,
彩宝网/8200,福彩3D,2024136,2024-05-25,227,553,195,https://www.8200.cn/kjh/3d/2024136.htm,福彩3D页面口径：同时列出开机号与试机号。,否,200,是,
彩宝网/8200,排列三,2024137,2024-05-26,128,570,,https://www.8200.cn/kjh/p3/2024137.htm,排列三页面所列三位试机号；排列三与排列五共用同一期体彩摇奖流程。,否,200,是,
一定牛/ydniu,排列五,2024137,2024-05-26,12879,11389,,https://m.ydniu.com/kaijiang/pl5/sjh/2024137.html,页面明确标注为排列五五位模拟试机号，属于互联网模拟数据，不是官方试机号。,是,200,是,
3D之家/3d178,福彩3D,2024137,2024-05-26,982,485,,https://www.3d178.cn/kaijiang/2024/2024137.shtml,3D之家页面所列试机号；与彩宝网口径可能不同，原样独立保留。,否,200,是,
彩宝网/8200,福彩3D,2024137,2024-05-26,982,485,348,https://www.8200.cn/kjh/3d/2024137.htm,福彩3D页面口径：同时列出开机号与试机号。,否,200,是,
彩宝网/8200,排列三,2024138,2024-05-27,997,734,,https://www.8200.cn/kjh/p3/2024138.htm,排列三页面所列三位试机号；排列三与排列五共用同一期体彩摇奖流程。,否,200,是,
一定牛/ydniu,排列五,2024138,2024-05-27,99755,91877,,https://m.ydniu.com/kaijiang/pl5/sjh/2024138.html,页面明确标注为排列五五位模拟试机号，属于互联网模拟数据，不是官方试机号。,是,200,是,
3D之家/3d178,福彩3D,2024138,2024-05-27,955,916,,https://www.3d178.cn/kaijiang/2024/2024138.shtml,3D之家页面所列试机号；与彩宝网口径可能不同，原样独立保留。,否,200,是,
彩宝网/8200,福彩3D,2024138,2024-05-27,955,916,970,https://www.8200.cn/kjh/3d/2024138.htm,福彩3D页面口径：同时列出开机号与试机号。,否,200,是,
彩宝网/8200,排列三,2024139,2024-05-28,536,602,,https://www.8200.cn/kjh/p3/2024139.htm,排列三页面所列三位试机号；排列三与排列五共用同一期体彩摇奖流程。,否,200,是,
一定牛/ydniu,排列五,2024139,2024-05-28,53693,20316,,https://m.ydniu.com/kaijiang/pl5/sjh/2024139.html,页面明确标注为排列五五位模拟试机号，属于互联网模拟数据，不是官方试机号。,是,200,是,
3D之家/3d178,福彩3D,2024139,2024-05-28,748,126,,https://www.3d178.cn/kaijiang/2024/2024139.shtml,3D之家页面所列试机号；与彩宝网口径可能不同，原样独立保留。,否,200,是,
彩宝网/8200,福彩3D,2024139,2024-05-28,748,126,098,https://www.8200.cn/kjh/3d/2024139.htm,福彩3D页面口径：同时列出开机号与试机号。,否,200,是,
彩宝网/8200,排列三,2024140,2024-05-29,520,152,,https://www.8200.cn/kjh/p3/2024140.htm,排列三页面所列三位试机号；排列三与排列五共用同一期体彩摇奖流程。,否,200,是,
一定牛/ydniu,排列五,2024140,2024-05-29,52086,59815,,https://m.ydniu.com/kaijiang/pl5/sjh/2024140.html,页面明确标注为排列五五位模拟试机号，属于互联网模拟数据，不是官方试机号。,是,200,是,
3D之家/3d178,福彩3D,2024140,2024-05-29,536,019,,https://www.3d178.cn/kaijiang/2024/2024140.shtml,3D之家页面所列试机号；与彩宝网口径可能不同，原样独立保留。,否,200,是,
彩宝网/8200,福彩3D,2024140,2024-05-29,536,019,850,https://www.8200.cn/kjh/3d/2024140.htm,福彩3D页面口径：同时列出开机号与试机号。,否,200,是,
彩宝网/8200,排列三,2024141,2024-05-30,804,713,,https://www.8200.cn/kjh/p3/2024141.htm,排列三页面所列三位试机号；排列三与排列五共用同一期体彩摇奖流程。,否,200,是,
一定牛/ydniu,排列五,2024141,2024-05-30,80436,80898,,https://m.ydniu.com/kaijiang/pl5/sjh/2024141.html,页面明确标注为排列五五位模拟试机号，属于互联网模拟数据，不是官方试机号。,是,200,是,
3D之家/3d178,福彩3D,2024141,2024-05-30,256,653,,https://www.3d178.cn/kaijiang/2024/2024141.shtml,3D之家页面所列试机号；与彩宝网口径可能不同，原样独立保留。,否,200,是,
彩宝网/8200,福彩3D,2024141,2024-05-30,256,653,283,https://www.8200.cn/kjh/3d/2024141.htm,福彩3D页面口径：同时列出开机号与试机号。,否,200,是,
彩宝网/8200,排列三,2024142,2024-05-31,426,075,,https://www.8200.cn/kjh/p3/2024142.htm,排列三页面所列三位试机号；排列三与排列五共用同一期体彩摇奖流程。,否,200,是,
一定牛/ydniu,排列五,2024142,2024-05-31,42632,41016,,https://m.ydniu.com/kaijiang/pl5/sjh/2024142.html,页面明确标注为排列五五位模拟试机号，属于互联网模拟数据，不是官方试机号。,是,200,是,
3D之家/3d178,福彩3D,2024142,2024-05-31,813,200,,https://www.3d178.cn/kaijiang/2024/2024142.shtml,3D之家页面所列试机号；与彩宝网口径可能不同，原样独立保留。,否,200,是,
彩宝网/8200,福彩3D,2024142,2024-05-31,813,200,682,https://www.8200.cn/kjh/3d/2024142.htm,福彩3D页面口径：同时列出开机号与试机号。,否,200,是,
彩宝网/8200,排列三,2024143,2024-06-01,185,834,,https://www.8200.cn/kjh/p3/2024143.htm,排列三页面所列三位试机号；排列三与排列五共用同一期体彩摇奖流程。,否,200,是,
一定牛/ydniu,排列五,2024143,2024-06-01,18506,91075,,https://m.ydniu.com/kaijiang/pl5/sjh/2024143.html,页面明确标注为排列五五位模拟试机号，属于互联网模拟数据，不是官方试机号。,是,200,是,
3D之家/3d178,福彩3D,2024143,2024-06-01,955,829,,https://www.3d178.cn/kaijiang/2024/2024143.shtml,3D之家页面所列试机号；与彩宝网口径可能不同，原样独立保留。,否,200,是,
彩宝网/8200,福彩3D,2024143,2024-06-01,955,829,725,https://www.8200.cn/kjh/3d/2024143.htm,福彩3D页面口径：同时列出开机号与试机号。,否,200,是,
彩宝网/8200,排列三,2024144,2024-06-02,147,697,,https://www.8200.cn/kjh/p3/2024144.htm,排列三页面所列三位试机号；排列三与排列五共用同一期体彩摇奖流程。,否,200,是,
一定牛/ydniu,排列五,2024144,2024-06-02,14786,87481,,https://m.ydniu.com/kaijiang/pl5/sjh/2024144.html,页面明确标注为排列五五位模拟试机号，属于互联网模拟数据，不是官方试机号。,是,200,是,
3D之家/3d178,福彩3D,2024144,2024-06-02,816,205,,https://www.3d178.cn/kaijiang/2024/2024144.shtml,3D之家页面所列试机号；与彩宝网口径可能不同，原样独立保留。,否,200,是,
彩宝网/8200,福彩3D,2024144,2024-06-02,816,205,425,https://www.8200.cn/kjh/3d/2024144.htm,福彩3D页面口径：同时列出开机号与试机号。,否,200,是,
彩宝网/8200,排列三,2024145,2024-06-03,205,351,,https://www.8200.cn/kjh/p3/2024145.htm,排列三页面所列三位试机号；排列三与排列五共用同一期体彩摇奖流程。,否,200,是,
一定牛/ydniu,排列五,2024145,2024-06-03,20571,38658,,https://m.ydniu.com/kaijiang/pl5/sjh/2024145.html,页面明确标注为排列五五位模拟试机号，属于互联网模拟数据，不是官方试机号。,是,200,是,
3D之家/3d178,福彩3D,2024145,2024-06-03,756,855,,https://www.3d178.cn/kaijiang/2024/2024145.shtml,3D之家页面所列试机号；与彩宝网口径可能不同，原样独立保留。,否,200,是,
彩宝网/8200,福彩3D,2024145,2024-06-03,756,855,728,https://www.8200.cn/kjh/3d/2024145.htm,福彩3D页面口径：同时列出开机号与试机号。,否,200,是,
彩宝网/8200,排列三,2024146,2024-06-04,991,934,,https://www.8200.cn/kjh/p3/2024146.htm,排列三页面所列三位试机号；排列三与排列五共用同一期体彩摇奖流程。,否,200,是,
一定牛/ydniu,排列五,2024146,2024-06-04,99197,86686,,https://m.ydniu.com/kaijiang/pl5/sjh/2024146.html,页面明确标注为排列五五位模拟试机号，属于互联网模拟数据，不是官方试机号。,是,200,是,
3D之家/3d178,福彩3D,2024146,2024-06-04,180,168,,https://www.3d178.cn/kaijiang/2024/2024146.shtml,3D之家页面所列试机号；与彩宝网口径可能不同，原样独立保留。,否,200,是,
彩宝网/8200,福彩3D,2024146,2024-06-04,180,168,273,https://www.8200.cn/kjh/3d/2024146.htm,福彩3D页面口径：同时列出开机号与试机号。,否,200,是,
彩宝网/8200,排列三,2024147,2024-06-05,558,795,,https://www.8200.cn/kjh/p3/2024147.htm,排列三页面所列三位试机号；排列三与排列五共用同一期体彩摇奖流程。,否,200,是,
一定牛/ydniu,排列五,2024147,2024-06-05,55871,43070,,https://m.ydniu.com/kaijiang/pl5/sjh/2024147.html,页面明确标注为排列五五位模拟试机号，属于互联网模拟数据，不是官方试机号。,是,200,是,
3D之家/3d178,福彩3D,2024147,2024-06-05,225,461,,https://www.3d178.cn/kaijiang/2024/2024147.shtml,3D之家页面所列试机号；与彩宝网口径可能不同，原样独立保留。,否,200,是,
彩宝网/8200,福彩3D,2024147,2024-06-05,225,461,143,https://www.8200.cn/kjh/3d/2024147.htm,福彩3D页面口径：同时列出开机号与试机号。,否,200,是,
彩宝网/8200,排列三,2024148,2024-06-06,343,852,,https://www.8200.cn/kjh/p3/2024148.htm,排列三页面所列三位试机号；排列三与排列五共用同一期体彩摇奖流程。,否,200,是,
一定牛/ydniu,排列五,2024148,2024-06-06,34305,16471,,https://m.ydniu.com/kaijiang/pl5/sjh/2024148.html,页面明确标注为排列五五位模拟试机号，属于互联网模拟数据，不是官方试机号。,是,200,是,
3D之家/3d178,福彩3D,2024148,2024-06-06,426,661,,https://www.3d178.cn/kaijiang/2024/2024148.shtml,3D之家页面所列试机号；与彩宝网口径可能不同，原样独立保留。,否,200,是,
彩宝网/8200,福彩3D,2024148,2024-06-06,426,661,254,https://www.8200.cn/kjh/3d/2024148.htm,福彩3D页面口径：同时列出开机号与试机号。,否,200,是,
彩宝网/8200,排列三,2024149,2024-06-07,676,724,,https://www.8200.cn/kjh/p3/2024149.htm,排列三页面所列三位试机号；排列三与排列五共用同一期体彩摇奖流程。,否,200,是,
一定牛/ydniu,排列五,2024149,2024-06-07,67615,27542,,https://m.ydniu.com/kaijiang/pl5/sjh/2024149.html,页面明确标注为排列五五位模拟试机号，属于互联网模拟数据，不是官方试机号。,是,200,是,
3D之家/3d178,福彩3D,2024149,2024-06-07,153,945,,https://www.3d178.cn/kaijiang/2024/2024149.shtml,3D之家页面所列试机号；与彩宝网口径可能不同，原样独立保留。,否,200,是,
彩宝网/8200,福彩3D,2024149,2024-06-07,153,945,758,https://www.8200.cn/kjh/3d/2024149.htm,福彩3D页面口径：同时列出开机号与试机号。,否,200,是,
彩宝网/8200,排列三,2024150,2024-06-08,129,474,,https://www.8200.cn/kjh/p3/2024150.htm,排列三页面所列三位试机号；排列三与排列五共用同一期体彩摇奖流程。,否,200,是,
一定牛/ydniu,排列五,2024150,2024-06-08,12904,04904,,https://m.ydniu.com/kaijiang/pl5/sjh/2024150.html,页面明确标注为排列五五位模拟试机号，属于互联网模拟数据，不是官方试机号。,是,200,是,
3D之家/3d178,福彩3D,2024150,2024-06-08,356,332,,https://www.3d178.cn/kaijiang/2024/2024150.shtml,3D之家页面所列试机号；与彩宝网口径可能不同，原样独立保留。,否,200,是,
彩宝网/8200,福彩3D,2024150,2024-06-08,356,332,765,https://www.8200.cn/kjh/3d/2024150.htm,福彩3D页面口径：同时列出开机号与试机号。,否,200,是,
彩宝网/8200,排列三,2024151,2024-06-09,900,709,,https://www.8200.cn/kjh/p3/2024151.htm,排列三页面所列三位试机号；排列三与排列五共用同一期体彩摇奖流程。,否,200,是,
一定牛/ydniu,排列五,2024151,2024-06-09,90031,33436,,https://m.ydniu.com/kaijiang/pl5/sjh/2024151.html,页面明确标注为排列五五位模拟试机号，属于互联网模拟数据，不是官方试机号。,是,200,是,
3D之家/3d178,福彩3D,2024151,2024-06-09,765,393,,https://www.3d178.cn/kaijiang/2024/2024151.shtml,3D之家页面所列试机号；与彩宝网口径可能不同，原样独立保留。,否,200,是,
彩宝网/8200,福彩3D,2024151,2024-06-09,765,393,635,https://www.8200.cn/kjh/3d/2024151.htm,福彩3D页面口径：同时列出开机号与试机号。,否,200,是,
彩宝网/8200,排列三,2024152,2024-06-10,936,620,,https://www.8200.cn/kjh/p3/2024152.htm,排列三页面所列三位试机号；排列三与排列五共用同一期体彩摇奖流程。,否,200,是,
一定牛/ydniu,排列五,2024152,2024-06-10,93648,00484,,https://m.ydniu.com/kaijiang/pl5/sjh/2024152.html,页面明确标注为排列五五位模拟试机号，属于互联网模拟数据，不是官方试机号。,是,200,是,
3D之家/3d178,福彩3D,2024152,2024-06-10,848,203,,https://www.3d178.cn/kaijiang/2024/2024152.shtml,3D之家页面所列试机号；与彩宝网口径可能不同，原样独立保留。,否,200,是,
彩宝网/8200,福彩3D,2024152,2024-06-10,848,203,427,https://www.8200.cn/kjh/3d/2024152.htm,福彩3D页面口径：同时列出开机号与试机号。,否,200,是,
彩宝网/8200,排列三,2024153,2024-06-11,389,725,,https://www.8200.cn/kjh/p3/2024153.htm,排列三页面所列三位试机号；排列三与排列五共用同一期体彩摇奖流程。,否,200,是,
一定牛/ydniu,排列五,2024153,2024-06-11,38955,57263,,https://m.ydniu.com/kaijiang/pl5/sjh/2024153.html,页面明确标注为排列五五位模拟试机号，属于互联网模拟数据，不是官方试机号。,是,200,是,
3D之家/3d178,福彩3D,2024153,2024-06-11,287,700,,https://www.3d178.cn/kaijiang/2024/2024153.shtml,3D之家页面所列试机号；与彩宝网口径可能不同，原样独立保留。,否,200,是,
彩宝网/8200,福彩3D,2024153,2024-06-11,287,700,528,https://www.8200.cn/kjh/3d/2024153.htm,福彩3D页面口径：同时列出开机号与试机号。,否,200,是,
彩宝网/8200,排列三,2024154,2024-06-12,983,885,,https://www.8200.cn/kjh/p3/2024154.htm,排列三页面所列三位试机号；排列三与排列五共用同一期体彩摇奖流程。,否,200,是,
一定牛/ydniu,排列五,2024154,2024-06-12,98353,37266,,https://m.ydniu.com/kaijiang/pl5/sjh/2024154.html,页面明确标注为排列五五位模拟试机号，属于互联网模拟数据，不是官方试机号。,是,200,是,
3D之家/3d178,福彩3D,2024154,2024-06-12,834,248,,https://www.3d178.cn/kaijiang/2024/2024154.shtml,3D之家页面所列试机号；与彩宝网口径可能不同，原样独立保留。,否,200,是,
彩宝网/8200,福彩3D,2024154,2024-06-12,834,248,063,https://www.8200.cn/kjh/3d/2024154.htm,福彩3D页面口径：同时列出开机号与试机号。,否,200,是,
彩宝网/8200,排列三,2024155,2024-06-13,889,812,,https://www.8200.cn/kjh/p3/2024155.htm,排列三页面所列三位试机号；排列三与排列五共用同一期体彩摇奖流程。,否,200,是,
一定牛/ydniu,排列五,2024155,2024-06-13,88978,45421,,https://m.ydniu.com/kaijiang/pl5/sjh/2024155.html,页面明确标注为排列五五位模拟试机号，属于互联网模拟数据，不是官方试机号。,是,200,是,
3D之家/3d178,福彩3D,2024155,2024-06-13,411,162,,https://www.3d178.cn/kaijiang/2024/2024155.shtml,3D之家页面所列试机号；与彩宝网口径可能不同，原样独立保留。,否,200,是,
彩宝网/8200,福彩3D,2024155,2024-06-13,411,162,937,https://www.8200.cn/kjh/3d/2024155.htm,福彩3D页面口径：同时列出开机号与试机号。,否,200,是,
彩宝网/8200,排列三,2024156,2024-06-14,172,974,,https://www.8200.cn/kjh/p3/2024156.htm,排列三页面所列三位试机号；排列三与排列五共用同一期体彩摇奖流程。,否,200,是,
一定牛/ydniu,排列五,2024156,2024-06-14,17244,96788,,https://m.ydniu.com/kaijiang/pl5/sjh/2024156.html,页面明确标注为排列五五位模拟试机号，属于互联网模拟数据，不是官方试机号。,是,200,是,
3D之家/3d178,福彩3D,2024156,2024-06-14,180,967,,https://www.3d178.cn/kaijiang/2024/2024156.shtml,3D之家页面所列试机号；与彩宝网口径可能不同，原样独立保留。,否,200,是,
彩宝网/8200,福彩3D,2024156,2024-06-14,180,967,284,https://www.8200.cn/kjh/3d/2024156.htm,福彩3D页面口径：同时列出开机号与试机号。,否,200,是,
彩宝网/8200,排列三,2024157,2024-06-15,211,258,,https://www.8200.cn/kjh/p3/2024157.htm,排列三页面所列三位试机号；排列三与排列五共用同一期体彩摇奖流程。,否,200,是,
一定牛/ydniu,排列五,2024157,2024-06-15,21138,03250,,https://m.ydniu.com/kaijiang/pl5/sjh/2024157.html,页面明确标注为排列五五位模拟试机号，属于互联网模拟数据，不是官方试机号。,是,200,是,
3D之家/3d178,福彩3D,2024157,2024-06-15,126,878,,https://www.3d178.cn/kaijiang/2024/2024157.shtml,3D之家页面所列试机号；与彩宝网口径可能不同，原样独立保留。,否,200,是,
彩宝网/8200,福彩3D,2024157,2024-06-15,126,878,751,https://www.8200.cn/kjh/3d/2024157.htm,福彩3D页面口径：同时列出开机号与试机号。,否,200,是,
彩宝网/8200,排列三,2024158,2024-06-16,606,731,,https://www.8200.cn/kjh/p3/2024158.htm,排列三页面所列三位试机号；排列三与排列五共用同一期体彩摇奖流程。,否,200,是,
一定牛/ydniu,排列五,2024158,2024-06-16,60647,95290,,https://m.ydniu.com/kaijiang/pl5/sjh/2024158.html,页面明确标注为排列五五位模拟试机号，属于互联网模拟数据，不是官方试机号。,是,200,是,
3D之家/3d178,福彩3D,2024158,2024-06-16,821,752,,https://www.3d178.cn/kaijiang/2024/2024158.shtml,3D之家页面所列试机号；与彩宝网口径可能不同，原样独立保留。,否,200,是,
彩宝网/8200,福彩3D,2024158,2024-06-16,821,752,156,https://www.8200.cn/kjh/3d/2024158.htm,福彩3D页面口径：同时列出开机号与试机号。,否,200,是,
彩宝网/8200,排列三,2024159,2024-06-17,430,467,,https://www.8200.cn/kjh/p3/2024159.htm,排列三页面所列三位试机号；排列三与排列五共用同一期体彩摇奖流程。,否,200,是,
一定牛/ydniu,排列五,2024159,2024-06-17,43067,95791,,https://m.ydniu.com/kaijiang/pl5/sjh/2024159.html,页面明确标注为排列五五位模拟试机号，属于互联网模拟数据，不是官方试机号。,是,200,是,
3D之家/3d178,福彩3D,2024159,2024-06-17,212,169,,https://www.3d178.cn/kaijiang/2024/2024159.shtml,3D之家页面所列试机号；与彩宝网口径可能不同，原样独立保留。,否,200,是,
彩宝网/8200,福彩3D,2024159,2024-06-17,212,169,610,https://www.8200.cn/kjh/3d/2024159.htm,福彩3D页面口径：同时列出开机号与试机号。,否,200,是,
彩宝网/8200,排列三,2024160,2024-06-18,425,981,,https://www.8200.cn/kjh/p3/2024160.htm,排列三页面所列三位试机号；排列三与排列五共用同一期体彩摇奖流程。,否,200,是,
一定牛/ydniu,排列五,2024160,2024-06-18,42553,83527,,https://m.ydniu.com/kaijiang/pl5/sjh/2024160.html,页面明确标注为排列五五位模拟试机号，属于互联网模拟数据，不是官方试机号。,是,200,是,
3D之家/3d178,福彩3D,2024160,2024-06-18,690,267,,https://www.3d178.cn/kaijiang/2024/2024160.shtml,3D之家页面所列试机号；与彩宝网口径可能不同，原样独立保留。,否,200,是,
彩宝网/8200,福彩3D,2024160,2024-06-18,690,267,145,https://www.8200.cn/kjh/3d/2024160.htm,福彩3D页面口径：同时列出开机号与试机号。,否,200,是,
彩宝网/8200,排列三,2024161,2024-06-19,649,630,,https://www.8200.cn/kjh/p3/2024161.htm,排列三页面所列三位试机号；排列三与排列五共用同一期体彩摇奖流程。,否,200,是,
一定牛/ydniu,排列五,2024161,2024-06-19,64949,52758,,https://m.ydniu.com/kaijiang/pl5/sjh/2024161.html,页面明确标注为排列五五位模拟试机号，属于互联网模拟数据，不是官方试机号。,是,200,是,
3D之家/3d178,福彩3D,2024161,2024-06-19,468,171,,https://www.3d178.cn/kaijiang/2024/2024161.shtml,3D之家页面所列试机号；与彩宝网口径可能不同，原样独立保留。,否,200,是,
彩宝网/8200,福彩3D,2024161,2024-06-19,468,171,951,https://www.8200.cn/kjh/3d/2024161.htm,福彩3D页面口径：同时列出开机号与试机号。,否,200,是,
彩宝网/8200,排列三,2024162,2024-06-20,320,972,,https://www.8200.cn/kjh/p3/2024162.htm,排列三页面所列三位试机号；排列三与排列五共用同一期体彩摇奖流程。,否,200,是,
一定牛/ydniu,排列五,2024162,2024-06-20,32044,03129,,https://m.ydniu.com/kaijiang/pl5/sjh/2024162.html,页面明确标注为排列五五位模拟试机号，属于互联网模拟数据，不是官方试机号。,是,200,是,
3D之家/3d178,福彩3D,2024162,2024-06-20,164,812,,https://www.3d178.cn/kaijiang/2024/2024162.shtml,3D之家页面所列试机号；与彩宝网口径可能不同，原样独立保留。,否,200,是,
彩宝网/8200,福彩3D,2024162,2024-06-20,164,812,497,https://www.8200.cn/kjh/3d/2024162.htm,福彩3D页面口径：同时列出开机号与试机号。,否,200,是,
彩宝网/8200,排列三,2024163,2024-06-21,514,369,,https://www.8200.cn/kjh/p3/2024163.htm,排列三页面所列三位试机号；排列三与排列五共用同一期体彩摇奖流程。,否,200,是,
一定牛/ydniu,排列五,2024163,2024-06-21,51465,22470,,https://m.ydniu.com/kaijiang/pl5/sjh/2024163.html,页面明确标注为排列五五位模拟试机号，属于互联网模拟数据，不是官方试机号。,是,200,是,
3D之家/3d178,福彩3D,2024163,2024-06-21,304,080,,https://www.3d178.cn/kaijiang/2024/2024163.shtml,3D之家页面所列试机号；与彩宝网口径可能不同，原样独立保留。,否,200,是,
彩宝网/8200,福彩3D,2024163,2024-06-21,304,080,694,https://www.8200.cn/kjh/3d/2024163.htm,福彩3D页面口径：同时列出开机号与试机号。,否,200,是,
彩宝网/8200,排列三,2024164,2024-06-22,006,519,,https://www.8200.cn/kjh/p3/2024164.htm,排列三页面所列三位试机号；排列三与排列五共用同一期体彩摇奖流程。,否,200,是,
一定牛/ydniu,排列五,2024164,2024-06-22,00672,14827,,https://m.ydniu.com/kaijiang/pl5/sjh/2024164.html,页面明确标注为排列五五位模拟试机号，属于互联网模拟数据，不是官方试机号。,是,200,是,
3D之家/3d178,福彩3D,2024164,2024-06-22,354,833,,https://www.3d178.cn/kaijiang/2024/2024164.shtml,3D之家页面所列试机号；与彩宝网口径可能不同，原样独立保留。,否,200,是,
彩宝网/8200,福彩3D,2024164,2024-06-22,354,833,327,https://www.8200.cn/kjh/3d/2024164.htm,福彩3D页面口径：同时列出开机号与试机号。,否,200,是,
彩宝网/8200,排列三,2024165,2024-06-23,932,896,,https://www.8200.cn/kjh/p3/2024165.htm,排列三页面所列三位试机号；排列三与排列五共用同一期体彩摇奖流程。,否,200,是,
一定牛/ydniu,排列五,2024165,2024-06-23,93294,60716,,https://m.ydniu.com/kaijiang/pl5/sjh/2024165.html,页面明确标注为排列五五位模拟试机号，属于互联网模拟数据，不是官方试机号。,是,200,是,
3D之家/3d178,福彩3D,2024165,2024-06-23,145,503,,https://www.3d178.cn/kaijiang/2024/2024165.shtml,3D之家页面所列试机号；与彩宝网口径可能不同，原样独立保留。,否,200,是,
彩宝网/8200,福彩3D,2024165,2024-06-23,145,503,850,https://www.8200.cn/kjh/3d/2024165.htm,福彩3D页面口径：同时列出开机号与试机号。,否,200,是,
彩宝网/8200,排列三,2024166,2024-06-24,479,926,,https://www.8200.cn/kjh/p3/2024166.htm,排列三页面所列三位试机号；排列三与排列五共用同一期体彩摇奖流程。,否,200,是,
一定牛/ydniu,排列五,2024166,2024-06-24,47958,80565,,https://m.ydniu.com/kaijiang/pl5/sjh/2024166.html,页面明确标注为排列五五位模拟试机号，属于互联网模拟数据，不是官方试机号。,是,200,是,
3D之家/3d178,福彩3D,2024166,2024-06-24,397,611,,https://www.3d178.cn/kaijiang/2024/2024166.shtml,3D之家页面所列试机号；与彩宝网口径可能不同，原样独立保留。,否,200,是,
彩宝网/8200,福彩3D,2024166,2024-06-24,397,611,360,https://www.8200.cn/kjh/3d/2024166.htm,福彩3D页面口径：同时列出开机号与试机号。,否,200,是,
彩宝网/8200,排列三,2024167,2024-06-25,507,614,,https://www.8200.cn/kjh/p3/2024167.htm,排列三页面所列三位试机号；排列三与排列五共用同一期体彩摇奖流程。,否,200,是,
一定牛/ydniu,排列五,2024167,2024-06-25,50768,78733,,https://m.ydniu.com/kaijiang/pl5/sjh/2024167.html,页面明确标注为排列五五位模拟试机号，属于互联网模拟数据，不是官方试机号。,是,200,是,
3D之家/3d178,福彩3D,2024167,2024-06-25,220,546,,https://www.3d178.cn/kaijiang/2024/2024167.shtml,3D之家页面所列试机号；与彩宝网口径可能不同，原样独立保留。,否,200,是,
彩宝网/8200,福彩3D,2024167,2024-06-25,220,546,026,https://www.8200.cn/kjh/3d/2024167.htm,福彩3D页面口径：同时列出开机号与试机号。,否,200,是,
彩宝网/8200,排列三,2024168,2024-06-26,541,205,,https://www.8200.cn/kjh/p3/2024168.htm,排列三页面所列三位试机号；排列三与排列五共用同一期体彩摇奖流程。,否,200,是,
一定牛/ydniu,排列五,2024168,2024-06-26,54147,38396,,https://m.ydniu.com/kaijiang/pl5/sjh/2024168.html,页面明确标注为排列五五位模拟试机号，属于互联网模拟数据，不是官方试机号。,是,200,是,
3D之家/3d178,福彩3D,2024168,2024-06-26,752,696,,https://www.3d178.cn/kaijiang/2024/2024168.shtml,3D之家页面所列试机号；与彩宝网口径可能不同，原样独立保留。,否,200,是,
彩宝网/8200,福彩3D,2024168,2024-06-26,752,696,854,https://www.8200.cn/kjh/3d/2024168.htm,福彩3D页面口径：同时列出开机号与试机号。,否,200,是,
彩宝网/8200,排列三,2024169,2024-06-27,759,805,,https://www.8200.cn/kjh/p3/2024169.htm,排列三页面所列三位试机号；排列三与排列五共用同一期体彩摇奖流程。,否,200,是,
一定牛/ydniu,排列五,2024169,2024-06-27,75931,63984,,https://m.ydniu.com/kaijiang/pl5/sjh/2024169.html,页面明确标注为排列五五位模拟试机号，属于互联网模拟数据，不是官方试机号。,是,200,是,
3D之家/3d178,福彩3D,2024169,2024-06-27,402,518,,https://www.3d178.cn/kaijiang/2024/2024169.shtml,3D之家页面所列试机号；与彩宝网口径可能不同，原样独立保留。,否,200,是,
彩宝网/8200,福彩3D,2024169,2024-06-27,402,518,038,https://www.8200.cn/kjh/3d/2024169.htm,福彩3D页面口径：同时列出开机号与试机号。,否,200,是,
彩宝网/8200,排列三,2024170,2024-06-28,031,512,,https://www.8200.cn/kjh/p3/2024170.htm,排列三页面所列三位试机号；排列三与排列五共用同一期体彩摇奖流程。,否,200,是,
一定牛/ydniu,排列五,2024170,2024-06-28,03173,76962,,https://m.ydniu.com/kaijiang/pl5/sjh/2024170.html,页面明确标注为排列五五位模拟试机号，属于互联网模拟数据，不是官方试机号。,是,200,是,
3D之家/3d178,福彩3D,2024170,2024-06-28,225,655,,https://www.3d178.cn/kaijiang/2024/2024170.shtml,3D之家页面所列试机号；与彩宝网口径可能不同，原样独立保留。,否,200,是,
彩宝网/8200,福彩3D,2024170,2024-06-28,225,655,809,https://www.8200.cn/kjh/3d/2024170.htm,福彩3D页面口径：同时列出开机号与试机号。,否,200,是,
彩宝网/8200,排列三,2024171,2024-06-29,070,702,,https://www.8200.cn/kjh/p3/2024171.htm,排列三页面所列三位试机号；排列三与排列五共用同一期体彩摇奖流程。,否,200,是,
一定牛/ydniu,排列五,2024171,2024-06-29,07078,87115,,https://m.ydniu.com/kaijiang/pl5/sjh/2024171.html,页面明确标注为排列五五位模拟试机号，属于互联网模拟数据，不是官方试机号。,是,200,是,
3D之家/3d178,福彩3D,2024171,2024-06-29,480,986,,https://www.3d178.cn/kaijiang/2024/2024171.shtml,3D之家页面所列试机号；与彩宝网口径可能不同，原样独立保留。,否,200,是,
彩宝网/8200,福彩3D,2024171,2024-06-29,480,986,948,https://www.8200.cn/kjh/3d/2024171.htm,福彩3D页面口径：同时列出开机号与试机号。,否,200,是,
彩宝网/8200,排列三,2024172,2024-06-30,400,924,,https://www.8200.cn/kjh/p3/2024172.htm,排列三页面所列三位试机号；排列三与排列五共用同一期体彩摇奖流程。,否,200,是,
一定牛/ydniu,排列五,2024172,2024-06-30,40055,65667,,https://m.ydniu.com/kaijiang/pl5/sjh/2024172.html,页面明确标注为排列五五位模拟试机号，属于互联网模拟数据，不是官方试机号。,是,200,是,
3D之家/3d178,福彩3D,2024172,2024-06-30,908,824,,https://www.3d178.cn/kaijiang/2024/2024172.shtml,3D之家页面所列试机号；与彩宝网口径可能不同，原样独立保留。,否,200,是,
彩宝网/8200,福彩3D,2024172,2024-06-30,908,824,591,https://www.8200.cn/kjh/3d/2024172.htm,福彩3D页面口径：同时列出开机号与试机号。,否,200,是,
彩宝网/8200,排列三,2024173,2024-07-01,658,634,,https://www.8200.cn/kjh/p3/2024173.htm,排列三页面所列三位试机号；排列三与排列五共用同一期体彩摇奖流程。,否,200,是,
一定牛/ydniu,排列五,2024173,2024-07-01,65887,60359,,https://m.ydniu.com/kaijiang/pl5/sjh/2024173.html,页面明确标注为排列五五位模拟试机号，属于互联网模拟数据，不是官方试机号。,是,200,是,
3D之家/3d178,福彩3D,2024173,2024-07-01,449,735,,https://www.3d178.cn/kaijiang/2024/2024173.shtml,3D之家页面所列试机号；与彩宝网口径可能不同，原样独立保留。,否,200,是,
彩宝网/8200,福彩3D,2024173,2024-07-01,449,735,283,https://www.8200.cn/kjh/3d/2024173.htm,福彩3D页面口径：同时列出开机号与试机号。,否,200,是,
彩宝网/8200,排列三,2024174,2024-07-02,191,920,,https://www.8200.cn/kjh/p3/2024174.htm,排列三页面所列三位试机号；排列三与排列五共用同一期体彩摇奖流程。,否,200,是,
一定牛/ydniu,排列五,2024174,2024-07-02,19185,43846,,https://m.ydniu.com/kaijiang/pl5/sjh/2024174.html,页面明确标注为排列五五位模拟试机号，属于互联网模拟数据，不是官方试机号。,是,200,是,
3D之家/3d178,福彩3D,2024174,2024-07-02,236,015,,https://www.3d178.cn/kaijiang/2024/2024174.shtml,3D之家页面所列试机号；与彩宝网口径可能不同，原样独立保留。,否,200,是,
彩宝网/8200,福彩3D,2024174,2024-07-02,236,015,857,https://www.8200.cn/kjh/3d/2024174.htm,福彩3D页面口径：同时列出开机号与试机号。,否,200,是,
彩宝网/8200,排列三,2024175,2024-07-03,195,945,,https://www.8200.cn/kjh/p3/2024175.htm,排列三页面所列三位试机号；排列三与排列五共用同一期体彩摇奖流程。,否,200,是,
一定牛/ydniu,排列五,2024175,2024-07-03,19506,77491,,https://m.ydniu.com/kaijiang/pl5/sjh/2024175.html,页面明确标注为排列五五位模拟试机号，属于互联网模拟数据，不是官方试机号。,是,200,是,
3D之家/3d178,福彩3D,2024175,2024-07-03,488,224,,https://www.3d178.cn/kaijiang/2024/2024175.shtml,3D之家页面所列试机号；与彩宝网口径可能不同，原样独立保留。,否,200,是,
彩宝网/8200,福彩3D,2024175,2024-07-03,488,224,376,https://www.8200.cn/kjh/3d/2024175.htm,福彩3D页面口径：同时列出开机号与试机号。,否,200,是,
彩宝网/8200,排列三,2024176,2024-07-04,932,602,,https://www.8200.cn/kjh/p3/2024176.htm,排列三页面所列三位试机号；排列三与排列五共用同一期体彩摇奖流程。,否,200,是,
一定牛/ydniu,排列五,2024176,2024-07-04,93250,24364,,https://m.ydniu.com/kaijiang/pl5/sjh/2024176.html,页面明确标注为排列五五位模拟试机号，属于互联网模拟数据，不是官方试机号。,是,200,是,
3D之家/3d178,福彩3D,2024176,2024-07-04,108,391,,https://www.3d178.cn/kaijiang/2024/2024176.shtml,3D之家页面所列试机号；与彩宝网口径可能不同，原样独立保留。,否,200,是,
彩宝网/8200,福彩3D,2024176,2024-07-04,108,391,265,https://www.8200.cn/kjh/3d/2024176.htm,福彩3D页面口径：同时列出开机号与试机号。,否,200,是,
彩宝网/8200,排列三,2024177,2024-07-05,579,874,,https://www.8200.cn/kjh/p3/2024177.htm,排列三页面所列三位试机号；排列三与排列五共用同一期体彩摇奖流程。,否,200,是,
一定牛/ydniu,排列五,2024177,2024-07-05,57982,19365,,https://m.ydniu.com/kaijiang/pl5/sjh/2024177.html,页面明确标注为排列五五位模拟试机号，属于互联网模拟数据，不是官方试机号。,是,200,是,
3D之家/3d178,福彩3D,2024177,2024-07-05,460,747,,https://www.3d178.cn/kaijiang/2024/2024177.shtml,3D之家页面所列试机号；与彩宝网口径可能不同，原样独立保留。,否,200,是,
彩宝网/8200,福彩3D,2024177,2024-07-05,460,747,987,https://www.8200.cn/kjh/3d/2024177.htm,福彩3D页面口径：同时列出开机号与试机号。,否,200,是,
彩宝网/8200,排列三,2024178,2024-07-06,663,841,,https://www.8200.cn/kjh/p3/2024178.htm,排列三页面所列三位试机号；排列三与排列五共用同一期体彩摇奖流程。,否,200,是,
一定牛/ydniu,排列五,2024178,2024-07-06,66347,63791,,https://m.ydniu.com/kaijiang/pl5/sjh/2024178.html,页面明确标注为排列五五位模拟试机号，属于互联网模拟数据，不是官方试机号。,是,200,是,
3D之家/3d178,福彩3D,2024178,2024-07-06,581,391,,https://www.3d178.cn/kaijiang/2024/2024178.shtml,3D之家页面所列试机号；与彩宝网口径可能不同，原样独立保留。,否,200,是,
彩宝网/8200,福彩3D,2024178,2024-07-06,581,391,641,https://www.8200.cn/kjh/3d/2024178.htm,福彩3D页面口径：同时列出开机号与试机号。,否,200,是,
彩宝网/8200,排列三,2024179,2024-07-07,535,350,,https://www.8200.cn/kjh/p3/2024179.htm,排列三页面所列三位试机号；排列三与排列五共用同一期体彩摇奖流程。,否,200,是,
一定牛/ydniu,排列五,2024179,2024-07-07,53544,41476,,https://m.ydniu.com/kaijiang/pl5/sjh/2024179.html,页面明确标注为排列五五位模拟试机号，属于互联网模拟数据，不是官方试机号。,是,200,是,
3D之家/3d178,福彩3D,2024179,2024-07-07,005,931,,https://www.3d178.cn/kaijiang/2024/2024179.shtml,3D之家页面所列试机号；与彩宝网口径可能不同，原样独立保留。,否,200,是,
彩宝网/8200,福彩3D,2024179,2024-07-07,005,931,230,https://www.8200.cn/kjh/3d/2024179.htm,福彩3D页面口径：同时列出开机号与试机号。,否,200,是,
彩宝网/8200,排列三,2024180,2024-07-08,215,924,,https://www.8200.cn/kjh/p3/2024180.htm,排列三页面所列三位试机号；排列三与排列五共用同一期体彩摇奖流程。,否,200,是,
一定牛/ydniu,排列五,2024180,2024-07-08,21549,86381,,https://m.ydniu.com/kaijiang/pl5/sjh/2024180.html,页面明确标注为排列五五位模拟试机号，属于互联网模拟数据，不是官方试机号。,是,200,是,
3D之家/3d178,福彩3D,2024180,2024-07-08,918,886,,https://www.3d178.cn/kaijiang/2024/2024180.shtml,3D之家页面所列试机号；与彩宝网口径可能不同，原样独立保留。,否,200,是,
彩宝网/8200,福彩3D,2024180,2024-07-08,918,886,497,https://www.8200.cn/kjh/3d/2024180.htm,福彩3D页面口径：同时列出开机号与试机号。,否,200,是,
彩宝网/8200,排列三,2024181,2024-07-09,323,724,,https://www.8200.cn/kjh/p3/2024181.htm,排列三页面所列三位试机号；排列三与排列五共用同一期体彩摇奖流程。,否,200,是,
一定牛/ydniu,排列五,2024181,2024-07-09,32395,08004,,https://m.ydniu.com/kaijiang/pl5/sjh/2024181.html,页面明确标注为排列五五位模拟试机号，属于互联网模拟数据，不是官方试机号。,是,200,是,
3D之家/3d178,福彩3D,2024181,2024-07-09,230,120,,https://www.3d178.cn/kaijiang/2024/2024181.shtml,3D之家页面所列试机号；与彩宝网口径可能不同，原样独立保留。,否,200,是,
彩宝网/8200,福彩3D,2024181,2024-07-09,230,120,490,https://www.8200.cn/kjh/3d/2024181.htm,福彩3D页面口径：同时列出开机号与试机号。,否,200,是,
彩宝网/8200,排列三,2024182,2024-07-10,282,620,,https://www.8200.cn/kjh/p3/2024182.htm,排列三页面所列三位试机号；排列三与排列五共用同一期体彩摇奖流程。,否,200,是,
一定牛/ydniu,排列五,2024182,2024-07-10,28247,09337,,https://m.ydniu.com/kaijiang/pl5/sjh/2024182.html,页面明确标注为排列五五位模拟试机号，属于互联网模拟数据，不是官方试机号。,是,200,是,
3D之家/3d178,福彩3D,2024182,2024-07-10,884,895,,https://www.3d178.cn/kaijiang/2024/2024182.shtml,3D之家页面所列试机号；与彩宝网口径可能不同，原样独立保留。,否,200,是,
彩宝网/8200,福彩3D,2024182,2024-07-10,884,895,823,https://www.8200.cn/kjh/3d/2024182.htm,福彩3D页面口径：同时列出开机号与试机号。,否,200,是,
彩宝网/8200,排列三,2024183,2024-07-11,500,638,,https://www.8200.cn/kjh/p3/2024183.htm,排列三页面所列三位试机号；排列三与排列五共用同一期体彩摇奖流程。,否,200,是,
一定牛/ydniu,排列五,2024183,2024-07-11,50095,74633,,https://m.ydniu.com/kaijiang/pl5/sjh/2024183.html,页面明确标注为排列五五位模拟试机号，属于互联网模拟数据，不是官方试机号。,是,200,是,
3D之家/3d178,福彩3D,2024183,2024-07-11,443,193,,https://www.3d178.cn/kaijiang/2024/2024183.shtml,3D之家页面所列试机号；与彩宝网口径可能不同，原样独立保留。,否,200,是,
彩宝网/8200,福彩3D,2024183,2024-07-11,443,193,175,https://www.8200.cn/kjh/3d/2024183.htm,福彩3D页面口径：同时列出开机号与试机号。,否,200,是,
彩宝网/8200,排列三,2024184,2024-07-12,730,913,,https://www.8200.cn/kjh/p3/2024184.htm,排列三页面所列三位试机号；排列三与排列五共用同一期体彩摇奖流程。,否,200,是,
一定牛/ydniu,排列五,2024184,2024-07-12,73049,97249,,https://m.ydniu.com/kaijiang/pl5/sjh/2024184.html,页面明确标注为排列五五位模拟试机号，属于互联网模拟数据，不是官方试机号。,是,200,是,
3D之家/3d178,福彩3D,2024184,2024-07-12,933,287,,https://www.3d178.cn/kaijiang/2024/2024184.shtml,3D之家页面所列试机号；与彩宝网口径可能不同，原样独立保留。,否,200,是,
彩宝网/8200,福彩3D,2024184,2024-07-12,933,287,418,https://www.8200.cn/kjh/3d/2024184.htm,福彩3D页面口径：同时列出开机号与试机号。,否,200,是,
彩宝网/8200,排列三,2024185,2024-07-13,884,516,,https://www.8200.cn/kjh/p3/2024185.htm,排列三页面所列三位试机号；排列三与排列五共用同一期体彩摇奖流程。,否,200,是,
一定牛/ydniu,排列五,2024185,2024-07-13,88496,01956,,https://m.ydniu.com/kaijiang/pl5/sjh/2024185.html,页面明确标注为排列五五位模拟试机号，属于互联网模拟数据，不是官方试机号。,是,200,是,
3D之家/3d178,福彩3D,2024185,2024-07-13,306,186,,https://www.3d178.cn/kaijiang/2024/2024185.shtml,3D之家页面所列试机号；与彩宝网口径可能不同，原样独立保留。,否,200,是,
彩宝网/8200,福彩3D,2024185,2024-07-13,306,186,960,https://www.8200.cn/kjh/3d/2024185.htm,福彩3D页面口径：同时列出开机号与试机号。,否,200,是,
彩宝网/8200,排列三,2024186,2024-07-14,367,807,,https://www.8200.cn/kjh/p3/2024186.htm,排列三页面所列三位试机号；排列三与排列五共用同一期体彩摇奖流程。,否,200,是,
一定牛/ydniu,排列五,2024186,2024-07-14,36734,52779,,https://m.ydniu.com/kaijiang/pl5/sjh/2024186.html,页面明确标注为排列五五位模拟试机号，属于互联网模拟数据，不是官方试机号。,是,200,是,
3D之家/3d178,福彩3D,2024186,2024-07-14,579,571,,https://www.3d178.cn/kaijiang/2024/2024186.shtml,3D之家页面所列试机号；与彩宝网口径可能不同，原样独立保留。,否,200,是,
彩宝网/8200,福彩3D,2024186,2024-07-14,579,571,087,https://www.8200.cn/kjh/3d/2024186.htm,福彩3D页面口径：同时列出开机号与试机号。,否,200,是,
彩宝网/8200,排列三,2024187,2024-07-15,883,503,,https://www.8200.cn/kjh/p3/2024187.htm,排列三页面所列三位试机号；排列三与排列五共用同一期体彩摇奖流程。,否,200,是,
一定牛/ydniu,排列五,2024187,2024-07-15,88358,12779,,https://m.ydniu.com/kaijiang/pl5/sjh/2024187.html,页面明确标注为排列五五位模拟试机号，属于互联网模拟数据，不是官方试机号。,是,200,是,
3D之家/3d178,福彩3D,2024187,2024-07-15,380,100,,https://www.3d178.cn/kaijiang/2024/2024187.shtml,3D之家页面所列试机号；与彩宝网口径可能不同，原样独立保留。,否,200,是,
彩宝网/8200,福彩3D,2024187,2024-07-15,380,100,281,https://www.8200.cn/kjh/3d/2024187.htm,福彩3D页面口径：同时列出开机号与试机号。,否,200,是,
彩宝网/8200,排列三,2024188,2024-07-16,024,894,,https://www.8200.cn/kjh/p3/2024188.htm,排列三页面所列三位试机号；排列三与排列五共用同一期体彩摇奖流程。,否,200,是,
一定牛/ydniu,排列五,2024188,2024-07-16,02443,97629,,https://m.ydniu.com/kaijiang/pl5/sjh/2024188.html,页面明确标注为排列五五位模拟试机号，属于互联网模拟数据，不是官方试机号。,是,200,是,
3D之家/3d178,福彩3D,2024188,2024-07-16,956,677,,https://www.3d178.cn/kaijiang/2024/2024188.shtml,3D之家页面所列试机号；与彩宝网口径可能不同，原样独立保留。,否,200,是,
彩宝网/8200,福彩3D,2024188,2024-07-16,956,677,052,https://www.8200.cn/kjh/3d/2024188.htm,福彩3D页面口径：同时列出开机号与试机号。,否,200,是,
彩宝网/8200,排列三,2024189,2024-07-17,793,146,,https://www.8200.cn/kjh/p3/2024189.htm,排列三页面所列三位试机号；排列三与排列五共用同一期体彩摇奖流程。,否,200,是,
一定牛/ydniu,排列五,2024189,2024-07-17,79322,26416,,https://m.ydniu.com/kaijiang/pl5/sjh/2024189.html,页面明确标注为排列五五位模拟试机号，属于互联网模拟数据，不是官方试机号。,是,200,是,
3D之家/3d178,福彩3D,2024189,2024-07-17,530,699,,https://www.3d178.cn/kaijiang/2024/2024189.shtml,3D之家页面所列试机号；与彩宝网口径可能不同，原样独立保留。,否,200,是,
彩宝网/8200,福彩3D,2024189,2024-07-17,530,699,509,https://www.8200.cn/kjh/3d/2024189.htm,福彩3D页面口径：同时列出开机号与试机号。,否,200,是,
彩宝网/8200,排列三,2024190,2024-07-18,644,162,,https://www.8200.cn/kjh/p3/2024190.htm,排列三页面所列三位试机号；排列三与排列五共用同一期体彩摇奖流程。,否,200,是,
一定牛/ydniu,排列五,2024190,2024-07-18,64492,06463,,https://m.ydniu.com/kaijiang/pl5/sjh/2024190.html,页面明确标注为排列五五位模拟试机号，属于互联网模拟数据，不是官方试机号。,是,200,是,
3D之家/3d178,福彩3D,2024190,2024-07-18,410,916,,https://www.3d178.cn/kaijiang/2024/2024190.shtml,3D之家页面所列试机号；与彩宝网口径可能不同，原样独立保留。,否,200,是,
彩宝网/8200,福彩3D,2024190,2024-07-18,410,916,916,https://www.8200.cn/kjh/3d/2024190.htm,福彩3D页面口径：同时列出开机号与试机号。,否,200,是,
彩宝网/8200,排列三,2024191,2024-07-19,439,178,,https://www.8200.cn/kjh/p3/2024191.htm,排列三页面所列三位试机号；排列三与排列五共用同一期体彩摇奖流程。,否,200,是,
一定牛/ydniu,排列五,2024191,2024-07-19,43924,54829,,https://m.ydniu.com/kaijiang/pl5/sjh/2024191.html,页面明确标注为排列五五位模拟试机号，属于互联网模拟数据，不是官方试机号。,是,200,是,
3D之家/3d178,福彩3D,2024191,2024-07-19,382,271,,https://www.3d178.cn/kaijiang/2024/2024191.shtml,3D之家页面所列试机号；与彩宝网口径可能不同，原样独立保留。,否,200,是,
彩宝网/8200,福彩3D,2024191,2024-07-19,382,271,315,https://www.8200.cn/kjh/3d/2024191.htm,福彩3D页面口径：同时列出开机号与试机号。,否,200,是,
彩宝网/8200,排列三,2024192,2024-07-20,340,704,,https://www.8200.cn/kjh/p3/2024192.htm,排列三页面所列三位试机号；排列三与排列五共用同一期体彩摇奖流程。,否,200,是,
一定牛/ydniu,排列五,2024192,2024-07-20,34071,91603,,https://m.ydniu.com/kaijiang/pl5/sjh/2024192.html,页面明确标注为排列五五位模拟试机号，属于互联网模拟数据，不是官方试机号。,是,200,是,
3D之家/3d178,福彩3D,2024192,2024-07-20,676,557,,https://www.3d178.cn/kaijiang/2024/2024192.shtml,3D之家页面所列试机号；与彩宝网口径可能不同，原样独立保留。,否,200,是,
彩宝网/8200,福彩3D,2024192,2024-07-20,676,557,895,https://www.8200.cn/kjh/3d/2024192.htm,福彩3D页面口径：同时列出开机号与试机号。,否,200,是,
彩宝网/8200,排列三,2024193,2024-07-21,006,639,,https://www.8200.cn/kjh/p3/2024193.htm,排列三页面所列三位试机号；排列三与排列五共用同一期体彩摇奖流程。,否,200,是,
一定牛/ydniu,排列五,2024193,2024-07-21,00629,18870,,https://m.ydniu.com/kaijiang/pl5/sjh/2024193.html,页面明确标注为排列五五位模拟试机号，属于互联网模拟数据，不是官方试机号。,是,200,是,
3D之家/3d178,福彩3D,2024193,2024-07-21,681,177,,https://www.3d178.cn/kaijiang/2024/2024193.shtml,3D之家页面所列试机号；与彩宝网口径可能不同，原样独立保留。,否,200,是,
彩宝网/8200,福彩3D,2024193,2024-07-21,681,177,120,https://www.8200.cn/kjh/3d/2024193.htm,福彩3D页面口径：同时列出开机号与试机号。,否,200,是,
彩宝网/8200,排列三,2024194,2024-07-22,078,803,,https://www.8200.cn/kjh/p3/2024194.htm,排列三页面所列三位试机号；排列三与排列五共用同一期体彩摇奖流程。,否,200,是,
一定牛/ydniu,排列五,2024194,2024-07-22,07891,28373,,https://m.ydniu.com/kaijiang/pl5/sjh/2024194.html,页面明确标注为排列五五位模拟试机号，属于互联网模拟数据，不是官方试机号。,是,200,是,
3D之家/3d178,福彩3D,2024194,2024-07-22,137,385,,https://www.3d178.cn/kaijiang/2024/2024194.shtml,3D之家页面所列试机号；与彩宝网口径可能不同，原样独立保留。,否,200,是,
彩宝网/8200,福彩3D,2024194,2024-07-22,137,385,602,https://www.8200.cn/kjh/3d/2024194.htm,福彩3D页面口径：同时列出开机号与试机号。,否,200,是,
彩宝网/8200,排列三,2024195,2024-07-23,517,826,,https://www.8200.cn/kjh/p3/2024195.htm,排列三页面所列三位试机号；排列三与排列五共用同一期体彩摇奖流程。,否,200,是,
一定牛/ydniu,排列五,2024195,2024-07-23,51704,15216,,https://m.ydniu.com/kaijiang/pl5/sjh/2024195.html,页面明确标注为排列五五位模拟试机号，属于互联网模拟数据，不是官方试机号。,是,200,是,
3D之家/3d178,福彩3D,2024195,2024-07-23,725,651,,https://www.3d178.cn/kaijiang/2024/2024195.shtml,3D之家页面所列试机号；与彩宝网口径可能不同，原样独立保留。,否,200,是,
彩宝网/8200,福彩3D,2024195,2024-07-23,725,651,809,https://www.8200.cn/kjh/3d/2024195.htm,福彩3D页面口径：同时列出开机号与试机号。,否,200,是,
彩宝网/8200,排列三,2024196,2024-07-24,539,306,,https://www.8200.cn/kjh/p3/2024196.htm,排列三页面所列三位试机号；排列三与排列五共用同一期体彩摇奖流程。,否,200,是,
一定牛/ydniu,排列五,2024196,2024-07-24,53905,02894,,https://m.ydniu.com/kaijiang/pl5/sjh/2024196.html,页面明确标注为排列五五位模拟试机号，属于互联网模拟数据，不是官方试机号。,是,200,是,
3D之家/3d178,福彩3D,2024196,2024-07-24,056,828,,https://www.3d178.cn/kaijiang/2024/2024196.shtml,3D之家页面所列试机号；与彩宝网口径可能不同，原样独立保留。,否,200,是,
彩宝网/8200,福彩3D,2024196,2024-07-24,056,828,435,https://www.8200.cn/kjh/3d/2024196.htm,福彩3D页面口径：同时列出开机号与试机号。,否,200,是,
彩宝网/8200,排列三,2024197,2024-07-25,105,517,,https://www.8200.cn/kjh/p3/2024197.htm,排列三页面所列三位试机号；排列三与排列五共用同一期体彩摇奖流程。,否,200,是,
一定牛/ydniu,排列五,2024197,2024-07-25,10561,45528,,https://m.ydniu.com/kaijiang/pl5/sjh/2024197.html,页面明确标注为排列五五位模拟试机号，属于互联网模拟数据，不是官方试机号。,是,200,是,
3D之家/3d178,福彩3D,2024197,2024-07-25,224,497,,https://www.3d178.cn/kaijiang/2024/2024197.shtml,3D之家页面所列试机号；与彩宝网口径可能不同，原样独立保留。,否,200,是,
彩宝网/8200,福彩3D,2024197,2024-07-25,224,497,597,https://www.8200.cn/kjh/3d/2024197.htm,福彩3D页面口径：同时列出开机号与试机号。,否,200,是,
彩宝网/8200,排列三,2024198,2024-07-26,550,975,,https://www.8200.cn/kjh/p3/2024198.htm,排列三页面所列三位试机号；排列三与排列五共用同一期体彩摇奖流程。,否,200,是,
一定牛/ydniu,排列五,2024198,2024-07-26,55003,00987,,https://m.ydniu.com/kaijiang/pl5/sjh/2024198.html,页面明确标注为排列五五位模拟试机号，属于互联网模拟数据，不是官方试机号。,是,200,是,
3D之家/3d178,福彩3D,2024198,2024-07-26,710,484,,https://www.3d178.cn/kaijiang/2024/2024198.shtml,3D之家页面所列试机号；与彩宝网口径可能不同，原样独立保留。,否,200,是,
彩宝网/8200,福彩3D,2024198,2024-07-26,710,484,062,https://www.8200.cn/kjh/3d/2024198.htm,福彩3D页面口径：同时列出开机号与试机号。,否,200,是,
彩宝网/8200,排列三,2024199,2024-07-27,558,523,,https://www.8200.cn/kjh/p3/2024199.htm,排列三页面所列三位试机号；排列三与排列五共用同一期体彩摇奖流程。,否,200,是,
一定牛/ydniu,排列五,2024199,2024-07-27,55815,46432,,https://m.ydniu.com/kaijiang/pl5/sjh/2024199.html,页面明确标注为排列五五位模拟试机号，属于互联网模拟数据，不是官方试机号。,是,200,是,
3D之家/3d178,福彩3D,2024199,2024-07-27,147,441,,https://www.3d178.cn/kaijiang/2024/2024199.shtml,3D之家页面所列试机号；与彩宝网口径可能不同，原样独立保留。,否,200,是,
彩宝网/8200,福彩3D,2024199,2024-07-27,147,441,297,https://www.8200.cn/kjh/3d/2024199.htm,福彩3D页面口径：同时列出开机号与试机号。,否,200,是,
彩宝网/8200,排列三,2024200,2024-07-28,380,182,,https://www.8200.cn/kjh/p3/2024200.htm,排列三页面所列三位试机号；排列三与排列五共用同一期体彩摇奖流程。,否,200,是,
一定牛/ydniu,排列五,2024200,2024-07-28,38071,82710,,https://m.ydniu.com/kaijiang/pl5/sjh/2024200.html,页面明确标注为排列五五位模拟试机号，属于互联网模拟数据，不是官方试机号。,是,200,是,
3D之家/3d178,福彩3D,2024200,2024-07-28,309,164,,https://www.3d178.cn/kaijiang/2024/2024200.shtml,3D之家页面所列试机号；与彩宝网口径可能不同，原样独立保留。,否,200,是,
彩宝网/8200,福彩3D,2024200,2024-07-28,309,164,761,https://www.8200.cn/kjh/3d/2024200.htm,福彩3D页面口径：同时列出开机号与试机号。,否,200,是,
彩宝网/8200,排列三,2024201,2024-07-29,515,374,,https://www.8200.cn/kjh/p3/2024201.htm,排列三页面所列三位试机号；排列三与排列五共用同一期体彩摇奖流程。,否,200,是,
一定牛/ydniu,排列五,2024201,2024-07-29,51522,69742,,https://m.ydniu.com/kaijiang/pl5/sjh/2024201.html,页面明确标注为排列五五位模拟试机号，属于互联网模拟数据，不是官方试机号。,是,200,是,
3D之家/3d178,福彩3D,2024201,2024-07-29,843,378,,https://www.3d178.cn/kaijiang/2024/2024201.shtml,3D之家页面所列试机号；与彩宝网口径可能不同，原样独立保留。,否,200,是,
彩宝网/8200,福彩3D,2024201,2024-07-29,843,378,506,https://www.8200.cn/kjh/3d/2024201.htm,福彩3D页面口径：同时列出开机号与试机号。,否,200,是,
彩宝网/8200,排列三,2024202,2024-07-30,187,617,,https://www.8200.cn/kjh/p3/2024202.htm,排列三页面所列三位试机号；排列三与排列五共用同一期体彩摇奖流程。,否,200,是,
一定牛/ydniu,排列五,2024202,2024-07-30,18708,27788,,https://m.ydniu.com/kaijiang/pl5/sjh/2024202.html,页面明确标注为排列五五位模拟试机号，属于互联网模拟数据，不是官方试机号。,是,200,是,
3D之家/3d178,福彩3D,2024202,2024-07-30,552,798,,https://www.3d178.cn/kaijiang/2024/2024202.shtml,3D之家页面所列试机号；与彩宝网口径可能不同，原样独立保留。,否,200,是,
彩宝网/8200,福彩3D,2024202,2024-07-30,552,798,542,https://www.8200.cn/kjh/3d/2024202.htm,福彩3D页面口径：同时列出开机号与试机号。,否,200,是,
彩宝网/8200,排列三,2024203,2024-07-31,592,652,,https://www.8200.cn/kjh/p3/2024203.htm,排列三页面所列三位试机号；排列三与排列五共用同一期体彩摇奖流程。,否,200,是,
一定牛/ydniu,排列五,2024203,2024-07-31,59269,75507,,https://m.ydniu.com/kaijiang/pl5/sjh/2024203.html,页面明确标注为排列五五位模拟试机号，属于互联网模拟数据，不是官方试机号。,是,200,是,
3D之家/3d178,福彩3D,2024203,2024-07-31,172,902,,https://www.3d178.cn/kaijiang/2024/2024203.shtml,3D之家页面所列试机号；与彩宝网口径可能不同，原样独立保留。,否,200,是,
彩宝网/8200,福彩3D,2024203,2024-07-31,172,902,947,https://www.8200.cn/kjh/3d/2024203.htm,福彩3D页面口径：同时列出开机号与试机号。,否,200,是,
彩宝网/8200,排列三,2024204,2024-08-01,047,734,,https://www.8200.cn/kjh/p3/2024204.htm,排列三页面所列三位试机号；排列三与排列五共用同一期体彩摇奖流程。,否,200,是,
一定牛/ydniu,排列五,2024204,2024-08-01,04794,67630,,https://m.ydniu.com/kaijiang/pl5/sjh/2024204.html,页面明确标注为排列五五位模拟试机号，属于互联网模拟数据，不是官方试机号。,是,200,是,
3D之家/3d178,福彩3D,2024204,2024-08-01,390,863,,https://www.3d178.cn/kaijiang/2024/2024204.shtml,3D之家页面所列试机号；与彩宝网口径可能不同，原样独立保留。,否,200,是,
彩宝网/8200,福彩3D,2024204,2024-08-01,390,863,174,https://www.8200.cn/kjh/3d/2024204.htm,福彩3D页面口径：同时列出开机号与试机号。,否,200,是,
彩宝网/8200,排列三,2024205,2024-08-02,241,413,,https://www.8200.cn/kjh/p3/2024205.htm,排列三页面所列三位试机号；排列三与排列五共用同一期体彩摇奖流程。,否,200,是,
一定牛/ydniu,排列五,2024205,2024-08-02,24169,07671,,https://m.ydniu.com/kaijiang/pl5/sjh/2024205.html,页面明确标注为排列五五位模拟试机号，属于互联网模拟数据，不是官方试机号。,是,200,是,
3D之家/3d178,福彩3D,2024205,2024-08-02,651,470,,https://www.3d178.cn/kaijiang/2024/2024205.shtml,3D之家页面所列试机号；与彩宝网口径可能不同，原样独立保留。,否,200,是,
彩宝网/8200,福彩3D,2024205,2024-08-02,651,470,251,https://www.8200.cn/kjh/3d/2024205.htm,福彩3D页面口径：同时列出开机号与试机号。,否,200,是,
彩宝网/8200,排列三,2024206,2024-08-03,446,834,,https://www.8200.cn/kjh/p3/2024206.htm,排列三页面所列三位试机号；排列三与排列五共用同一期体彩摇奖流程。,否,200,是,
一定牛/ydniu,排列五,2024206,2024-08-03,44664,11386,,https://m.ydniu.com/kaijiang/pl5/sjh/2024206.html,页面明确标注为排列五五位模拟试机号，属于互联网模拟数据，不是官方试机号。,是,200,是,
3D之家/3d178,福彩3D,2024206,2024-08-03,818,404,,https://www.3d178.cn/kaijiang/2024/2024206.shtml,3D之家页面所列试机号；与彩宝网口径可能不同，原样独立保留。,否,200,是,
彩宝网/8200,福彩3D,2024206,2024-08-03,818,404,079,https://www.8200.cn/kjh/3d/2024206.htm,福彩3D页面口径：同时列出开机号与试机号。,否,200,是,
彩宝网/8200,排列三,2024207,2024-08-04,982,305,,https://www.8200.cn/kjh/p3/2024207.htm,排列三页面所列三位试机号；排列三与排列五共用同一期体彩摇奖流程。,否,200,是,
一定牛/ydniu,排列五,2024207,2024-08-04,98205,55928,,https://m.ydniu.com/kaijiang/pl5/sjh/2024207.html,页面明确标注为排列五五位模拟试机号，属于互联网模拟数据，不是官方试机号。,是,200,是,
3D之家/3d178,福彩3D,2024207,2024-08-04,892,762,,https://www.3d178.cn/kaijiang/2024/2024207.shtml,3D之家页面所列试机号；与彩宝网口径可能不同，原样独立保留。,否,200,是,
彩宝网/8200,福彩3D,2024207,2024-08-04,892,762,670,https://www.8200.cn/kjh/3d/2024207.htm,福彩3D页面口径：同时列出开机号与试机号。,否,200,是,
彩宝网/8200,排列三,2024208,2024-08-05,973,283,,https://www.8200.cn/kjh/p3/2024208.htm,排列三页面所列三位试机号；排列三与排列五共用同一期体彩摇奖流程。,否,200,是,
一定牛/ydniu,排列五,2024208,2024-08-05,97371,57379,,https://m.ydniu.com/kaijiang/pl5/sjh/2024208.html,页面明确标注为排列五五位模拟试机号，属于互联网模拟数据，不是官方试机号。,是,200,是,
3D之家/3d178,福彩3D,2024208,2024-08-05,281,565,,https://www.3d178.cn/kaijiang/2024/2024208.shtml,3D之家页面所列试机号；与彩宝网口径可能不同，原样独立保留。,否,200,是,
彩宝网/8200,福彩3D,2024208,2024-08-05,281,565,415,https://www.8200.cn/kjh/3d/2024208.htm,福彩3D页面口径：同时列出开机号与试机号。,否,200,是,
彩宝网/8200,排列三,2024209,2024-08-06,535,381,,https://www.8200.cn/kjh/p3/2024209.htm,排列三页面所列三位试机号；排列三与排列五共用同一期体彩摇奖流程。,否,200,是,
一定牛/ydniu,排列五,2024209,2024-08-06,53556,00292,,https://m.ydniu.com/kaijiang/pl5/sjh/2024209.html,页面明确标注为排列五五位模拟试机号，属于互联网模拟数据，不是官方试机号。,是,200,是,
3D之家/3d178,福彩3D,2024209,2024-08-06,676,492,,https://www.3d178.cn/kaijiang/2024/2024209.shtml,3D之家页面所列试机号；与彩宝网口径可能不同，原样独立保留。,否,200,是,
彩宝网/8200,福彩3D,2024209,2024-08-06,676,492,204,https://www.8200.cn/kjh/3d/2024209.htm,福彩3D页面口径：同时列出开机号与试机号。,否,200,是,
彩宝网/8200,排列三,2024210,2024-08-07,285,875,,https://www.8200.cn/kjh/p3/2024210.htm,排列三页面所列三位试机号；排列三与排列五共用同一期体彩摇奖流程。,否,200,是,
一定牛/ydniu,排列五,2024210,2024-08-07,28591,64613,,https://m.ydniu.com/kaijiang/pl5/sjh/2024210.html,页面明确标注为排列五五位模拟试机号，属于互联网模拟数据，不是官方试机号。,是,200,是,
3D之家/3d178,福彩3D,2024210,2024-08-07,449,570,,https://www.3d178.cn/kaijiang/2024/2024210.shtml,3D之家页面所列试机号；与彩宝网口径可能不同，原样独立保留。,否,200,是,
彩宝网/8200,福彩3D,2024210,2024-08-07,449,570,412,https://www.8200.cn/kjh/3d/2024210.htm,福彩3D页面口径：同时列出开机号与试机号。,否,200,是,
彩宝网/8200,排列三,2024211,2024-08-08,649,645,,https://www.8200.cn/kjh/p3/2024211.htm,排列三页面所列三位试机号；排列三与排列五共用同一期体彩摇奖流程。,否,200,是,
一定牛/ydniu,排列五,2024211,2024-08-08,64975,97256,,https://m.ydniu.com/kaijiang/pl5/sjh/2024211.html,页面明确标注为排列五五位模拟试机号，属于互联网模拟数据，不是官方试机号。,是,200,是,
3D之家/3d178,福彩3D,2024211,2024-08-08,054,008,,https://www.3d178.cn/kaijiang/2024/2024211.shtml,3D之家页面所列试机号；与彩宝网口径可能不同，原样独立保留。,否,200,是,
彩宝网/8200,福彩3D,2024211,2024-08-08,054,008,031,https://www.8200.cn/kjh/3d/2024211.htm,福彩3D页面口径：同时列出开机号与试机号。,否,200,是,
彩宝网/8200,排列三,2024212,2024-08-09,727,812,,https://www.8200.cn/kjh/p3/2024212.htm,排列三页面所列三位试机号；排列三与排列五共用同一期体彩摇奖流程。,否,200,是,
一定牛/ydniu,排列五,2024212,2024-08-09,72703,25228,,https://m.ydniu.com/kaijiang/pl5/sjh/2024212.html,页面明确标注为排列五五位模拟试机号，属于互联网模拟数据，不是官方试机号。,是,200,是,
3D之家/3d178,福彩3D,2024212,2024-08-09,089,187,,https://www.3d178.cn/kaijiang/2024/2024212.shtml,3D之家页面所列试机号；与彩宝网口径可能不同，原样独立保留。,否,200,是,
彩宝网/8200,福彩3D,2024212,2024-08-09,089,187,561,https://www.8200.cn/kjh/3d/2024212.htm,福彩3D页面口径：同时列出开机号与试机号。,否,200,是,
彩宝网/8200,排列三,2024213,2024-08-10,734,985,,https://www.8200.cn/kjh/p3/2024213.htm,排列三页面所列三位试机号；排列三与排列五共用同一期体彩摇奖流程。,否,200,是,
一定牛/ydniu,排列五,2024213,2024-08-10,73462,57625,,https://m.ydniu.com/kaijiang/pl5/sjh/2024213.html,页面明确标注为排列五五位模拟试机号，属于互联网模拟数据，不是官方试机号。,是,200,是,
3D之家/3d178,福彩3D,2024213,2024-08-10,009,456,,https://www.3d178.cn/kaijiang/2024/2024213.shtml,3D之家页面所列试机号；与彩宝网口径可能不同，原样独立保留。,否,200,是,
彩宝网/8200,福彩3D,2024213,2024-08-10,009,456,746,https://www.8200.cn/kjh/3d/2024213.htm,福彩3D页面口径：同时列出开机号与试机号。,否,200,是,
彩宝网/8200,排列三,2024214,2024-08-11,145,198,,https://www.8200.cn/kjh/p3/2024214.htm,排列三页面所列三位试机号；排列三与排列五共用同一期体彩摇奖流程。,否,200,是,
一定牛/ydniu,排列五,2024214,2024-08-11,14533,89607,,https://m.ydniu.com/kaijiang/pl5/sjh/2024214.html,页面明确标注为排列五五位模拟试机号，属于互联网模拟数据，不是官方试机号。,是,200,是,
3D之家/3d178,福彩3D,2024214,2024-08-11,365,841,,https://www.3d178.cn/kaijiang/2024/2024214.shtml,3D之家页面所列试机号；与彩宝网口径可能不同，原样独立保留。,否,200,是,
彩宝网/8200,福彩3D,2024214,2024-08-11,365,841,602,https://www.8200.cn/kjh/3d/2024214.htm,福彩3D页面口径：同时列出开机号与试机号。,否,200,是,
彩宝网/8200,排列三,2024215,2024-08-12,877,289,,https://www.8200.cn/kjh/p3/2024215.htm,排列三页面所列三位试机号；排列三与排列五共用同一期体彩摇奖流程。,否,200,是,
一定牛/ydniu,排列五,2024215,2024-08-12,87754,84073,,https://m.ydniu.com/kaijiang/pl5/sjh/2024215.html,页面明确标注为排列五五位模拟试机号，属于互联网模拟数据，不是官方试机号。,是,200,是,
3D之家/3d178,福彩3D,2024215,2024-08-12,483,770,,https://www.3d178.cn/kaijiang/2024/2024215.shtml,3D之家页面所列试机号；与彩宝网口径可能不同，原样独立保留。,否,200,是,
彩宝网/8200,福彩3D,2024215,2024-08-12,483,770,569,https://www.8200.cn/kjh/3d/2024215.htm,福彩3D页面口径：同时列出开机号与试机号。,否,200,是,
彩宝网/8200,排列三,2024216,2024-08-13,848,674,,https://www.8200.cn/kjh/p3/2024216.htm,排列三页面所列三位试机号；排列三与排列五共用同一期体彩摇奖流程。,否,200,是,
一定牛/ydniu,排列五,2024216,2024-08-13,84839,85240,,https://m.ydniu.com/kaijiang/pl5/sjh/2024216.html,页面明确标注为排列五五位模拟试机号，属于互联网模拟数据，不是官方试机号。,是,200,是,
3D之家/3d178,福彩3D,2024216,2024-08-13,444,274,,https://www.3d178.cn/kaijiang/2024/2024216.shtml,3D之家页面所列试机号；与彩宝网口径可能不同，原样独立保留。,否,200,是,
彩宝网/8200,福彩3D,2024216,2024-08-13,444,274,074,https://www.8200.cn/kjh/3d/2024216.htm,福彩3D页面口径：同时列出开机号与试机号。,否,200,是,
彩宝网/8200,排列三,2024217,2024-08-14,111,698,,https://www.8200.cn/kjh/p3/2024217.htm,排列三页面所列三位试机号；排列三与排列五共用同一期体彩摇奖流程。,否,200,是,
一定牛/ydniu,排列五,2024217,2024-08-14,11109,06370,,https://m.ydniu.com/kaijiang/pl5/sjh/2024217.html,页面明确标注为排列五五位模拟试机号，属于互联网模拟数据，不是官方试机号。,是,200,是,
3D之家/3d178,福彩3D,2024217,2024-08-14,405,845,,https://www.3d178.cn/kaijiang/2024/2024217.shtml,3D之家页面所列试机号；与彩宝网口径可能不同，原样独立保留。,否,200,是,
彩宝网/8200,福彩3D,2024217,2024-08-14,405,845,569,https://www.8200.cn/kjh/3d/2024217.htm,福彩3D页面口径：同时列出开机号与试机号。,否,200,是,
彩宝网/8200,排列三,2024218,2024-08-15,291,605,,https://www.8200.cn/kjh/p3/2024218.htm,排列三页面所列三位试机号；排列三与排列五共用同一期体彩摇奖流程。,否,200,是,
一定牛/ydniu,排列五,2024218,2024-08-15,29178,53293,,https://m.ydniu.com/kaijiang/pl5/sjh/2024218.html,页面明确标注为排列五五位模拟试机号，属于互联网模拟数据，不是官方试机号。,是,200,是,
3D之家/3d178,福彩3D,2024218,2024-08-15,467,033,,https://www.3d178.cn/kaijiang/2024/2024218.shtml,3D之家页面所列试机号；与彩宝网口径可能不同，原样独立保留。,否,200,是,
彩宝网/8200,福彩3D,2024218,2024-08-15,467,033,614,https://www.8200.cn/kjh/3d/2024218.htm,福彩3D页面口径：同时列出开机号与试机号。,否,200,是,
彩宝网/8200,排列三,2024219,2024-08-16,971,278,,https://www.8200.cn/kjh/p3/2024219.htm,排列三页面所列三位试机号；排列三与排列五共用同一期体彩摇奖流程。,否,200,是,
一定牛/ydniu,排列五,2024219,2024-08-16,97170,10205,,https://m.ydniu.com/kaijiang/pl5/sjh/2024219.html,页面明确标注为排列五五位模拟试机号，属于互联网模拟数据，不是官方试机号。,是,200,是,
3D之家/3d178,福彩3D,2024219,2024-08-16,305,539,,https://www.3d178.cn/kaijiang/2024/2024219.shtml,3D之家页面所列试机号；与彩宝网口径可能不同，原样独立保留。,否,200,是,
彩宝网/8200,福彩3D,2024219,2024-08-16,305,539,742,https://www.8200.cn/kjh/3d/2024219.htm,福彩3D页面口径：同时列出开机号与试机号。,否,200,是,
彩宝网/8200,排列三,2024220,2024-08-17,724,218,,https://www.8200.cn/kjh/p3/2024220.htm,排列三页面所列三位试机号；排列三与排列五共用同一期体彩摇奖流程。,否,200,是,
一定牛/ydniu,排列五,2024220,2024-08-17,72415,99865,,https://m.ydniu.com/kaijiang/pl5/sjh/2024220.html,页面明确标注为排列五五位模拟试机号，属于互联网模拟数据，不是官方试机号。,是,200,是,
3D之家/3d178,福彩3D,2024220,2024-08-17,414,246,,https://www.3d178.cn/kaijiang/2024/2024220.shtml,3D之家页面所列试机号；与彩宝网口径可能不同，原样独立保留。,否,200,是,
彩宝网/8200,福彩3D,2024220,2024-08-17,414,246,408,https://www.8200.cn/kjh/3d/2024220.htm,福彩3D页面口径：同时列出开机号与试机号。,否,200,是,
彩宝网/8200,排列三,2024221,2024-08-18,500,721,,https://www.8200.cn/kjh/p3/2024221.htm,排列三页面所列三位试机号；排列三与排列五共用同一期体彩摇奖流程。,否,200,是,
一定牛/ydniu,排列五,2024221,2024-08-18,50050,13684,,https://m.ydniu.com/kaijiang/pl5/sjh/2024221.html,页面明确标注为排列五五位模拟试机号，属于互联网模拟数据，不是官方试机号。,是,200,是,
3D之家/3d178,福彩3D,2024221,2024-08-18,103,872,,https://www.3d178.cn/kaijiang/2024/2024221.shtml,3D之家页面所列试机号；与彩宝网口径可能不同，原样独立保留。,否,200,是,
彩宝网/8200,福彩3D,2024221,2024-08-18,103,872,195,https://www.8200.cn/kjh/3d/2024221.htm,福彩3D页面口径：同时列出开机号与试机号。,否,200,是,
彩宝网/8200,排列三,2024222,2024-08-19,993,769,,https://www.8200.cn/kjh/p3/2024222.htm,排列三页面所列三位试机号；排列三与排列五共用同一期体彩摇奖流程。,否,200,是,
一定牛/ydniu,排列五,2024222,2024-08-19,99338,75951,,https://m.ydniu.com/kaijiang/pl5/sjh/2024222.html,页面明确标注为排列五五位模拟试机号，属于互联网模拟数据，不是官方试机号。,是,200,是,
3D之家/3d178,福彩3D,2024222,2024-08-19,564,339,,https://www.3d178.cn/kaijiang/2024/2024222.shtml,3D之家页面所列试机号；与彩宝网口径可能不同，原样独立保留。,否,200,是,
彩宝网/8200,福彩3D,2024222,2024-08-19,564,339,123,https://www.8200.cn/kjh/3d/2024222.htm,福彩3D页面口径：同时列出开机号与试机号。,否,200,是,
彩宝网/8200,排列三,2024223,2024-08-20,549,547,,https://www.8200.cn/kjh/p3/2024223.htm,排列三页面所列三位试机号；排列三与排列五共用同一期体彩摇奖流程。,否,200,是,
一定牛/ydniu,排列五,2024223,2024-08-20,54912,30244,,https://m.ydniu.com/kaijiang/pl5/sjh/2024223.html,页面明确标注为排列五五位模拟试机号，属于互联网模拟数据，不是官方试机号。,是,200,是,
3D之家/3d178,福彩3D,2024223,2024-08-20,773,923,,https://www.3d178.cn/kaijiang/2024/2024223.shtml,3D之家页面所列试机号；与彩宝网口径可能不同，原样独立保留。,否,200,是,
彩宝网/8200,福彩3D,2024223,2024-08-20,773,923,362,https://www.8200.cn/kjh/3d/2024223.htm,福彩3D页面口径：同时列出开机号与试机号。,否,200,是,
彩宝网/8200,排列三,2024224,2024-08-21,835,629,,https://www.8200.cn/kjh/p3/2024224.htm,排列三页面所列三位试机号；排列三与排列五共用同一期体彩摇奖流程。,否,200,是,
一定牛/ydniu,排列五,2024224,2024-08-21,83529,92539,,https://m.ydniu.com/kaijiang/pl5/sjh/2024224.html,页面明确标注为排列五五位模拟试机号，属于互联网模拟数据，不是官方试机号。,是,200,是,
3D之家/3d178,福彩3D,2024224,2024-08-21,560,099,,https://www.3d178.cn/kaijiang/2024/2024224.shtml,3D之家页面所列试机号；与彩宝网口径可能不同，原样独立保留。,否,200,是,
彩宝网/8200,福彩3D,2024224,2024-08-21,560,099,675,https://www.8200.cn/kjh/3d/2024224.htm,福彩3D页面口径：同时列出开机号与试机号。,否,200,是,
彩宝网/8200,排列三,2024225,2024-08-22,758,980,,https://www.8200.cn/kjh/p3/2024225.htm,排列三页面所列三位试机号；排列三与排列五共用同一期体彩摇奖流程。,否,200,是,
一定牛/ydniu,排列五,2024225,2024-08-22,75863,22345,,https://m.ydniu.com/kaijiang/pl5/sjh/2024225.html,页面明确标注为排列五五位模拟试机号，属于互联网模拟数据，不是官方试机号。,是,200,是,
3D之家/3d178,福彩3D,2024225,2024-08-22,884,619,,https://www.3d178.cn/kaijiang/2024/2024225.shtml,3D之家页面所列试机号；与彩宝网口径可能不同，原样独立保留。,否,200,是,
彩宝网/8200,福彩3D,2024225,2024-08-22,884,619,381,https://www.8200.cn/kjh/3d/2024225.htm,福彩3D页面口径：同时列出开机号与试机号。,否,200,是,
彩宝网/8200,排列三,2024226,2024-08-23,232,740,,https://www.8200.cn/kjh/p3/2024226.htm,排列三页面所列三位试机号；排列三与排列五共用同一期体彩摇奖流程。,否,200,是,
一定牛/ydniu,排列五,2024226,2024-08-23,23234,36266,,https://m.ydniu.com/kaijiang/pl5/sjh/2024226.html,页面明确标注为排列五五位模拟试机号，属于互联网模拟数据，不是官方试机号。,是,200,是,
3D之家/3d178,福彩3D,2024226,2024-08-23,380,243,,https://www.3d178.cn/kaijiang/2024/2024226.shtml,3D之家页面所列试机号；与彩宝网口径可能不同，原样独立保留。,否,200,是,
彩宝网/8200,福彩3D,2024226,2024-08-23,380,243,571,https://www.8200.cn/kjh/3d/2024226.htm,福彩3D页面口径：同时列出开机号与试机号。,否,200,是,
彩宝网/8200,排列三,2024227,2024-08-24,995,512,,https://www.8200.cn/kjh/p3/2024227.htm,排列三页面所列三位试机号；排列三与排列五共用同一期体彩摇奖流程。,否,200,是,
一定牛/ydniu,排列五,2024227,2024-08-24,99512,64157,,https://m.ydniu.com/kaijiang/pl5/sjh/2024227.html,页面明确标注为排列五五位模拟试机号，属于互联网模拟数据，不是官方试机号。,是,200,是,
3D之家/3d178,福彩3D,2024227,2024-08-24,312,295,,https://www.3d178.cn/kaijiang/2024/2024227.shtml,3D之家页面所列试机号；与彩宝网口径可能不同，原样独立保留。,否,200,是,
彩宝网/8200,福彩3D,2024227,2024-08-24,312,295,935,https://www.8200.cn/kjh/3d/2024227.htm,福彩3D页面口径：同时列出开机号与试机号。,否,200,是,
彩宝网/8200,排列三,2024228,2024-08-25,274,539,,https://www.8200.cn/kjh/p3/2024228.htm,排列三页面所列三位试机号；排列三与排列五共用同一期体彩摇奖流程。,否,200,是,
一定牛/ydniu,排列五,2024228,2024-08-25,27412,54598,,https://m.ydniu.com/kaijiang/pl5/sjh/2024228.html,页面明确标注为排列五五位模拟试机号，属于互联网模拟数据，不是官方试机号。,是,200,是,
3D之家/3d178,福彩3D,2024228,2024-08-25,298,027,,https://www.3d178.cn/kaijiang/2024/2024228.shtml,3D之家页面所列试机号；与彩宝网口径可能不同，原样独立保留。,否,200,是,
彩宝网/8200,福彩3D,2024228,2024-08-25,298,027,109,https://www.8200.cn/kjh/3d/2024228.htm,福彩3D页面口径：同时列出开机号与试机号。,否,200,是,
彩宝网/8200,排列三,2024229,2024-08-26,926,904,,https://www.8200.cn/kjh/p3/2024229.htm,排列三页面所列三位试机号；排列三与排列五共用同一期体彩摇奖流程。,否,200,是,
一定牛/ydniu,排列五,2024229,2024-08-26,92616,61887,,https://m.ydniu.com/kaijiang/pl5/sjh/2024229.html,页面明确标注为排列五五位模拟试机号，属于互联网模拟数据，不是官方试机号。,是,200,是,
3D之家/3d178,福彩3D,2024229,2024-08-26,911,870,,https://www.3d178.cn/kaijiang/2024/2024229.shtml,3D之家页面所列试机号；与彩宝网口径可能不同，原样独立保留。,否,200,是,
彩宝网/8200,福彩3D,2024229,2024-08-26,911,870,915,https://www.8200.cn/kjh/3d/2024229.htm,福彩3D页面口径：同时列出开机号与试机号。,否,200,是,
彩宝网/8200,排列三,2024230,2024-08-27,088,197,,https://www.8200.cn/kjh/p3/2024230.htm,排列三页面所列三位试机号；排列三与排列五共用同一期体彩摇奖流程。,否,200,是,
一定牛/ydniu,排列五,2024230,2024-08-27,08837,99394,,https://m.ydniu.com/kaijiang/pl5/sjh/2024230.html,页面明确标注为排列五五位模拟试机号，属于互联网模拟数据，不是官方试机号。,是,200,是,
3D之家/3d178,福彩3D,2024230,2024-08-27,497,241,,https://www.3d178.cn/kaijiang/2024/2024230.shtml,3D之家页面所列试机号；与彩宝网口径可能不同，原样独立保留。,否,200,是,
彩宝网/8200,福彩3D,2024230,2024-08-27,497,241,631,https://www.8200.cn/kjh/3d/2024230.htm,福彩3D页面口径：同时列出开机号与试机号。,否,200,是,
彩宝网/8200,排列三,2024231,2024-08-28,696,401,,https://www.8200.cn/kjh/p3/2024231.htm,排列三页面所列三位试机号；排列三与排列五共用同一期体彩摇奖流程。,否,200,是,
一定牛/ydniu,排列五,2024231,2024-08-28,69649,36619,,https://m.ydniu.com/kaijiang/pl5/sjh/2024231.html,页面明确标注为排列五五位模拟试机号，属于互联网模拟数据，不是官方试机号。,是,200,是,
3D之家/3d178,福彩3D,2024231,2024-08-28,938,347,,https://www.3d178.cn/kaijiang/2024/2024231.shtml,3D之家页面所列试机号；与彩宝网口径可能不同，原样独立保留。,否,200,是,
彩宝网/8200,福彩3D,2024231,2024-08-28,938,347,850,https://www.8200.cn/kjh/3d/2024231.htm,福彩3D页面口径：同时列出开机号与试机号。,否,200,是,
彩宝网/8200,排列三,2024232,2024-08-29,297,658,,https://www.8200.cn/kjh/p3/2024232.htm,排列三页面所列三位试机号；排列三与排列五共用同一期体彩摇奖流程。,否,200,是,
一定牛/ydniu,排列五,2024232,2024-08-29,29761,08969,,https://m.ydniu.com/kaijiang/pl5/sjh/2024232.html,页面明确标注为排列五五位模拟试机号，属于互联网模拟数据，不是官方试机号。,是,200,是,
3D之家/3d178,福彩3D,2024232,2024-08-29,012,898,,https://www.3d178.cn/kaijiang/2024/2024232.shtml,3D之家页面所列试机号；与彩宝网口径可能不同，原样独立保留。,否,200,是,
彩宝网/8200,福彩3D,2024232,2024-08-29,012,898,615,https://www.8200.cn/kjh/3d/2024232.htm,福彩3D页面口径：同时列出开机号与试机号。,否,200,是,
彩宝网/8200,排列三,2024233,2024-08-30,498,058,,https://www.8200.cn/kjh/p3/2024233.htm,排列三页面所列三位试机号；排列三与排列五共用同一期体彩摇奖流程。,否,200,是,
一定牛/ydniu,排列五,2024233,2024-08-30,49846,43607,,https://m.ydniu.com/kaijiang/pl5/sjh/2024233.html,页面明确标注为排列五五位模拟试机号，属于互联网模拟数据，不是官方试机号。,是,200,是,
3D之家/3d178,福彩3D,2024233,2024-08-30,397,594,,https://www.3d178.cn/kaijiang/2024/2024233.shtml,3D之家页面所列试机号；与彩宝网口径可能不同，原样独立保留。,否,200,是,
彩宝网/8200,福彩3D,2024233,2024-08-30,397,594,921,https://www.8200.cn/kjh/3d/2024233.htm,福彩3D页面口径：同时列出开机号与试机号。,否,200,是,
彩宝网/8200,排列三,2024234,2024-08-31,275,134,,https://www.8200.cn/kjh/p3/2024234.htm,排列三页面所列三位试机号；排列三与排列五共用同一期体彩摇奖流程。,否,200,是,
一定牛/ydniu,排列五,2024234,2024-08-31,27593,97927,,https://m.ydniu.com/kaijiang/pl5/sjh/2024234.html,页面明确标注为排列五五位模拟试机号，属于互联网模拟数据，不是官方试机号。,是,200,是,
3D之家/3d178,福彩3D,2024234,2024-08-31,715,112,,https://www.3d178.cn/kaijiang/2024/2024234.shtml,3D之家页面所列试机号；与彩宝网口径可能不同，原样独立保留。,否,200,是,
彩宝网/8200,福彩3D,2024234,2024-08-31,715,112,730,https://www.8200.cn/kjh/3d/2024234.htm,福彩3D页面口径：同时列出开机号与试机号。,否,200,是,
彩宝网/8200,排列三,2024235,2024-09-01,954,410,,https://www.8200.cn/kjh/p3/2024235.htm,排列三页面所列三位试机号；排列三与排列五共用同一期体彩摇奖流程。,否,200,是,
一定牛/ydniu,排列五,2024235,2024-09-01,95411,60336,,https://m.ydniu.com/kaijiang/pl5/sjh/2024235.html,页面明确标注为排列五五位模拟试机号，属于互联网模拟数据，不是官方试机号。,是,200,是,
3D之家/3d178,福彩3D,2024235,2024-09-01,492,673,,https://www.3d178.cn/kaijiang/2024/2024235.shtml,3D之家页面所列试机号；与彩宝网口径可能不同，原样独立保留。,否,200,是,
彩宝网/8200,福彩3D,2024235,2024-09-01,492,673,842,https://www.8200.cn/kjh/3d/2024235.htm,福彩3D页面口径：同时列出开机号与试机号。,否,200,是,
彩宝网/8200,排列三,2024236,2024-09-02,376,912,,https://www.8200.cn/kjh/p3/2024236.htm,排列三页面所列三位试机号；排列三与排列五共用同一期体彩摇奖流程。,否,200,是,
一定牛/ydniu,排列五,2024236,2024-09-02,37697,87268,,https://m.ydniu.com/kaijiang/pl5/sjh/2024236.html,页面明确标注为排列五五位模拟试机号，属于互联网模拟数据，不是官方试机号。,是,200,是,
3D之家/3d178,福彩3D,2024236,2024-09-02,512,591,,https://www.3d178.cn/kaijiang/2024/2024236.shtml,3D之家页面所列试机号；与彩宝网口径可能不同，原样独立保留。,否,200,是,
彩宝网/8200,福彩3D,2024236,2024-09-02,512,591,640,https://www.8200.cn/kjh/3d/2024236.htm,福彩3D页面口径：同时列出开机号与试机号。,否,200,是,
彩宝网/8200,排列三,2024237,2024-09-03,356,158,,https://www.8200.cn/kjh/p3/2024237.htm,排列三页面所列三位试机号；排列三与排列五共用同一期体彩摇奖流程。,否,200,是,
一定牛/ydniu,排列五,2024237,2024-09-03,35685,45708,,https://m.ydniu.com/kaijiang/pl5/sjh/2024237.html,页面明确标注为排列五五位模拟试机号，属于互联网模拟数据，不是官方试机号。,是,200,是,
3D之家/3d178,福彩3D,2024237,2024-09-03,274,115,,https://www.3d178.cn/kaijiang/2024/2024237.shtml,3D之家页面所列试机号；与彩宝网口径可能不同，原样独立保留。,否,200,是,
彩宝网/8200,福彩3D,2024237,2024-09-03,274,115,943,https://www.8200.cn/kjh/3d/2024237.htm,福彩3D页面口径：同时列出开机号与试机号。,否,200,是,
彩宝网/8200,排列三,2024238,2024-09-04,430,926,,https://www.8200.cn/kjh/p3/2024238.htm,排列三页面所列三位试机号；排列三与排列五共用同一期体彩摇奖流程。,否,200,是,
一定牛/ydniu,排列五,2024238,2024-09-04,43067,35825,,https://m.ydniu.com/kaijiang/pl5/sjh/2024238.html,页面明确标注为排列五五位模拟试机号，属于互联网模拟数据，不是官方试机号。,是,200,是,
3D之家/3d178,福彩3D,2024238,2024-09-04,469,679,,https://www.3d178.cn/kaijiang/2024/2024238.shtml,3D之家页面所列试机号；与彩宝网口径可能不同，原样独立保留。,否,200,是,
彩宝网/8200,福彩3D,2024238,2024-09-04,469,679,960,https://www.8200.cn/kjh/3d/2024238.htm,福彩3D页面口径：同时列出开机号与试机号。,否,200,是,
彩宝网/8200,排列三,2024239,2024-09-05,168,213,,https://www.8200.cn/kjh/p3/2024239.htm,排列三页面所列三位试机号；排列三与排列五共用同一期体彩摇奖流程。,否,200,是,
一定牛/ydniu,排列五,2024239,2024-09-05,16848,78975,,https://m.ydniu.com/kaijiang/pl5/sjh/2024239.html,页面明确标注为排列五五位模拟试机号，属于互联网模拟数据，不是官方试机号。,是,200,是,
3D之家/3d178,福彩3D,2024239,2024-09-05,524,002,,https://www.3d178.cn/kaijiang/2024/2024239.shtml,3D之家页面所列试机号；与彩宝网口径可能不同，原样独立保留。,否,200,是,
彩宝网/8200,福彩3D,2024239,2024-09-05,524,002,107,https://www.8200.cn/kjh/3d/2024239.htm,福彩3D页面口径：同时列出开机号与试机号。,否,200,是,
彩宝网/8200,排列三,2024240,2024-09-06,815,574,,https://www.8200.cn/kjh/p3/2024240.htm,排列三页面所列三位试机号；排列三与排列五共用同一期体彩摇奖流程。,否,200,是,
一定牛/ydniu,排列五,2024240,2024-09-06,81526,03903,,https://m.ydniu.com/kaijiang/pl5/sjh/2024240.html,页面明确标注为排列五五位模拟试机号，属于互联网模拟数据，不是官方试机号。,是,200,是,
3D之家/3d178,福彩3D,2024240,2024-09-06,065,758,,https://www.3d178.cn/kaijiang/2024/2024240.shtml,3D之家页面所列试机号；与彩宝网口径可能不同，原样独立保留。,否,200,是,
彩宝网/8200,福彩3D,2024240,2024-09-06,065,758,621,https://www.8200.cn/kjh/3d/2024240.htm,福彩3D页面口径：同时列出开机号与试机号。,否,200,是,
彩宝网/8200,排列三,2024241,2024-09-07,063,704,,https://www.8200.cn/kjh/p3/2024241.htm,排列三页面所列三位试机号；排列三与排列五共用同一期体彩摇奖流程。,否,200,是,
一定牛/ydniu,排列五,2024241,2024-09-07,06392,47270,,https://m.ydniu.com/kaijiang/pl5/sjh/2024241.html,页面明确标注为排列五五位模拟试机号，属于互联网模拟数据，不是官方试机号。,是,200,是,
3D之家/3d178,福彩3D,2024241,2024-09-07,470,477,,https://www.3d178.cn/kaijiang/2024/2024241.shtml,3D之家页面所列试机号；与彩宝网口径可能不同，原样独立保留。,否,200,是,
彩宝网/8200,福彩3D,2024241,2024-09-07,470,477,163,https://www.8200.cn/kjh/3d/2024241.htm,福彩3D页面口径：同时列出开机号与试机号。,否,200,是,
彩宝网/8200,排列三,2024242,2024-09-08,188,408,,https://www.8200.cn/kjh/p3/2024242.htm,排列三页面所列三位试机号；排列三与排列五共用同一期体彩摇奖流程。,否,200,是,
一定牛/ydniu,排列五,2024242,2024-09-08,18894,08361,,https://m.ydniu.com/kaijiang/pl5/sjh/2024242.html,页面明确标注为排列五五位模拟试机号，属于互联网模拟数据，不是官方试机号。,是,200,是,
3D之家/3d178,福彩3D,2024242,2024-09-08,623,413,,https://www.3d178.cn/kaijiang/2024/2024242.shtml,3D之家页面所列试机号；与彩宝网口径可能不同，原样独立保留。,否,200,是,
彩宝网/8200,福彩3D,2024242,2024-09-08,623,413,130,https://www.8200.cn/kjh/3d/2024242.htm,福彩3D页面口径：同时列出开机号与试机号。,否,200,是,
彩宝网/8200,排列三,2024243,2024-09-09,916,813,,https://www.8200.cn/kjh/p3/2024243.htm,排列三页面所列三位试机号；排列三与排列五共用同一期体彩摇奖流程。,否,200,是,
一定牛/ydniu,排列五,2024243,2024-09-09,91630,24397,,https://m.ydniu.com/kaijiang/pl5/sjh/2024243.html,页面明确标注为排列五五位模拟试机号，属于互联网模拟数据，不是官方试机号。,是,200,是,
3D之家/3d178,福彩3D,2024243,2024-09-09,955,633,,https://www.3d178.cn/kaijiang/2024/2024243.shtml,3D之家页面所列试机号；与彩宝网口径可能不同，原样独立保留。,否,200,是,
彩宝网/8200,福彩3D,2024243,2024-09-09,955,633,674,https://www.8200.cn/kjh/3d/2024243.htm,福彩3D页面口径：同时列出开机号与试机号。,否,200,是,
彩宝网/8200,排列三,2024244,2024-09-10,368,597,,https://www.8200.cn/kjh/p3/2024244.htm,排列三页面所列三位试机号；排列三与排列五共用同一期体彩摇奖流程。,否,200,是,
一定牛/ydniu,排列五,2024244,2024-09-10,36894,41918,,https://m.ydniu.com/kaijiang/pl5/sjh/2024244.html,页面明确标注为排列五五位模拟试机号，属于互联网模拟数据，不是官方试机号。,是,200,是,
3D之家/3d178,福彩3D,2024244,2024-09-10,863,555,,https://www.3d178.cn/kaijiang/2024/2024244.shtml,3D之家页面所列试机号；与彩宝网口径可能不同，原样独立保留。,否,200,是,
彩宝网/8200,福彩3D,2024244,2024-09-10,863,555,786,https://www.8200.cn/kjh/3d/2024244.htm,福彩3D页面口径：同时列出开机号与试机号。,否,200,是,
彩宝网/8200,排列三,2024245,2024-09-11,184,812,,https://www.8200.cn/kjh/p3/2024245.htm,排列三页面所列三位试机号；排列三与排列五共用同一期体彩摇奖流程。,否,200,是,
一定牛/ydniu,排列五,2024245,2024-09-11,18494,29521,,https://m.ydniu.com/kaijiang/pl5/sjh/2024245.html,页面明确标注为排列五五位模拟试机号，属于互联网模拟数据，不是官方试机号。,是,200,是,
3D之家/3d178,福彩3D,2024245,2024-09-11,741,797,,https://www.3d178.cn/kaijiang/2024/2024245.shtml,3D之家页面所列试机号；与彩宝网口径可能不同，原样独立保留。,否,200,是,
彩宝网/8200,福彩3D,2024245,2024-09-11,741,797,940,https://www.8200.cn/kjh/3d/2024245.htm,福彩3D页面口径：同时列出开机号与试机号。,否,200,是,
彩宝网/8200,排列三,2024246,2024-09-12,816,594,,https://www.8200.cn/kjh/p3/2024246.htm,排列三页面所列三位试机号；排列三与排列五共用同一期体彩摇奖流程。,否,200,是,
一定牛/ydniu,排列五,2024246,2024-09-12,81646,55954,,https://m.ydniu.com/kaijiang/pl5/sjh/2024246.html,页面明确标注为排列五五位模拟试机号，属于互联网模拟数据，不是官方试机号。,是,200,是,
3D之家/3d178,福彩3D,2024246,2024-09-12,710,951,,https://www.3d178.cn/kaijiang/2024/2024246.shtml,3D之家页面所列试机号；与彩宝网口径可能不同，原样独立保留。,否,200,是,
彩宝网/8200,福彩3D,2024246,2024-09-12,710,951,465,https://www.8200.cn/kjh/3d/2024246.htm,福彩3D页面口径：同时列出开机号与试机号。,否,200,是,
彩宝网/8200,排列三,2024247,2024-09-13,434,572,,https://www.8200.cn/kjh/p3/2024247.htm,排列三页面所列三位试机号；排列三与排列五共用同一期体彩摇奖流程。,否,200,是,
一定牛/ydniu,排列五,2024247,2024-09-13,43489,67366,,https://m.ydniu.com/kaijiang/pl5/sjh/2024247.html,页面明确标注为排列五五位模拟试机号，属于互联网模拟数据，不是官方试机号。,是,200,是,
3D之家/3d178,福彩3D,2024247,2024-09-13,783,429,,https://www.3d178.cn/kaijiang/2024/2024247.shtml,3D之家页面所列试机号；与彩宝网口径可能不同，原样独立保留。,否,200,是,
彩宝网/8200,福彩3D,2024247,2024-09-13,783,429,593,https://www.8200.cn/kjh/3d/2024247.htm,福彩3D页面口径：同时列出开机号与试机号。,否,200,是,
彩宝网/8200,排列三,2024248,2024-09-14,954,640,,https://www.8200.cn/kjh/p3/2024248.htm,排列三页面所列三位试机号；排列三与排列五共用同一期体彩摇奖流程。,否,200,是,
一定牛/ydniu,排列五,2024248,2024-09-14,95434,91126,,https://m.ydniu.com/kaijiang/pl5/sjh/2024248.html,页面明确标注为排列五五位模拟试机号，属于互联网模拟数据，不是官方试机号。,是,200,是,
3D之家/3d178,福彩3D,2024248,2024-09-14,861,930,,https://www.3d178.cn/kaijiang/2024/2024248.shtml,3D之家页面所列试机号；与彩宝网口径可能不同，原样独立保留。,否,200,是,
彩宝网/8200,福彩3D,2024248,2024-09-14,861,930,045,https://www.8200.cn/kjh/3d/2024248.htm,福彩3D页面口径：同时列出开机号与试机号。,否,200,是,
彩宝网/8200,排列三,2024249,2024-09-15,198,613,,https://www.8200.cn/kjh/p3/2024249.htm,排列三页面所列三位试机号；排列三与排列五共用同一期体彩摇奖流程。,否,200,是,
一定牛/ydniu,排列五,2024249,2024-09-15,19832,99906,,https://m.ydniu.com/kaijiang/pl5/sjh/2024249.html,页面明确标注为排列五五位模拟试机号，属于互联网模拟数据，不是官方试机号。,是,200,是,
3D之家/3d178,福彩3D,2024249,2024-09-15,449,574,,https://www.3d178.cn/kaijiang/2024/2024249.shtml,3D之家页面所列试机号；与彩宝网口径可能不同，原样独立保留。,否,200,是,
彩宝网/8200,福彩3D,2024249,2024-09-15,449,574,928,https://www.8200.cn/kjh/3d/2024249.htm,福彩3D页面口径：同时列出开机号与试机号。,否,200,是,
彩宝网/8200,排列三,2024250,2024-09-16,606,849,,https://www.8200.cn/kjh/p3/2024250.htm,排列三页面所列三位试机号；排列三与排列五共用同一期体彩摇奖流程。,否,200,是,
一定牛/ydniu,排列五,2024250,2024-09-16,60692,14467,,https://m.ydniu.com/kaijiang/pl5/sjh/2024250.html,页面明确标注为排列五五位模拟试机号，属于互联网模拟数据，不是官方试机号。,是,200,是,
3D之家/3d178,福彩3D,2024250,2024-09-16,253,721,,https://www.3d178.cn/kaijiang/2024/2024250.shtml,3D之家页面所列试机号；与彩宝网口径可能不同，原样独立保留。,否,200,是,
彩宝网/8200,福彩3D,2024250,2024-09-16,253,721,165,https://www.8200.cn/kjh/3d/2024250.htm,福彩3D页面口径：同时列出开机号与试机号。,否,200,是,
彩宝网/8200,排列三,2024251,2024-09-17,356,875,,https://www.8200.cn/kjh/p3/2024251.htm,排列三页面所列三位试机号；排列三与排列五共用同一期体彩摇奖流程。,否,200,是,
一定牛/ydniu,排列五,2024251,2024-09-17,35627,59771,,https://m.ydniu.com/kaijiang/pl5/sjh/2024251.html,页面明确标注为排列五五位模拟试机号，属于互联网模拟数据，不是官方试机号。,是,200,是,
3D之家/3d178,福彩3D,2024251,2024-09-17,156,537,,https://www.3d178.cn/kaijiang/2024/2024251.shtml,3D之家页面所列试机号；与彩宝网口径可能不同，原样独立保留。,否,200,是,
彩宝网/8200,福彩3D,2024251,2024-09-17,156,537,943,https://www.8200.cn/kjh/3d/2024251.htm,福彩3D页面口径：同时列出开机号与试机号。,否,200,是,
彩宝网/8200,排列三,2024252,2024-09-18,700,578,,https://www.8200.cn/kjh/p3/2024252.htm,排列三页面所列三位试机号；排列三与排列五共用同一期体彩摇奖流程。,否,200,是,
一定牛/ydniu,排列五,2024252,2024-09-18,70052,33742,,https://m.ydniu.com/kaijiang/pl5/sjh/2024252.html,页面明确标注为排列五五位模拟试机号，属于互联网模拟数据，不是官方试机号。,是,200,是,
3D之家/3d178,福彩3D,2024252,2024-09-18,086,380,,https://www.3d178.cn/kaijiang/2024/2024252.shtml,3D之家页面所列试机号；与彩宝网口径可能不同，原样独立保留。,否,200,是,
彩宝网/8200,福彩3D,2024252,2024-09-18,086,380,063,https://www.8200.cn/kjh/3d/2024252.htm,福彩3D页面口径：同时列出开机号与试机号。,否,200,是,
彩宝网/8200,排列三,2024253,2024-09-19,148,245,,https://www.8200.cn/kjh/p3/2024253.htm,排列三页面所列三位试机号；排列三与排列五共用同一期体彩摇奖流程。,否,200,是,
一定牛/ydniu,排列五,2024253,2024-09-19,14830,76276,,https://m.ydniu.com/kaijiang/pl5/sjh/2024253.html,页面明确标注为排列五五位模拟试机号，属于互联网模拟数据，不是官方试机号。,是,200,是,
3D之家/3d178,福彩3D,2024253,2024-09-19,274,724,,https://www.3d178.cn/kaijiang/2024/2024253.shtml,3D之家页面所列试机号；与彩宝网口径可能不同，原样独立保留。,否,200,是,
彩宝网/8200,福彩3D,2024253,2024-09-19,274,724,125,https://www.8200.cn/kjh/3d/2024253.htm,福彩3D页面口径：同时列出开机号与试机号。,否,200,是,
彩宝网/8200,排列三,2024254,2024-09-20,423,839,,https://www.8200.cn/kjh/p3/2024254.htm,排列三页面所列三位试机号；排列三与排列五共用同一期体彩摇奖流程。,否,200,是,
一定牛/ydniu,排列五,2024254,2024-09-20,42314,01076,,https://m.ydniu.com/kaijiang/pl5/sjh/2024254.html,页面明确标注为排列五五位模拟试机号，属于互联网模拟数据，不是官方试机号。,是,200,是,
3D之家/3d178,福彩3D,2024254,2024-09-20,409,523,,https://www.3d178.cn/kaijiang/2024/2024254.shtml,3D之家页面所列试机号；与彩宝网口径可能不同，原样独立保留。,否,200,是,
彩宝网/8200,福彩3D,2024254,2024-09-20,409,380,942,https://www.8200.cn/kjh/3d/2024254.htm,福彩3D页面口径：同时列出开机号与试机号。,否,200,是,
彩宝网/8200,排列三,2024255,2024-09-21,155,435,,https://www.8200.cn/kjh/p3/2024255.htm,排列三页面所列三位试机号；排列三与排列五共用同一期体彩摇奖流程。,否,200,是,
一定牛/ydniu,排列五,2024255,2024-09-21,15587,33077,,https://m.ydniu.com/kaijiang/pl5/sjh/2024255.html,页面明确标注为排列五五位模拟试机号，属于互联网模拟数据，不是官方试机号。,是,200,是,
3D之家/3d178,福彩3D,2024255,2024-09-21,096,265,,https://www.3d178.cn/kaijiang/2024/2024255.shtml,3D之家页面所列试机号；与彩宝网口径可能不同，原样独立保留。,否,200,是,
彩宝网/8200,福彩3D,2024255,2024-09-21,096,265,580,https://www.8200.cn/kjh/3d/2024255.htm,福彩3D页面口径：同时列出开机号与试机号。,否,200,是,
彩宝网/8200,排列三,2024256,2024-09-22,549,165,,https://www.8200.cn/kjh/p3/2024256.htm,排列三页面所列三位试机号；排列三与排列五共用同一期体彩摇奖流程。,否,200,是,
一定牛/ydniu,排列五,2024256,2024-09-22,54913,88067,,https://m.ydniu.com/kaijiang/pl5/sjh/2024256.html,页面明确标注为排列五五位模拟试机号，属于互联网模拟数据，不是官方试机号。,是,200,是,
3D之家/3d178,福彩3D,2024256,2024-09-22,749,223,,https://www.3d178.cn/kaijiang/2024/2024256.shtml,3D之家页面所列试机号；与彩宝网口径可能不同，原样独立保留。,否,200,是,
彩宝网/8200,福彩3D,2024256,2024-09-22,749,223,253,https://www.8200.cn/kjh/3d/2024256.htm,福彩3D页面口径：同时列出开机号与试机号。,否,200,是,
彩宝网/8200,排列三,2024257,2024-09-23,008,614,,https://www.8200.cn/kjh/p3/2024257.htm,排列三页面所列三位试机号；排列三与排列五共用同一期体彩摇奖流程。,否,200,是,
一定牛/ydniu,排列五,2024257,2024-09-23,00863,22740,,https://m.ydniu.com/kaijiang/pl5/sjh/2024257.html,页面明确标注为排列五五位模拟试机号，属于互联网模拟数据，不是官方试机号。,是,200,是,
3D之家/3d178,福彩3D,2024257,2024-09-23,199,189,,https://www.3d178.cn/kaijiang/2024/2024257.shtml,3D之家页面所列试机号；与彩宝网口径可能不同，原样独立保留。,否,200,是,
彩宝网/8200,福彩3D,2024257,2024-09-23,199,189,462,https://www.8200.cn/kjh/3d/2024257.htm,福彩3D页面口径：同时列出开机号与试机号。,否,200,是,
彩宝网/8200,排列三,2024258,2024-09-24,690,107,,https://www.8200.cn/kjh/p3/2024258.htm,排列三页面所列三位试机号；排列三与排列五共用同一期体彩摇奖流程。,否,200,是,
一定牛/ydniu,排列五,2024258,2024-09-24,69057,81887,,https://m.ydniu.com/kaijiang/pl5/sjh/2024258.html,页面明确标注为排列五五位模拟试机号，属于互联网模拟数据，不是官方试机号。,是,200,是,
3D之家/3d178,福彩3D,2024258,2024-09-24,077,606,,https://www.3d178.cn/kaijiang/2024/2024258.shtml,3D之家页面所列试机号；与彩宝网口径可能不同，原样独立保留。,否,200,是,
彩宝网/8200,福彩3D,2024258,2024-09-24,077,606,256,https://www.8200.cn/kjh/3d/2024258.htm,福彩3D页面口径：同时列出开机号与试机号。,否,200,是,
彩宝网/8200,排列三,2024259,2024-09-25,444,415,,https://www.8200.cn/kjh/p3/2024259.htm,排列三页面所列三位试机号；排列三与排列五共用同一期体彩摇奖流程。,否,200,是,
一定牛/ydniu,排列五,2024259,2024-09-25,44469,03080,,https://m.ydniu.com/kaijiang/pl5/sjh/2024259.html,页面明确标注为排列五五位模拟试机号，属于互联网模拟数据，不是官方试机号。,是,200,是,
3D之家/3d178,福彩3D,2024259,2024-09-25,249,057,,https://www.3d178.cn/kaijiang/2024/2024259.shtml,3D之家页面所列试机号；与彩宝网口径可能不同，原样独立保留。,否,200,是,
彩宝网/8200,福彩3D,2024259,2024-09-25,249,057,790,https://www.8200.cn/kjh/3d/2024259.htm,福彩3D页面口径：同时列出开机号与试机号。,否,200,是,
彩宝网/8200,排列三,2024260,2024-09-26,523,397,,https://www.8200.cn/kjh/p3/2024260.htm,排列三页面所列三位试机号；排列三与排列五共用同一期体彩摇奖流程。,否,200,是,
一定牛/ydniu,排列五,2024260,2024-09-26,52325,23927,,https://m.ydniu.com/kaijiang/pl5/sjh/2024260.html,页面明确标注为排列五五位模拟试机号，属于互联网模拟数据，不是官方试机号。,是,200,是,
3D之家/3d178,福彩3D,2024260,2024-09-26,926,832,,https://www.3d178.cn/kaijiang/2024/2024260.shtml,3D之家页面所列试机号；与彩宝网口径可能不同，原样独立保留。,否,200,是,
彩宝网/8200,福彩3D,2024260,2024-09-26,926,832,472,https://www.8200.cn/kjh/3d/2024260.htm,福彩3D页面口径：同时列出开机号与试机号。,否,200,是,
彩宝网/8200,排列三,2024261,2024-09-27,195,904,,https://www.8200.cn/kjh/p3/2024261.htm,排列三页面所列三位试机号；排列三与排列五共用同一期体彩摇奖流程。,否,200,是,
一定牛/ydniu,排列五,2024261,2024-09-27,19599,32579,,https://m.ydniu.com/kaijiang/pl5/sjh/2024261.html,页面明确标注为排列五五位模拟试机号，属于互联网模拟数据，不是官方试机号。,是,200,是,
3D之家/3d178,福彩3D,2024261,2024-09-27,766,361,,https://www.3d178.cn/kaijiang/2024/2024261.shtml,3D之家页面所列试机号；与彩宝网口径可能不同，原样独立保留。,否,200,是,
彩宝网/8200,福彩3D,2024261,2024-09-27,766,361,246,https://www.8200.cn/kjh/3d/2024261.htm,福彩3D页面口径：同时列出开机号与试机号。,否,200,是,
彩宝网/8200,排列三,2024262,2024-09-28,216,520,,https://www.8200.cn/kjh/p3/2024262.htm,排列三页面所列三位试机号；排列三与排列五共用同一期体彩摇奖流程。,否,200,是,
一定牛/ydniu,排列五,2024262,2024-09-28,21646,83423,,https://m.ydniu.com/kaijiang/pl5/sjh/2024262.html,页面明确标注为排列五五位模拟试机号，属于互联网模拟数据，不是官方试机号。,是,200,是,
3D之家/3d178,福彩3D,2024262,2024-09-28,465,754,,https://www.3d178.cn/kaijiang/2024/2024262.shtml,3D之家页面所列试机号；与彩宝网口径可能不同，原样独立保留。,否,200,是,
彩宝网/8200,福彩3D,2024262,2024-09-28,465,754,894,https://www.8200.cn/kjh/3d/2024262.htm,福彩3D页面口径：同时列出开机号与试机号。,否,200,是,
彩宝网/8200,排列三,2024263,2024-09-29,404,906,,https://www.8200.cn/kjh/p3/2024263.htm,排列三页面所列三位试机号；排列三与排列五共用同一期体彩摇奖流程。,否,200,是,
一定牛/ydniu,排列五,2024263,2024-09-29,40484,70359,,https://m.ydniu.com/kaijiang/pl5/sjh/2024263.html,页面明确标注为排列五五位模拟试机号，属于互联网模拟数据，不是官方试机号。,是,200,是,
3D之家/3d178,福彩3D,2024263,2024-09-29,292,219,,https://www.3d178.cn/kaijiang/2024/2024263.shtml,3D之家页面所列试机号；与彩宝网口径可能不同，原样独立保留。,否,200,是,
彩宝网/8200,福彩3D,2024263,2024-09-29,292,594,805,https://www.8200.cn/kjh/3d/2024263.htm,福彩3D页面口径：同时列出开机号与试机号。,否,200,是,
彩宝网/8200,排列三,2024264,2024-09-30,347,254,,https://www.8200.cn/kjh/p3/2024264.htm,排列三页面所列三位试机号；排列三与排列五共用同一期体彩摇奖流程。,否,200,是,
一定牛/ydniu,排列五,2024264,2024-09-30,34735,69392,,https://m.ydniu.com/kaijiang/pl5/sjh/2024264.html,页面明确标注为排列五五位模拟试机号，属于互联网模拟数据，不是官方试机号。,是,200,是,
3D之家/3d178,福彩3D,2024264,2024-09-30,710,561,,https://www.3d178.cn/kaijiang/2024/2024264.shtml,3D之家页面所列试机号；与彩宝网口径可能不同，原样独立保留。,否,200,是,
彩宝网/8200,福彩3D,2024264,2024-09-30,710,909,590,https://www.8200.cn/kjh/3d/2024264.htm,福彩3D页面口径：同时列出开机号与试机号。,否,200,是,
彩宝网/8200,排列三,2024265,2024-10-05,701,725,,https://www.8200.cn/kjh/p3/2024265.htm,排列三页面所列三位试机号；排列三与排列五共用同一期体彩摇奖流程。,否,200,是,
一定牛/ydniu,排列五,2024265,2024-10-05,70104,44877,,https://m.ydniu.com/kaijiang/pl5/sjh/2024265.html,页面明确标注为排列五五位模拟试机号，属于互联网模拟数据，不是官方试机号。,是,200,是,
3D之家/3d178,福彩3D,2024265,2024-10-05,245,703,,https://www.3d178.cn/kaijiang/2024/2024265.shtml,3D之家页面所列试机号；与彩宝网口径可能不同，原样独立保留。,否,200,是,
彩宝网/8200,福彩3D,2024265,2024-10-05,245,114,930,https://www.8200.cn/kjh/3d/2024265.htm,福彩3D页面口径：同时列出开机号与试机号。,否,200,是,
彩宝网/8200,排列三,2024266,2024-10-06,143,958,,https://www.8200.cn/kjh/p3/2024266.htm,排列三页面所列三位试机号；排列三与排列五共用同一期体彩摇奖流程。,否,200,是,
一定牛/ydniu,排列五,2024266,2024-10-06,14346,15306,,https://m.ydniu.com/kaijiang/pl5/sjh/2024266.html,页面明确标注为排列五五位模拟试机号，属于互联网模拟数据，不是官方试机号。,是,200,是,
3D之家/3d178,福彩3D,2024266,2024-10-06,390,135,,https://www.3d178.cn/kaijiang/2024/2024266.shtml,3D之家页面所列试机号；与彩宝网口径可能不同，原样独立保留。,否,200,是,
彩宝网/8200,福彩3D,2024266,2024-10-06,390,981,182,https://www.8200.cn/kjh/3d/2024266.htm,福彩3D页面口径：同时列出开机号与试机号。,否,200,是,
彩宝网/8200,排列三,2024267,2024-10-07,841,741,,https://www.8200.cn/kjh/p3/2024267.htm,排列三页面所列三位试机号；排列三与排列五共用同一期体彩摇奖流程。,否,200,是,
一定牛/ydniu,排列五,2024267,2024-10-07,84174,69993,,https://m.ydniu.com/kaijiang/pl5/sjh/2024267.html,页面明确标注为排列五五位模拟试机号，属于互联网模拟数据，不是官方试机号。,是,200,是,
3D之家/3d178,福彩3D,2024267,2024-10-07,227,276,,https://www.3d178.cn/kaijiang/2024/2024267.shtml,3D之家页面所列试机号；与彩宝网口径可能不同，原样独立保留。,否,200,是,
彩宝网/8200,福彩3D,2024267,2024-10-07,227,782,249,https://www.8200.cn/kjh/3d/2024267.htm,福彩3D页面口径：同时列出开机号与试机号。,否,200,是,
彩宝网/8200,排列三,2024268,2024-10-08,831,610,,https://www.8200.cn/kjh/p3/2024268.htm,排列三页面所列三位试机号；排列三与排列五共用同一期体彩摇奖流程。,否,200,是,
一定牛/ydniu,排列五,2024268,2024-10-08,83138,50666,,https://m.ydniu.com/kaijiang/pl5/sjh/2024268.html,页面明确标注为排列五五位模拟试机号，属于互联网模拟数据，不是官方试机号。,是,200,是,
3D之家/3d178,福彩3D,2024268,2024-10-08,931,396,,https://www.3d178.cn/kaijiang/2024/2024268.shtml,3D之家页面所列试机号；与彩宝网口径可能不同，原样独立保留。,否,200,是,
彩宝网/8200,福彩3D,2024268,2024-10-08,931,808,621,https://www.8200.cn/kjh/3d/2024268.htm,福彩3D页面口径：同时列出开机号与试机号。,否,200,是,
彩宝网/8200,排列三,2024269,2024-10-09,324,953,,https://www.8200.cn/kjh/p3/2024269.htm,排列三页面所列三位试机号；排列三与排列五共用同一期体彩摇奖流程。,否,200,是,
一定牛/ydniu,排列五,2024269,2024-10-09,32432,61501,,https://m.ydniu.com/kaijiang/pl5/sjh/2024269.html,页面明确标注为排列五五位模拟试机号，属于互联网模拟数据，不是官方试机号。,是,200,是,
3D之家/3d178,福彩3D,2024269,2024-10-09,388,871,,https://www.3d178.cn/kaijiang/2024/2024269.shtml,3D之家页面所列试机号；与彩宝网口径可能不同，原样独立保留。,否,200,是,
彩宝网/8200,福彩3D,2024269,2024-10-09,388,174,975,https://www.8200.cn/kjh/3d/2024269.htm,福彩3D页面口径：同时列出开机号与试机号。,否,200,是,
彩宝网/8200,排列三,2024270,2024-10-10,801,675,,https://www.8200.cn/kjh/p3/2024270.htm,排列三页面所列三位试机号；排列三与排列五共用同一期体彩摇奖流程。,否,200,是,
一定牛/ydniu,排列五,2024270,2024-10-10,80167,51665,,https://m.ydniu.com/kaijiang/pl5/sjh/2024270.html,页面明确标注为排列五五位模拟试机号，属于互联网模拟数据，不是官方试机号。,是,200,是,
3D之家/3d178,福彩3D,2024270,2024-10-10,699,974,,https://www.3d178.cn/kaijiang/2024/2024270.shtml,3D之家页面所列试机号；与彩宝网口径可能不同，原样独立保留。,否,200,是,
彩宝网/8200,福彩3D,2024270,2024-10-10,699,313,638,https://www.8200.cn/kjh/3d/2024270.htm,福彩3D页面口径：同时列出开机号与试机号。,否,200,是,
彩宝网/8200,排列三,2024271,2024-10-11,395,579,,https://www.8200.cn/kjh/p3/2024271.htm,排列三页面所列三位试机号；排列三与排列五共用同一期体彩摇奖流程。,否,200,是,
一定牛/ydniu,排列五,2024271,2024-10-11,39573,62045,,https://m.ydniu.com/kaijiang/pl5/sjh/2024271.html,页面明确标注为排列五五位模拟试机号，属于互联网模拟数据，不是官方试机号。,是,200,是,
3D之家/3d178,福彩3D,2024271,2024-10-11,795,793,,https://www.3d178.cn/kaijiang/2024/2024271.shtml,3D之家页面所列试机号；与彩宝网口径可能不同，原样独立保留。,否,200,是,
彩宝网/8200,福彩3D,2024271,2024-10-11,795,850,275,https://www.8200.cn/kjh/3d/2024271.htm,福彩3D页面口径：同时列出开机号与试机号。,否,200,是,
彩宝网/8200,排列三,2024272,2024-10-12,436,751,,https://www.8200.cn/kjh/p3/2024272.htm,排列三页面所列三位试机号；排列三与排列五共用同一期体彩摇奖流程。,否,200,是,
一定牛/ydniu,排列五,2024272,2024-10-12,43692,03364,,https://m.ydniu.com/kaijiang/pl5/sjh/2024272.html,页面明确标注为排列五五位模拟试机号，属于互联网模拟数据，不是官方试机号。,是,200,是,
3D之家/3d178,福彩3D,2024272,2024-10-12,275,566,,https://www.3d178.cn/kaijiang/2024/2024272.shtml,3D之家页面所列试机号；与彩宝网口径可能不同，原样独立保留。,否,200,是,
彩宝网/8200,福彩3D,2024272,2024-10-12,275,717,859,https://www.8200.cn/kjh/3d/2024272.htm,福彩3D页面口径：同时列出开机号与试机号。,否,200,是,
彩宝网/8200,排列三,2024273,2024-10-13,812,839,,https://www.8200.cn/kjh/p3/2024273.htm,排列三页面所列三位试机号；排列三与排列五共用同一期体彩摇奖流程。,否,200,是,
一定牛/ydniu,排列五,2024273,2024-10-13,81239,50676,,https://m.ydniu.com/kaijiang/pl5/sjh/2024273.html,页面明确标注为排列五五位模拟试机号，属于互联网模拟数据，不是官方试机号。,是,200,是,
3D之家/3d178,福彩3D,2024273,2024-10-13,833,088,,https://www.3d178.cn/kaijiang/2024/2024273.shtml,3D之家页面所列试机号；与彩宝网口径可能不同，原样独立保留。,否,200,是,
彩宝网/8200,福彩3D,2024273,2024-10-13,833,463,749,https://www.8200.cn/kjh/3d/2024273.htm,福彩3D页面口径：同时列出开机号与试机号。,否,200,是,
彩宝网/8200,排列三,2024274,2024-10-14,274,954,,https://www.8200.cn/kjh/p3/2024274.htm,排列三页面所列三位试机号；排列三与排列五共用同一期体彩摇奖流程。,否,200,是,
一定牛/ydniu,排列五,2024274,2024-10-14,27483,31360,,https://m.ydniu.com/kaijiang/pl5/sjh/2024274.html,页面明确标注为排列五五位模拟试机号，属于互联网模拟数据，不是官方试机号。,是,200,是,
3D之家/3d178,福彩3D,2024274,2024-10-14,172,960,,https://www.3d178.cn/kaijiang/2024/2024274.shtml,3D之家页面所列试机号；与彩宝网口径可能不同，原样独立保留。,否,200,是,
彩宝网/8200,福彩3D,2024274,2024-10-14,172,672,326,https://www.8200.cn/kjh/3d/2024274.htm,福彩3D页面口径：同时列出开机号与试机号。,否,200,是,
彩宝网/8200,排列三,2024275,2024-10-15,681,391,,https://www.8200.cn/kjh/p3/2024275.htm,排列三页面所列三位试机号；排列三与排列五共用同一期体彩摇奖流程。,否,200,是,
一定牛/ydniu,排列五,2024275,2024-10-15,68132,97085,,https://m.ydniu.com/kaijiang/pl5/sjh/2024275.html,页面明确标注为排列五五位模拟试机号，属于互联网模拟数据，不是官方试机号。,是,200,是,
3D之家/3d178,福彩3D,2024275,2024-10-15,827,438,,https://www.3d178.cn/kaijiang/2024/2024275.shtml,3D之家页面所列试机号；与彩宝网口径可能不同，原样独立保留。,否,200,是,
彩宝网/8200,福彩3D,2024275,2024-10-15,827,241,157,https://www.8200.cn/kjh/3d/2024275.htm,福彩3D页面口径：同时列出开机号与试机号。,否,200,是,
彩宝网/8200,排列三,2024276,2024-10-16,088,502,,https://www.8200.cn/kjh/p3/2024276.htm,排列三页面所列三位试机号；排列三与排列五共用同一期体彩摇奖流程。,否,200,是,
一定牛/ydniu,排列五,2024276,2024-10-16,08878,15279,,https://m.ydniu.com/kaijiang/pl5/sjh/2024276.html,页面明确标注为排列五五位模拟试机号，属于互联网模拟数据，不是官方试机号。,是,200,是,
3D之家/3d178,福彩3D,2024276,2024-10-16,086,609,,https://www.3d178.cn/kaijiang/2024/2024276.shtml,3D之家页面所列试机号；与彩宝网口径可能不同，原样独立保留。,否,200,是,
彩宝网/8200,福彩3D,2024276,2024-10-16,086,764,982,https://www.8200.cn/kjh/3d/2024276.htm,福彩3D页面口径：同时列出开机号与试机号。,否,200,是,
彩宝网/8200,排列三,2024277,2024-10-17,623,429,,https://www.8200.cn/kjh/p3/2024277.htm,排列三页面所列三位试机号；排列三与排列五共用同一期体彩摇奖流程。,否,200,是,
一定牛/ydniu,排列五,2024277,2024-10-17,62364,82636,,https://m.ydniu.com/kaijiang/pl5/sjh/2024277.html,页面明确标注为排列五五位模拟试机号，属于互联网模拟数据，不是官方试机号。,是,200,是,
3D之家/3d178,福彩3D,2024277,2024-10-17,684,812,,https://www.3d178.cn/kaijiang/2024/2024277.shtml,3D之家页面所列试机号；与彩宝网口径可能不同，原样独立保留。,否,200,是,
彩宝网/8200,福彩3D,2024277,2024-10-17,684,108,152,https://www.8200.cn/kjh/3d/2024277.htm,福彩3D页面口径：同时列出开机号与试机号。,否,200,是,
彩宝网/8200,排列三,2024278,2024-10-18,134,724,,https://www.8200.cn/kjh/p3/2024278.htm,排列三页面所列三位试机号；排列三与排列五共用同一期体彩摇奖流程。,否,200,是,
一定牛/ydniu,排列五,2024278,2024-10-18,13443,95380,,https://m.ydniu.com/kaijiang/pl5/sjh/2024278.html,页面明确标注为排列五五位模拟试机号，属于互联网模拟数据，不是官方试机号。,是,200,是,
3D之家/3d178,福彩3D,2024278,2024-10-18,221,601,,https://www.3d178.cn/kaijiang/2024/2024278.shtml,3D之家页面所列试机号；与彩宝网口径可能不同，原样独立保留。,否,200,是,
彩宝网/8200,福彩3D,2024278,2024-10-18,221,974,648,https://www.8200.cn/kjh/3d/2024278.htm,福彩3D页面口径：同时列出开机号与试机号。,否,200,是,
彩宝网/8200,排列三,2024279,2024-10-19,886,597,,https://www.8200.cn/kjh/p3/2024279.htm,排列三页面所列三位试机号；排列三与排列五共用同一期体彩摇奖流程。,否,200,是,
一定牛/ydniu,排列五,2024279,2024-10-19,88672,83713,,https://m.ydniu.com/kaijiang/pl5/sjh/2024279.html,页面明确标注为排列五五位模拟试机号，属于互联网模拟数据，不是官方试机号。,是,200,是,
3D之家/3d178,福彩3D,2024279,2024-10-19,060,430,,https://www.3d178.cn/kaijiang/2024/2024279.shtml,3D之家页面所列试机号；与彩宝网口径可能不同，原样独立保留。,否,200,是,
彩宝网/8200,福彩3D,2024279,2024-10-19,060,393,514,https://www.8200.cn/kjh/3d/2024279.htm,福彩3D页面口径：同时列出开机号与试机号。,否,200,是,
彩宝网/8200,排列三,2024280,2024-10-20,859,172,,https://www.8200.cn/kjh/p3/2024280.htm,排列三页面所列三位试机号；排列三与排列五共用同一期体彩摇奖流程。,否,200,是,
一定牛/ydniu,排列五,2024280,2024-10-20,85971,08715,,https://m.ydniu.com/kaijiang/pl5/sjh/2024280.html,页面明确标注为排列五五位模拟试机号，属于互联网模拟数据，不是官方试机号。,是,200,是,
3D之家/3d178,福彩3D,2024280,2024-10-20,248,605,,https://www.3d178.cn/kaijiang/2024/2024280.shtml,3D之家页面所列试机号；与彩宝网口径可能不同，原样独立保留。,否,200,是,
彩宝网/8200,福彩3D,2024280,2024-10-20,248,918,604,https://www.8200.cn/kjh/3d/2024280.htm,福彩3D页面口径：同时列出开机号与试机号。,否,200,是,
彩宝网/8200,排列三,2024281,2024-10-21,465,215,,https://www.8200.cn/kjh/p3/2024281.htm,排列三页面所列三位试机号；排列三与排列五共用同一期体彩摇奖流程。,否,200,是,
一定牛/ydniu,排列五,2024281,2024-10-21,46506,78468,,https://m.ydniu.com/kaijiang/pl5/sjh/2024281.html,页面明确标注为排列五五位模拟试机号，属于互联网模拟数据，不是官方试机号。,是,200,是,
3D之家/3d178,福彩3D,2024281,2024-10-21,900,132,,https://www.3d178.cn/kaijiang/2024/2024281.shtml,3D之家页面所列试机号；与彩宝网口径可能不同，原样独立保留。,否,200,是,
彩宝网/8200,福彩3D,2024281,2024-10-21,900,672,328,https://www.8200.cn/kjh/3d/2024281.htm,福彩3D页面口径：同时列出开机号与试机号。,否,200,是,
彩宝网/8200,排列三,2024282,2024-10-22,905,985,,https://www.8200.cn/kjh/p3/2024282.htm,排列三页面所列三位试机号；排列三与排列五共用同一期体彩摇奖流程。,否,200,是,
一定牛/ydniu,排列五,2024282,2024-10-22,90556,91258,,https://m.ydniu.com/kaijiang/pl5/sjh/2024282.html,页面明确标注为排列五五位模拟试机号，属于互联网模拟数据，不是官方试机号。,是,200,是,
3D之家/3d178,福彩3D,2024282,2024-10-22,983,675,,https://www.3d178.cn/kaijiang/2024/2024282.shtml,3D之家页面所列试机号；与彩宝网口径可能不同，原样独立保留。,否,200,是,
彩宝网/8200,福彩3D,2024282,2024-10-22,983,196,154,https://www.8200.cn/kjh/3d/2024282.htm,福彩3D页面口径：同时列出开机号与试机号。,否,200,是,
彩宝网/8200,排列三,2024283,2024-10-23,285,531,,https://www.8200.cn/kjh/p3/2024283.htm,排列三页面所列三位试机号；排列三与排列五共用同一期体彩摇奖流程。,否,200,是,
一定牛/ydniu,排列五,2024283,2024-10-23,28555,68322,,https://m.ydniu.com/kaijiang/pl5/sjh/2024283.html,页面明确标注为排列五五位模拟试机号，属于互联网模拟数据，不是官方试机号。,是,200,是,
3D之家/3d178,福彩3D,2024283,2024-10-23,419,626,,https://www.3d178.cn/kaijiang/2024/2024283.shtml,3D之家页面所列试机号；与彩宝网口径可能不同，原样独立保留。,否,200,是,
彩宝网/8200,福彩3D,2024283,2024-10-23,419,626,710,https://www.8200.cn/kjh/3d/2024283.htm,福彩3D页面口径：同时列出开机号与试机号。,否,200,是,
彩宝网/8200,排列三,2024284,2024-10-24,034,168,,https://www.8200.cn/kjh/p3/2024284.htm,排列三页面所列三位试机号；排列三与排列五共用同一期体彩摇奖流程。,否,200,是,
一定牛/ydniu,排列五,2024284,2024-10-24,03465,18679,,https://m.ydniu.com/kaijiang/pl5/sjh/2024284.html,页面明确标注为排列五五位模拟试机号，属于互联网模拟数据，不是官方试机号。,是,200,是,
3D之家/3d178,福彩3D,2024284,2024-10-24,342,766,,https://www.3d178.cn/kaijiang/2024/2024284.shtml,3D之家页面所列试机号；与彩宝网口径可能不同，原样独立保留。,否,200,是,
彩宝网/8200,福彩3D,2024284,2024-10-24,342,502,248,https://www.8200.cn/kjh/3d/2024284.htm,福彩3D页面口径：同时列出开机号与试机号。,否,200,是,
彩宝网/8200,排列三,2024285,2024-10-25,347,305,,https://www.8200.cn/kjh/p3/2024285.htm,排列三页面所列三位试机号；排列三与排列五共用同一期体彩摇奖流程。,否,200,是,
一定牛/ydniu,排列五,2024285,2024-10-25,34746,39868,,https://m.ydniu.com/kaijiang/pl5/sjh/2024285.html,页面明确标注为排列五五位模拟试机号，属于互联网模拟数据，不是官方试机号。,是,200,是,
3D之家/3d178,福彩3D,2024285,2024-10-25,718,846,,https://www.3d178.cn/kaijiang/2024/2024285.shtml,3D之家页面所列试机号；与彩宝网口径可能不同，原样独立保留。,否,200,是,
彩宝网/8200,福彩3D,2024285,2024-10-25,718,337,341,https://www.8200.cn/kjh/3d/2024285.htm,福彩3D页面口径：同时列出开机号与试机号。,否,200,是,
彩宝网/8200,排列三,2024286,2024-10-26,156,975,,https://www.8200.cn/kjh/p3/2024286.htm,排列三页面所列三位试机号；排列三与排列五共用同一期体彩摇奖流程。,否,200,是,
一定牛/ydniu,排列五,2024286,2024-10-26,15678,37388,,https://m.ydniu.com/kaijiang/pl5/sjh/2024286.html,页面明确标注为排列五五位模拟试机号，属于互联网模拟数据，不是官方试机号。,是,200,是,
3D之家/3d178,福彩3D,2024286,2024-10-26,621,684,,https://www.3d178.cn/kaijiang/2024/2024286.shtml,3D之家页面所列试机号；与彩宝网口径可能不同，原样独立保留。,否,200,是,
彩宝网/8200,福彩3D,2024286,2024-10-26,621,063,287,https://www.8200.cn/kjh/3d/2024286.htm,福彩3D页面口径：同时列出开机号与试机号。,否,200,是,
彩宝网/8200,排列三,2024287,2024-10-27,945,756,,https://www.8200.cn/kjh/p3/2024287.htm,排列三页面所列三位试机号；排列三与排列五共用同一期体彩摇奖流程。,否,200,是,
一定牛/ydniu,排列五,2024287,2024-10-27,94561,55902,,https://m.ydniu.com/kaijiang/pl5/sjh/2024287.html,页面明确标注为排列五五位模拟试机号，属于互联网模拟数据，不是官方试机号。,是,200,是,
3D之家/3d178,福彩3D,2024287,2024-10-27,192,024,,https://www.3d178.cn/kaijiang/2024/2024287.shtml,3D之家页面所列试机号；与彩宝网口径可能不同，原样独立保留。,否,200,是,
彩宝网/8200,福彩3D,2024287,2024-10-27,192,372,310,https://www.8200.cn/kjh/3d/2024287.htm,福彩3D页面口径：同时列出开机号与试机号。,否,200,是,
彩宝网/8200,排列三,2024288,2024-10-28,810,674,,https://www.8200.cn/kjh/p3/2024288.htm,排列三页面所列三位试机号；排列三与排列五共用同一期体彩摇奖流程。,否,200,是,
一定牛/ydniu,排列五,2024288,2024-10-28,81098,56276,,https://m.ydniu.com/kaijiang/pl5/sjh/2024288.html,页面明确标注为排列五五位模拟试机号，属于互联网模拟数据，不是官方试机号。,是,200,是,
3D之家/3d178,福彩3D,2024288,2024-10-28,839,823,,https://www.3d178.cn/kaijiang/2024/2024288.shtml,3D之家页面所列试机号；与彩宝网口径可能不同，原样独立保留。,否,200,是,
彩宝网/8200,福彩3D,2024288,2024-10-28,839,784,986,https://www.8200.cn/kjh/3d/2024288.htm,福彩3D页面口径：同时列出开机号与试机号。,否,200,是,
彩宝网/8200,排列三,2024289,2024-10-29,006,726,,https://www.8200.cn/kjh/p3/2024289.htm,排列三页面所列三位试机号；排列三与排列五共用同一期体彩摇奖流程。,否,200,是,
一定牛/ydniu,排列五,2024289,2024-10-29,00643,45698,,https://m.ydniu.com/kaijiang/pl5/sjh/2024289.html,页面明确标注为排列五五位模拟试机号，属于互联网模拟数据，不是官方试机号。,是,200,是,
3D之家/3d178,福彩3D,2024289,2024-10-29,989,434,,https://www.3d178.cn/kaijiang/2024/2024289.shtml,3D之家页面所列试机号；与彩宝网口径可能不同，原样独立保留。,否,200,是,
彩宝网/8200,福彩3D,2024289,2024-10-29,989,611,734,https://www.8200.cn/kjh/3d/2024289.htm,福彩3D页面口径：同时列出开机号与试机号。,否,200,是,
彩宝网/8200,排列三,2024290,2024-10-30,004,824,,https://www.8200.cn/kjh/p3/2024290.htm,排列三页面所列三位试机号；排列三与排列五共用同一期体彩摇奖流程。,否,200,是,
一定牛/ydniu,排列五,2024290,2024-10-30,00449,12891,,https://m.ydniu.com/kaijiang/pl5/sjh/2024290.html,页面明确标注为排列五五位模拟试机号，属于互联网模拟数据，不是官方试机号。,是,200,是,
3D之家/3d178,福彩3D,2024290,2024-10-30,911,229,,https://www.3d178.cn/kaijiang/2024/2024290.shtml,3D之家页面所列试机号；与彩宝网口径可能不同，原样独立保留。,否,200,是,
彩宝网/8200,福彩3D,2024290,2024-10-30,911,583,593,https://www.8200.cn/kjh/3d/2024290.htm,福彩3D页面口径：同时列出开机号与试机号。,否,200,是,
彩宝网/8200,排列三,2024291,2024-10-31,340,810,,https://www.8200.cn/kjh/p3/2024291.htm,排列三页面所列三位试机号；排列三与排列五共用同一期体彩摇奖流程。,否,200,是,
一定牛/ydniu,排列五,2024291,2024-10-31,34043,00242,,https://m.ydniu.com/kaijiang/pl5/sjh/2024291.html,页面明确标注为排列五五位模拟试机号，属于互联网模拟数据，不是官方试机号。,是,200,是,
3D之家/3d178,福彩3D,2024291,2024-10-31,426,841,,https://www.3d178.cn/kaijiang/2024/2024291.shtml,3D之家页面所列试机号；与彩宝网口径可能不同，原样独立保留。,否,200,是,
彩宝网/8200,福彩3D,2024291,2024-10-31,426,542,296,https://www.8200.cn/kjh/3d/2024291.htm,福彩3D页面口径：同时列出开机号与试机号。,否,200,是,
彩宝网/8200,排列三,2024292,2024-11-01,030,610,,https://www.8200.cn/kjh/p3/2024292.htm,排列三页面所列三位试机号；排列三与排列五共用同一期体彩摇奖流程。,否,200,是,
一定牛/ydniu,排列五,2024292,2024-11-01,03000,58011,,https://m.ydniu.com/kaijiang/pl5/sjh/2024292.html,页面明确标注为排列五五位模拟试机号，属于互联网模拟数据，不是官方试机号。,是,200,是,
3D之家/3d178,福彩3D,2024292,2024-11-01,462,907,,https://www.3d178.cn/kaijiang/2024/2024292.shtml,3D之家页面所列试机号；与彩宝网口径可能不同，原样独立保留。,否,200,是,
彩宝网/8200,福彩3D,2024292,2024-11-01,462,830,305,https://www.8200.cn/kjh/3d/2024292.htm,福彩3D页面口径：同时列出开机号与试机号。,否,200,是,
彩宝网/8200,排列三,2024293,2024-11-02,044,512,,https://www.8200.cn/kjh/p3/2024293.htm,排列三页面所列三位试机号；排列三与排列五共用同一期体彩摇奖流程。,否,200,是,
一定牛/ydniu,排列五,2024293,2024-11-02,04481,22059,,https://m.ydniu.com/kaijiang/pl5/sjh/2024293.html,页面明确标注为排列五五位模拟试机号，属于互联网模拟数据，不是官方试机号。,是,200,是,
3D之家/3d178,福彩3D,2024293,2024-11-02,521,458,,https://www.3d178.cn/kaijiang/2024/2024293.shtml,3D之家页面所列试机号；与彩宝网口径可能不同，原样独立保留。,否,200,是,
彩宝网/8200,福彩3D,2024293,2024-11-02,521,822,849,https://www.8200.cn/kjh/3d/2024293.htm,福彩3D页面口径：同时列出开机号与试机号。,否,200,是,
彩宝网/8200,排列三,2024294,2024-11-03,701,961,,https://www.8200.cn/kjh/p3/2024294.htm,排列三页面所列三位试机号；排列三与排列五共用同一期体彩摇奖流程。,否,200,是,
一定牛/ydniu,排列五,2024294,2024-11-03,70192,85661,,https://m.ydniu.com/kaijiang/pl5/sjh/2024294.html,页面明确标注为排列五五位模拟试机号，属于互联网模拟数据，不是官方试机号。,是,200,是,
3D之家/3d178,福彩3D,2024294,2024-11-03,364,169,,https://www.3d178.cn/kaijiang/2024/2024294.shtml,3D之家页面所列试机号；与彩宝网口径可能不同，原样独立保留。,否,200,是,
彩宝网/8200,福彩3D,2024294,2024-11-03,364,305,947,https://www.8200.cn/kjh/3d/2024294.htm,福彩3D页面口径：同时列出开机号与试机号。,否,200,是,
彩宝网/8200,排列三,2024295,2024-11-04,552,479,,https://www.8200.cn/kjh/p3/2024295.htm,排列三页面所列三位试机号；排列三与排列五共用同一期体彩摇奖流程。,否,200,是,
一定牛/ydniu,排列五,2024295,2024-11-04,55252,75457,,https://m.ydniu.com/kaijiang/pl5/sjh/2024295.html,页面明确标注为排列五五位模拟试机号，属于互联网模拟数据，不是官方试机号。,是,200,是,
3D之家/3d178,福彩3D,2024295,2024-11-04,571,897,,https://www.3d178.cn/kaijiang/2024/2024295.shtml,3D之家页面所列试机号；与彩宝网口径可能不同，原样独立保留。,否,200,是,
彩宝网/8200,福彩3D,2024295,2024-11-04,571,950,763,https://www.8200.cn/kjh/3d/2024295.htm,福彩3D页面口径：同时列出开机号与试机号。,否,200,是,
彩宝网/8200,排列三,2024296,2024-11-05,898,758,,https://www.8200.cn/kjh/p3/2024296.htm,排列三页面所列三位试机号；排列三与排列五共用同一期体彩摇奖流程。,否,200,是,
一定牛/ydniu,排列五,2024296,2024-11-05,89807,60882,,https://m.ydniu.com/kaijiang/pl5/sjh/2024296.html,页面明确标注为排列五五位模拟试机号，属于互联网模拟数据，不是官方试机号。,是,200,是,
3D之家/3d178,福彩3D,2024296,2024-11-05,816,528,,https://www.3d178.cn/kaijiang/2024/2024296.shtml,3D之家页面所列试机号；与彩宝网口径可能不同，原样独立保留。,否,200,是,
彩宝网/8200,福彩3D,2024296,2024-11-05,816,473,704,https://www.8200.cn/kjh/3d/2024296.htm,福彩3D页面口径：同时列出开机号与试机号。,否,200,是,
彩宝网/8200,排列三,2024297,2024-11-06,037,845,,https://www.8200.cn/kjh/p3/2024297.htm,排列三页面所列三位试机号；排列三与排列五共用同一期体彩摇奖流程。,否,200,是,
一定牛/ydniu,排列五,2024297,2024-11-06,03712,89118,,https://m.ydniu.com/kaijiang/pl5/sjh/2024297.html,页面明确标注为排列五五位模拟试机号，属于互联网模拟数据，不是官方试机号。,是,200,是,
3D之家/3d178,福彩3D,2024297,2024-11-06,372,971,,https://www.3d178.cn/kaijiang/2024/2024297.shtml,3D之家页面所列试机号；与彩宝网口径可能不同，原样独立保留。,否,200,是,
彩宝网/8200,福彩3D,2024297,2024-11-06,372,058,680,https://www.8200.cn/kjh/3d/2024297.htm,福彩3D页面口径：同时列出开机号与试机号。,否,200,是,
彩宝网/8200,排列三,2024298,2024-11-07,680,706,,https://www.8200.cn/kjh/p3/2024298.htm,排列三页面所列三位试机号；排列三与排列五共用同一期体彩摇奖流程。,否,200,是,
一定牛/ydniu,排列五,2024298,2024-11-07,68088,42855,,https://m.ydniu.com/kaijiang/pl5/sjh/2024298.html,页面明确标注为排列五五位模拟试机号，属于互联网模拟数据，不是官方试机号。,是,200,是,
3D之家/3d178,福彩3D,2024298,2024-11-07,055,928,,https://www.3d178.cn/kaijiang/2024/2024298.shtml,3D之家页面所列试机号；与彩宝网口径可能不同，原样独立保留。,否,200,是,
彩宝网/8200,福彩3D,2024298,2024-11-07,055,913,231,https://www.8200.cn/kjh/3d/2024298.htm,福彩3D页面口径：同时列出开机号与试机号。,否,200,是,
彩宝网/8200,排列三,2024299,2024-11-08,581,904,,https://www.8200.cn/kjh/p3/2024299.htm,排列三页面所列三位试机号；排列三与排列五共用同一期体彩摇奖流程。,否,200,是,
一定牛/ydniu,排列五,2024299,2024-11-08,58102,87797,,https://m.ydniu.com/kaijiang/pl5/sjh/2024299.html,页面明确标注为排列五五位模拟试机号，属于互联网模拟数据，不是官方试机号。,是,200,是,
3D之家/3d178,福彩3D,2024299,2024-11-08,949,606,,https://www.3d178.cn/kaijiang/2024/2024299.shtml,3D之家页面所列试机号；与彩宝网口径可能不同，原样独立保留。,否,200,是,
彩宝网/8200,福彩3D,2024299,2024-11-08,949,807,982,https://www.8200.cn/kjh/3d/2024299.htm,福彩3D页面口径：同时列出开机号与试机号。,否,200,是,
彩宝网/8200,排列三,2024300,2024-11-09,933,753,,https://www.8200.cn/kjh/p3/2024300.htm,排列三页面所列三位试机号；排列三与排列五共用同一期体彩摇奖流程。,否,200,是,
一定牛/ydniu,排列五,2024300,2024-11-09,93336,93382,,https://m.ydniu.com/kaijiang/pl5/sjh/2024300.html,页面明确标注为排列五五位模拟试机号，属于互联网模拟数据，不是官方试机号。,是,200,是,
3D之家/3d178,福彩3D,2024300,2024-11-09,666,420,,https://www.3d178.cn/kaijiang/2024/2024300.shtml,3D之家页面所列试机号；与彩宝网口径可能不同，原样独立保留。,否,200,是,
彩宝网/8200,福彩3D,2024300,2024-11-09,666,023,231,https://www.8200.cn/kjh/3d/2024300.htm,福彩3D页面口径：同时列出开机号与试机号。,否,200,是,
彩宝网/8200,排列三,2024301,2024-11-10,877,582,,https://www.8200.cn/kjh/p3/2024301.htm,排列三页面所列三位试机号；排列三与排列五共用同一期体彩摇奖流程。,否,200,是,
一定牛/ydniu,排列五,2024301,2024-11-10,87733,18600,,https://m.ydniu.com/kaijiang/pl5/sjh/2024301.html,页面明确标注为排列五五位模拟试机号，属于互联网模拟数据，不是官方试机号。,是,200,是,
3D之家/3d178,福彩3D,2024301,2024-11-10,435,161,,https://www.3d178.cn/kaijiang/2024/2024301.shtml,3D之家页面所列试机号；与彩宝网口径可能不同，原样独立保留。,否,200,是,
彩宝网/8200,福彩3D,2024301,2024-11-10,435,607,139,https://www.8200.cn/kjh/3d/2024301.htm,福彩3D页面口径：同时列出开机号与试机号。,否,200,是,
彩宝网/8200,排列三,2024302,2024-11-11,398,725,,https://www.8200.cn/kjh/p3/2024302.htm,排列三页面所列三位试机号；排列三与排列五共用同一期体彩摇奖流程。,否,200,是,
一定牛/ydniu,排列五,2024302,2024-11-11,39803,13516,,https://m.ydniu.com/kaijiang/pl5/sjh/2024302.html,页面明确标注为排列五五位模拟试机号，属于互联网模拟数据，不是官方试机号。,是,200,是,
3D之家/3d178,福彩3D,2024302,2024-11-11,516,260,,https://www.3d178.cn/kaijiang/2024/2024302.shtml,3D之家页面所列试机号；与彩宝网口径可能不同，原样独立保留。,否,200,是,
彩宝网/8200,福彩3D,2024302,2024-11-11,516,519,830,https://www.8200.cn/kjh/3d/2024302.htm,福彩3D页面口径：同时列出开机号与试机号。,否,200,是,
彩宝网/8200,排列三,2024303,2024-11-12,201,376,,https://www.8200.cn/kjh/p3/2024303.htm,排列三页面所列三位试机号；排列三与排列五共用同一期体彩摇奖流程。,否,200,是,
一定牛/ydniu,排列五,2024303,2024-11-12,20192,89748,,https://m.ydniu.com/kaijiang/pl5/sjh/2024303.html,页面明确标注为排列五五位模拟试机号，属于互联网模拟数据，不是官方试机号。,是,200,是,
3D之家/3d178,福彩3D,2024303,2024-11-12,336,149,,https://www.3d178.cn/kaijiang/2024/2024303.shtml,3D之家页面所列试机号；与彩宝网口径可能不同，原样独立保留。,否,200,是,
彩宝网/8200,福彩3D,2024303,2024-11-12,336,220,321,https://www.8200.cn/kjh/3d/2024303.htm,福彩3D页面口径：同时列出开机号与试机号。,否,200,是,
彩宝网/8200,排列三,2024304,2024-11-13,425,925,,https://www.8200.cn/kjh/p3/2024304.htm,排列三页面所列三位试机号；排列三与排列五共用同一期体彩摇奖流程。,否,200,是,
一定牛/ydniu,排列五,2024304,2024-11-13,42538,40360,,https://m.ydniu.com/kaijiang/pl5/sjh/2024304.html,页面明确标注为排列五五位模拟试机号，属于互联网模拟数据，不是官方试机号。,是,200,是,
3D之家/3d178,福彩3D,2024304,2024-11-13,169,637,,https://www.3d178.cn/kaijiang/2024/2024304.shtml,3D之家页面所列试机号；与彩宝网口径可能不同，原样独立保留。,否,200,是,
彩宝网/8200,福彩3D,2024304,2024-11-13,169,674,916,https://www.8200.cn/kjh/3d/2024304.htm,福彩3D页面口径：同时列出开机号与试机号。,否,200,是,
彩宝网/8200,排列三,2024305,2024-11-14,841,713,,https://www.8200.cn/kjh/p3/2024305.htm,排列三页面所列三位试机号；排列三与排列五共用同一期体彩摇奖流程。,否,200,是,
一定牛/ydniu,排列五,2024305,2024-11-14,84184,16461,,https://m.ydniu.com/kaijiang/pl5/sjh/2024305.html,页面明确标注为排列五五位模拟试机号，属于互联网模拟数据，不是官方试机号。,是,200,是,
3D之家/3d178,福彩3D,2024305,2024-11-14,966,238,,https://www.3d178.cn/kaijiang/2024/2024305.shtml,3D之家页面所列试机号；与彩宝网口径可能不同，原样独立保留。,否,200,是,
彩宝网/8200,福彩3D,2024305,2024-11-14,966,653,106,https://www.8200.cn/kjh/3d/2024305.htm,福彩3D页面口径：同时列出开机号与试机号。,否,200,是,
彩宝网/8200,排列三,2024306,2024-11-15,508,318,,https://www.8200.cn/kjh/p3/2024306.htm,排列三页面所列三位试机号；排列三与排列五共用同一期体彩摇奖流程。,否,200,是,
一定牛/ydniu,排列五,2024306,2024-11-15,50881,62668,,https://m.ydniu.com/kaijiang/pl5/sjh/2024306.html,页面明确标注为排列五五位模拟试机号，属于互联网模拟数据，不是官方试机号。,是,200,是,
3D之家/3d178,福彩3D,2024306,2024-11-15,296,675,,https://www.3d178.cn/kaijiang/2024/2024306.shtml,3D之家页面所列试机号；与彩宝网口径可能不同，原样独立保留。,否,200,是,
彩宝网/8200,福彩3D,2024306,2024-11-15,296,349,849,https://www.8200.cn/kjh/3d/2024306.htm,福彩3D页面口径：同时列出开机号与试机号。,否,200,是,
彩宝网/8200,排列三,2024307,2024-11-16,582,521,,https://www.8200.cn/kjh/p3/2024307.htm,排列三页面所列三位试机号；排列三与排列五共用同一期体彩摇奖流程。,否,200,是,
一定牛/ydniu,排列五,2024307,2024-11-16,58216,05627,,https://m.ydniu.com/kaijiang/pl5/sjh/2024307.html,页面明确标注为排列五五位模拟试机号，属于互联网模拟数据，不是官方试机号。,是,200,是,
3D之家/3d178,福彩3D,2024307,2024-11-16,579,806,,https://www.3d178.cn/kaijiang/2024/2024307.shtml,3D之家页面所列试机号；与彩宝网口径可能不同，原样独立保留。,否,200,是,
彩宝网/8200,福彩3D,2024307,2024-11-16,579,844,652,https://www.8200.cn/kjh/3d/2024307.htm,福彩3D页面口径：同时列出开机号与试机号。,否,200,是,
彩宝网/8200,排列三,2024308,2024-11-17,843,614,,https://www.8200.cn/kjh/p3/2024308.htm,排列三页面所列三位试机号；排列三与排列五共用同一期体彩摇奖流程。,否,200,是,
一定牛/ydniu,排列五,2024308,2024-11-17,84399,78654,,https://m.ydniu.com/kaijiang/pl5/sjh/2024308.html,页面明确标注为排列五五位模拟试机号，属于互联网模拟数据，不是官方试机号。,是,200,是,
3D之家/3d178,福彩3D,2024308,2024-11-17,654,069,,https://www.3d178.cn/kaijiang/2024/2024308.shtml,3D之家页面所列试机号；与彩宝网口径可能不同，原样独立保留。,否,200,是,
彩宝网/8200,福彩3D,2024308,2024-11-17,654,617,471,https://www.8200.cn/kjh/3d/2024308.htm,福彩3D页面口径：同时列出开机号与试机号。,否,200,是,
彩宝网/8200,排列三,2024309,2024-11-18,483,740,,https://www.8200.cn/kjh/p3/2024309.htm,排列三页面所列三位试机号；排列三与排列五共用同一期体彩摇奖流程。,否,200,是,
一定牛/ydniu,排列五,2024309,2024-11-18,48300,93950,,https://m.ydniu.com/kaijiang/pl5/sjh/2024309.html,页面明确标注为排列五五位模拟试机号，属于互联网模拟数据，不是官方试机号。,是,200,是,
3D之家/3d178,福彩3D,2024309,2024-11-18,539,243,,https://www.3d178.cn/kaijiang/2024/2024309.shtml,3D之家页面所列试机号；与彩宝网口径可能不同，原样独立保留。,否,200,是,
彩宝网/8200,福彩3D,2024309,2024-11-18,539,873,820,https://www.8200.cn/kjh/3d/2024309.htm,福彩3D页面口径：同时列出开机号与试机号。,否,200,是,
彩宝网/8200,排列三,2024310,2024-11-19,718,102,,https://www.8200.cn/kjh/p3/2024310.htm,排列三页面所列三位试机号；排列三与排列五共用同一期体彩摇奖流程。,否,200,是,
一定牛/ydniu,排列五,2024310,2024-11-19,71896,62400,,https://m.ydniu.com/kaijiang/pl5/sjh/2024310.html,页面明确标注为排列五五位模拟试机号，属于互联网模拟数据，不是官方试机号。,是,200,是,
3D之家/3d178,福彩3D,2024310,2024-11-19,603,486,,https://www.3d178.cn/kaijiang/2024/2024310.shtml,3D之家页面所列试机号；与彩宝网口径可能不同，原样独立保留。,否,200,是,
彩宝网/8200,福彩3D,2024310,2024-11-19,603,763,735,https://www.8200.cn/kjh/3d/2024310.htm,福彩3D页面口径：同时列出开机号与试机号。,否,200,是,
彩宝网/8200,排列三,2024311,2024-11-20,533,385,,https://www.8200.cn/kjh/p3/2024311.htm,排列三页面所列三位试机号；排列三与排列五共用同一期体彩摇奖流程。,否,200,是,
一定牛/ydniu,排列五,2024311,2024-11-20,53314,02536,,https://m.ydniu.com/kaijiang/pl5/sjh/2024311.html,页面明确标注为排列五五位模拟试机号，属于互联网模拟数据，不是官方试机号。,是,200,是,
3D之家/3d178,福彩3D,2024311,2024-11-20,067,515,,https://www.3d178.cn/kaijiang/2024/2024311.shtml,3D之家页面所列试机号；与彩宝网口径可能不同，原样独立保留。,否,200,是,
彩宝网/8200,福彩3D,2024311,2024-11-20,067,493,870,https://www.8200.cn/kjh/3d/2024311.htm,福彩3D页面口径：同时列出开机号与试机号。,否,200,是,
彩宝网/8200,排列三,2024312,2024-11-21,413,508,,https://www.8200.cn/kjh/p3/2024312.htm,排列三页面所列三位试机号；排列三与排列五共用同一期体彩摇奖流程。,否,200,是,
一定牛/ydniu,排列五,2024312,2024-11-21,41323,78585,,https://m.ydniu.com/kaijiang/pl5/sjh/2024312.html,页面明确标注为排列五五位模拟试机号，属于互联网模拟数据，不是官方试机号。,是,200,是,
3D之家/3d178,福彩3D,2024312,2024-11-21,754,668,,https://www.3d178.cn/kaijiang/2024/2024312.shtml,3D之家页面所列试机号；与彩宝网口径可能不同，原样独立保留。,否,200,是,
彩宝网/8200,福彩3D,2024312,2024-11-21,754,371,408,https://www.8200.cn/kjh/3d/2024312.htm,福彩3D页面口径：同时列出开机号与试机号。,否,200,是,
彩宝网/8200,排列三,2024313,2024-11-22,471,738,,https://www.8200.cn/kjh/p3/2024313.htm,排列三页面所列三位试机号；排列三与排列五共用同一期体彩摇奖流程。,否,200,是,
一定牛/ydniu,排列五,2024313,2024-11-22,47116,78875,,https://m.ydniu.com/kaijiang/pl5/sjh/2024313.html,页面明确标注为排列五五位模拟试机号，属于互联网模拟数据，不是官方试机号。,是,200,是,
3D之家/3d178,福彩3D,2024313,2024-11-22,095,927,,https://www.3d178.cn/kaijiang/2024/2024313.shtml,3D之家页面所列试机号；与彩宝网口径可能不同，原样独立保留。,否,200,是,
彩宝网/8200,福彩3D,2024313,2024-11-22,095,948,291,https://www.8200.cn/kjh/3d/2024313.htm,福彩3D页面口径：同时列出开机号与试机号。,否,200,是,
彩宝网/8200,排列三,2024314,2024-11-23,080,916,,https://www.8200.cn/kjh/p3/2024314.htm,排列三页面所列三位试机号；排列三与排列五共用同一期体彩摇奖流程。,否,200,是,
一定牛/ydniu,排列五,2024314,2024-11-23,08022,89484,,https://m.ydniu.com/kaijiang/pl5/sjh/2024314.html,页面明确标注为排列五五位模拟试机号，属于互联网模拟数据，不是官方试机号。,是,200,是,
3D之家/3d178,福彩3D,2024314,2024-11-23,672,025,,https://www.3d178.cn/kaijiang/2024/2024314.shtml,3D之家页面所列试机号；与彩宝网口径可能不同，原样独立保留。,否,200,是,
彩宝网/8200,福彩3D,2024314,2024-11-23,672,133,718,https://www.8200.cn/kjh/3d/2024314.htm,福彩3D页面口径：同时列出开机号与试机号。,否,200,是,
彩宝网/8200,排列三,2024315,2024-11-24,071,278,,https://www.8200.cn/kjh/p3/2024315.htm,排列三页面所列三位试机号；排列三与排列五共用同一期体彩摇奖流程。,否,200,是,
一定牛/ydniu,排列五,2024315,2024-11-24,07119,96617,,https://m.ydniu.com/kaijiang/pl5/sjh/2024315.html,页面明确标注为排列五五位模拟试机号，属于互联网模拟数据，不是官方试机号。,是,200,是,
3D之家/3d178,福彩3D,2024315,2024-11-24,802,127,,https://www.3d178.cn/kaijiang/2024/2024315.shtml,3D之家页面所列试机号；与彩宝网口径可能不同，原样独立保留。,否,200,是,
彩宝网/8200,福彩3D,2024315,2024-11-24,802,914,358,https://www.8200.cn/kjh/3d/2024315.htm,福彩3D页面口径：同时列出开机号与试机号。,否,200,是,
彩宝网/8200,排列三,2024316,2024-11-25,332,752,,https://www.8200.cn/kjh/p3/2024316.htm,排列三页面所列三位试机号；排列三与排列五共用同一期体彩摇奖流程。,否,200,是,
一定牛/ydniu,排列五,2024316,2024-11-25,33275,48947,,https://m.ydniu.com/kaijiang/pl5/sjh/2024316.html,页面明确标注为排列五五位模拟试机号，属于互联网模拟数据，不是官方试机号。,是,200,是,
3D之家/3d178,福彩3D,2024316,2024-11-25,789,069,,https://www.3d178.cn/kaijiang/2024/2024316.shtml,3D之家页面所列试机号；与彩宝网口径可能不同，原样独立保留。,否,200,是,
彩宝网/8200,福彩3D,2024316,2024-11-25,789,430,159,https://www.8200.cn/kjh/3d/2024316.htm,福彩3D页面口径：同时列出开机号与试机号。,否,200,是,
彩宝网/8200,排列三,2024317,2024-11-26,355,580,,https://www.8200.cn/kjh/p3/2024317.htm,排列三页面所列三位试机号；排列三与排列五共用同一期体彩摇奖流程。,否,200,是,
一定牛/ydniu,排列五,2024317,2024-11-26,35575,88487,,https://m.ydniu.com/kaijiang/pl5/sjh/2024317.html,页面明确标注为排列五五位模拟试机号，属于互联网模拟数据，不是官方试机号。,是,200,是,
3D之家/3d178,福彩3D,2024317,2024-11-26,386,438,,https://www.3d178.cn/kaijiang/2024/2024317.shtml,3D之家页面所列试机号；与彩宝网口径可能不同，原样独立保留。,否,200,是,
彩宝网/8200,福彩3D,2024317,2024-11-26,386,812,478,https://www.8200.cn/kjh/3d/2024317.htm,福彩3D页面口径：同时列出开机号与试机号。,否,200,是,
彩宝网/8200,排列三,2024318,2024-11-27,243,730,,https://www.8200.cn/kjh/p3/2024318.htm,排列三页面所列三位试机号；排列三与排列五共用同一期体彩摇奖流程。,否,200,是,
一定牛/ydniu,排列五,2024318,2024-11-27,24398,72913,,https://m.ydniu.com/kaijiang/pl5/sjh/2024318.html,页面明确标注为排列五五位模拟试机号，属于互联网模拟数据，不是官方试机号。,是,200,是,
3D之家/3d178,福彩3D,2024318,2024-11-27,525,237,,https://www.3d178.cn/kaijiang/2024/2024318.shtml,3D之家页面所列试机号；与彩宝网口径可能不同，原样独立保留。,否,200,是,
彩宝网/8200,福彩3D,2024318,2024-11-27,525,375,073,https://www.8200.cn/kjh/3d/2024318.htm,福彩3D页面口径：同时列出开机号与试机号。,否,200,是,
彩宝网/8200,排列三,2024319,2024-11-28,793,409,,https://www.8200.cn/kjh/p3/2024319.htm,排列三页面所列三位试机号；排列三与排列五共用同一期体彩摇奖流程。,否,200,是,
一定牛/ydniu,排列五,2024319,2024-11-28,79335,10467,,https://m.ydniu.com/kaijiang/pl5/sjh/2024319.html,页面明确标注为排列五五位模拟试机号，属于互联网模拟数据，不是官方试机号。,是,200,是,
3D之家/3d178,福彩3D,2024319,2024-11-28,726,156,,https://www.3d178.cn/kaijiang/2024/2024319.shtml,3D之家页面所列试机号；与彩宝网口径可能不同，原样独立保留。,否,200,是,
彩宝网/8200,福彩3D,2024319,2024-11-28,726,062,034,https://www.8200.cn/kjh/3d/2024319.htm,福彩3D页面口径：同时列出开机号与试机号。,否,200,是,
彩宝网/8200,排列三,2024320,2024-11-29,863,902,,https://www.8200.cn/kjh/p3/2024320.htm,排列三页面所列三位试机号；排列三与排列五共用同一期体彩摇奖流程。,否,200,是,
一定牛/ydniu,排列五,2024320,2024-11-29,86346,23963,,https://m.ydniu.com/kaijiang/pl5/sjh/2024320.html,页面明确标注为排列五五位模拟试机号，属于互联网模拟数据，不是官方试机号。,是,200,是,
3D之家/3d178,福彩3D,2024320,2024-11-29,778,228,,https://www.3d178.cn/kaijiang/2024/2024320.shtml,3D之家页面所列试机号；与彩宝网口径可能不同，原样独立保留。,否,200,是,
彩宝网/8200,福彩3D,2024320,2024-11-29,778,438,251,https://www.8200.cn/kjh/3d/2024320.htm,福彩3D页面口径：同时列出开机号与试机号。,否,200,是,
彩宝网/8200,排列三,2024321,2024-11-30,050,827,,https://www.8200.cn/kjh/p3/2024321.htm,排列三页面所列三位试机号；排列三与排列五共用同一期体彩摇奖流程。,否,200,是,
一定牛/ydniu,排列五,2024321,2024-11-30,05007,35983,,https://m.ydniu.com/kaijiang/pl5/sjh/2024321.html,页面明确标注为排列五五位模拟试机号，属于互联网模拟数据，不是官方试机号。,是,200,是,
3D之家/3d178,福彩3D,2024321,2024-11-30,542,502,,https://www.3d178.cn/kaijiang/2024/2024321.shtml,3D之家页面所列试机号；与彩宝网口径可能不同，原样独立保留。,否,200,是,
彩宝网/8200,福彩3D,2024321,2024-11-30,542,976,218,https://www.8200.cn/kjh/3d/2024321.htm,福彩3D页面口径：同时列出开机号与试机号。,否,200,是,
彩宝网/8200,排列三,2024322,2024-12-01,678,867,,https://www.8200.cn/kjh/p3/2024322.htm,排列三页面所列三位试机号；排列三与排列五共用同一期体彩摇奖流程。,否,200,是,
一定牛/ydniu,排列五,2024322,2024-12-01,67858,79319,,https://m.ydniu.com/kaijiang/pl5/sjh/2024322.html,页面明确标注为排列五五位模拟试机号，属于互联网模拟数据，不是官方试机号。,是,200,是,
3D之家/3d178,福彩3D,2024322,2024-12-01,867,699,,https://www.3d178.cn/kaijiang/2024/2024322.shtml,3D之家页面所列试机号；与彩宝网口径可能不同，原样独立保留。,否,200,是,
彩宝网/8200,福彩3D,2024322,2024-12-01,867,415,206,https://www.8200.cn/kjh/3d/2024322.htm,福彩3D页面口径：同时列出开机号与试机号。,否,200,是,
彩宝网/8200,排列三,2024323,2024-12-02,914,964,,https://www.8200.cn/kjh/p3/2024323.htm,排列三页面所列三位试机号；排列三与排列五共用同一期体彩摇奖流程。,否,200,是,
一定牛/ydniu,排列五,2024323,2024-12-02,91473,77336,,https://m.ydniu.com/kaijiang/pl5/sjh/2024323.html,页面明确标注为排列五五位模拟试机号，属于互联网模拟数据，不是官方试机号。,是,200,是,
3D之家/3d178,福彩3D,2024323,2024-12-02,536,014,,https://www.3d178.cn/kaijiang/2024/2024323.shtml,3D之家页面所列试机号；与彩宝网口径可能不同，原样独立保留。,否,200,是,
彩宝网/8200,福彩3D,2024323,2024-12-02,536,877,164,https://www.8200.cn/kjh/3d/2024323.htm,福彩3D页面口径：同时列出开机号与试机号。,否,200,是,
彩宝网/8200,排列三,2024324,2024-12-03,630,218,,https://www.8200.cn/kjh/p3/2024324.htm,排列三页面所列三位试机号；排列三与排列五共用同一期体彩摇奖流程。,否,200,是,
一定牛/ydniu,排列五,2024324,2024-12-03,63013,49863,,https://m.ydniu.com/kaijiang/pl5/sjh/2024324.html,页面明确标注为排列五五位模拟试机号，属于互联网模拟数据，不是官方试机号。,是,200,是,
3D之家/3d178,福彩3D,2024324,2024-12-03,384,662,,https://www.3d178.cn/kaijiang/2024/2024324.shtml,3D之家页面所列试机号；与彩宝网口径可能不同，原样独立保留。,否,200,是,
彩宝网/8200,福彩3D,2024324,2024-12-03,384,750,926,https://www.8200.cn/kjh/3d/2024324.htm,福彩3D页面口径：同时列出开机号与试机号。,否,200,是,
彩宝网/8200,排列三,2024325,2024-12-04,023,804,,https://www.8200.cn/kjh/p3/2024325.htm,排列三页面所列三位试机号；排列三与排列五共用同一期体彩摇奖流程。,否,200,是,
一定牛/ydniu,排列五,2024325,2024-12-04,02307,75535,,https://m.ydniu.com/kaijiang/pl5/sjh/2024325.html,页面明确标注为排列五五位模拟试机号，属于互联网模拟数据，不是官方试机号。,是,200,是,
3D之家/3d178,福彩3D,2024325,2024-12-04,158,062,,https://www.3d178.cn/kaijiang/2024/2024325.shtml,3D之家页面所列试机号；与彩宝网口径可能不同，原样独立保留。,否,200,是,
彩宝网/8200,福彩3D,2024325,2024-12-04,158,469,721,https://www.8200.cn/kjh/3d/2024325.htm,福彩3D页面口径：同时列出开机号与试机号。,否,200,是,
彩宝网/8200,排列三,2024326,2024-12-05,257,128,,https://www.8200.cn/kjh/p3/2024326.htm,排列三页面所列三位试机号；排列三与排列五共用同一期体彩摇奖流程。,否,200,是,
一定牛/ydniu,排列五,2024326,2024-12-05,25701,81414,,https://m.ydniu.com/kaijiang/pl5/sjh/2024326.html,页面明确标注为排列五五位模拟试机号，属于互联网模拟数据，不是官方试机号。,是,200,是,
3D之家/3d178,福彩3D,2024326,2024-12-05,722,460,,https://www.3d178.cn/kaijiang/2024/2024326.shtml,3D之家页面所列试机号；与彩宝网口径可能不同，原样独立保留。,否,200,是,
彩宝网/8200,福彩3D,2024326,2024-12-05,722,214,468,https://www.8200.cn/kjh/3d/2024326.htm,福彩3D页面口径：同时列出开机号与试机号。,否,200,是,
彩宝网/8200,排列三,2024327,2024-12-06,134,658,,https://www.8200.cn/kjh/p3/2024327.htm,排列三页面所列三位试机号；排列三与排列五共用同一期体彩摇奖流程。,否,200,是,
一定牛/ydniu,排列五,2024327,2024-12-06,13422,51515,,https://m.ydniu.com/kaijiang/pl5/sjh/2024327.html,页面明确标注为排列五五位模拟试机号，属于互联网模拟数据，不是官方试机号。,是,200,是,
3D之家/3d178,福彩3D,2024327,2024-12-06,280,283,,https://www.3d178.cn/kaijiang/2024/2024327.shtml,3D之家页面所列试机号；与彩宝网口径可能不同，原样独立保留。,否,200,是,
彩宝网/8200,福彩3D,2024327,2024-12-06,280,835,530,https://www.8200.cn/kjh/3d/2024327.htm,福彩3D页面口径：同时列出开机号与试机号。,否,200,是,
彩宝网/8200,排列三,2024328,2024-12-07,125,596,,https://www.8200.cn/kjh/p3/2024328.htm,排列三页面所列三位试机号；排列三与排列五共用同一期体彩摇奖流程。,否,200,是,
一定牛/ydniu,排列五,2024328,2024-12-07,12504,73088,,https://m.ydniu.com/kaijiang/pl5/sjh/2024328.html,页面明确标注为排列五五位模拟试机号，属于互联网模拟数据，不是官方试机号。,是,200,是,
3D之家/3d178,福彩3D,2024328,2024-12-07,306,153,,https://www.3d178.cn/kaijiang/2024/2024328.shtml,3D之家页面所列试机号；与彩宝网口径可能不同，原样独立保留。,否,200,是,
彩宝网/8200,福彩3D,2024328,2024-12-07,306,169,126,https://www.8200.cn/kjh/3d/2024328.htm,福彩3D页面口径：同时列出开机号与试机号。,否,200,是,
彩宝网/8200,排列三,2024329,2024-12-08,147,932,,https://www.8200.cn/kjh/p3/2024329.htm,排列三页面所列三位试机号；排列三与排列五共用同一期体彩摇奖流程。,否,200,是,
一定牛/ydniu,排列五,2024329,2024-12-08,14780,87055,,https://m.ydniu.com/kaijiang/pl5/sjh/2024329.html,页面明确标注为排列五五位模拟试机号，属于互联网模拟数据，不是官方试机号。,是,200,是,
3D之家/3d178,福彩3D,2024329,2024-12-08,910,722,,https://www.3d178.cn/kaijiang/2024/2024329.shtml,3D之家页面所列试机号；与彩宝网口径可能不同，原样独立保留。,否,200,是,
彩宝网/8200,福彩3D,2024329,2024-12-08,910,418,862,https://www.8200.cn/kjh/3d/2024329.htm,福彩3D页面口径：同时列出开机号与试机号。,否,200,是,
彩宝网/8200,排列三,2024330,2024-12-09,811,057,,https://www.8200.cn/kjh/p3/2024330.htm,排列三页面所列三位试机号；排列三与排列五共用同一期体彩摇奖流程。,否,200,是,
一定牛/ydniu,排列五,2024330,2024-12-09,81136,10426,,https://m.ydniu.com/kaijiang/pl5/sjh/2024330.html,页面明确标注为排列五五位模拟试机号，属于互联网模拟数据，不是官方试机号。,是,200,是,
3D之家/3d178,福彩3D,2024330,2024-12-09,167,666,,https://www.3d178.cn/kaijiang/2024/2024330.shtml,3D之家页面所列试机号；与彩宝网口径可能不同，原样独立保留。,否,200,是,
彩宝网/8200,福彩3D,2024330,2024-12-09,167,962,235,https://www.8200.cn/kjh/3d/2024330.htm,福彩3D页面口径：同时列出开机号与试机号。,否,200,是,
彩宝网/8200,排列三,2024331,2024-12-10,712,267,,https://www.8200.cn/kjh/p3/2024331.htm,排列三页面所列三位试机号；排列三与排列五共用同一期体彩摇奖流程。,否,200,是,
一定牛/ydniu,排列五,2024331,2024-12-10,71227,82088,,https://m.ydniu.com/kaijiang/pl5/sjh/2024331.html,页面明确标注为排列五五位模拟试机号，属于互联网模拟数据，不是官方试机号。,是,200,是,
3D之家/3d178,福彩3D,2024331,2024-12-10,964,973,,https://www.3d178.cn/kaijiang/2024/2024331.shtml,3D之家页面所列试机号；与彩宝网口径可能不同，原样独立保留。,否,200,是,
彩宝网/8200,福彩3D,2024331,2024-12-10,964,539,649,https://www.8200.cn/kjh/3d/2024331.htm,福彩3D页面口径：同时列出开机号与试机号。,否,200,是,
彩宝网/8200,排列三,2024332,2024-12-11,679,490,,https://www.8200.cn/kjh/p3/2024332.htm,排列三页面所列三位试机号；排列三与排列五共用同一期体彩摇奖流程。,否,200,是,
一定牛/ydniu,排列五,2024332,2024-12-11,67957,77484,,https://m.ydniu.com/kaijiang/pl5/sjh/2024332.html,页面明确标注为排列五五位模拟试机号，属于互联网模拟数据，不是官方试机号。,是,200,是,
3D之家/3d178,福彩3D,2024332,2024-12-11,765,505,,https://www.3d178.cn/kaijiang/2024/2024332.shtml,3D之家页面所列试机号；与彩宝网口径可能不同，原样独立保留。,否,200,是,
彩宝网/8200,福彩3D,2024332,2024-12-11,765,768,539,https://www.8200.cn/kjh/3d/2024332.htm,福彩3D页面口径：同时列出开机号与试机号。,否,200,是,
彩宝网/8200,排列三,2024333,2024-12-12,848,762,,https://www.8200.cn/kjh/p3/2024333.htm,排列三页面所列三位试机号；排列三与排列五共用同一期体彩摇奖流程。,否,200,是,
一定牛/ydniu,排列五,2024333,2024-12-12,84859,54479,,https://m.ydniu.com/kaijiang/pl5/sjh/2024333.html,页面明确标注为排列五五位模拟试机号，属于互联网模拟数据，不是官方试机号。,是,200,是,
3D之家/3d178,福彩3D,2024333,2024-12-12,951,757,,https://www.3d178.cn/kaijiang/2024/2024333.shtml,3D之家页面所列试机号；与彩宝网口径可能不同，原样独立保留。,否,200,是,
彩宝网/8200,福彩3D,2024333,2024-12-12,951,257,839,https://www.8200.cn/kjh/3d/2024333.htm,福彩3D页面口径：同时列出开机号与试机号。,否,200,是,
彩宝网/8200,排列三,2024334,2024-12-13,746,105,,https://www.8200.cn/kjh/p3/2024334.htm,排列三页面所列三位试机号；排列三与排列五共用同一期体彩摇奖流程。,否,200,是,
一定牛/ydniu,排列五,2024334,2024-12-13,74681,14365,,https://m.ydniu.com/kaijiang/pl5/sjh/2024334.html,页面明确标注为排列五五位模拟试机号，属于互联网模拟数据，不是官方试机号。,是,200,是,
3D之家/3d178,福彩3D,2024334,2024-12-13,541,568,,https://www.3d178.cn/kaijiang/2024/2024334.shtml,3D之家页面所列试机号；与彩宝网口径可能不同，原样独立保留。,否,200,是,
彩宝网/8200,福彩3D,2024334,2024-12-13,541,612,918,https://www.8200.cn/kjh/3d/2024334.htm,福彩3D页面口径：同时列出开机号与试机号。,否,200,是,
彩宝网/8200,排列三,2024335,2024-12-14,499,985,,https://www.8200.cn/kjh/p3/2024335.htm,排列三页面所列三位试机号；排列三与排列五共用同一期体彩摇奖流程。,否,200,是,
一定牛/ydniu,排列五,2024335,2024-12-14,49906,66801,,https://m.ydniu.com/kaijiang/pl5/sjh/2024335.html,页面明确标注为排列五五位模拟试机号，属于互联网模拟数据，不是官方试机号。,是,200,是,
3D之家/3d178,福彩3D,2024335,2024-12-14,593,921,,https://www.3d178.cn/kaijiang/2024/2024335.shtml,3D之家页面所列试机号；与彩宝网口径可能不同，原样独立保留。,否,200,是,
彩宝网/8200,福彩3D,2024335,2024-12-14,593,454,458,https://www.8200.cn/kjh/3d/2024335.htm,福彩3D页面口径：同时列出开机号与试机号。,否,200,是,
彩宝网/8200,排列三,2024336,2024-12-15,249,973,,https://www.8200.cn/kjh/p3/2024336.htm,排列三页面所列三位试机号；排列三与排列五共用同一期体彩摇奖流程。,否,200,是,
一定牛/ydniu,排列五,2024336,2024-12-15,24967,70479,,https://m.ydniu.com/kaijiang/pl5/sjh/2024336.html,页面明确标注为排列五五位模拟试机号，属于互联网模拟数据，不是官方试机号。,是,200,是,
3D之家/3d178,福彩3D,2024336,2024-12-15,964,903,,https://www.3d178.cn/kaijiang/2024/2024336.shtml,3D之家页面所列试机号；与彩宝网口径可能不同，原样独立保留。,否,200,是,
彩宝网/8200,福彩3D,2024336,2024-12-15,964,037,840,https://www.8200.cn/kjh/3d/2024336.htm,福彩3D页面口径：同时列出开机号与试机号。,否,200,是,
彩宝网/8200,排列三,2024337,2024-12-16,172,826,,https://www.8200.cn/kjh/p3/2024337.htm,排列三页面所列三位试机号；排列三与排列五共用同一期体彩摇奖流程。,否,200,是,
一定牛/ydniu,排列五,2024337,2024-12-16,17254,35598,,https://m.ydniu.com/kaijiang/pl5/sjh/2024337.html,页面明确标注为排列五五位模拟试机号，属于互联网模拟数据，不是官方试机号。,是,200,是,
3D之家/3d178,福彩3D,2024337,2024-12-16,843,811,,https://www.3d178.cn/kaijiang/2024/2024337.shtml,3D之家页面所列试机号；与彩宝网口径可能不同，原样独立保留。,否,200,是,
彩宝网/8200,福彩3D,2024337,2024-12-16,843,325,059,https://www.8200.cn/kjh/3d/2024337.htm,福彩3D页面口径：同时列出开机号与试机号。,否,200,是,
彩宝网/8200,排列三,2024338,2024-12-17,155,807,,https://www.8200.cn/kjh/p3/2024338.htm,排列三页面所列三位试机号；排列三与排列五共用同一期体彩摇奖流程。,否,200,是,
一定牛/ydniu,排列五,2024338,2024-12-17,15551,08191,,https://m.ydniu.com/kaijiang/pl5/sjh/2024338.html,页面明确标注为排列五五位模拟试机号，属于互联网模拟数据，不是官方试机号。,是,200,是,
3D之家/3d178,福彩3D,2024338,2024-12-17,977,720,,https://www.3d178.cn/kaijiang/2024/2024338.shtml,3D之家页面所列试机号；与彩宝网口径可能不同，原样独立保留。,否,200,是,
彩宝网/8200,福彩3D,2024338,2024-12-17,977,716,308,https://www.8200.cn/kjh/3d/2024338.htm,福彩3D页面口径：同时列出开机号与试机号。,否,200,是,
彩宝网/8200,排列三,2024339,2024-12-18,918,325,,https://www.8200.cn/kjh/p3/2024339.htm,排列三页面所列三位试机号；排列三与排列五共用同一期体彩摇奖流程。,否,200,是,
一定牛/ydniu,排列五,2024339,2024-12-18,91863,35728,,https://m.ydniu.com/kaijiang/pl5/sjh/2024339.html,页面明确标注为排列五五位模拟试机号，属于互联网模拟数据，不是官方试机号。,是,200,是,
3D之家/3d178,福彩3D,2024339,2024-12-18,509,247,,https://www.3d178.cn/kaijiang/2024/2024339.shtml,3D之家页面所列试机号；与彩宝网口径可能不同，原样独立保留。,否,200,是,
彩宝网/8200,福彩3D,2024339,2024-12-18,509,273,610,https://www.8200.cn/kjh/3d/2024339.htm,福彩3D页面口径：同时列出开机号与试机号。,否,200,是,
彩宝网/8200,排列三,2024340,2024-12-19,031,703,,https://www.8200.cn/kjh/p3/2024340.htm,排列三页面所列三位试机号；排列三与排列五共用同一期体彩摇奖流程。,否,200,是,
一定牛/ydniu,排列五,2024340,2024-12-19,03172,39629,,https://m.ydniu.com/kaijiang/pl5/sjh/2024340.html,页面明确标注为排列五五位模拟试机号，属于互联网模拟数据，不是官方试机号。,是,200,是,
3D之家/3d178,福彩3D,2024340,2024-12-19,278,834,,https://www.3d178.cn/kaijiang/2024/2024340.shtml,3D之家页面所列试机号；与彩宝网口径可能不同，原样独立保留。,否,200,是,
彩宝网/8200,福彩3D,2024340,2024-12-19,278,139,971,https://www.8200.cn/kjh/3d/2024340.htm,福彩3D页面口径：同时列出开机号与试机号。,否,200,是,
彩宝网/8200,排列三,2024341,2024-12-20,653,204,,https://www.8200.cn/kjh/p3/2024341.htm,排列三页面所列三位试机号；排列三与排列五共用同一期体彩摇奖流程。,否,200,是,
一定牛/ydniu,排列五,2024341,2024-12-20,65343,61441,,https://m.ydniu.com/kaijiang/pl5/sjh/2024341.html,页面明确标注为排列五五位模拟试机号，属于互联网模拟数据，不是官方试机号。,是,200,是,
3D之家/3d178,福彩3D,2024341,2024-12-20,371,584,,https://www.3d178.cn/kaijiang/2024/2024341.shtml,3D之家页面所列试机号；与彩宝网口径可能不同，原样独立保留。,否,200,是,
彩宝网/8200,福彩3D,2024341,2024-12-20,371,594,708,https://www.8200.cn/kjh/3d/2024341.htm,福彩3D页面口径：同时列出开机号与试机号。,否,200,是,
彩宝网/8200,排列三,2024342,2024-12-21,084,120,,https://www.8200.cn/kjh/p3/2024342.htm,排列三页面所列三位试机号；排列三与排列五共用同一期体彩摇奖流程。,否,200,是,
一定牛/ydniu,排列五,2024342,2024-12-21,08483,17936,,https://m.ydniu.com/kaijiang/pl5/sjh/2024342.html,页面明确标注为排列五五位模拟试机号，属于互联网模拟数据，不是官方试机号。,是,200,是,
3D之家/3d178,福彩3D,2024342,2024-12-21,483,313,,https://www.3d178.cn/kaijiang/2024/2024342.shtml,3D之家页面所列试机号；与彩宝网口径可能不同，原样独立保留。,否,200,是,
彩宝网/8200,福彩3D,2024342,2024-12-21,483,738,342,https://www.8200.cn/kjh/3d/2024342.htm,福彩3D页面口径：同时列出开机号与试机号。,否,200,是,
彩宝网/8200,排列三,2024343,2024-12-22,481,697,,https://www.8200.cn/kjh/p3/2024343.htm,排列三页面所列三位试机号；排列三与排列五共用同一期体彩摇奖流程。,否,200,是,
一定牛/ydniu,排列五,2024343,2024-12-22,48115,81177,,https://m.ydniu.com/kaijiang/pl5/sjh/2024343.html,页面明确标注为排列五五位模拟试机号，属于互联网模拟数据，不是官方试机号。,是,200,是,
3D之家/3d178,福彩3D,2024343,2024-12-22,214,346,,https://www.3d178.cn/kaijiang/2024/2024343.shtml,3D之家页面所列试机号；与彩宝网口径可能不同，原样独立保留。,否,200,是,
彩宝网/8200,福彩3D,2024343,2024-12-22,214,542,632,https://www.8200.cn/kjh/3d/2024343.htm,福彩3D页面口径：同时列出开机号与试机号。,否,200,是,
彩宝网/8200,排列三,2024344,2024-12-23,546,801,,https://www.8200.cn/kjh/p3/2024344.htm,排列三页面所列三位试机号；排列三与排列五共用同一期体彩摇奖流程。,否,200,是,
一定牛/ydniu,排列五,2024344,2024-12-23,54613,44274,,https://m.ydniu.com/kaijiang/pl5/sjh/2024344.html,页面明确标注为排列五五位模拟试机号，属于互联网模拟数据，不是官方试机号。,是,200,是,
3D之家/3d178,福彩3D,2024344,2024-12-23,305,085,,https://www.3d178.cn/kaijiang/2024/2024344.shtml,3D之家页面所列试机号；与彩宝网口径可能不同，原样独立保留。,否,200,是,
彩宝网/8200,福彩3D,2024344,2024-12-23,305,568,132,https://www.8200.cn/kjh/3d/2024344.htm,福彩3D页面口径：同时列出开机号与试机号。,否,200,是,
彩宝网/8200,排列三,2024345,2024-12-24,620,712,,https://www.8200.cn/kjh/p3/2024345.htm,排列三页面所列三位试机号；排列三与排列五共用同一期体彩摇奖流程。,否,200,是,
一定牛/ydniu,排列五,2024345,2024-12-24,62030,76795,,https://m.ydniu.com/kaijiang/pl5/sjh/2024345.html,页面明确标注为排列五五位模拟试机号，属于互联网模拟数据，不是官方试机号。,是,200,是,
3D之家/3d178,福彩3D,2024345,2024-12-24,317,068,,https://www.3d178.cn/kaijiang/2024/2024345.shtml,3D之家页面所列试机号；与彩宝网口径可能不同，原样独立保留。,否,200,是,
彩宝网/8200,福彩3D,2024345,2024-12-24,317,408,103,https://www.8200.cn/kjh/3d/2024345.htm,福彩3D页面口径：同时列出开机号与试机号。,否,200,是,
彩宝网/8200,排列三,2024346,2024-12-25,677,510,,https://www.8200.cn/kjh/p3/2024346.htm,排列三页面所列三位试机号；排列三与排列五共用同一期体彩摇奖流程。,否,200,是,
一定牛/ydniu,排列五,2024346,2024-12-25,67722,21868,,https://m.ydniu.com/kaijiang/pl5/sjh/2024346.html,页面明确标注为排列五五位模拟试机号，属于互联网模拟数据，不是官方试机号。,是,200,是,
3D之家/3d178,福彩3D,2024346,2024-12-25,056,464,,https://www.3d178.cn/kaijiang/2024/2024346.shtml,3D之家页面所列试机号；与彩宝网口径可能不同，原样独立保留。,否,200,是,
彩宝网/8200,福彩3D,2024346,2024-12-25,056,143,645,https://www.8200.cn/kjh/3d/2024346.htm,福彩3D页面口径：同时列出开机号与试机号。,否,200,是,
彩宝网/8200,排列三,2024347,2024-12-26,893,413,,https://www.8200.cn/kjh/p3/2024347.htm,排列三页面所列三位试机号；排列三与排列五共用同一期体彩摇奖流程。,否,200,是,
一定牛/ydniu,排列五,2024347,2024-12-26,89343,54830,,https://m.ydniu.com/kaijiang/pl5/sjh/2024347.html,页面明确标注为排列五五位模拟试机号，属于互联网模拟数据，不是官方试机号。,是,200,是,
3D之家/3d178,福彩3D,2024347,2024-12-26,392,917,,https://www.3d178.cn/kaijiang/2024/2024347.shtml,3D之家页面所列试机号；与彩宝网口径可能不同，原样独立保留。,否,200,是,
彩宝网/8200,福彩3D,2024347,2024-12-26,392,638,306,https://www.8200.cn/kjh/3d/2024347.htm,福彩3D页面口径：同时列出开机号与试机号。,否,200,是,
彩宝网/8200,排列三,2024348,2024-12-27,192,358,,https://www.8200.cn/kjh/p3/2024348.htm,排列三页面所列三位试机号；排列三与排列五共用同一期体彩摇奖流程。,否,200,是,
一定牛/ydniu,排列五,2024348,2024-12-27,19209,68211,,https://m.ydniu.com/kaijiang/pl5/sjh/2024348.html,页面明确标注为排列五五位模拟试机号，属于互联网模拟数据，不是官方试机号。,是,200,是,
3D之家/3d178,福彩3D,2024348,2024-12-27,928,298,,https://www.3d178.cn/kaijiang/2024/2024348.shtml,3D之家页面所列试机号；与彩宝网口径可能不同，原样独立保留。,否,200,是,
彩宝网/8200,福彩3D,2024348,2024-12-27,928,591,876,https://www.8200.cn/kjh/3d/2024348.htm,福彩3D页面口径：同时列出开机号与试机号。,否,200,是,
彩宝网/8200,排列三,2024349,2024-12-28,907,926,,https://www.8200.cn/kjh/p3/2024349.htm,排列三页面所列三位试机号；排列三与排列五共用同一期体彩摇奖流程。,否,200,是,
一定牛/ydniu,排列五,2024349,2024-12-28,90732,79947,,https://m.ydniu.com/kaijiang/pl5/sjh/2024349.html,页面明确标注为排列五五位模拟试机号，属于互联网模拟数据，不是官方试机号。,是,200,是,
3D之家/3d178,福彩3D,2024349,2024-12-28,108,274,,https://www.3d178.cn/kaijiang/2024/2024349.shtml,3D之家页面所列试机号；与彩宝网口径可能不同，原样独立保留。,否,200,是,
彩宝网/8200,福彩3D,2024349,2024-12-28,108,146,851,https://www.8200.cn/kjh/3d/2024349.htm,福彩3D页面口径：同时列出开机号与试机号。,否,200,是,
彩宝网/8200,排列三,2024350,2024-12-29,220,328,,https://www.8200.cn/kjh/p3/2024350.htm,排列三页面所列三位试机号；排列三与排列五共用同一期体彩摇奖流程。,否,200,是,
一定牛/ydniu,排列五,2024350,2024-12-29,22042,09665,,https://m.ydniu.com/kaijiang/pl5/sjh/2024350.html,页面明确标注为排列五五位模拟试机号，属于互联网模拟数据，不是官方试机号。,是,200,是,
3D之家/3d178,福彩3D,2024350,2024-12-29,672,149,,https://www.3d178.cn/kaijiang/2024/2024350.shtml,3D之家页面所列试机号；与彩宝网口径可能不同，原样独立保留。,否,200,是,
彩宝网/8200,福彩3D,2024350,2024-12-29,672,975,875,https://www.8200.cn/kjh/3d/2024350.htm,福彩3D页面口径：同时列出开机号与试机号。,否,200,是,
彩宝网/8200,排列三,2024351,2024-12-30,788,173,,https://www.8200.cn/kjh/p3/2024351.htm,排列三页面所列三位试机号；排列三与排列五共用同一期体彩摇奖流程。,否,200,是,
一定牛/ydniu,排列五,2024351,2024-12-30,78888,97065,,https://m.ydniu.com/kaijiang/pl5/sjh/2024351.html,页面明确标注为排列五五位模拟试机号，属于互联网模拟数据，不是官方试机号。,是,200,是,
3D之家/3d178,福彩3D,2024351,2024-12-30,657,658,,https://www.3d178.cn/kaijiang/2024/2024351.shtml,3D之家页面所列试机号；与彩宝网口径可能不同，原样独立保留。,否,200,是,
彩宝网/8200,福彩3D,2024351,2024-12-30,657,671,983,https://www.8200.cn/kjh/3d/2024351.htm,福彩3D页面口径：同时列出开机号与试机号。,否,200,是,
彩宝网/8200,排列三,2024352,2024-12-31,691,813,,https://www.8200.cn/kjh/p3/2024352.htm,排列三页面所列三位试机号；排列三与排列五共用同一期体彩摇奖流程。,否,200,是,
一定牛/ydniu,排列五,2024352,2024-12-31,69189,00966,,https://m.ydniu.com/kaijiang/pl5/sjh/2024352.html,页面明确标注为排列五五位模拟试机号，属于互联网模拟数据，不是官方试机号。,是,200,是,
3D之家/3d178,福彩3D,2024352,2024-12-31,292,226,,https://www.3d178.cn/kaijiang/2024/2024352.shtml,3D之家页面所列试机号；与彩宝网口径可能不同，原样独立保留。,否,200,是,
彩宝网/8200,福彩3D,2024352,2024-12-31,292,735,769,https://www.8200.cn/kjh/3d/2024352.htm,福彩3D页面口径：同时列出开机号与试机号。,否,200,是,
彩宝网/8200,排列三,2024353,,,,,https://www.8200.cn/kjh/p3/2024353.htm,排列三页面所列三位试机号；排列三与排列五共用同一期体彩摇奖流程。,否,200,否,页面未包含目标期号
一定牛/ydniu,排列五,2024353,2026-08-13,92738,45103,,https://m.ydniu.com/kaijiang/pl5/sjh/2024353.html,页面明确标注为排列五五位模拟试机号，属于互联网模拟数据，不是官方试机号。,是,200,是,
3D之家/3d178,福彩3D,2024353,,,,,https://www.3d178.cn/kaijiang/2024/2024353.shtml,3D之家页面所列试机号；与彩宝网口径可能不同，原样独立保留。,否,404,否,页面未包含目标期号
彩宝网/8200,福彩3D,2024353,,,,,https://www.8200.cn/kjh/3d/2024353.htm,福彩3D页面口径：同时列出开机号与试机号。,否,200,否,页面未包含目标期号
彩宝网/8200,排列三,2024354,,,,,https://www.8200.cn/kjh/p3/2024354.htm,排列三页面所列三位试机号；排列三与排列五共用同一期体彩摇奖流程。,否,200,否,页面未包含目标期号
一定牛/ydniu,排列五,2024354,2026-08-13,92738,45103,,https://m.ydniu.com/kaijiang/pl5/sjh/2024354.html,页面明确标注为排列五五位模拟试机号，属于互联网模拟数据，不是官方试机号。,是,200,是,
3D之家/3d178,福彩3D,2024354,,,,,https://www.3d178.cn/kaijiang/2024/2024354.shtml,3D之家页面所列试机号；与彩宝网口径可能不同，原样独立保留。,否,404,否,页面未包含目标期号
彩宝网/8200,福彩3D,2024354,,,,,https://www.8200.cn/kjh/3d/2024354.htm,福彩3D页面口径：同时列出开机号与试机号。,否,200,否,页面未包含目标期号
彩宝网/8200,排列三,2024355,,,,,https://www.8200.cn/kjh/p3/2024355.htm,排列三页面所列三位试机号；排列三与排列五共用同一期体彩摇奖流程。,否,200,否,页面未包含目标期号
一定牛/ydniu,排列五,2024355,2026-08-13,92738,45103,,https://m.ydniu.com/kaijiang/pl5/sjh/2024355.html,页面明确标注为排列五五位模拟试机号，属于互联网模拟数据，不是官方试机号。,是,200,是,
3D之家/3d178,福彩3D,2024355,,,,,https://www.3d178.cn/kaijiang/2024/2024355.shtml,3D之家页面所列试机号；与彩宝网口径可能不同，原样独立保留。,否,404,否,页面未包含目标期号
彩宝网/8200,福彩3D,2024355,,,,,https://www.8200.cn/kjh/3d/2024355.htm,福彩3D页面口径：同时列出开机号与试机号。,否,200,否,页面未包含目标期号
彩宝网/8200,排列三,2024356,,,,,https://www.8200.cn/kjh/p3/2024356.htm,排列三页面所列三位试机号；排列三与排列五共用同一期体彩摇奖流程。,否,200,否,页面未包含目标期号
一定牛/ydniu,排列五,2024356,2026-08-13,92738,45103,,https://m.ydniu.com/kaijiang/pl5/sjh/2024356.html,页面明确标注为排列五五位模拟试机号，属于互联网模拟数据，不是官方试机号。,是,200,是,
3D之家/3d178,福彩3D,2024356,,,,,https://www.3d178.cn/kaijiang/2024/2024356.shtml,3D之家页面所列试机号；与彩宝网口径可能不同，原样独立保留。,否,404,否,页面未包含目标期号
彩宝网/8200,福彩3D,2024356,,,,,https://www.8200.cn/kjh/3d/2024356.htm,福彩3D页面口径：同时列出开机号与试机号。,否,200,否,页面未包含目标期号
彩宝网/8200,排列三,2024357,,,,,https://www.8200.cn/kjh/p3/2024357.htm,排列三页面所列三位试机号；排列三与排列五共用同一期体彩摇奖流程。,否,200,否,页面未包含目标期号
一定牛/ydniu,排列五,2024357,2026-08-13,92738,45103,,https://m.ydniu.com/kaijiang/pl5/sjh/2024357.html,页面明确标注为排列五五位模拟试机号，属于互联网模拟数据，不是官方试机号。,是,200,是,
3D之家/3d178,福彩3D,2024357,,,,,https://www.3d178.cn/kaijiang/2024/2024357.shtml,3D之家页面所列试机号；与彩宝网口径可能不同，原样独立保留。,否,404,否,页面未包含目标期号
彩宝网/8200,福彩3D,2024357,,,,,https://www.8200.cn/kjh/3d/2024357.htm,福彩3D页面口径：同时列出开机号与试机号。,否,200,否,页面未包含目标期号
彩宝网/8200,排列三,2024358,,,,,https://www.8200.cn/kjh/p3/2024358.htm,排列三页面所列三位试机号；排列三与排列五共用同一期体彩摇奖流程。,否,200,否,页面未包含目标期号
一定牛/ydniu,排列五,2024358,2026-08-13,92738,45103,,https://m.ydniu.com/kaijiang/pl5/sjh/2024358.html,页面明确标注为排列五五位模拟试机号，属于互联网模拟数据，不是官方试机号。,是,200,是,
3D之家/3d178,福彩3D,2024358,,,,,https://www.3d178.cn/kaijiang/2024/2024358.shtml,3D之家页面所列试机号；与彩宝网口径可能不同，原样独立保留。,否,404,否,页面未包含目标期号
彩宝网/8200,福彩3D,2024358,,,,,https://www.8200.cn/kjh/3d/2024358.htm,福彩3D页面口径：同时列出开机号与试机号。,否,200,否,页面未包含目标期号
彩宝网/8200,排列三,2024359,,,,,https://www.8200.cn/kjh/p3/2024359.htm,排列三页面所列三位试机号；排列三与排列五共用同一期体彩摇奖流程。,否,200,否,页面未包含目标期号
一定牛/ydniu,排列五,2024359,2026-08-13,92738,45103,,https://m.ydniu.com/kaijiang/pl5/sjh/2024359.html,页面明确标注为排列五五位模拟试机号，属于互联网模拟数据，不是官方试机号。,是,200,是,
3D之家/3d178,福彩3D,2024359,,,,,https://www.3d178.cn/kaijiang/2024/2024359.shtml,3D之家页面所列试机号；与彩宝网口径可能不同，原样独立保留。,否,404,否,页面未包含目标期号
彩宝网/8200,福彩3D,2024359,,,,,https://www.8200.cn/kjh/3d/2024359.htm,福彩3D页面口径：同时列出开机号与试机号。,否,200,否,页面未包含目标期号
彩宝网/8200,排列三,2024360,,,,,https://www.8200.cn/kjh/p3/2024360.htm,排列三页面所列三位试机号；排列三与排列五共用同一期体彩摇奖流程。,否,200,否,页面未包含目标期号
一定牛/ydniu,排列五,2024360,2026-08-13,92738,45103,,https://m.ydniu.com/kaijiang/pl5/sjh/2024360.html,页面明确标注为排列五五位模拟试机号，属于互联网模拟数据，不是官方试机号。,是,200,是,
3D之家/3d178,福彩3D,2024360,,,,,https://www.3d178.cn/kaijiang/2024/2024360.shtml,3D之家页面所列试机号；与彩宝网口径可能不同，原样独立保留。,否,404,否,页面未包含目标期号
彩宝网/8200,福彩3D,2024360,,,,,https://www.8200.cn/kjh/3d/2024360.htm,福彩3D页面口径：同时列出开机号与试机号。,否,200,否,页面未包含目标期号
彩宝网/8200,排列三,2024361,,,,,https://www.8200.cn/kjh/p3/2024361.htm,排列三页面所列三位试机号；排列三与排列五共用同一期体彩摇奖流程。,否,200,否,页面未包含目标期号
一定牛/ydniu,排列五,2024361,2026-08-13,92738,45103,,https://m.ydniu.com/kaijiang/pl5/sjh/2024361.html,页面明确标注为排列五五位模拟试机号，属于互联网模拟数据，不是官方试机号。,是,200,是,
3D之家/3d178,福彩3D,2024361,,,,,https://www.3d178.cn/kaijiang/2024/2024361.shtml,3D之家页面所列试机号；与彩宝网口径可能不同，原样独立保留。,否,404,否,页面未包含目标期号
彩宝网/8200,福彩3D,2024361,,,,,https://www.8200.cn/kjh/3d/2024361.htm,福彩3D页面口径：同时列出开机号与试机号。,否,200,否,页面未包含目标期号
彩宝网/8200,排列三,2024362,,,,,https://www.8200.cn/kjh/p3/2024362.htm,排列三页面所列三位试机号；排列三与排列五共用同一期体彩摇奖流程。,否,200,否,页面未包含目标期号
一定牛/ydniu,排列五,2024362,2026-08-13,92738,45103,,https://m.ydniu.com/kaijiang/pl5/sjh/2024362.html,页面明确标注为排列五五位模拟试机号，属于互联网模拟数据，不是官方试机号。,是,200,是,
3D之家/3d178,福彩3D,2024362,,,,,https://www.3d178.cn/kaijiang/2024/2024362.shtml,3D之家页面所列试机号；与彩宝网口径可能不同，原样独立保留。,否,404,否,页面未包含目标期号
彩宝网/8200,福彩3D,2024362,,,,,https://www.8200.cn/kjh/3d/2024362.htm,福彩3D页面口径：同时列出开机号与试机号。,否,200,否,页面未包含目标期号
彩宝网/8200,排列三,2024363,,,,,https://www.8200.cn/kjh/p3/2024363.htm,排列三页面所列三位试机号；排列三与排列五共用同一期体彩摇奖流程。,否,200,否,页面未包含目标期号
一定牛/ydniu,排列五,2024363,2026-08-13,92738,45103,,https://m.ydniu.com/kaijiang/pl5/sjh/2024363.html,页面明确标注为排列五五位模拟试机号，属于互联网模拟数据，不是官方试机号。,是,200,是,
3D之家/3d178,福彩3D,2024363,,,,,https://www.3d178.cn/kaijiang/2024/2024363.shtml,3D之家页面所列试机号；与彩宝网口径可能不同，原样独立保留。,否,404,否,页面未包含目标期号
彩宝网/8200,福彩3D,2024363,,,,,https://www.8200.cn/kjh/3d/2024363.htm,福彩3D页面口径：同时列出开机号与试机号。,否,200,否,页面未包含目标期号
彩宝网/8200,排列三,2024364,,,,,https://www.8200.cn/kjh/p3/2024364.htm,排列三页面所列三位试机号；排列三与排列五共用同一期体彩摇奖流程。,否,200,否,页面未包含目标期号
一定牛/ydniu,排列五,2024364,2026-08-13,92738,45103,,https://m.ydniu.com/kaijiang/pl5/sjh/2024364.html,页面明确标注为排列五五位模拟试机号，属于互联网模拟数据，不是官方试机号。,是,200,是,
3D之家/3d178,福彩3D,2024364,,,,,https://www.3d178.cn/kaijiang/2024/2024364.shtml,3D之家页面所列试机号；与彩宝网口径可能不同，原样独立保留。,否,404,否,页面未包含目标期号
彩宝网/8200,福彩3D,2024364,,,,,https://www.8200.cn/kjh/3d/2024364.htm,福彩3D页面口径：同时列出开机号与试机号。,否,200,否,页面未包含目标期号
彩宝网/8200,排列三,2024365,,,,,https://www.8200.cn/kjh/p3/2024365.htm,排列三页面所列三位试机号；排列三与排列五共用同一期体彩摇奖流程。,否,200,否,页面未包含目标期号
一定牛/ydniu,排列五,2024365,2026-08-13,92738,45103,,https://m.ydniu.com/kaijiang/pl5/sjh/2024365.html,页面明确标注为排列五五位模拟试机号，属于互联网模拟数据，不是官方试机号。,是,200,是,
3D之家/3d178,福彩3D,2024365,,,,,https://www.3d178.cn/kaijiang/2024/2024365.shtml,3D之家页面所列试机号；与彩宝网口径可能不同，原样独立保留。,否,404,否,页面未包含目标期号
彩宝网/8200,福彩3D,2024365,,,,,https://www.8200.cn/kjh/3d/2024365.htm,福彩3D页面口径：同时列出开机号与试机号。,否,200,否,页面未包含目标期号
彩宝网/8200,排列三,2024366,,,,,https://www.8200.cn/kjh/p3/2024366.htm,排列三页面所列三位试机号；排列三与排列五共用同一期体彩摇奖流程。,否,200,否,页面未包含目标期号
一定牛/ydniu,排列五,2024366,2026-08-13,92738,45103,,https://m.ydniu.com/kaijiang/pl5/sjh/2024366.html,页面明确标注为排列五五位模拟试机号，属于互联网模拟数据，不是官方试机号。,是,200,是,
3D之家/3d178,福彩3D,2024366,,,,,https://www.3d178.cn/kaijiang/2024/2024366.shtml,3D之家页面所列试机号；与彩宝网口径可能不同，原样独立保留。,否,404,否,页面未包含目标期号
彩宝网/8200,福彩3D,2024366,,,,,https://www.8200.cn/kjh/3d/2024366.htm,福彩3D页面口径：同时列出开机号与试机号。,否,200,否,页面未包含目标期号
彩宝网/8200,排列三,2025001,2025-01-01,123,513,,https://www.8200.cn/kjh/p3/2025001.htm,排列三页面所列三位试机号；排列三与排列五共用同一期体彩摇奖流程。,否,200,是,
一定牛/ydniu,排列五,2025001,2025-01-01,12336,80628,,https://m.ydniu.com/kaijiang/pl5/sjh/2025001.html,页面明确标注为排列五五位模拟试机号，属于互联网模拟数据，不是官方试机号。,是,200,是,
3D之家/3d178,福彩3D,2025001,2025-01-01,703,971,,https://www.3d178.cn/kaijiang/2025/2025001.shtml,3D之家页面所列试机号；与彩宝网口径可能不同，原样独立保留。,否,200,是,
彩宝网/8200,福彩3D,2025001,2025-01-01,703,068,315,https://www.8200.cn/kjh/3d/2025001.htm,福彩3D页面口径：同时列出开机号与试机号。,否,200,是,
彩宝网/8200,排列三,2025002,2025-01-02,900,341,,https://www.8200.cn/kjh/p3/2025002.htm,排列三页面所列三位试机号；排列三与排列五共用同一期体彩摇奖流程。,否,200,是,
一定牛/ydniu,排列五,2025002,2025-01-02,90069,01147,,https://m.ydniu.com/kaijiang/pl5/sjh/2025002.html,页面明确标注为排列五五位模拟试机号，属于互联网模拟数据，不是官方试机号。,是,200,是,
3D之家/3d178,福彩3D,2025002,2025-01-02,916,438,,https://www.3d178.cn/kaijiang/2025/2025002.shtml,3D之家页面所列试机号；与彩宝网口径可能不同，原样独立保留。,否,200,是,
彩宝网/8200,福彩3D,2025002,2025-01-02,916,421,206,https://www.8200.cn/kjh/3d/2025002.htm,福彩3D页面口径：同时列出开机号与试机号。,否,200,是,
彩宝网/8200,排列三,2025003,2025-01-03,168,560,,https://www.8200.cn/kjh/p3/2025003.htm,排列三页面所列三位试机号；排列三与排列五共用同一期体彩摇奖流程。,否,200,是,
一定牛/ydniu,排列五,2025003,2025-01-03,16844,27731,,https://m.ydniu.com/kaijiang/pl5/sjh/2025003.html,页面明确标注为排列五五位模拟试机号，属于互联网模拟数据，不是官方试机号。,是,200,是,
3D之家/3d178,福彩3D,2025003,2025-01-03,214,042,,https://www.3d178.cn/kaijiang/2025/2025003.shtml,3D之家页面所列试机号；与彩宝网口径可能不同，原样独立保留。,否,200,是,
彩宝网/8200,福彩3D,2025003,2025-01-03,214,568,194,https://www.8200.cn/kjh/3d/2025003.htm,福彩3D页面口径：同时列出开机号与试机号。,否,200,是,
彩宝网/8200,排列三,2025004,2025-01-04,351,927,,https://www.8200.cn/kjh/p3/2025004.htm,排列三页面所列三位试机号；排列三与排列五共用同一期体彩摇奖流程。,否,200,是,
一定牛/ydniu,排列五,2025004,2025-01-04,35188,94850,,https://m.ydniu.com/kaijiang/pl5/sjh/2025004.html,页面明确标注为排列五五位模拟试机号，属于互联网模拟数据，不是官方试机号。,是,200,是,
3D之家/3d178,福彩3D,2025004,2025-01-04,634,278,,https://www.3d178.cn/kaijiang/2025/2025004.shtml,3D之家页面所列试机号；与彩宝网口径可能不同，原样独立保留。,否,200,是,
彩宝网/8200,福彩3D,2025004,2025-01-04,634,925,810,https://www.8200.cn/kjh/3d/2025004.htm,福彩3D页面口径：同时列出开机号与试机号。,否,200,是,
彩宝网/8200,排列三,2025005,2025-01-05,617,726,,https://www.8200.cn/kjh/p3/2025005.htm,排列三页面所列三位试机号；排列三与排列五共用同一期体彩摇奖流程。,否,200,是,
一定牛/ydniu,排列五,2025005,2025-01-05,61778,40210,,https://m.ydniu.com/kaijiang/pl5/sjh/2025005.html,页面明确标注为排列五五位模拟试机号，属于互联网模拟数据，不是官方试机号。,是,200,是,
3D之家/3d178,福彩3D,2025005,2025-01-05,085,488,,https://www.3d178.cn/kaijiang/2025/2025005.shtml,3D之家页面所列试机号；与彩宝网口径可能不同，原样独立保留。,否,200,是,
彩宝网/8200,福彩3D,2025005,2025-01-05,085,892,850,https://www.8200.cn/kjh/3d/2025005.htm,福彩3D页面口径：同时列出开机号与试机号。,否,200,是,
彩宝网/8200,排列三,2025006,2025-01-06,656,432,,https://www.8200.cn/kjh/p3/2025006.htm,排列三页面所列三位试机号；排列三与排列五共用同一期体彩摇奖流程。,否,200,是,
一定牛/ydniu,排列五,2025006,2025-01-06,65693,26896,,https://m.ydniu.com/kaijiang/pl5/sjh/2025006.html,页面明确标注为排列五五位模拟试机号，属于互联网模拟数据，不是官方试机号。,是,200,是,
3D之家/3d178,福彩3D,2025006,2025-01-06,898,554,,https://www.3d178.cn/kaijiang/2025/2025006.shtml,3D之家页面所列试机号；与彩宝网口径可能不同，原样独立保留。,否,200,是,
彩宝网/8200,福彩3D,2025006,2025-01-06,898,238,569,https://www.8200.cn/kjh/3d/2025006.htm,福彩3D页面口径：同时列出开机号与试机号。,否,200,是,
彩宝网/8200,排列三,2025007,2025-01-07,362,826,,https://www.8200.cn/kjh/p3/2025007.htm,排列三页面所列三位试机号；排列三与排列五共用同一期体彩摇奖流程。,否,200,是,
一定牛/ydniu,排列五,2025007,2025-01-07,36213,10302,,https://m.ydniu.com/kaijiang/pl5/sjh/2025007.html,页面明确标注为排列五五位模拟试机号，属于互联网模拟数据，不是官方试机号。,是,200,是,
3D之家/3d178,福彩3D,2025007,2025-01-07,141,819,,https://www.3d178.cn/kaijiang/2025/2025007.shtml,3D之家页面所列试机号；与彩宝网口径可能不同，原样独立保留。,否,200,是,
彩宝网/8200,福彩3D,2025007,2025-01-07,141,354,560,https://www.8200.cn/kjh/3d/2025007.htm,福彩3D页面口径：同时列出开机号与试机号。,否,200,是,
彩宝网/8200,排列三,2025008,2025-01-08,128,325,,https://www.8200.cn/kjh/p3/2025008.htm,排列三页面所列三位试机号；排列三与排列五共用同一期体彩摇奖流程。,否,200,是,
一定牛/ydniu,排列五,2025008,2025-01-08,12809,68253,,https://m.ydniu.com/kaijiang/pl5/sjh/2025008.html,页面明确标注为排列五五位模拟试机号，属于互联网模拟数据，不是官方试机号。,是,200,是,
3D之家/3d178,福彩3D,2025008,2025-01-08,260,679,,https://www.3d178.cn/kaijiang/2025/2025008.shtml,3D之家页面所列试机号；与彩宝网口径可能不同，原样独立保留。,否,200,是,
彩宝网/8200,福彩3D,2025008,2025-01-08,260,702,265,https://www.8200.cn/kjh/3d/2025008.htm,福彩3D页面口径：同时列出开机号与试机号。,否,200,是,
彩宝网/8200,排列三,2025009,2025-01-09,806,510,,https://www.8200.cn/kjh/p3/2025009.htm,排列三页面所列三位试机号；排列三与排列五共用同一期体彩摇奖流程。,否,200,是,
一定牛/ydniu,排列五,2025009,2025-01-09,80602,29734,,https://m.ydniu.com/kaijiang/pl5/sjh/2025009.html,页面明确标注为排列五五位模拟试机号，属于互联网模拟数据，不是官方试机号。,是,200,是,
3D之家/3d178,福彩3D,2025009,2025-01-09,416,365,,https://www.3d178.cn/kaijiang/2025/2025009.shtml,3D之家页面所列试机号；与彩宝网口径可能不同，原样独立保留。,否,200,是,
彩宝网/8200,福彩3D,2025009,2025-01-09,416,152,147,https://www.8200.cn/kjh/3d/2025009.htm,福彩3D页面口径：同时列出开机号与试机号。,否,200,是,
彩宝网/8200,排列三,2025010,2025-01-10,143,648,,https://www.8200.cn/kjh/p3/2025010.htm,排列三页面所列三位试机号；排列三与排列五共用同一期体彩摇奖流程。,否,200,是,
一定牛/ydniu,排列五,2025010,2025-01-10,14323,63882,,https://m.ydniu.com/kaijiang/pl5/sjh/2025010.html,页面明确标注为排列五五位模拟试机号，属于互联网模拟数据，不是官方试机号。,是,200,是,
3D之家/3d178,福彩3D,2025010,2025-01-10,333,901,,https://www.3d178.cn/kaijiang/2025/2025010.shtml,3D之家页面所列试机号；与彩宝网口径可能不同，原样独立保留。,否,200,是,
彩宝网/8200,福彩3D,2025010,2025-01-10,333,738,219,https://www.8200.cn/kjh/3d/2025010.htm,福彩3D页面口径：同时列出开机号与试机号。,否,200,是,
彩宝网/8200,排列三,2025011,2025-01-11,027,239,,https://www.8200.cn/kjh/p3/2025011.htm,排列三页面所列三位试机号；排列三与排列五共用同一期体彩摇奖流程。,否,200,是,
一定牛/ydniu,排列五,2025011,2025-01-11,02749,07146,,https://m.ydniu.com/kaijiang/pl5/sjh/2025011.html,页面明确标注为排列五五位模拟试机号，属于互联网模拟数据，不是官方试机号。,是,200,是,
3D之家/3d178,福彩3D,2025011,2025-01-11,518,369,,https://www.3d178.cn/kaijiang/2025/2025011.shtml,3D之家页面所列试机号；与彩宝网口径可能不同，原样独立保留。,否,200,是,
彩宝网/8200,福彩3D,2025011,2025-01-11,518,569,321,https://www.8200.cn/kjh/3d/2025011.htm,福彩3D页面口径：同时列出开机号与试机号。,否,200,是,
彩宝网/8200,排列三,2025012,2025-01-12,471,807,,https://www.8200.cn/kjh/p3/2025012.htm,排列三页面所列三位试机号；排列三与排列五共用同一期体彩摇奖流程。,否,200,是,
一定牛/ydniu,排列五,2025012,2025-01-12,47168,97106,,https://m.ydniu.com/kaijiang/pl5/sjh/2025012.html,页面明确标注为排列五五位模拟试机号，属于互联网模拟数据，不是官方试机号。,是,200,是,
3D之家/3d178,福彩3D,2025012,2025-01-12,487,786,,https://www.3d178.cn/kaijiang/2025/2025012.shtml,3D之家页面所列试机号；与彩宝网口径可能不同，原样独立保留。,否,200,是,
彩宝网/8200,福彩3D,2025012,2025-01-12,487,467,379,https://www.8200.cn/kjh/3d/2025012.htm,福彩3D页面口径：同时列出开机号与试机号。,否,200,是,
彩宝网/8200,排列三,2025013,2025-01-13,978,439,,https://www.8200.cn/kjh/p3/2025013.htm,排列三页面所列三位试机号；排列三与排列五共用同一期体彩摇奖流程。,否,200,是,
一定牛/ydniu,排列五,2025013,2025-01-13,97806,05259,,https://m.ydniu.com/kaijiang/pl5/sjh/2025013.html,页面明确标注为排列五五位模拟试机号，属于互联网模拟数据，不是官方试机号。,是,200,是,
3D之家/3d178,福彩3D,2025013,2025-01-13,606,642,,https://www.3d178.cn/kaijiang/2025/2025013.shtml,3D之家页面所列试机号；与彩宝网口径可能不同，原样独立保留。,否,200,是,
彩宝网/8200,福彩3D,2025013,2025-01-13,606,325,085,https://www.8200.cn/kjh/3d/2025013.htm,福彩3D页面口径：同时列出开机号与试机号。,否,200,是,
彩宝网/8200,排列三,2025014,2025-01-14,508,159,,https://www.8200.cn/kjh/p3/2025014.htm,排列三页面所列三位试机号；排列三与排列五共用同一期体彩摇奖流程。,否,200,是,
一定牛/ydniu,排列五,2025014,2025-01-14,50878,97308,,https://m.ydniu.com/kaijiang/pl5/sjh/2025014.html,页面明确标注为排列五五位模拟试机号，属于互联网模拟数据，不是官方试机号。,是,200,是,
3D之家/3d178,福彩3D,2025014,2025-01-14,679,214,,https://www.3d178.cn/kaijiang/2025/2025014.shtml,3D之家页面所列试机号；与彩宝网口径可能不同，原样独立保留。,否,200,是,
彩宝网/8200,福彩3D,2025014,2025-01-14,679,926,204,https://www.8200.cn/kjh/3d/2025014.htm,福彩3D页面口径：同时列出开机号与试机号。,否,200,是,
彩宝网/8200,排列三,2025015,2025-01-15,398,239,,https://www.8200.cn/kjh/p3/2025015.htm,排列三页面所列三位试机号；排列三与排列五共用同一期体彩摇奖流程。,否,200,是,
一定牛/ydniu,排列五,2025015,2025-01-15,39878,74976,,https://m.ydniu.com/kaijiang/pl5/sjh/2025015.html,页面明确标注为排列五五位模拟试机号，属于互联网模拟数据，不是官方试机号。,是,200,是,
3D之家/3d178,福彩3D,2025015,2025-01-15,942,427,,https://www.3d178.cn/kaijiang/2025/2025015.shtml,3D之家页面所列试机号；与彩宝网口径可能不同，原样独立保留。,否,200,是,
彩宝网/8200,福彩3D,2025015,2025-01-15,942,146,302,https://www.8200.cn/kjh/3d/2025015.htm,福彩3D页面口径：同时列出开机号与试机号。,否,200,是,
彩宝网/8200,排列三,2025016,2025-01-16,963,549,,https://www.8200.cn/kjh/p3/2025016.htm,排列三页面所列三位试机号；排列三与排列五共用同一期体彩摇奖流程。,否,200,是,
一定牛/ydniu,排列五,2025016,2025-01-16,96352,11900,,https://m.ydniu.com/kaijiang/pl5/sjh/2025016.html,页面明确标注为排列五五位模拟试机号，属于互联网模拟数据，不是官方试机号。,是,200,是,
3D之家/3d178,福彩3D,2025016,2025-01-16,104,578,,https://www.3d178.cn/kaijiang/2025/2025016.shtml,3D之家页面所列试机号；与彩宝网口径可能不同，原样独立保留。,否,200,是,
彩宝网/8200,福彩3D,2025016,2025-01-16,104,374,126,https://www.8200.cn/kjh/3d/2025016.htm,福彩3D页面口径：同时列出开机号与试机号。,否,200,是,
彩宝网/8200,排列三,2025017,2025-01-17,956,897,,https://www.8200.cn/kjh/p3/2025017.htm,排列三页面所列三位试机号；排列三与排列五共用同一期体彩摇奖流程。,否,200,是,
一定牛/ydniu,排列五,2025017,2025-01-17,95692,97655,,https://m.ydniu.com/kaijiang/pl5/sjh/2025017.html,页面明确标注为排列五五位模拟试机号，属于互联网模拟数据，不是官方试机号。,是,200,是,
3D之家/3d178,福彩3D,2025017,2025-01-17,027,002,,https://www.3d178.cn/kaijiang/2025/2025017.shtml,3D之家页面所列试机号；与彩宝网口径可能不同，原样独立保留。,否,200,是,
彩宝网/8200,福彩3D,2025017,2025-01-17,027,852,604,https://www.8200.cn/kjh/3d/2025017.htm,福彩3D页面口径：同时列出开机号与试机号。,否,200,是,
彩宝网/8200,排列三,2025018,2025-01-18,292,413,,https://www.8200.cn/kjh/p3/2025018.htm,排列三页面所列三位试机号；排列三与排列五共用同一期体彩摇奖流程。,否,200,是,
一定牛/ydniu,排列五,2025018,2025-01-18,29255,20899,,https://m.ydniu.com/kaijiang/pl5/sjh/2025018.html,页面明确标注为排列五五位模拟试机号，属于互联网模拟数据，不是官方试机号。,是,200,是,
3D之家/3d178,福彩3D,2025018,2025-01-18,836,735,,https://www.3d178.cn/kaijiang/2025/2025018.shtml,3D之家页面所列试机号；与彩宝网口径可能不同，原样独立保留。,否,200,是,
彩宝网/8200,福彩3D,2025018,2025-01-18,836,209,514,https://www.8200.cn/kjh/3d/2025018.htm,福彩3D页面口径：同时列出开机号与试机号。,否,200,是,
彩宝网/8200,排列三,2025019,2025-01-19,734,501,,https://www.8200.cn/kjh/p3/2025019.htm,排列三页面所列三位试机号；排列三与排列五共用同一期体彩摇奖流程。,否,200,是,
一定牛/ydniu,排列五,2025019,2025-01-19,73426,00407,,https://m.ydniu.com/kaijiang/pl5/sjh/2025019.html,页面明确标注为排列五五位模拟试机号，属于互联网模拟数据，不是官方试机号。,是,200,是,
3D之家/3d178,福彩3D,2025019,2025-01-19,710,005,,https://www.3d178.cn/kaijiang/2025/2025019.shtml,3D之家页面所列试机号；与彩宝网口径可能不同，原样独立保留。,否,200,是,
彩宝网/8200,福彩3D,2025019,2025-01-19,710,342,356,https://www.8200.cn/kjh/3d/2025019.htm,福彩3D页面口径：同时列出开机号与试机号。,否,200,是,
彩宝网/8200,排列三,2025020,2025-01-20,159,687,,https://www.8200.cn/kjh/p3/2025020.htm,排列三页面所列三位试机号；排列三与排列五共用同一期体彩摇奖流程。,否,200,是,
一定牛/ydniu,排列五,2025020,2025-01-20,15976,73460,,https://m.ydniu.com/kaijiang/pl5/sjh/2025020.html,页面明确标注为排列五五位模拟试机号，属于互联网模拟数据，不是官方试机号。,是,200,是,
3D之家/3d178,福彩3D,2025020,2025-01-20,056,164,,https://www.3d178.cn/kaijiang/2025/2025020.shtml,3D之家页面所列试机号；与彩宝网口径可能不同，原样独立保留。,否,200,是,
彩宝网/8200,福彩3D,2025020,2025-01-20,056,173,457,https://www.8200.cn/kjh/3d/2025020.htm,福彩3D页面口径：同时列出开机号与试机号。,否,200,是,
彩宝网/8200,排列三,2025021,2025-01-21,346,850,,https://www.8200.cn/kjh/p3/2025021.htm,排列三页面所列三位试机号；排列三与排列五共用同一期体彩摇奖流程。,否,200,是,
一定牛/ydniu,排列五,2025021,2025-01-21,34652,48267,,https://m.ydniu.com/kaijiang/pl5/sjh/2025021.html,页面明确标注为排列五五位模拟试机号，属于互联网模拟数据，不是官方试机号。,是,200,是,
3D之家/3d178,福彩3D,2025021,2025-01-21,468,526,,https://www.3d178.cn/kaijiang/2025/2025021.shtml,3D之家页面所列试机号；与彩宝网口径可能不同，原样独立保留。,否,200,是,
彩宝网/8200,福彩3D,2025021,2025-01-21,468,408,965,https://www.8200.cn/kjh/3d/2025021.htm,福彩3D页面口径：同时列出开机号与试机号。,否,200,是,
彩宝网/8200,排列三,2025022,2025-01-22,484,917,,https://www.8200.cn/kjh/p3/2025022.htm,排列三页面所列三位试机号；排列三与排列五共用同一期体彩摇奖流程。,否,200,是,
一定牛/ydniu,排列五,2025022,2025-01-22,48402,87741,,https://m.ydniu.com/kaijiang/pl5/sjh/2025022.html,页面明确标注为排列五五位模拟试机号，属于互联网模拟数据，不是官方试机号。,是,200,是,
3D之家/3d178,福彩3D,2025022,2025-01-22,638,960,,https://www.3d178.cn/kaijiang/2025/2025022.shtml,3D之家页面所列试机号；与彩宝网口径可能不同，原样独立保留。,否,200,是,
彩宝网/8200,福彩3D,2025022,2025-01-22,638,935,219,https://www.8200.cn/kjh/3d/2025022.htm,福彩3D页面口径：同时列出开机号与试机号。,否,200,是,
彩宝网/8200,排列三,2025023,2025-01-23,788,394,,https://www.8200.cn/kjh/p3/2025023.htm,排列三页面所列三位试机号；排列三与排列五共用同一期体彩摇奖流程。,否,200,是,
一定牛/ydniu,排列五,2025023,2025-01-23,78804,67193,,https://m.ydniu.com/kaijiang/pl5/sjh/2025023.html,页面明确标注为排列五五位模拟试机号，属于互联网模拟数据，不是官方试机号。,是,200,是,
3D之家/3d178,福彩3D,2025023,2025-01-23,591,022,,https://www.3d178.cn/kaijiang/2025/2025023.shtml,3D之家页面所列试机号；与彩宝网口径可能不同，原样独立保留。,否,200,是,
彩宝网/8200,福彩3D,2025023,2025-01-23,591,279,326,https://www.8200.cn/kjh/3d/2025023.htm,福彩3D页面口径：同时列出开机号与试机号。,否,200,是,
彩宝网/8200,排列三,2025024,2025-01-24,228,703,,https://www.8200.cn/kjh/p3/2025024.htm,排列三页面所列三位试机号；排列三与排列五共用同一期体彩摇奖流程。,否,200,是,
一定牛/ydniu,排列五,2025024,2025-01-24,22850,11460,,https://m.ydniu.com/kaijiang/pl5/sjh/2025024.html,页面明确标注为排列五五位模拟试机号，属于互联网模拟数据，不是官方试机号。,是,200,是,
3D之家/3d178,福彩3D,2025024,2025-01-24,762,275,,https://www.3d178.cn/kaijiang/2025/2025024.shtml,3D之家页面所列试机号；与彩宝网口径可能不同，原样独立保留。,否,200,是,
彩宝网/8200,福彩3D,2025024,2025-01-24,762,106,182,https://www.8200.cn/kjh/3d/2025024.htm,福彩3D页面口径：同时列出开机号与试机号。,否,200,是,
彩宝网/8200,排列三,2025025,2025-01-25,677,519,,https://www.8200.cn/kjh/p3/2025025.htm,排列三页面所列三位试机号；排列三与排列五共用同一期体彩摇奖流程。,否,200,是,
一定牛/ydniu,排列五,2025025,2025-01-25,67750,05437,,https://m.ydniu.com/kaijiang/pl5/sjh/2025025.html,页面明确标注为排列五五位模拟试机号，属于互联网模拟数据，不是官方试机号。,是,200,是,
3D之家/3d178,福彩3D,2025025,2025-01-25,486,781,,https://www.3d178.cn/kaijiang/2025/2025025.shtml,3D之家页面所列试机号；与彩宝网口径可能不同，原样独立保留。,否,200,是,
彩宝网/8200,福彩3D,2025025,2025-01-25,486,249,283,https://www.8200.cn/kjh/3d/2025025.htm,福彩3D页面口径：同时列出开机号与试机号。,否,200,是,
彩宝网/8200,排列三,2025026,2025-01-26,346,748,,https://www.8200.cn/kjh/p3/2025026.htm,排列三页面所列三位试机号；排列三与排列五共用同一期体彩摇奖流程。,否,200,是,
一定牛/ydniu,排列五,2025026,2025-01-26,34635,78555,,https://m.ydniu.com/kaijiang/pl5/sjh/2025026.html,页面明确标注为排列五五位模拟试机号，属于互联网模拟数据，不是官方试机号。,是,200,是,
3D之家/3d178,福彩3D,2025026,2025-01-26,588,072,,https://www.3d178.cn/kaijiang/2025/2025026.shtml,3D之家页面所列试机号；与彩宝网口径可能不同，原样独立保留。,否,200,是,
彩宝网/8200,福彩3D,2025026,2025-01-26,588,375,784,https://www.8200.cn/kjh/3d/2025026.htm,福彩3D页面口径：同时列出开机号与试机号。,否,200,是,
彩宝网/8200,排列三,2025027,2025-02-06,048,534,,https://www.8200.cn/kjh/p3/2025027.htm,排列三页面所列三位试机号；排列三与排列五共用同一期体彩摇奖流程。,否,200,是,
一定牛/ydniu,排列五,2025027,2025-02-06,04873,60424,,https://m.ydniu.com/kaijiang/pl5/sjh/2025027.html,页面明确标注为排列五五位模拟试机号，属于互联网模拟数据，不是官方试机号。,是,200,是,
3D之家/3d178,福彩3D,2025027,2025-02-06,383,357,,https://www.3d178.cn/kaijiang/2025/2025027.shtml,3D之家页面所列试机号；与彩宝网口径可能不同，原样独立保留。,否,200,是,
彩宝网/8200,福彩3D,2025027,2025-02-06,383,413,749,https://www.8200.cn/kjh/3d/2025027.htm,福彩3D页面口径：同时列出开机号与试机号。,否,200,是,
彩宝网/8200,排列三,2025028,2025-02-07,822,357,,https://www.8200.cn/kjh/p3/2025028.htm,排列三页面所列三位试机号；排列三与排列五共用同一期体彩摇奖流程。,否,200,是,
一定牛/ydniu,排列五,2025028,2025-02-07,82232,75775,,https://m.ydniu.com/kaijiang/pl5/sjh/2025028.html,页面明确标注为排列五五位模拟试机号，属于互联网模拟数据，不是官方试机号。,是,200,是,
3D之家/3d178,福彩3D,2025028,2025-02-07,409,687,,https://www.3d178.cn/kaijiang/2025/2025028.shtml,3D之家页面所列试机号；与彩宝网口径可能不同，原样独立保留。,否,200,是,
彩宝网/8200,福彩3D,2025028,2025-02-07,409,735,652,https://www.8200.cn/kjh/3d/2025028.htm,福彩3D页面口径：同时列出开机号与试机号。,否,200,是,
彩宝网/8200,排列三,2025029,2025-02-08,489,915,,https://www.8200.cn/kjh/p3/2025029.htm,排列三页面所列三位试机号；排列三与排列五共用同一期体彩摇奖流程。,否,200,是,
一定牛/ydniu,排列五,2025029,2025-02-08,48947,91274,,https://m.ydniu.com/kaijiang/pl5/sjh/2025029.html,页面明确标注为排列五五位模拟试机号，属于互联网模拟数据，不是官方试机号。,是,200,是,
3D之家/3d178,福彩3D,2025029,2025-02-08,096,483,,https://www.3d178.cn/kaijiang/2025/2025029.shtml,3D之家页面所列试机号；与彩宝网口径可能不同，原样独立保留。,否,200,是,
彩宝网/8200,福彩3D,2025029,2025-02-08,096,987,201,https://www.8200.cn/kjh/3d/2025029.htm,福彩3D页面口径：同时列出开机号与试机号。,否,200,是,
彩宝网/8200,排列三,2025030,2025-02-09,297,601,,https://www.8200.cn/kjh/p3/2025030.htm,排列三页面所列三位试机号；排列三与排列五共用同一期体彩摇奖流程。,否,200,是,
一定牛/ydniu,排列五,2025030,2025-02-09,29718,19887,,https://m.ydniu.com/kaijiang/pl5/sjh/2025030.html,页面明确标注为排列五五位模拟试机号，属于互联网模拟数据，不是官方试机号。,是,200,是,
3D之家/3d178,福彩3D,2025030,2025-02-09,302,217,,https://www.3d178.cn/kaijiang/2025/2025030.shtml,3D之家页面所列试机号；与彩宝网口径可能不同，原样独立保留。,否,200,是,
彩宝网/8200,福彩3D,2025030,2025-02-09,302,261,253,https://www.8200.cn/kjh/3d/2025030.htm,福彩3D页面口径：同时列出开机号与试机号。,否,200,是,
彩宝网/8200,排列三,2025031,2025-02-10,513,607,,https://www.8200.cn/kjh/p3/2025031.htm,排列三页面所列三位试机号；排列三与排列五共用同一期体彩摇奖流程。,否,200,是,
一定牛/ydniu,排列五,2025031,2025-02-10,51341,21761,,https://m.ydniu.com/kaijiang/pl5/sjh/2025031.html,页面明确标注为排列五五位模拟试机号，属于互联网模拟数据，不是官方试机号。,是,200,是,
3D之家/3d178,福彩3D,2025031,2025-02-10,379,012,,https://www.3d178.cn/kaijiang/2025/2025031.shtml,3D之家页面所列试机号；与彩宝网口径可能不同，原样独立保留。,否,200,是,
彩宝网/8200,福彩3D,2025031,2025-02-10,379,438,469,https://www.8200.cn/kjh/3d/2025031.htm,福彩3D页面口径：同时列出开机号与试机号。,否,200,是,
彩宝网/8200,排列三,2025032,2025-02-11,392,816,,https://www.8200.cn/kjh/p3/2025032.htm,排列三页面所列三位试机号；排列三与排列五共用同一期体彩摇奖流程。,否,200,是,
一定牛/ydniu,排列五,2025032,2025-02-11,39270,76126,,https://m.ydniu.com/kaijiang/pl5/sjh/2025032.html,页面明确标注为排列五五位模拟试机号，属于互联网模拟数据，不是官方试机号。,是,200,是,
3D之家/3d178,福彩3D,2025032,2025-02-11,499,625,,https://www.3d178.cn/kaijiang/2025/2025032.shtml,3D之家页面所列试机号；与彩宝网口径可能不同，原样独立保留。,否,200,是,
彩宝网/8200,福彩3D,2025032,2025-02-11,499,562,614,https://www.8200.cn/kjh/3d/2025032.htm,福彩3D页面口径：同时列出开机号与试机号。,否,200,是,
彩宝网/8200,排列三,2025033,2025-02-12,934,580,,https://www.8200.cn/kjh/p3/2025033.htm,排列三页面所列三位试机号；排列三与排列五共用同一期体彩摇奖流程。,否,200,是,
一定牛/ydniu,排列五,2025033,2025-02-12,93452,30138,,https://m.ydniu.com/kaijiang/pl5/sjh/2025033.html,页面明确标注为排列五五位模拟试机号，属于互联网模拟数据，不是官方试机号。,是,200,是,
3D之家/3d178,福彩3D,2025033,2025-02-12,606,672,,https://www.3d178.cn/kaijiang/2025/2025033.shtml,3D之家页面所列试机号；与彩宝网口径可能不同，原样独立保留。,否,200,是,
彩宝网/8200,福彩3D,2025033,2025-02-12,606,895,270,https://www.8200.cn/kjh/3d/2025033.htm,福彩3D页面口径：同时列出开机号与试机号。,否,200,是,
彩宝网/8200,排列三,2025034,2025-02-13,309,781,,https://www.8200.cn/kjh/p3/2025034.htm,排列三页面所列三位试机号；排列三与排列五共用同一期体彩摇奖流程。,否,200,是,
一定牛/ydniu,排列五,2025034,2025-02-13,30912,62745,,https://m.ydniu.com/kaijiang/pl5/sjh/2025034.html,页面明确标注为排列五五位模拟试机号，属于互联网模拟数据，不是官方试机号。,是,200,是,
3D之家/3d178,福彩3D,2025034,2025-02-13,261,091,,https://www.3d178.cn/kaijiang/2025/2025034.shtml,3D之家页面所列试机号；与彩宝网口径可能不同，原样独立保留。,否,200,是,
彩宝网/8200,福彩3D,2025034,2025-02-13,261,537,598,https://www.8200.cn/kjh/3d/2025034.htm,福彩3D页面口径：同时列出开机号与试机号。,否,200,是,
彩宝网/8200,排列三,2025035,2025-02-14,849,674,,https://www.8200.cn/kjh/p3/2025035.htm,排列三页面所列三位试机号；排列三与排列五共用同一期体彩摇奖流程。,否,200,是,
一定牛/ydniu,排列五,2025035,2025-02-14,84978,01879,,https://m.ydniu.com/kaijiang/pl5/sjh/2025035.html,页面明确标注为排列五五位模拟试机号，属于互联网模拟数据，不是官方试机号。,是,200,是,
3D之家/3d178,福彩3D,2025035,2025-02-14,778,073,,https://www.3d178.cn/kaijiang/2025/2025035.shtml,3D之家页面所列试机号；与彩宝网口径可能不同，原样独立保留。,否,200,是,
彩宝网/8200,福彩3D,2025035,2025-02-14,778,407,039,https://www.8200.cn/kjh/3d/2025035.htm,福彩3D页面口径：同时列出开机号与试机号。,否,200,是,
彩宝网/8200,排列三,2025036,2025-02-15,521,956,,https://www.8200.cn/kjh/p3/2025036.htm,排列三页面所列三位试机号；排列三与排列五共用同一期体彩摇奖流程。,否,200,是,
一定牛/ydniu,排列五,2025036,2025-02-15,52102,01871,,https://m.ydniu.com/kaijiang/pl5/sjh/2025036.html,页面明确标注为排列五五位模拟试机号，属于互联网模拟数据，不是官方试机号。,是,200,是,
3D之家/3d178,福彩3D,2025036,2025-02-15,617,322,,https://www.3d178.cn/kaijiang/2025/2025036.shtml,3D之家页面所列试机号；与彩宝网口径可能不同，原样独立保留。,否,200,是,
彩宝网/8200,福彩3D,2025036,2025-02-15,617,934,683,https://www.8200.cn/kjh/3d/2025036.htm,福彩3D页面口径：同时列出开机号与试机号。,否,200,是,
彩宝网/8200,排列三,2025037,2025-02-16,578,513,,https://www.8200.cn/kjh/p3/2025037.htm,排列三页面所列三位试机号；排列三与排列五共用同一期体彩摇奖流程。,否,200,是,
一定牛/ydniu,排列五,2025037,2025-02-16,57887,03216,,https://m.ydniu.com/kaijiang/pl5/sjh/2025037.html,页面明确标注为排列五五位模拟试机号，属于互联网模拟数据，不是官方试机号。,是,200,是,
3D之家/3d178,福彩3D,2025037,2025-02-16,131,797,,https://www.3d178.cn/kaijiang/2025/2025037.shtml,3D之家页面所列试机号；与彩宝网口径可能不同，原样独立保留。,否,200,是,
彩宝网/8200,福彩3D,2025037,2025-02-16,131,208,053,https://www.8200.cn/kjh/3d/2025037.htm,福彩3D页面口径：同时列出开机号与试机号。,否,200,是,
彩宝网/8200,排列三,2025038,2025-02-17,366,607,,https://www.8200.cn/kjh/p3/2025038.htm,排列三页面所列三位试机号；排列三与排列五共用同一期体彩摇奖流程。,否,200,是,
一定牛/ydniu,排列五,2025038,2025-02-17,36614,63372,,https://m.ydniu.com/kaijiang/pl5/sjh/2025038.html,页面明确标注为排列五五位模拟试机号，属于互联网模拟数据，不是官方试机号。,是,200,是,
3D之家/3d178,福彩3D,2025038,2025-02-17,847,968,,https://www.3d178.cn/kaijiang/2025/2025038.shtml,3D之家页面所列试机号；与彩宝网口径可能不同，原样独立保留。,否,200,是,
彩宝网/8200,福彩3D,2025038,2025-02-17,847,761,390,https://www.8200.cn/kjh/3d/2025038.htm,福彩3D页面口径：同时列出开机号与试机号。,否,200,是,
彩宝网/8200,排列三,2025039,2025-02-18,588,264,,https://www.8200.cn/kjh/p3/2025039.htm,排列三页面所列三位试机号；排列三与排列五共用同一期体彩摇奖流程。,否,200,是,
一定牛/ydniu,排列五,2025039,2025-02-18,58866,54640,,https://m.ydniu.com/kaijiang/pl5/sjh/2025039.html,页面明确标注为排列五五位模拟试机号，属于互联网模拟数据，不是官方试机号。,是,200,是,
3D之家/3d178,福彩3D,2025039,2025-02-18,932,613,,https://www.3d178.cn/kaijiang/2025/2025039.shtml,3D之家页面所列试机号；与彩宝网口径可能不同，原样独立保留。,否,200,是,
彩宝网/8200,福彩3D,2025039,2025-02-18,932,405,568,https://www.8200.cn/kjh/3d/2025039.htm,福彩3D页面口径：同时列出开机号与试机号。,否,200,是,
彩宝网/8200,排列三,2025040,2025-02-19,875,234,,https://www.8200.cn/kjh/p3/2025040.htm,排列三页面所列三位试机号；排列三与排列五共用同一期体彩摇奖流程。,否,200,是,
一定牛/ydniu,排列五,2025040,2025-02-19,87521,10776,,https://m.ydniu.com/kaijiang/pl5/sjh/2025040.html,页面明确标注为排列五五位模拟试机号，属于互联网模拟数据，不是官方试机号。,是,200,是,
3D之家/3d178,福彩3D,2025040,2025-02-19,428,123,,https://www.3d178.cn/kaijiang/2025/2025040.shtml,3D之家页面所列试机号；与彩宝网口径可能不同，原样独立保留。,否,200,是,
彩宝网/8200,福彩3D,2025040,2025-02-19,428,853,014,https://www.8200.cn/kjh/3d/2025040.htm,福彩3D页面口径：同时列出开机号与试机号。,否,200,是,
彩宝网/8200,排列三,2025041,2025-02-20,916,972,,https://www.8200.cn/kjh/p3/2025041.htm,排列三页面所列三位试机号；排列三与排列五共用同一期体彩摇奖流程。,否,200,是,
一定牛/ydniu,排列五,2025041,2025-02-20,91621,44218,,https://m.ydniu.com/kaijiang/pl5/sjh/2025041.html,页面明确标注为排列五五位模拟试机号，属于互联网模拟数据，不是官方试机号。,是,200,是,
3D之家/3d178,福彩3D,2025041,2025-02-20,401,961,,https://www.3d178.cn/kaijiang/2025/2025041.shtml,3D之家页面所列试机号；与彩宝网口径可能不同，原样独立保留。,否,200,是,
彩宝网/8200,福彩3D,2025041,2025-02-20,401,394,530,https://www.8200.cn/kjh/3d/2025041.htm,福彩3D页面口径：同时列出开机号与试机号。,否,200,是,
彩宝网/8200,排列三,2025042,2025-02-21,675,641,,https://www.8200.cn/kjh/p3/2025042.htm,排列三页面所列三位试机号；排列三与排列五共用同一期体彩摇奖流程。,否,200,是,
一定牛/ydniu,排列五,2025042,2025-02-21,67553,89286,,https://m.ydniu.com/kaijiang/pl5/sjh/2025042.html,页面明确标注为排列五五位模拟试机号，属于互联网模拟数据，不是官方试机号。,是,200,是,
3D之家/3d178,福彩3D,2025042,2025-02-21,775,335,,https://www.3d178.cn/kaijiang/2025/2025042.shtml,3D之家页面所列试机号；与彩宝网口径可能不同，原样独立保留。,否,200,是,
彩宝网/8200,福彩3D,2025042,2025-02-21,775,237,428,https://www.8200.cn/kjh/3d/2025042.htm,福彩3D页面口径：同时列出开机号与试机号。,否,200,是,
彩宝网/8200,排列三,2025043,2025-02-22,552,817,,https://www.8200.cn/kjh/p3/2025043.htm,排列三页面所列三位试机号；排列三与排列五共用同一期体彩摇奖流程。,否,200,是,
一定牛/ydniu,排列五,2025043,2025-02-22,55225,17389,,https://m.ydniu.com/kaijiang/pl5/sjh/2025043.html,页面明确标注为排列五五位模拟试机号，属于互联网模拟数据，不是官方试机号。,是,200,是,
3D之家/3d178,福彩3D,2025043,2025-02-22,475,547,,https://www.3d178.cn/kaijiang/2025/2025043.shtml,3D之家页面所列试机号；与彩宝网口径可能不同，原样独立保留。,否,200,是,
彩宝网/8200,福彩3D,2025043,2025-02-22,475,940,497,https://www.8200.cn/kjh/3d/2025043.htm,福彩3D页面口径：同时列出开机号与试机号。,否,200,是,
彩宝网/8200,排列三,2025044,2025-02-23,805,908,,https://www.8200.cn/kjh/p3/2025044.htm,排列三页面所列三位试机号；排列三与排列五共用同一期体彩摇奖流程。,否,200,是,
一定牛/ydniu,排列五,2025044,2025-02-23,80573,07531,,https://m.ydniu.com/kaijiang/pl5/sjh/2025044.html,页面明确标注为排列五五位模拟试机号，属于互联网模拟数据，不是官方试机号。,是,200,是,
3D之家/3d178,福彩3D,2025044,2025-02-23,912,140,,https://www.3d178.cn/kaijiang/2025/2025044.shtml,3D之家页面所列试机号；与彩宝网口径可能不同，原样独立保留。,否,200,是,
彩宝网/8200,福彩3D,2025044,2025-02-23,912,629,741,https://www.8200.cn/kjh/3d/2025044.htm,福彩3D页面口径：同时列出开机号与试机号。,否,200,是,
彩宝网/8200,排列三,2025045,2025-02-24,722,629,,https://www.8200.cn/kjh/p3/2025045.htm,排列三页面所列三位试机号；排列三与排列五共用同一期体彩摇奖流程。,否,200,是,
一定牛/ydniu,排列五,2025045,2025-02-24,72292,87653,,https://m.ydniu.com/kaijiang/pl5/sjh/2025045.html,页面明确标注为排列五五位模拟试机号，属于互联网模拟数据，不是官方试机号。,是,200,是,
3D之家/3d178,福彩3D,2025045,2025-02-24,554,311,,https://www.3d178.cn/kaijiang/2025/2025045.shtml,3D之家页面所列试机号；与彩宝网口径可能不同，原样独立保留。,否,200,是,
彩宝网/8200,福彩3D,2025045,2025-02-24,554,816,872,https://www.8200.cn/kjh/3d/2025045.htm,福彩3D页面口径：同时列出开机号与试机号。,否,200,是,
彩宝网/8200,排列三,2025046,2025-02-25,372,527,,https://www.8200.cn/kjh/p3/2025046.htm,排列三页面所列三位试机号；排列三与排列五共用同一期体彩摇奖流程。,否,200,是,
一定牛/ydniu,排列五,2025046,2025-02-25,37257,51890,,https://m.ydniu.com/kaijiang/pl5/sjh/2025046.html,页面明确标注为排列五五位模拟试机号，属于互联网模拟数据，不是官方试机号。,是,200,是,
3D之家/3d178,福彩3D,2025046,2025-02-25,490,865,,https://www.3d178.cn/kaijiang/2025/2025046.shtml,3D之家页面所列试机号；与彩宝网口径可能不同，原样独立保留。,否,200,是,
彩宝网/8200,福彩3D,2025046,2025-02-25,490,379,412,https://www.8200.cn/kjh/3d/2025046.htm,福彩3D页面口径：同时列出开机号与试机号。,否,200,是,
彩宝网/8200,排列三,2025047,2025-02-26,806,913,,https://www.8200.cn/kjh/p3/2025047.htm,排列三页面所列三位试机号；排列三与排列五共用同一期体彩摇奖流程。,否,200,是,
一定牛/ydniu,排列五,2025047,2025-02-26,80621,01848,,https://m.ydniu.com/kaijiang/pl5/sjh/2025047.html,页面明确标注为排列五五位模拟试机号，属于互联网模拟数据，不是官方试机号。,是,200,是,
3D之家/3d178,福彩3D,2025047,2025-02-26,248,391,,https://www.3d178.cn/kaijiang/2025/2025047.shtml,3D之家页面所列试机号；与彩宝网口径可能不同，原样独立保留。,否,200,是,
彩宝网/8200,福彩3D,2025047,2025-02-26,248,289,164,https://www.8200.cn/kjh/3d/2025047.htm,福彩3D页面口径：同时列出开机号与试机号。,否,200,是,
彩宝网/8200,排列三,2025048,2025-02-27,570,952,,https://www.8200.cn/kjh/p3/2025048.htm,排列三页面所列三位试机号；排列三与排列五共用同一期体彩摇奖流程。,否,200,是,
一定牛/ydniu,排列五,2025048,2025-02-27,57043,20969,,https://m.ydniu.com/kaijiang/pl5/sjh/2025048.html,页面明确标注为排列五五位模拟试机号，属于互联网模拟数据，不是官方试机号。,是,200,是,
3D之家/3d178,福彩3D,2025048,2025-02-27,640,457,,https://www.3d178.cn/kaijiang/2025/2025048.shtml,3D之家页面所列试机号；与彩宝网口径可能不同，原样独立保留。,否,200,是,
彩宝网/8200,福彩3D,2025048,2025-02-27,640,374,034,https://www.8200.cn/kjh/3d/2025048.htm,福彩3D页面口径：同时列出开机号与试机号。,否,200,是,
彩宝网/8200,排列三,2025049,2025-02-28,037,965,,https://www.8200.cn/kjh/p3/2025049.htm,排列三页面所列三位试机号；排列三与排列五共用同一期体彩摇奖流程。,否,200,是,
一定牛/ydniu,排列五,2025049,2025-02-28,03730,84647,,https://m.ydniu.com/kaijiang/pl5/sjh/2025049.html,页面明确标注为排列五五位模拟试机号，属于互联网模拟数据，不是官方试机号。,是,200,是,
3D之家/3d178,福彩3D,2025049,2025-02-28,004,982,,https://www.3d178.cn/kaijiang/2025/2025049.shtml,3D之家页面所列试机号；与彩宝网口径可能不同，原样独立保留。,否,200,是,
彩宝网/8200,福彩3D,2025049,2025-02-28,004,215,568,https://www.8200.cn/kjh/3d/2025049.htm,福彩3D页面口径：同时列出开机号与试机号。,否,200,是,
彩宝网/8200,排列三,2025050,2025-03-01,570,815,,https://www.8200.cn/kjh/p3/2025050.htm,排列三页面所列三位试机号；排列三与排列五共用同一期体彩摇奖流程。,否,200,是,
一定牛/ydniu,排列五,2025050,2025-03-01,57057,63874,,https://m.ydniu.com/kaijiang/pl5/sjh/2025050.html,页面明确标注为排列五五位模拟试机号，属于互联网模拟数据，不是官方试机号。,是,200,是,
3D之家/3d178,福彩3D,2025050,2025-03-01,806,223,,https://www.3d178.cn/kaijiang/2025/2025050.shtml,3D之家页面所列试机号；与彩宝网口径可能不同，原样独立保留。,否,200,是,
彩宝网/8200,福彩3D,2025050,2025-03-01,806,892,169,https://www.8200.cn/kjh/3d/2025050.htm,福彩3D页面口径：同时列出开机号与试机号。,否,200,是,
彩宝网/8200,排列三,2025051,2025-03-02,973,692,,https://www.8200.cn/kjh/p3/2025051.htm,排列三页面所列三位试机号；排列三与排列五共用同一期体彩摇奖流程。,否,200,是,
一定牛/ydniu,排列五,2025051,2025-03-02,97361,30741,,https://m.ydniu.com/kaijiang/pl5/sjh/2025051.html,页面明确标注为排列五五位模拟试机号，属于互联网模拟数据，不是官方试机号。,是,200,是,
3D之家/3d178,福彩3D,2025051,2025-03-02,905,994,,https://www.3d178.cn/kaijiang/2025/2025051.shtml,3D之家页面所列试机号；与彩宝网口径可能不同，原样独立保留。,否,200,是,
彩宝网/8200,福彩3D,2025051,2025-03-02,905,674,098,https://www.8200.cn/kjh/3d/2025051.htm,福彩3D页面口径：同时列出开机号与试机号。,否,200,是,
彩宝网/8200,排列三,2025052,2025-03-03,337,126,,https://www.8200.cn/kjh/p3/2025052.htm,排列三页面所列三位试机号；排列三与排列五共用同一期体彩摇奖流程。,否,200,是,
一定牛/ydniu,排列五,2025052,2025-03-03,33726,73362,,https://m.ydniu.com/kaijiang/pl5/sjh/2025052.html,页面明确标注为排列五五位模拟试机号，属于互联网模拟数据，不是官方试机号。,是,200,是,
3D之家/3d178,福彩3D,2025052,2025-03-03,585,238,,https://www.3d178.cn/kaijiang/2025/2025052.shtml,3D之家页面所列试机号；与彩宝网口径可能不同，原样独立保留。,否,200,是,
彩宝网/8200,福彩3D,2025052,2025-03-03,585,519,547,https://www.8200.cn/kjh/3d/2025052.htm,福彩3D页面口径：同时列出开机号与试机号。,否,200,是,
彩宝网/8200,排列三,2025053,2025-03-04,899,617,,https://www.8200.cn/kjh/p3/2025053.htm,排列三页面所列三位试机号；排列三与排列五共用同一期体彩摇奖流程。,否,200,是,
一定牛/ydniu,排列五,2025053,2025-03-04,89930,70397,,https://m.ydniu.com/kaijiang/pl5/sjh/2025053.html,页面明确标注为排列五五位模拟试机号，属于互联网模拟数据，不是官方试机号。,是,200,是,
3D之家/3d178,福彩3D,2025053,2025-03-04,895,036,,https://www.3d178.cn/kaijiang/2025/2025053.shtml,3D之家页面所列试机号；与彩宝网口径可能不同，原样独立保留。,否,200,是,
彩宝网/8200,福彩3D,2025053,2025-03-04,895,408,958,https://www.8200.cn/kjh/3d/2025053.htm,福彩3D页面口径：同时列出开机号与试机号。,否,200,是,
彩宝网/8200,排列三,2025054,2025-03-05,384,527,,https://www.8200.cn/kjh/p3/2025054.htm,排列三页面所列三位试机号；排列三与排列五共用同一期体彩摇奖流程。,否,200,是,
一定牛/ydniu,排列五,2025054,2025-03-05,38440,67935,,https://m.ydniu.com/kaijiang/pl5/sjh/2025054.html,页面明确标注为排列五五位模拟试机号，属于互联网模拟数据，不是官方试机号。,是,200,是,
3D之家/3d178,福彩3D,2025054,2025-03-05,497,332,,https://www.3d178.cn/kaijiang/2025/2025054.shtml,3D之家页面所列试机号；与彩宝网口径可能不同，原样独立保留。,否,200,是,
彩宝网/8200,福彩3D,2025054,2025-03-05,497,712,062,https://www.8200.cn/kjh/3d/2025054.htm,福彩3D页面口径：同时列出开机号与试机号。,否,200,是,
彩宝网/8200,排列三,2025055,2025-03-06,916,578,,https://www.8200.cn/kjh/p3/2025055.htm,排列三页面所列三位试机号；排列三与排列五共用同一期体彩摇奖流程。,否,200,是,
一定牛/ydniu,排列五,2025055,2025-03-06,91645,54970,,https://m.ydniu.com/kaijiang/pl5/sjh/2025055.html,页面明确标注为排列五五位模拟试机号，属于互联网模拟数据，不是官方试机号。,是,200,是,
3D之家/3d178,福彩3D,2025055,2025-03-06,368,405,,https://www.3d178.cn/kaijiang/2025/2025055.shtml,3D之家页面所列试机号；与彩宝网口径可能不同，原样独立保留。,否,200,是,
彩宝网/8200,福彩3D,2025055,2025-03-06,368,413,620,https://www.8200.cn/kjh/3d/2025055.htm,福彩3D页面口径：同时列出开机号与试机号。,否,200,是,
彩宝网/8200,排列三,2025056,2025-03-07,716,724,,https://www.8200.cn/kjh/p3/2025056.htm,排列三页面所列三位试机号；排列三与排列五共用同一期体彩摇奖流程。,否,200,是,
一定牛/ydniu,排列五,2025056,2025-03-07,71612,79059,,https://m.ydniu.com/kaijiang/pl5/sjh/2025056.html,页面明确标注为排列五五位模拟试机号，属于互联网模拟数据，不是官方试机号。,是,200,是,
3D之家/3d178,福彩3D,2025056,2025-03-07,492,365,,https://www.3d178.cn/kaijiang/2025/2025056.shtml,3D之家页面所列试机号；与彩宝网口径可能不同，原样独立保留。,否,200,是,
彩宝网/8200,福彩3D,2025056,2025-03-07,492,192,261,https://www.8200.cn/kjh/3d/2025056.htm,福彩3D页面口径：同时列出开机号与试机号。,否,200,是,
彩宝网/8200,排列三,2025057,2025-03-08,765,518,,https://www.8200.cn/kjh/p3/2025057.htm,排列三页面所列三位试机号；排列三与排列五共用同一期体彩摇奖流程。,否,200,是,
一定牛/ydniu,排列五,2025057,2025-03-08,76544,58825,,https://m.ydniu.com/kaijiang/pl5/sjh/2025057.html,页面明确标注为排列五五位模拟试机号，属于互联网模拟数据，不是官方试机号。,是,200,是,
3D之家/3d178,福彩3D,2025057,2025-03-08,397,005,,https://www.3d178.cn/kaijiang/2025/2025057.shtml,3D之家页面所列试机号；与彩宝网口径可能不同，原样独立保留。,否,200,是,
彩宝网/8200,福彩3D,2025057,2025-03-08,397,268,392,https://www.8200.cn/kjh/3d/2025057.htm,福彩3D页面口径：同时列出开机号与试机号。,否,200,是,
彩宝网/8200,排列三,2025058,2025-03-09,672,438,,https://www.8200.cn/kjh/p3/2025058.htm,排列三页面所列三位试机号；排列三与排列五共用同一期体彩摇奖流程。,否,200,是,
一定牛/ydniu,排列五,2025058,2025-03-09,67291,93733,,https://m.ydniu.com/kaijiang/pl5/sjh/2025058.html,页面明确标注为排列五五位模拟试机号，属于互联网模拟数据，不是官方试机号。,是,200,是,
3D之家/3d178,福彩3D,2025058,2025-03-09,405,851,,https://www.3d178.cn/kaijiang/2025/2025058.shtml,3D之家页面所列试机号；与彩宝网口径可能不同，原样独立保留。,否,200,是,
彩宝网/8200,福彩3D,2025058,2025-03-09,405,491,285,https://www.8200.cn/kjh/3d/2025058.htm,福彩3D页面口径：同时列出开机号与试机号。,否,200,是,
彩宝网/8200,排列三,2025059,2025-03-10,771,285,,https://www.8200.cn/kjh/p3/2025059.htm,排列三页面所列三位试机号；排列三与排列五共用同一期体彩摇奖流程。,否,200,是,
一定牛/ydniu,排列五,2025059,2025-03-10,77128,39725,,https://m.ydniu.com/kaijiang/pl5/sjh/2025059.html,页面明确标注为排列五五位模拟试机号，属于互联网模拟数据，不是官方试机号。,是,200,是,
3D之家/3d178,福彩3D,2025059,2025-03-10,847,896,,https://www.3d178.cn/kaijiang/2025/2025059.shtml,3D之家页面所列试机号；与彩宝网口径可能不同，原样独立保留。,否,200,是,
彩宝网/8200,福彩3D,2025059,2025-03-10,847,746,743,https://www.8200.cn/kjh/3d/2025059.htm,福彩3D页面口径：同时列出开机号与试机号。,否,200,是,
彩宝网/8200,排列三,2025060,2025-03-11,793,179,,https://www.8200.cn/kjh/p3/2025060.htm,排列三页面所列三位试机号；排列三与排列五共用同一期体彩摇奖流程。,否,200,是,
一定牛/ydniu,排列五,2025060,2025-03-11,79333,75505,,https://m.ydniu.com/kaijiang/pl5/sjh/2025060.html,页面明确标注为排列五五位模拟试机号，属于互联网模拟数据，不是官方试机号。,是,200,是,
3D之家/3d178,福彩3D,2025060,2025-03-11,938,139,,https://www.3d178.cn/kaijiang/2025/2025060.shtml,3D之家页面所列试机号；与彩宝网口径可能不同，原样独立保留。,否,200,是,
彩宝网/8200,福彩3D,2025060,2025-03-11,938,913,319,https://www.8200.cn/kjh/3d/2025060.htm,福彩3D页面口径：同时列出开机号与试机号。,否,200,是,
彩宝网/8200,排列三,2025061,2025-03-12,490,762,,https://www.8200.cn/kjh/p3/2025061.htm,排列三页面所列三位试机号；排列三与排列五共用同一期体彩摇奖流程。,否,200,是,
一定牛/ydniu,排列五,2025061,2025-03-12,49045,49401,,https://m.ydniu.com/kaijiang/pl5/sjh/2025061.html,页面明确标注为排列五五位模拟试机号，属于互联网模拟数据，不是官方试机号。,是,200,是,
3D之家/3d178,福彩3D,2025061,2025-03-12,476,580,,https://www.3d178.cn/kaijiang/2025/2025061.shtml,3D之家页面所列试机号；与彩宝网口径可能不同，原样独立保留。,否,200,是,
彩宝网/8200,福彩3D,2025061,2025-03-12,476,835,139,https://www.8200.cn/kjh/3d/2025061.htm,福彩3D页面口径：同时列出开机号与试机号。,否,200,是,
彩宝网/8200,排列三,2025062,2025-03-13,257,624,,https://www.8200.cn/kjh/p3/2025062.htm,排列三页面所列三位试机号；排列三与排列五共用同一期体彩摇奖流程。,否,200,是,
一定牛/ydniu,排列五,2025062,2025-03-13,25712,86047,,https://m.ydniu.com/kaijiang/pl5/sjh/2025062.html,页面明确标注为排列五五位模拟试机号，属于互联网模拟数据，不是官方试机号。,是,200,是,
3D之家/3d178,福彩3D,2025062,2025-03-13,810,827,,https://www.3d178.cn/kaijiang/2025/2025062.shtml,3D之家页面所列试机号；与彩宝网口径可能不同，原样独立保留。,否,200,是,
彩宝网/8200,福彩3D,2025062,2025-03-13,810,468,308,https://www.8200.cn/kjh/3d/2025062.htm,福彩3D页面口径：同时列出开机号与试机号。,否,200,是,
彩宝网/8200,排列三,2025063,2025-03-14,466,489,,https://www.8200.cn/kjh/p3/2025063.htm,排列三页面所列三位试机号；排列三与排列五共用同一期体彩摇奖流程。,否,200,是,
一定牛/ydniu,排列五,2025063,2025-03-14,46676,54878,,https://m.ydniu.com/kaijiang/pl5/sjh/2025063.html,页面明确标注为排列五五位模拟试机号，属于互联网模拟数据，不是官方试机号。,是,200,是,
3D之家/3d178,福彩3D,2025063,2025-03-14,405,088,,https://www.3d178.cn/kaijiang/2025/2025063.shtml,3D之家页面所列试机号；与彩宝网口径可能不同，原样独立保留。,否,200,是,
彩宝网/8200,福彩3D,2025063,2025-03-14,405,549,498,https://www.8200.cn/kjh/3d/2025063.htm,福彩3D页面口径：同时列出开机号与试机号。,否,200,是,
彩宝网/8200,排列三,2025064,2025-03-15,656,673,,https://www.8200.cn/kjh/p3/2025064.htm,排列三页面所列三位试机号；排列三与排列五共用同一期体彩摇奖流程。,否,200,是,
一定牛/ydniu,排列五,2025064,2025-03-15,65640,44724,,https://m.ydniu.com/kaijiang/pl5/sjh/2025064.html,页面明确标注为排列五五位模拟试机号，属于互联网模拟数据，不是官方试机号。,是,200,是,
3D之家/3d178,福彩3D,2025064,2025-03-15,928,734,,https://www.3d178.cn/kaijiang/2025/2025064.shtml,3D之家页面所列试机号；与彩宝网口径可能不同，原样独立保留。,否,200,是,
彩宝网/8200,福彩3D,2025064,2025-03-15,928,502,320,https://www.8200.cn/kjh/3d/2025064.htm,福彩3D页面口径：同时列出开机号与试机号。,否,200,是,
彩宝网/8200,排列三,2025065,2025-03-16,990,189,,https://www.8200.cn/kjh/p3/2025065.htm,排列三页面所列三位试机号；排列三与排列五共用同一期体彩摇奖流程。,否,200,是,
一定牛/ydniu,排列五,2025065,2025-03-16,99031,53571,,https://m.ydniu.com/kaijiang/pl5/sjh/2025065.html,页面明确标注为排列五五位模拟试机号，属于互联网模拟数据，不是官方试机号。,是,200,是,
3D之家/3d178,福彩3D,2025065,2025-03-16,538,081,,https://www.3d178.cn/kaijiang/2025/2025065.shtml,3D之家页面所列试机号；与彩宝网口径可能不同，原样独立保留。,否,200,是,
彩宝网/8200,福彩3D,2025065,2025-03-16,538,862,603,https://www.8200.cn/kjh/3d/2025065.htm,福彩3D页面口径：同时列出开机号与试机号。,否,200,是,
彩宝网/8200,排列三,2025066,2025-03-17,184,839,,https://www.8200.cn/kjh/p3/2025066.htm,排列三页面所列三位试机号；排列三与排列五共用同一期体彩摇奖流程。,否,200,是,
一定牛/ydniu,排列五,2025066,2025-03-17,18462,20107,,https://m.ydniu.com/kaijiang/pl5/sjh/2025066.html,页面明确标注为排列五五位模拟试机号，属于互联网模拟数据，不是官方试机号。,是,200,是,
3D之家/3d178,福彩3D,2025066,2025-03-17,720,315,,https://www.3d178.cn/kaijiang/2025/2025066.shtml,3D之家页面所列试机号；与彩宝网口径可能不同，原样独立保留。,否,200,是,
彩宝网/8200,福彩3D,2025066,2025-03-17,720,973,925,https://www.8200.cn/kjh/3d/2025066.htm,福彩3D页面口径：同时列出开机号与试机号。,否,200,是,
彩宝网/8200,排列三,2025067,2025-03-18,671,519,,https://www.8200.cn/kjh/p3/2025067.htm,排列三页面所列三位试机号；排列三与排列五共用同一期体彩摇奖流程。,否,200,是,
一定牛/ydniu,排列五,2025067,2025-03-18,67161,16096,,https://m.ydniu.com/kaijiang/pl5/sjh/2025067.html,页面明确标注为排列五五位模拟试机号，属于互联网模拟数据，不是官方试机号。,是,200,是,
3D之家/3d178,福彩3D,2025067,2025-03-18,385,218,,https://www.3d178.cn/kaijiang/2025/2025067.shtml,3D之家页面所列试机号；与彩宝网口径可能不同，原样独立保留。,否,200,是,
彩宝网/8200,福彩3D,2025067,2025-03-18,385,561,705,https://www.8200.cn/kjh/3d/2025067.htm,福彩3D页面口径：同时列出开机号与试机号。,否,200,是,
彩宝网/8200,排列三,2025068,2025-03-19,975,683,,https://www.8200.cn/kjh/p3/2025068.htm,排列三页面所列三位试机号；排列三与排列五共用同一期体彩摇奖流程。,否,200,是,
一定牛/ydniu,排列五,2025068,2025-03-19,97562,48339,,https://m.ydniu.com/kaijiang/pl5/sjh/2025068.html,页面明确标注为排列五五位模拟试机号，属于互联网模拟数据，不是官方试机号。,是,200,是,
3D之家/3d178,福彩3D,2025068,2025-03-19,555,794,,https://www.3d178.cn/kaijiang/2025/2025068.shtml,3D之家页面所列试机号；与彩宝网口径可能不同，原样独立保留。,否,200,是,
彩宝网/8200,福彩3D,2025068,2025-03-19,555,923,978,https://www.8200.cn/kjh/3d/2025068.htm,福彩3D页面口径：同时列出开机号与试机号。,否,200,是,
彩宝网/8200,排列三,2025069,2025-03-20,934,675,,https://www.8200.cn/kjh/p3/2025069.htm,排列三页面所列三位试机号；排列三与排列五共用同一期体彩摇奖流程。,否,200,是,
一定牛/ydniu,排列五,2025069,2025-03-20,93411,09386,,https://m.ydniu.com/kaijiang/pl5/sjh/2025069.html,页面明确标注为排列五五位模拟试机号，属于互联网模拟数据，不是官方试机号。,是,200,是,
3D之家/3d178,福彩3D,2025069,2025-03-20,906,564,,https://www.3d178.cn/kaijiang/2025/2025069.shtml,3D之家页面所列试机号；与彩宝网口径可能不同，原样独立保留。,否,200,是,
彩宝网/8200,福彩3D,2025069,2025-03-20,906,450,308,https://www.8200.cn/kjh/3d/2025069.htm,福彩3D页面口径：同时列出开机号与试机号。,否,200,是,
彩宝网/8200,排列三,2025070,2025-03-21,771,598,,https://www.8200.cn/kjh/p3/2025070.htm,排列三页面所列三位试机号；排列三与排列五共用同一期体彩摇奖流程。,否,200,是,
一定牛/ydniu,排列五,2025070,2025-03-21,77115,70520,,https://m.ydniu.com/kaijiang/pl5/sjh/2025070.html,页面明确标注为排列五五位模拟试机号，属于互联网模拟数据，不是官方试机号。,是,200,是,
3D之家/3d178,福彩3D,2025070,2025-03-21,748,874,,https://www.3d178.cn/kaijiang/2025/2025070.shtml,3D之家页面所列试机号；与彩宝网口径可能不同，原样独立保留。,否,200,是,
彩宝网/8200,福彩3D,2025070,2025-03-21,748,872,310,https://www.8200.cn/kjh/3d/2025070.htm,福彩3D页面口径：同时列出开机号与试机号。,否,200,是,
彩宝网/8200,排列三,2025071,2025-03-22,462,401,,https://www.8200.cn/kjh/p3/2025071.htm,排列三页面所列三位试机号；排列三与排列五共用同一期体彩摇奖流程。,否,200,是,
一定牛/ydniu,排列五,2025071,2025-03-22,46288,07601,,https://m.ydniu.com/kaijiang/pl5/sjh/2025071.html,页面明确标注为排列五五位模拟试机号，属于互联网模拟数据，不是官方试机号。,是,200,是,
3D之家/3d178,福彩3D,2025071,2025-03-22,434,053,,https://www.3d178.cn/kaijiang/2025/2025071.shtml,3D之家页面所列试机号；与彩宝网口径可能不同，原样独立保留。,否,200,是,
彩宝网/8200,福彩3D,2025071,2025-03-22,434,483,908,https://www.8200.cn/kjh/3d/2025071.htm,福彩3D页面口径：同时列出开机号与试机号。,否,200,是,
彩宝网/8200,排列三,2025072,2025-03-23,935,290,,https://www.8200.cn/kjh/p3/2025072.htm,排列三页面所列三位试机号；排列三与排列五共用同一期体彩摇奖流程。,否,200,是,
一定牛/ydniu,排列五,2025072,2025-03-23,93594,82949,,https://m.ydniu.com/kaijiang/pl5/sjh/2025072.html,页面明确标注为排列五五位模拟试机号，属于互联网模拟数据，不是官方试机号。,是,200,是,
3D之家/3d178,福彩3D,2025072,2025-03-23,272,787,,https://www.3d178.cn/kaijiang/2025/2025072.shtml,3D之家页面所列试机号；与彩宝网口径可能不同，原样独立保留。,否,200,是,
彩宝网/8200,福彩3D,2025072,2025-03-23,272,537,576,https://www.8200.cn/kjh/3d/2025072.htm,福彩3D页面口径：同时列出开机号与试机号。,否,200,是,
彩宝网/8200,排列三,2025073,2025-03-24,132,804,,https://www.8200.cn/kjh/p3/2025073.htm,排列三页面所列三位试机号；排列三与排列五共用同一期体彩摇奖流程。,否,200,是,
一定牛/ydniu,排列五,2025073,2025-03-24,13299,93244,,https://m.ydniu.com/kaijiang/pl5/sjh/2025073.html,页面明确标注为排列五五位模拟试机号，属于互联网模拟数据，不是官方试机号。,是,200,是,
3D之家/3d178,福彩3D,2025073,2025-03-24,778,422,,https://www.3d178.cn/kaijiang/2025/2025073.shtml,3D之家页面所列试机号；与彩宝网口径可能不同，原样独立保留。,否,200,是,
彩宝网/8200,福彩3D,2025073,2025-03-24,778,819,821,https://www.8200.cn/kjh/3d/2025073.htm,福彩3D页面口径：同时列出开机号与试机号。,否,200,是,
彩宝网/8200,排列三,2025074,2025-03-25,179,547,,https://www.8200.cn/kjh/p3/2025074.htm,排列三页面所列三位试机号；排列三与排列五共用同一期体彩摇奖流程。,否,200,是,
一定牛/ydniu,排列五,2025074,2025-03-25,17962,68138,,https://m.ydniu.com/kaijiang/pl5/sjh/2025074.html,页面明确标注为排列五五位模拟试机号，属于互联网模拟数据，不是官方试机号。,是,200,是,
3D之家/3d178,福彩3D,2025074,2025-03-25,419,215,,https://www.3d178.cn/kaijiang/2025/2025074.shtml,3D之家页面所列试机号；与彩宝网口径可能不同，原样独立保留。,否,200,是,
彩宝网/8200,福彩3D,2025074,2025-03-25,419,651,810,https://www.8200.cn/kjh/3d/2025074.htm,福彩3D页面口径：同时列出开机号与试机号。,否,200,是,
彩宝网/8200,排列三,2025075,2025-03-26,743,967,,https://www.8200.cn/kjh/p3/2025075.htm,排列三页面所列三位试机号；排列三与排列五共用同一期体彩摇奖流程。,否,200,是,
一定牛/ydniu,排列五,2025075,2025-03-26,74373,20874,,https://m.ydniu.com/kaijiang/pl5/sjh/2025075.html,页面明确标注为排列五五位模拟试机号，属于互联网模拟数据，不是官方试机号。,是,200,是,
3D之家/3d178,福彩3D,2025075,2025-03-26,709,214,,https://www.3d178.cn/kaijiang/2025/2025075.shtml,3D之家页面所列试机号；与彩宝网口径可能不同，原样独立保留。,否,200,是,
彩宝网/8200,福彩3D,2025075,2025-03-26,709,840,867,https://www.8200.cn/kjh/3d/2025075.htm,福彩3D页面口径：同时列出开机号与试机号。,否,200,是,
彩宝网/8200,排列三,2025076,2025-03-27,407,934,,https://www.8200.cn/kjh/p3/2025076.htm,排列三页面所列三位试机号；排列三与排列五共用同一期体彩摇奖流程。,否,200,是,
一定牛/ydniu,排列五,2025076,2025-03-27,40750,38756,,https://m.ydniu.com/kaijiang/pl5/sjh/2025076.html,页面明确标注为排列五五位模拟试机号，属于互联网模拟数据，不是官方试机号。,是,200,是,
3D之家/3d178,福彩3D,2025076,2025-03-27,781,843,,https://www.3d178.cn/kaijiang/2025/2025076.shtml,3D之家页面所列试机号；与彩宝网口径可能不同，原样独立保留。,否,200,是,
彩宝网/8200,福彩3D,2025076,2025-03-27,781,514,538,https://www.8200.cn/kjh/3d/2025076.htm,福彩3D页面口径：同时列出开机号与试机号。,否,200,是,
彩宝网/8200,排列三,2025077,2025-03-28,425,925,,https://www.8200.cn/kjh/p3/2025077.htm,排列三页面所列三位试机号；排列三与排列五共用同一期体彩摇奖流程。,否,200,是,
一定牛/ydniu,排列五,2025077,2025-03-28,42579,08662,,https://m.ydniu.com/kaijiang/pl5/sjh/2025077.html,页面明确标注为排列五五位模拟试机号，属于互联网模拟数据，不是官方试机号。,是,200,是,
3D之家/3d178,福彩3D,2025077,2025-03-28,625,866,,https://www.3d178.cn/kaijiang/2025/2025077.shtml,3D之家页面所列试机号；与彩宝网口径可能不同，原样独立保留。,否,200,是,
彩宝网/8200,福彩3D,2025077,2025-03-28,625,463,147,https://www.8200.cn/kjh/3d/2025077.htm,福彩3D页面口径：同时列出开机号与试机号。,否,200,是,
彩宝网/8200,排列三,2025078,2025-03-29,113,395,,https://www.8200.cn/kjh/p3/2025078.htm,排列三页面所列三位试机号；排列三与排列五共用同一期体彩摇奖流程。,否,200,是,
一定牛/ydniu,排列五,2025078,2025-03-29,11346,23499,,https://m.ydniu.com/kaijiang/pl5/sjh/2025078.html,页面明确标注为排列五五位模拟试机号，属于互联网模拟数据，不是官方试机号。,是,200,是,
3D之家/3d178,福彩3D,2025078,2025-03-29,000,737,,https://www.3d178.cn/kaijiang/2025/2025078.shtml,3D之家页面所列试机号；与彩宝网口径可能不同，原样独立保留。,否,200,是,
彩宝网/8200,福彩3D,2025078,2025-03-29,000,251,016,https://www.8200.cn/kjh/3d/2025078.htm,福彩3D页面口径：同时列出开机号与试机号。,否,200,是,
彩宝网/8200,排列三,2025079,2025-03-30,296,108,,https://www.8200.cn/kjh/p3/2025079.htm,排列三页面所列三位试机号；排列三与排列五共用同一期体彩摇奖流程。,否,200,是,
一定牛/ydniu,排列五,2025079,2025-03-30,29676,82823,,https://m.ydniu.com/kaijiang/pl5/sjh/2025079.html,页面明确标注为排列五五位模拟试机号，属于互联网模拟数据，不是官方试机号。,是,200,是,
3D之家/3d178,福彩3D,2025079,2025-03-30,657,310,,https://www.3d178.cn/kaijiang/2025/2025079.shtml,3D之家页面所列试机号；与彩宝网口径可能不同，原样独立保留。,否,200,是,
彩宝网/8200,福彩3D,2025079,2025-03-30,657,685,153,https://www.8200.cn/kjh/3d/2025079.htm,福彩3D页面口径：同时列出开机号与试机号。,否,200,是,
彩宝网/8200,排列三,2025080,2025-03-31,738,683,,https://www.8200.cn/kjh/p3/2025080.htm,排列三页面所列三位试机号；排列三与排列五共用同一期体彩摇奖流程。,否,200,是,
一定牛/ydniu,排列五,2025080,2025-03-31,73864,12355,,https://m.ydniu.com/kaijiang/pl5/sjh/2025080.html,页面明确标注为排列五五位模拟试机号，属于互联网模拟数据，不是官方试机号。,是,200,是,
3D之家/3d178,福彩3D,2025080,2025-03-31,500,757,,https://www.3d178.cn/kaijiang/2025/2025080.shtml,3D之家页面所列试机号；与彩宝网口径可能不同，原样独立保留。,否,200,是,
彩宝网/8200,福彩3D,2025080,2025-03-31,500,983,850,https://www.8200.cn/kjh/3d/2025080.htm,福彩3D页面口径：同时列出开机号与试机号。,否,200,是,
彩宝网/8200,排列三,2025081,2025-04-01,766,971,,https://www.8200.cn/kjh/p3/2025081.htm,排列三页面所列三位试机号；排列三与排列五共用同一期体彩摇奖流程。,否,200,是,
一定牛/ydniu,排列五,2025081,2025-04-01,76683,51323,,https://m.ydniu.com/kaijiang/pl5/sjh/2025081.html,页面明确标注为排列五五位模拟试机号，属于互联网模拟数据，不是官方试机号。,是,200,是,
3D之家/3d178,福彩3D,2025081,2025-04-01,403,388,,https://www.3d178.cn/kaijiang/2025/2025081.shtml,3D之家页面所列试机号；与彩宝网口径可能不同，原样独立保留。,否,200,是,
彩宝网/8200,福彩3D,2025081,2025-04-01,403,607,807,https://www.8200.cn/kjh/3d/2025081.htm,福彩3D页面口径：同时列出开机号与试机号。,否,200,是,
彩宝网/8200,排列三,2025082,2025-04-02,344,647,,https://www.8200.cn/kjh/p3/2025082.htm,排列三页面所列三位试机号；排列三与排列五共用同一期体彩摇奖流程。,否,200,是,
一定牛/ydniu,排列五,2025082,2025-04-02,34452,51663,,https://m.ydniu.com/kaijiang/pl5/sjh/2025082.html,页面明确标注为排列五五位模拟试机号，属于互联网模拟数据，不是官方试机号。,是,200,是,
3D之家/3d178,福彩3D,2025082,2025-04-02,417,753,,https://www.3d178.cn/kaijiang/2025/2025082.shtml,3D之家页面所列试机号；与彩宝网口径可能不同，原样独立保留。,否,200,是,
彩宝网/8200,福彩3D,2025082,2025-04-02,417,418,417,https://www.8200.cn/kjh/3d/2025082.htm,福彩3D页面口径：同时列出开机号与试机号。,否,200,是,
彩宝网/8200,排列三,2025083,2025-04-03,593,172,,https://www.8200.cn/kjh/p3/2025083.htm,排列三页面所列三位试机号；排列三与排列五共用同一期体彩摇奖流程。,否,200,是,
一定牛/ydniu,排列五,2025083,2025-04-03,59397,09178,,https://m.ydniu.com/kaijiang/pl5/sjh/2025083.html,页面明确标注为排列五五位模拟试机号，属于互联网模拟数据，不是官方试机号。,是,200,是,
3D之家/3d178,福彩3D,2025083,2025-04-03,915,353,,https://www.3d178.cn/kaijiang/2025/2025083.shtml,3D之家页面所列试机号；与彩宝网口径可能不同，原样独立保留。,否,200,是,
彩宝网/8200,福彩3D,2025083,2025-04-03,915,703,096,https://www.8200.cn/kjh/3d/2025083.htm,福彩3D页面口径：同时列出开机号与试机号。,否,200,是,
彩宝网/8200,排列三,2025084,2025-04-04,304,704,,https://www.8200.cn/kjh/p3/2025084.htm,排列三页面所列三位试机号；排列三与排列五共用同一期体彩摇奖流程。,否,200,是,
一定牛/ydniu,排列五,2025084,2025-04-04,30475,00003,,https://m.ydniu.com/kaijiang/pl5/sjh/2025084.html,页面明确标注为排列五五位模拟试机号，属于互联网模拟数据，不是官方试机号。,是,200,是,
3D之家/3d178,福彩3D,2025084,2025-04-04,030,273,,https://www.3d178.cn/kaijiang/2025/2025084.shtml,3D之家页面所列试机号；与彩宝网口径可能不同，原样独立保留。,否,200,是,
彩宝网/8200,福彩3D,2025084,2025-04-04,030,927,846,https://www.8200.cn/kjh/3d/2025084.htm,福彩3D页面口径：同时列出开机号与试机号。,否,200,是,
彩宝网/8200,排列三,2025085,2025-04-05,353,215,,https://www.8200.cn/kjh/p3/2025085.htm,排列三页面所列三位试机号；排列三与排列五共用同一期体彩摇奖流程。,否,200,是,
一定牛/ydniu,排列五,2025085,2025-04-05,35327,16469,,https://m.ydniu.com/kaijiang/pl5/sjh/2025085.html,页面明确标注为排列五五位模拟试机号，属于互联网模拟数据，不是官方试机号。,是,200,是,
3D之家/3d178,福彩3D,2025085,2025-04-05,338,241,,https://www.3d178.cn/kaijiang/2025/2025085.shtml,3D之家页面所列试机号；与彩宝网口径可能不同，原样独立保留。,否,200,是,
彩宝网/8200,福彩3D,2025085,2025-04-05,338,759,639,https://www.8200.cn/kjh/3d/2025085.htm,福彩3D页面口径：同时列出开机号与试机号。,否,200,是,
彩宝网/8200,排列三,2025086,2025-04-06,634,193,,https://www.8200.cn/kjh/p3/2025086.htm,排列三页面所列三位试机号；排列三与排列五共用同一期体彩摇奖流程。,否,200,是,
一定牛/ydniu,排列五,2025086,2025-04-06,63444,59325,,https://m.ydniu.com/kaijiang/pl5/sjh/2025086.html,页面明确标注为排列五五位模拟试机号，属于互联网模拟数据，不是官方试机号。,是,200,是,
3D之家/3d178,福彩3D,2025086,2025-04-06,388,778,,https://www.3d178.cn/kaijiang/2025/2025086.shtml,3D之家页面所列试机号；与彩宝网口径可能不同，原样独立保留。,否,200,是,
彩宝网/8200,福彩3D,2025086,2025-04-06,388,288,163,https://www.8200.cn/kjh/3d/2025086.htm,福彩3D页面口径：同时列出开机号与试机号。,否,200,是,
彩宝网/8200,排列三,2025087,2025-04-07,845,297,,https://www.8200.cn/kjh/p3/2025087.htm,排列三页面所列三位试机号；排列三与排列五共用同一期体彩摇奖流程。,否,200,是,
一定牛/ydniu,排列五,2025087,2025-04-07,84579,86396,,https://m.ydniu.com/kaijiang/pl5/sjh/2025087.html,页面明确标注为排列五五位模拟试机号，属于互联网模拟数据，不是官方试机号。,是,200,是,
3D之家/3d178,福彩3D,2025087,2025-04-07,826,968,,https://www.3d178.cn/kaijiang/2025/2025087.shtml,3D之家页面所列试机号；与彩宝网口径可能不同，原样独立保留。,否,200,是,
彩宝网/8200,福彩3D,2025087,2025-04-07,826,164,472,https://www.8200.cn/kjh/3d/2025087.htm,福彩3D页面口径：同时列出开机号与试机号。,否,200,是,
彩宝网/8200,排列三,2025088,2025-04-08,222,874,,https://www.8200.cn/kjh/p3/2025088.htm,排列三页面所列三位试机号；排列三与排列五共用同一期体彩摇奖流程。,否,200,是,
一定牛/ydniu,排列五,2025088,2025-04-08,22231,63862,,https://m.ydniu.com/kaijiang/pl5/sjh/2025088.html,页面明确标注为排列五五位模拟试机号，属于互联网模拟数据，不是官方试机号。,是,200,是,
3D之家/3d178,福彩3D,2025088,2025-04-08,022,980,,https://www.3d178.cn/kaijiang/2025/2025088.shtml,3D之家页面所列试机号；与彩宝网口径可能不同，原样独立保留。,否,200,是,
彩宝网/8200,福彩3D,2025088,2025-04-08,022,598,386,https://www.8200.cn/kjh/3d/2025088.htm,福彩3D页面口径：同时列出开机号与试机号。,否,200,是,
彩宝网/8200,排列三,2025089,2025-04-09,208,865,,https://www.8200.cn/kjh/p3/2025089.htm,排列三页面所列三位试机号；排列三与排列五共用同一期体彩摇奖流程。,否,200,是,
一定牛/ydniu,排列五,2025089,2025-04-09,20883,70181,,https://m.ydniu.com/kaijiang/pl5/sjh/2025089.html,页面明确标注为排列五五位模拟试机号，属于互联网模拟数据，不是官方试机号。,是,200,是,
3D之家/3d178,福彩3D,2025089,2025-04-09,658,969,,https://www.3d178.cn/kaijiang/2025/2025089.shtml,3D之家页面所列试机号；与彩宝网口径可能不同，原样独立保留。,否,200,是,
彩宝网/8200,福彩3D,2025089,2025-04-09,658,730,651,https://www.8200.cn/kjh/3d/2025089.htm,福彩3D页面口径：同时列出开机号与试机号。,否,200,是,
彩宝网/8200,排列三,2025090,2025-04-10,993,309,,https://www.8200.cn/kjh/p3/2025090.htm,排列三页面所列三位试机号；排列三与排列五共用同一期体彩摇奖流程。,否,200,是,
一定牛/ydniu,排列五,2025090,2025-04-10,99348,73489,,https://m.ydniu.com/kaijiang/pl5/sjh/2025090.html,页面明确标注为排列五五位模拟试机号，属于互联网模拟数据，不是官方试机号。,是,200,是,
3D之家/3d178,福彩3D,2025090,2025-04-10,159,116,,https://www.3d178.cn/kaijiang/2025/2025090.shtml,3D之家页面所列试机号；与彩宝网口径可能不同，原样独立保留。,否,200,是,
彩宝网/8200,福彩3D,2025090,2025-04-10,159,924,318,https://www.8200.cn/kjh/3d/2025090.htm,福彩3D页面口径：同时列出开机号与试机号。,否,200,是,
彩宝网/8200,排列三,2025091,2025-04-11,830,581,,https://www.8200.cn/kjh/p3/2025091.htm,排列三页面所列三位试机号；排列三与排列五共用同一期体彩摇奖流程。,否,200,是,
一定牛/ydniu,排列五,2025091,2025-04-11,83006,65670,,https://m.ydniu.com/kaijiang/pl5/sjh/2025091.html,页面明确标注为排列五五位模拟试机号，属于互联网模拟数据，不是官方试机号。,是,200,是,
3D之家/3d178,福彩3D,2025091,2025-04-11,135,659,,https://www.3d178.cn/kaijiang/2025/2025091.shtml,3D之家页面所列试机号；与彩宝网口径可能不同，原样独立保留。,否,200,是,
彩宝网/8200,福彩3D,2025091,2025-04-11,135,553,719,https://www.8200.cn/kjh/3d/2025091.htm,福彩3D页面口径：同时列出开机号与试机号。,否,200,是,
彩宝网/8200,排列三,2025092,2025-04-12,721,659,,https://www.8200.cn/kjh/p3/2025092.htm,排列三页面所列三位试机号；排列三与排列五共用同一期体彩摇奖流程。,否,200,是,
一定牛/ydniu,排列五,2025092,2025-04-12,72194,14525,,https://m.ydniu.com/kaijiang/pl5/sjh/2025092.html,页面明确标注为排列五五位模拟试机号，属于互联网模拟数据，不是官方试机号。,是,200,是,
3D之家/3d178,福彩3D,2025092,2025-04-12,317,156,,https://www.3d178.cn/kaijiang/2025/2025092.shtml,3D之家页面所列试机号；与彩宝网口径可能不同，原样独立保留。,否,200,是,
彩宝网/8200,福彩3D,2025092,2025-04-12,317,934,901,https://www.8200.cn/kjh/3d/2025092.htm,福彩3D页面口径：同时列出开机号与试机号。,否,200,是,
彩宝网/8200,排列三,2025093,2025-04-13,432,761,,https://www.8200.cn/kjh/p3/2025093.htm,排列三页面所列三位试机号；排列三与排列五共用同一期体彩摇奖流程。,否,200,是,
一定牛/ydniu,排列五,2025093,2025-04-13,43225,71661,,https://m.ydniu.com/kaijiang/pl5/sjh/2025093.html,页面明确标注为排列五五位模拟试机号，属于互联网模拟数据，不是官方试机号。,是,200,是,
3D之家/3d178,福彩3D,2025093,2025-04-13,545,115,,https://www.3d178.cn/kaijiang/2025/2025093.shtml,3D之家页面所列试机号；与彩宝网口径可能不同，原样独立保留。,否,200,是,
彩宝网/8200,福彩3D,2025093,2025-04-13,545,486,540,https://www.8200.cn/kjh/3d/2025093.htm,福彩3D页面口径：同时列出开机号与试机号。,否,200,是,
彩宝网/8200,排列三,2025094,2025-04-14,534,845,,https://www.8200.cn/kjh/p3/2025094.htm,排列三页面所列三位试机号；排列三与排列五共用同一期体彩摇奖流程。,否,200,是,
一定牛/ydniu,排列五,2025094,2025-04-14,53406,31679,,https://m.ydniu.com/kaijiang/pl5/sjh/2025094.html,页面明确标注为排列五五位模拟试机号，属于互联网模拟数据，不是官方试机号。,是,200,是,
3D之家/3d178,福彩3D,2025094,2025-04-14,649,739,,https://www.3d178.cn/kaijiang/2025/2025094.shtml,3D之家页面所列试机号；与彩宝网口径可能不同，原样独立保留。,否,200,是,
彩宝网/8200,福彩3D,2025094,2025-04-14,649,701,684,https://www.8200.cn/kjh/3d/2025094.htm,福彩3D页面口径：同时列出开机号与试机号。,否,200,是,
彩宝网/8200,排列三,2025095,2025-04-15,672,629,,https://www.8200.cn/kjh/p3/2025095.htm,排列三页面所列三位试机号；排列三与排列五共用同一期体彩摇奖流程。,否,200,是,
一定牛/ydniu,排列五,2025095,2025-04-15,67278,36296,,https://m.ydniu.com/kaijiang/pl5/sjh/2025095.html,页面明确标注为排列五五位模拟试机号，属于互联网模拟数据，不是官方试机号。,是,200,是,
3D之家/3d178,福彩3D,2025095,2025-04-15,068,218,,https://www.3d178.cn/kaijiang/2025/2025095.shtml,3D之家页面所列试机号；与彩宝网口径可能不同，原样独立保留。,否,200,是,
彩宝网/8200,福彩3D,2025095,2025-04-15,068,942,834,https://www.8200.cn/kjh/3d/2025095.htm,福彩3D页面口径：同时列出开机号与试机号。,否,200,是,
彩宝网/8200,排列三,2025096,2025-04-16,948,326,,https://www.8200.cn/kjh/p3/2025096.htm,排列三页面所列三位试机号；排列三与排列五共用同一期体彩摇奖流程。,否,200,是,
一定牛/ydniu,排列五,2025096,2025-04-16,94871,55522,,https://m.ydniu.com/kaijiang/pl5/sjh/2025096.html,页面明确标注为排列五五位模拟试机号，属于互联网模拟数据，不是官方试机号。,是,200,是,
3D之家/3d178,福彩3D,2025096,2025-04-16,385,043,,https://www.3d178.cn/kaijiang/2025/2025096.shtml,3D之家页面所列试机号；与彩宝网口径可能不同，原样独立保留。,否,200,是,
彩宝网/8200,福彩3D,2025096,2025-04-16,385,513,034,https://www.8200.cn/kjh/3d/2025096.htm,福彩3D页面口径：同时列出开机号与试机号。,否,200,是,
彩宝网/8200,排列三,2025097,2025-04-17,171,972,,https://www.8200.cn/kjh/p3/2025097.htm,排列三页面所列三位试机号；排列三与排列五共用同一期体彩摇奖流程。,否,200,是,
一定牛/ydniu,排列五,2025097,2025-04-17,17169,57491,,https://m.ydniu.com/kaijiang/pl5/sjh/2025097.html,页面明确标注为排列五五位模拟试机号，属于互联网模拟数据，不是官方试机号。,是,200,是,
3D之家/3d178,福彩3D,2025097,2025-04-17,542,703,,https://www.3d178.cn/kaijiang/2025/2025097.shtml,3D之家页面所列试机号；与彩宝网口径可能不同，原样独立保留。,否,200,是,
彩宝网/8200,福彩3D,2025097,2025-04-17,542,429,761,https://www.8200.cn/kjh/3d/2025097.htm,福彩3D页面口径：同时列出开机号与试机号。,否,200,是,
彩宝网/8200,排列三,2025098,2025-04-18,192,815,,https://www.8200.cn/kjh/p3/2025098.htm,排列三页面所列三位试机号；排列三与排列五共用同一期体彩摇奖流程。,否,200,是,
一定牛/ydniu,排列五,2025098,2025-04-18,19275,62433,,https://m.ydniu.com/kaijiang/pl5/sjh/2025098.html,页面明确标注为排列五五位模拟试机号，属于互联网模拟数据，不是官方试机号。,是,200,是,
3D之家/3d178,福彩3D,2025098,2025-04-18,714,698,,https://www.3d178.cn/kaijiang/2025/2025098.shtml,3D之家页面所列试机号；与彩宝网口径可能不同，原样独立保留。,否,200,是,
彩宝网/8200,福彩3D,2025098,2025-04-18,714,651,365,https://www.8200.cn/kjh/3d/2025098.htm,福彩3D页面口径：同时列出开机号与试机号。,否,200,是,
彩宝网/8200,排列三,2025099,2025-04-19,174,429,,https://www.8200.cn/kjh/p3/2025099.htm,排列三页面所列三位试机号；排列三与排列五共用同一期体彩摇奖流程。,否,200,是,
一定牛/ydniu,排列五,2025099,2025-04-19,17451,83814,,https://m.ydniu.com/kaijiang/pl5/sjh/2025099.html,页面明确标注为排列五五位模拟试机号，属于互联网模拟数据，不是官方试机号。,是,200,是,
3D之家/3d178,福彩3D,2025099,2025-04-19,707,004,,https://www.3d178.cn/kaijiang/2025/2025099.shtml,3D之家页面所列试机号；与彩宝网口径可能不同，原样独立保留。,否,200,是,
彩宝网/8200,福彩3D,2025099,2025-04-19,707,738,213,https://www.8200.cn/kjh/3d/2025099.htm,福彩3D页面口径：同时列出开机号与试机号。,否,200,是,
彩宝网/8200,排列三,2025100,2025-04-20,997,624,,https://www.8200.cn/kjh/p3/2025100.htm,排列三页面所列三位试机号；排列三与排列五共用同一期体彩摇奖流程。,否,200,是,
一定牛/ydniu,排列五,2025100,2025-04-20,99702,52788,,https://m.ydniu.com/kaijiang/pl5/sjh/2025100.html,页面明确标注为排列五五位模拟试机号，属于互联网模拟数据，不是官方试机号。,是,200,是,
3D之家/3d178,福彩3D,2025100,2025-04-20,953,877,,https://www.3d178.cn/kaijiang/2025/2025100.shtml,3D之家页面所列试机号；与彩宝网口径可能不同，原样独立保留。,否,200,是,
彩宝网/8200,福彩3D,2025100,2025-04-20,953,599,892,https://www.8200.cn/kjh/3d/2025100.htm,福彩3D页面口径：同时列出开机号与试机号。,否,200,是,
彩宝网/8200,排列三,2025101,2025-04-21,911,842,,https://www.8200.cn/kjh/p3/2025101.htm,排列三页面所列三位试机号；排列三与排列五共用同一期体彩摇奖流程。,否,200,是,
一定牛/ydniu,排列五,2025101,2025-04-21,91157,54161,,https://m.ydniu.com/kaijiang/pl5/sjh/2025101.html,页面明确标注为排列五五位模拟试机号，属于互联网模拟数据，不是官方试机号。,是,200,是,
3D之家/3d178,福彩3D,2025101,2025-04-21,016,817,,https://www.3d178.cn/kaijiang/2025/2025101.shtml,3D之家页面所列试机号；与彩宝网口径可能不同，原样独立保留。,否,200,是,
彩宝网/8200,福彩3D,2025101,2025-04-21,016,657,034,https://www.8200.cn/kjh/3d/2025101.htm,福彩3D页面口径：同时列出开机号与试机号。,否,200,是,
彩宝网/8200,排列三,2025102,2025-04-22,233,807,,https://www.8200.cn/kjh/p3/2025102.htm,排列三页面所列三位试机号；排列三与排列五共用同一期体彩摇奖流程。,否,200,是,
一定牛/ydniu,排列五,2025102,2025-04-22,23343,55601,,https://m.ydniu.com/kaijiang/pl5/sjh/2025102.html,页面明确标注为排列五五位模拟试机号，属于互联网模拟数据，不是官方试机号。,是,200,是,
3D之家/3d178,福彩3D,2025102,2025-04-22,161,148,,https://www.3d178.cn/kaijiang/2025/2025102.shtml,3D之家页面所列试机号；与彩宝网口径可能不同，原样独立保留。,否,200,是,
彩宝网/8200,福彩3D,2025102,2025-04-22,161,204,270,https://www.8200.cn/kjh/3d/2025102.htm,福彩3D页面口径：同时列出开机号与试机号。,否,200,是,
彩宝网/8200,排列三,2025103,2025-04-23,471,518,,https://www.8200.cn/kjh/p3/2025103.htm,排列三页面所列三位试机号；排列三与排列五共用同一期体彩摇奖流程。,否,200,是,
一定牛/ydniu,排列五,2025103,2025-04-23,47140,05314,,https://m.ydniu.com/kaijiang/pl5/sjh/2025103.html,页面明确标注为排列五五位模拟试机号，属于互联网模拟数据，不是官方试机号。,是,200,是,
3D之家/3d178,福彩3D,2025103,2025-04-23,370,373,,https://www.3d178.cn/kaijiang/2025/2025103.shtml,3D之家页面所列试机号；与彩宝网口径可能不同，原样独立保留。,否,200,是,
彩宝网/8200,福彩3D,2025103,2025-04-23,370,492,641,https://www.8200.cn/kjh/3d/2025103.htm,福彩3D页面口径：同时列出开机号与试机号。,否,200,是,
彩宝网/8200,排列三,2025104,2025-04-24,144,412,,https://www.8200.cn/kjh/p3/2025104.htm,排列三页面所列三位试机号；排列三与排列五共用同一期体彩摇奖流程。,否,200,是,
一定牛/ydniu,排列五,2025104,2025-04-24,14491,52522,,https://m.ydniu.com/kaijiang/pl5/sjh/2025104.html,页面明确标注为排列五五位模拟试机号，属于互联网模拟数据，不是官方试机号。,是,200,是,
3D之家/3d178,福彩3D,2025104,2025-04-24,877,061,,https://www.3d178.cn/kaijiang/2025/2025104.shtml,3D之家页面所列试机号；与彩宝网口径可能不同，原样独立保留。,否,200,是,
彩宝网/8200,福彩3D,2025104,2025-04-24,877,817,167,https://www.8200.cn/kjh/3d/2025104.htm,福彩3D页面口径：同时列出开机号与试机号。,否,200,是,
彩宝网/8200,排列三,2025105,2025-04-25,084,502,,https://www.8200.cn/kjh/p3/2025105.htm,排列三页面所列三位试机号；排列三与排列五共用同一期体彩摇奖流程。,否,200,是,
一定牛/ydniu,排列五,2025105,2025-04-25,08492,88405,,https://m.ydniu.com/kaijiang/pl5/sjh/2025105.html,页面明确标注为排列五五位模拟试机号，属于互联网模拟数据，不是官方试机号。,是,200,是,
3D之家/3d178,福彩3D,2025105,2025-04-25,015,295,,https://www.3d178.cn/kaijiang/2025/2025105.shtml,3D之家页面所列试机号；与彩宝网口径可能不同，原样独立保留。,否,200,是,
彩宝网/8200,福彩3D,2025105,2025-04-25,015,968,754,https://www.8200.cn/kjh/3d/2025105.htm,福彩3D页面口径：同时列出开机号与试机号。,否,200,是,
彩宝网/8200,排列三,2025106,2025-04-26,076,924,,https://www.8200.cn/kjh/p3/2025106.htm,排列三页面所列三位试机号；排列三与排列五共用同一期体彩摇奖流程。,否,200,是,
一定牛/ydniu,排列五,2025106,2025-04-26,07676,28465,,https://m.ydniu.com/kaijiang/pl5/sjh/2025106.html,页面明确标注为排列五五位模拟试机号，属于互联网模拟数据，不是官方试机号。,是,200,是,
3D之家/3d178,福彩3D,2025106,2025-04-26,752,684,,https://www.3d178.cn/kaijiang/2025/2025106.shtml,3D之家页面所列试机号；与彩宝网口径可能不同，原样独立保留。,否,200,是,
彩宝网/8200,福彩3D,2025106,2025-04-26,752,473,157,https://www.8200.cn/kjh/3d/2025106.htm,福彩3D页面口径：同时列出开机号与试机号。,否,200,是,
彩宝网/8200,排列三,2025107,2025-04-27,726,589,,https://www.8200.cn/kjh/p3/2025107.htm,排列三页面所列三位试机号；排列三与排列五共用同一期体彩摇奖流程。,否,200,是,
一定牛/ydniu,排列五,2025107,2025-04-27,72627,12809,,https://m.ydniu.com/kaijiang/pl5/sjh/2025107.html,页面明确标注为排列五五位模拟试机号，属于互联网模拟数据，不是官方试机号。,是,200,是,
3D之家/3d178,福彩3D,2025107,2025-04-27,027,357,,https://www.3d178.cn/kaijiang/2025/2025107.shtml,3D之家页面所列试机号；与彩宝网口径可能不同，原样独立保留。,否,200,是,
彩宝网/8200,福彩3D,2025107,2025-04-27,027,895,381,https://www.8200.cn/kjh/3d/2025107.htm,福彩3D页面口径：同时列出开机号与试机号。,否,200,是,
彩宝网/8200,排列三,2025108,2025-04-28,877,769,,https://www.8200.cn/kjh/p3/2025108.htm,排列三页面所列三位试机号；排列三与排列五共用同一期体彩摇奖流程。,否,200,是,
一定牛/ydniu,排列五,2025108,2025-04-28,87742,87818,,https://m.ydniu.com/kaijiang/pl5/sjh/2025108.html,页面明确标注为排列五五位模拟试机号，属于互联网模拟数据，不是官方试机号。,是,200,是,
3D之家/3d178,福彩3D,2025108,2025-04-28,407,219,,https://www.3d178.cn/kaijiang/2025/2025108.shtml,3D之家页面所列试机号；与彩宝网口径可能不同，原样独立保留。,否,200,是,
彩宝网/8200,福彩3D,2025108,2025-04-28,407,431,496,https://www.8200.cn/kjh/3d/2025108.htm,福彩3D页面口径：同时列出开机号与试机号。,否,200,是,
彩宝网/8200,排列三,2025109,2025-04-29,619,193,,https://www.8200.cn/kjh/p3/2025109.htm,排列三页面所列三位试机号；排列三与排列五共用同一期体彩摇奖流程。,否,200,是,
一定牛/ydniu,排列五,2025109,2025-04-29,61979,58884,,https://m.ydniu.com/kaijiang/pl5/sjh/2025109.html,页面明确标注为排列五五位模拟试机号，属于互联网模拟数据，不是官方试机号。,是,200,是,
3D之家/3d178,福彩3D,2025109,2025-04-29,841,056,,https://www.3d178.cn/kaijiang/2025/2025109.shtml,3D之家页面所列试机号；与彩宝网口径可能不同，原样独立保留。,否,200,是,
彩宝网/8200,福彩3D,2025109,2025-04-29,841,287,196,https://www.8200.cn/kjh/3d/2025109.htm,福彩3D页面口径：同时列出开机号与试机号。,否,200,是,
彩宝网/8200,排列三,2025110,2025-04-30,116,983,,https://www.8200.cn/kjh/p3/2025110.htm,排列三页面所列三位试机号；排列三与排列五共用同一期体彩摇奖流程。,否,200,是,
一定牛/ydniu,排列五,2025110,2025-04-30,11652,45296,,https://m.ydniu.com/kaijiang/pl5/sjh/2025110.html,页面明确标注为排列五五位模拟试机号，属于互联网模拟数据，不是官方试机号。,是,200,是,
3D之家/3d178,福彩3D,2025110,2025-04-30,914,506,,https://www.3d178.cn/kaijiang/2025/2025110.shtml,3D之家页面所列试机号；与彩宝网口径可能不同，原样独立保留。,否,200,是,
彩宝网/8200,福彩3D,2025110,2025-04-30,914,589,165,https://www.8200.cn/kjh/3d/2025110.htm,福彩3D页面口径：同时列出开机号与试机号。,否,200,是,
彩宝网/8200,排列三,2025111,2025-05-01,588,821,,https://www.8200.cn/kjh/p3/2025111.htm,排列三页面所列三位试机号；排列三与排列五共用同一期体彩摇奖流程。,否,200,是,
一定牛/ydniu,排列五,2025111,2025-05-01,58886,66977,,https://m.ydniu.com/kaijiang/pl5/sjh/2025111.html,页面明确标注为排列五五位模拟试机号，属于互联网模拟数据，不是官方试机号。,是,200,是,
3D之家/3d178,福彩3D,2025111,2025-05-01,270,275,,https://www.3d178.cn/kaijiang/2025/2025111.shtml,3D之家页面所列试机号；与彩宝网口径可能不同，原样独立保留。,否,200,是,
彩宝网/8200,福彩3D,2025111,2025-05-01,270,917,564,https://www.8200.cn/kjh/3d/2025111.htm,福彩3D页面口径：同时列出开机号与试机号。,否,200,是,
彩宝网/8200,排列三,2025112,2025-05-02,483,309,,https://www.8200.cn/kjh/p3/2025112.htm,排列三页面所列三位试机号；排列三与排列五共用同一期体彩摇奖流程。,否,200,是,
一定牛/ydniu,排列五,2025112,2025-05-02,48386,38473,,https://m.ydniu.com/kaijiang/pl5/sjh/2025112.html,页面明确标注为排列五五位模拟试机号，属于互联网模拟数据，不是官方试机号。,是,200,是,
3D之家/3d178,福彩3D,2025112,2025-05-02,954,735,,https://www.3d178.cn/kaijiang/2025/2025112.shtml,3D之家页面所列试机号；与彩宝网口径可能不同，原样独立保留。,否,200,是,
彩宝网/8200,福彩3D,2025112,2025-05-02,954,085,765,https://www.8200.cn/kjh/3d/2025112.htm,福彩3D页面口径：同时列出开机号与试机号。,否,200,是,
彩宝网/8200,排列三,2025113,2025-05-03,029,846,,https://www.8200.cn/kjh/p3/2025113.htm,排列三页面所列三位试机号；排列三与排列五共用同一期体彩摇奖流程。,否,200,是,
一定牛/ydniu,排列五,2025113,2025-05-03,02975,67277,,https://m.ydniu.com/kaijiang/pl5/sjh/2025113.html,页面明确标注为排列五五位模拟试机号，属于互联网模拟数据，不是官方试机号。,是,200,是,
3D之家/3d178,福彩3D,2025113,2025-05-03,635,572,,https://www.3d178.cn/kaijiang/2025/2025113.shtml,3D之家页面所列试机号；与彩宝网口径可能不同，原样独立保留。,否,200,是,
彩宝网/8200,福彩3D,2025113,2025-05-03,635,374,081,https://www.8200.cn/kjh/3d/2025113.htm,福彩3D页面口径：同时列出开机号与试机号。,否,200,是,
彩宝网/8200,排列三,2025114,2025-05-04,192,713,,https://www.8200.cn/kjh/p3/2025114.htm,排列三页面所列三位试机号；排列三与排列五共用同一期体彩摇奖流程。,否,200,是,
一定牛/ydniu,排列五,2025114,2025-05-04,19240,72777,,https://m.ydniu.com/kaijiang/pl5/sjh/2025114.html,页面明确标注为排列五五位模拟试机号，属于互联网模拟数据，不是官方试机号。,是,200,是,
3D之家/3d178,福彩3D,2025114,2025-05-04,375,962,,https://www.3d178.cn/kaijiang/2025/2025114.shtml,3D之家页面所列试机号；与彩宝网口径可能不同，原样独立保留。,否,200,是,
彩宝网/8200,福彩3D,2025114,2025-05-04,375,971,843,https://www.8200.cn/kjh/3d/2025114.htm,福彩3D页面口径：同时列出开机号与试机号。,否,200,是,
彩宝网/8200,排列三,2025115,2025-05-05,847,570,,https://www.8200.cn/kjh/p3/2025115.htm,排列三页面所列三位试机号；排列三与排列五共用同一期体彩摇奖流程。,否,200,是,
一定牛/ydniu,排列五,2025115,2025-05-05,84740,04879,,https://m.ydniu.com/kaijiang/pl5/sjh/2025115.html,页面明确标注为排列五五位模拟试机号，属于互联网模拟数据，不是官方试机号。,是,200,是,
3D之家/3d178,福彩3D,2025115,2025-05-05,206,057,,https://www.3d178.cn/kaijiang/2025/2025115.shtml,3D之家页面所列试机号；与彩宝网口径可能不同，原样独立保留。,否,200,是,
彩宝网/8200,福彩3D,2025115,2025-05-05,206,892,130,https://www.8200.cn/kjh/3d/2025115.htm,福彩3D页面口径：同时列出开机号与试机号。,否,200,是,
彩宝网/8200,排列三,2025116,2025-05-06,360,647,,https://www.8200.cn/kjh/p3/2025116.htm,排列三页面所列三位试机号；排列三与排列五共用同一期体彩摇奖流程。,否,200,是,
一定牛/ydniu,排列五,2025116,2025-05-06,36046,14360,,https://m.ydniu.com/kaijiang/pl5/sjh/2025116.html,页面明确标注为排列五五位模拟试机号，属于互联网模拟数据，不是官方试机号。,是,200,是,
3D之家/3d178,福彩3D,2025116,2025-05-06,320,724,,https://www.3d178.cn/kaijiang/2025/2025116.shtml,3D之家页面所列试机号；与彩宝网口径可能不同，原样独立保留。,否,200,是,
彩宝网/8200,福彩3D,2025116,2025-05-06,320,431,381,https://www.8200.cn/kjh/3d/2025116.htm,福彩3D页面口径：同时列出开机号与试机号。,否,200,是,
彩宝网/8200,排列三,2025117,2025-05-07,170,928,,https://www.8200.cn/kjh/p3/2025117.htm,排列三页面所列三位试机号；排列三与排列五共用同一期体彩摇奖流程。,否,200,是,
一定牛/ydniu,排列五,2025117,2025-05-07,17018,60152,,https://m.ydniu.com/kaijiang/pl5/sjh/2025117.html,页面明确标注为排列五五位模拟试机号，属于互联网模拟数据，不是官方试机号。,是,200,是,
3D之家/3d178,福彩3D,2025117,2025-05-07,849,451,,https://www.3d178.cn/kaijiang/2025/2025117.shtml,3D之家页面所列试机号；与彩宝网口径可能不同，原样独立保留。,否,200,是,
彩宝网/8200,福彩3D,2025117,2025-05-07,849,365,732,https://www.8200.cn/kjh/3d/2025117.htm,福彩3D页面口径：同时列出开机号与试机号。,否,200,是,
彩宝网/8200,排列三,2025118,2025-05-08,255,510,,https://www.8200.cn/kjh/p3/2025118.htm,排列三页面所列三位试机号；排列三与排列五共用同一期体彩摇奖流程。,否,200,是,
一定牛/ydniu,排列五,2025118,2025-05-08,25588,28669,,https://m.ydniu.com/kaijiang/pl5/sjh/2025118.html,页面明确标注为排列五五位模拟试机号，属于互联网模拟数据，不是官方试机号。,是,200,是,
3D之家/3d178,福彩3D,2025118,2025-05-08,621,735,,https://www.3d178.cn/kaijiang/2025/2025118.shtml,3D之家页面所列试机号；与彩宝网口径可能不同，原样独立保留。,否,200,是,
彩宝网/8200,福彩3D,2025118,2025-05-08,621,760,864,https://www.8200.cn/kjh/3d/2025118.htm,福彩3D页面口径：同时列出开机号与试机号。,否,200,是,
彩宝网/8200,排列三,2025119,2025-05-09,703,742,,https://www.8200.cn/kjh/p3/2025119.htm,排列三页面所列三位试机号；排列三与排列五共用同一期体彩摇奖流程。,否,200,是,
一定牛/ydniu,排列五,2025119,2025-05-09,70300,59029,,https://m.ydniu.com/kaijiang/pl5/sjh/2025119.html,页面明确标注为排列五五位模拟试机号，属于互联网模拟数据，不是官方试机号。,是,200,是,
3D之家/3d178,福彩3D,2025119,2025-05-09,315,392,,https://www.3d178.cn/kaijiang/2025/2025119.shtml,3D之家页面所列试机号；与彩宝网口径可能不同，原样独立保留。,否,200,是,
彩宝网/8200,福彩3D,2025119,2025-05-09,315,513,923,https://www.8200.cn/kjh/3d/2025119.htm,福彩3D页面口径：同时列出开机号与试机号。,否,200,是,
彩宝网/8200,排列三,2025120,2025-05-10,401,750,,https://www.8200.cn/kjh/p3/2025120.htm,排列三页面所列三位试机号；排列三与排列五共用同一期体彩摇奖流程。,否,200,是,
一定牛/ydniu,排列五,2025120,2025-05-10,40154,05686,,https://m.ydniu.com/kaijiang/pl5/sjh/2025120.html,页面明确标注为排列五五位模拟试机号，属于互联网模拟数据，不是官方试机号。,是,200,是,
3D之家/3d178,福彩3D,2025120,2025-05-10,912,281,,https://www.3d178.cn/kaijiang/2025/2025120.shtml,3D之家页面所列试机号；与彩宝网口径可能不同，原样独立保留。,否,200,是,
彩宝网/8200,福彩3D,2025120,2025-05-10,912,712,751,https://www.8200.cn/kjh/3d/2025120.htm,福彩3D页面口径：同时列出开机号与试机号。,否,200,是,
彩宝网/8200,排列三,2025121,2025-05-11,424,139,,https://www.8200.cn/kjh/p3/2025121.htm,排列三页面所列三位试机号；排列三与排列五共用同一期体彩摇奖流程。,否,200,是,
一定牛/ydniu,排列五,2025121,2025-05-11,42499,75230,,https://m.ydniu.com/kaijiang/pl5/sjh/2025121.html,页面明确标注为排列五五位模拟试机号，属于互联网模拟数据，不是官方试机号。,是,200,是,
3D之家/3d178,福彩3D,2025121,2025-05-11,120,030,,https://www.3d178.cn/kaijiang/2025/2025121.shtml,3D之家页面所列试机号；与彩宝网口径可能不同，原样独立保留。,否,200,是,
彩宝网/8200,福彩3D,2025121,2025-05-11,120,476,306,https://www.8200.cn/kjh/3d/2025121.htm,福彩3D页面口径：同时列出开机号与试机号。,否,200,是,
彩宝网/8200,排列三,2025122,2025-05-12,030,369,,https://www.8200.cn/kjh/p3/2025122.htm,排列三页面所列三位试机号；排列三与排列五共用同一期体彩摇奖流程。,否,200,是,
一定牛/ydniu,排列五,2025122,2025-05-12,03044,68140,,https://m.ydniu.com/kaijiang/pl5/sjh/2025122.html,页面明确标注为排列五五位模拟试机号，属于互联网模拟数据，不是官方试机号。,是,200,是,
3D之家/3d178,福彩3D,2025122,2025-05-12,488,256,,https://www.3d178.cn/kaijiang/2025/2025122.shtml,3D之家页面所列试机号；与彩宝网口径可能不同，原样独立保留。,否,200,是,
彩宝网/8200,福彩3D,2025122,2025-05-12,488,154,627,https://www.8200.cn/kjh/3d/2025122.htm,福彩3D页面口径：同时列出开机号与试机号。,否,200,是,
彩宝网/8200,排列三,2025123,2025-05-13,842,904,,https://www.8200.cn/kjh/p3/2025123.htm,排列三页面所列三位试机号；排列三与排列五共用同一期体彩摇奖流程。,否,200,是,
一定牛/ydniu,排列五,2025123,2025-05-13,84231,45079,,https://m.ydniu.com/kaijiang/pl5/sjh/2025123.html,页面明确标注为排列五五位模拟试机号，属于互联网模拟数据，不是官方试机号。,是,200,是,
3D之家/3d178,福彩3D,2025123,2025-05-13,725,396,,https://www.3d178.cn/kaijiang/2025/2025123.shtml,3D之家页面所列试机号；与彩宝网口径可能不同，原样独立保留。,否,200,是,
彩宝网/8200,福彩3D,2025123,2025-05-13,725,847,514,https://www.8200.cn/kjh/3d/2025123.htm,福彩3D页面口径：同时列出开机号与试机号。,否,200,是,
彩宝网/8200,排列三,2025124,2025-05-14,527,287,,https://www.8200.cn/kjh/p3/2025124.htm,排列三页面所列三位试机号；排列三与排列五共用同一期体彩摇奖流程。,否,200,是,
一定牛/ydniu,排列五,2025124,2025-05-14,52790,84202,,https://m.ydniu.com/kaijiang/pl5/sjh/2025124.html,页面明确标注为排列五五位模拟试机号，属于互联网模拟数据，不是官方试机号。,是,200,是,
3D之家/3d178,福彩3D,2025124,2025-05-14,809,766,,https://www.3d178.cn/kaijiang/2025/2025124.shtml,3D之家页面所列试机号；与彩宝网口径可能不同，原样独立保留。,否,200,是,
彩宝网/8200,福彩3D,2025124,2025-05-14,809,605,307,https://www.8200.cn/kjh/3d/2025124.htm,福彩3D页面口径：同时列出开机号与试机号。,否,200,是,
彩宝网/8200,排列三,2025125,2025-05-15,627,539,,https://www.8200.cn/kjh/p3/2025125.htm,排列三页面所列三位试机号；排列三与排列五共用同一期体彩摇奖流程。,否,200,是,
一定牛/ydniu,排列五,2025125,2025-05-15,62774,66624,,https://m.ydniu.com/kaijiang/pl5/sjh/2025125.html,页面明确标注为排列五五位模拟试机号，属于互联网模拟数据，不是官方试机号。,是,200,是,
3D之家/3d178,福彩3D,2025125,2025-05-15,351,565,,https://www.3d178.cn/kaijiang/2025/2025125.shtml,3D之家页面所列试机号；与彩宝网口径可能不同，原样独立保留。,否,200,是,
彩宝网/8200,福彩3D,2025125,2025-05-15,351,923,380,https://www.8200.cn/kjh/3d/2025125.htm,福彩3D页面口径：同时列出开机号与试机号。,否,200,是,
彩宝网/8200,排列三,2025126,2025-05-16,184,842,,https://www.8200.cn/kjh/p3/2025126.htm,排列三页面所列三位试机号；排列三与排列五共用同一期体彩摇奖流程。,否,200,是,
一定牛/ydniu,排列五,2025126,2025-05-16,18480,56649,,https://m.ydniu.com/kaijiang/pl5/sjh/2025126.html,页面明确标注为排列五五位模拟试机号，属于互联网模拟数据，不是官方试机号。,是,200,是,
3D之家/3d178,福彩3D,2025126,2025-05-16,320,439,,https://www.3d178.cn/kaijiang/2025/2025126.shtml,3D之家页面所列试机号；与彩宝网口径可能不同，原样独立保留。,否,200,是,
彩宝网/8200,福彩3D,2025126,2025-05-16,320,853,791,https://www.8200.cn/kjh/3d/2025126.htm,福彩3D页面口径：同时列出开机号与试机号。,否,200,是,
彩宝网/8200,排列三,2025127,2025-05-17,492,587,,https://www.8200.cn/kjh/p3/2025127.htm,排列三页面所列三位试机号；排列三与排列五共用同一期体彩摇奖流程。,否,200,是,
一定牛/ydniu,排列五,2025127,2025-05-17,49290,59008,,https://m.ydniu.com/kaijiang/pl5/sjh/2025127.html,页面明确标注为排列五五位模拟试机号，属于互联网模拟数据，不是官方试机号。,是,200,是,
3D之家/3d178,福彩3D,2025127,2025-05-17,431,521,,https://www.3d178.cn/kaijiang/2025/2025127.shtml,3D之家页面所列试机号；与彩宝网口径可能不同，原样独立保留。,否,200,是,
彩宝网/8200,福彩3D,2025127,2025-05-17,431,964,431,https://www.8200.cn/kjh/3d/2025127.htm,福彩3D页面口径：同时列出开机号与试机号。,否,200,是,
彩宝网/8200,排列三,2025128,2025-05-18,870,271,,https://www.8200.cn/kjh/p3/2025128.htm,排列三页面所列三位试机号；排列三与排列五共用同一期体彩摇奖流程。,否,200,是,
一定牛/ydniu,排列五,2025128,2025-05-18,87047,76788,,https://m.ydniu.com/kaijiang/pl5/sjh/2025128.html,页面明确标注为排列五五位模拟试机号，属于互联网模拟数据，不是官方试机号。,是,200,是,
3D之家/3d178,福彩3D,2025128,2025-05-18,814,902,,https://www.3d178.cn/kaijiang/2025/2025128.shtml,3D之家页面所列试机号；与彩宝网口径可能不同，原样独立保留。,否,200,是,
彩宝网/8200,福彩3D,2025128,2025-05-18,814,279,862,https://www.8200.cn/kjh/3d/2025128.htm,福彩3D页面口径：同时列出开机号与试机号。,否,200,是,
彩宝网/8200,排列三,2025129,2025-05-19,189,312,,https://www.8200.cn/kjh/p3/2025129.htm,排列三页面所列三位试机号；排列三与排列五共用同一期体彩摇奖流程。,否,200,是,
一定牛/ydniu,排列五,2025129,2025-05-19,18948,79182,,https://m.ydniu.com/kaijiang/pl5/sjh/2025129.html,页面明确标注为排列五五位模拟试机号，属于互联网模拟数据，不是官方试机号。,是,200,是,
3D之家/3d178,福彩3D,2025129,2025-05-19,915,128,,https://www.3d178.cn/kaijiang/2025/2025129.shtml,3D之家页面所列试机号；与彩宝网口径可能不同，原样独立保留。,否,200,是,
彩宝网/8200,福彩3D,2025129,2025-05-19,915,563,375,https://www.8200.cn/kjh/3d/2025129.htm,福彩3D页面口径：同时列出开机号与试机号。,否,200,是,
彩宝网/8200,排列三,2025130,2025-05-20,068,641,,https://www.8200.cn/kjh/p3/2025130.htm,排列三页面所列三位试机号；排列三与排列五共用同一期体彩摇奖流程。,否,200,是,
一定牛/ydniu,排列五,2025130,2025-05-20,06859,35382,,https://m.ydniu.com/kaijiang/pl5/sjh/2025130.html,页面明确标注为排列五五位模拟试机号，属于互联网模拟数据，不是官方试机号。,是,200,是,
3D之家/3d178,福彩3D,2025130,2025-05-20,204,696,,https://www.3d178.cn/kaijiang/2025/2025130.shtml,3D之家页面所列试机号；与彩宝网口径可能不同，原样独立保留。,否,200,是,
彩宝网/8200,福彩3D,2025130,2025-05-20,204,817,653,https://www.8200.cn/kjh/3d/2025130.htm,福彩3D页面口径：同时列出开机号与试机号。,否,200,是,
彩宝网/8200,排列三,2025131,2025-05-21,367,801,,https://www.8200.cn/kjh/p3/2025131.htm,排列三页面所列三位试机号；排列三与排列五共用同一期体彩摇奖流程。,否,200,是,
一定牛/ydniu,排列五,2025131,2025-05-21,36726,08453,,https://m.ydniu.com/kaijiang/pl5/sjh/2025131.html,页面明确标注为排列五五位模拟试机号，属于互联网模拟数据，不是官方试机号。,是,200,是,
3D之家/3d178,福彩3D,2025131,2025-05-21,203,837,,https://www.3d178.cn/kaijiang/2025/2025131.shtml,3D之家页面所列试机号；与彩宝网口径可能不同，原样独立保留。,否,200,是,
彩宝网/8200,福彩3D,2025131,2025-05-21,203,328,728,https://www.8200.cn/kjh/3d/2025131.htm,福彩3D页面口径：同时列出开机号与试机号。,否,200,是,
彩宝网/8200,排列三,2025132,2025-05-22,275,684,,https://www.8200.cn/kjh/p3/2025132.htm,排列三页面所列三位试机号；排列三与排列五共用同一期体彩摇奖流程。,否,200,是,
一定牛/ydniu,排列五,2025132,2025-05-22,27553,63472,,https://m.ydniu.com/kaijiang/pl5/sjh/2025132.html,页面明确标注为排列五五位模拟试机号，属于互联网模拟数据，不是官方试机号。,是,200,是,
3D之家/3d178,福彩3D,2025132,2025-05-22,689,867,,https://www.3d178.cn/kaijiang/2025/2025132.shtml,3D之家页面所列试机号；与彩宝网口径可能不同，原样独立保留。,否,200,是,
彩宝网/8200,福彩3D,2025132,2025-05-22,689,407,371,https://www.8200.cn/kjh/3d/2025132.htm,福彩3D页面口径：同时列出开机号与试机号。,否,200,是,
彩宝网/8200,排列三,2025133,2025-05-23,866,690,,https://www.8200.cn/kjh/p3/2025133.htm,排列三页面所列三位试机号；排列三与排列五共用同一期体彩摇奖流程。,否,200,是,
一定牛/ydniu,排列五,2025133,2025-05-23,86603,52520,,https://m.ydniu.com/kaijiang/pl5/sjh/2025133.html,页面明确标注为排列五五位模拟试机号，属于互联网模拟数据，不是官方试机号。,是,200,是,
3D之家/3d178,福彩3D,2025133,2025-05-23,645,276,,https://www.3d178.cn/kaijiang/2025/2025133.shtml,3D之家页面所列试机号；与彩宝网口径可能不同，原样独立保留。,否,200,是,
彩宝网/8200,福彩3D,2025133,2025-05-23,645,618,349,https://www.8200.cn/kjh/3d/2025133.htm,福彩3D页面口径：同时列出开机号与试机号。,否,200,是,
彩宝网/8200,排列三,2025134,2025-05-24,510,431,,https://www.8200.cn/kjh/p3/2025134.htm,排列三页面所列三位试机号；排列三与排列五共用同一期体彩摇奖流程。,否,200,是,
一定牛/ydniu,排列五,2025134,2025-05-24,51019,62453,,https://m.ydniu.com/kaijiang/pl5/sjh/2025134.html,页面明确标注为排列五五位模拟试机号，属于互联网模拟数据，不是官方试机号。,是,200,是,
3D之家/3d178,福彩3D,2025134,2025-05-24,748,006,,https://www.3d178.cn/kaijiang/2025/2025134.shtml,3D之家页面所列试机号；与彩宝网口径可能不同，原样独立保留。,否,200,是,
彩宝网/8200,福彩3D,2025134,2025-05-24,748,530,619,https://www.8200.cn/kjh/3d/2025134.htm,福彩3D页面口径：同时列出开机号与试机号。,否,200,是,
彩宝网/8200,排列三,2025135,2025-05-25,816,307,,https://www.8200.cn/kjh/p3/2025135.htm,排列三页面所列三位试机号；排列三与排列五共用同一期体彩摇奖流程。,否,200,是,
一定牛/ydniu,排列五,2025135,2025-05-25,81695,58213,,https://m.ydniu.com/kaijiang/pl5/sjh/2025135.html,页面明确标注为排列五五位模拟试机号，属于互联网模拟数据，不是官方试机号。,是,200,是,
3D之家/3d178,福彩3D,2025135,2025-05-25,458,478,,https://www.3d178.cn/kaijiang/2025/2025135.shtml,3D之家页面所列试机号；与彩宝网口径可能不同，原样独立保留。,否,200,是,
彩宝网/8200,福彩3D,2025135,2025-05-25,458,238,210,https://www.8200.cn/kjh/3d/2025135.htm,福彩3D页面口径：同时列出开机号与试机号。,否,200,是,
彩宝网/8200,排列三,2025136,2025-05-26,324,501,,https://www.8200.cn/kjh/p3/2025136.htm,排列三页面所列三位试机号；排列三与排列五共用同一期体彩摇奖流程。,否,200,是,
一定牛/ydniu,排列五,2025136,2025-05-26,32442,70050,,https://m.ydniu.com/kaijiang/pl5/sjh/2025136.html,页面明确标注为排列五五位模拟试机号，属于互联网模拟数据，不是官方试机号。,是,200,是,
3D之家/3d178,福彩3D,2025136,2025-05-26,113,439,,https://www.3d178.cn/kaijiang/2025/2025136.shtml,3D之家页面所列试机号；与彩宝网口径可能不同，原样独立保留。,否,200,是,
彩宝网/8200,福彩3D,2025136,2025-05-26,113,691,465,https://www.8200.cn/kjh/3d/2025136.htm,福彩3D页面口径：同时列出开机号与试机号。,否,200,是,
彩宝网/8200,排列三,2025137,2025-05-27,721,625,,https://www.8200.cn/kjh/p3/2025137.htm,排列三页面所列三位试机号；排列三与排列五共用同一期体彩摇奖流程。,否,200,是,
一定牛/ydniu,排列五,2025137,2025-05-27,72114,77809,,https://m.ydniu.com/kaijiang/pl5/sjh/2025137.html,页面明确标注为排列五五位模拟试机号，属于互联网模拟数据，不是官方试机号。,是,200,是,
3D之家/3d178,福彩3D,2025137,2025-05-27,838,934,,https://www.3d178.cn/kaijiang/2025/2025137.shtml,3D之家页面所列试机号；与彩宝网口径可能不同，原样独立保留。,否,200,是,
彩宝网/8200,福彩3D,2025137,2025-05-27,838,843,718,https://www.8200.cn/kjh/3d/2025137.htm,福彩3D页面口径：同时列出开机号与试机号。,否,200,是,
彩宝网/8200,排列三,2025138,2025-05-28,895,485,,https://www.8200.cn/kjh/p3/2025138.htm,排列三页面所列三位试机号；排列三与排列五共用同一期体彩摇奖流程。,否,200,是,
一定牛/ydniu,排列五,2025138,2025-05-28,89563,67863,,https://m.ydniu.com/kaijiang/pl5/sjh/2025138.html,页面明确标注为排列五五位模拟试机号，属于互联网模拟数据，不是官方试机号。,是,200,是,
3D之家/3d178,福彩3D,2025138,2025-05-28,296,349,,https://www.3d178.cn/kaijiang/2025/2025138.shtml,3D之家页面所列试机号；与彩宝网口径可能不同，原样独立保留。,否,200,是,
彩宝网/8200,福彩3D,2025138,2025-05-28,296,261,975,https://www.8200.cn/kjh/3d/2025138.htm,福彩3D页面口径：同时列出开机号与试机号。,否,200,是,
彩宝网/8200,排列三,2025139,2025-05-29,155,978,,https://www.8200.cn/kjh/p3/2025139.htm,排列三页面所列三位试机号；排列三与排列五共用同一期体彩摇奖流程。,否,200,是,
一定牛/ydniu,排列五,2025139,2025-05-29,15575,75186,,https://m.ydniu.com/kaijiang/pl5/sjh/2025139.html,页面明确标注为排列五五位模拟试机号，属于互联网模拟数据，不是官方试机号。,是,200,是,
3D之家/3d178,福彩3D,2025139,2025-05-29,598,168,,https://www.3d178.cn/kaijiang/2025/2025139.shtml,3D之家页面所列试机号；与彩宝网口径可能不同，原样独立保留。,否,200,是,
彩宝网/8200,福彩3D,2025139,2025-05-29,598,873,742,https://www.8200.cn/kjh/3d/2025139.htm,福彩3D页面口径：同时列出开机号与试机号。,否,200,是,
彩宝网/8200,排列三,2025140,2025-05-30,267,478,,https://www.8200.cn/kjh/p3/2025140.htm,排列三页面所列三位试机号；排列三与排列五共用同一期体彩摇奖流程。,否,200,是,
一定牛/ydniu,排列五,2025140,2025-05-30,26760,81304,,https://m.ydniu.com/kaijiang/pl5/sjh/2025140.html,页面明确标注为排列五五位模拟试机号，属于互联网模拟数据，不是官方试机号。,是,200,是,
3D之家/3d178,福彩3D,2025140,2025-05-30,149,837,,https://www.3d178.cn/kaijiang/2025/2025140.shtml,3D之家页面所列试机号；与彩宝网口径可能不同，原样独立保留。,否,200,是,
彩宝网/8200,福彩3D,2025140,2025-05-30,149,584,317,https://www.8200.cn/kjh/3d/2025140.htm,福彩3D页面口径：同时列出开机号与试机号。,否,200,是,
彩宝网/8200,排列三,2025141,2025-05-31,475,852,,https://www.8200.cn/kjh/p3/2025141.htm,排列三页面所列三位试机号；排列三与排列五共用同一期体彩摇奖流程。,否,200,是,
一定牛/ydniu,排列五,2025141,2025-05-31,47508,22551,,https://m.ydniu.com/kaijiang/pl5/sjh/2025141.html,页面明确标注为排列五五位模拟试机号，属于互联网模拟数据，不是官方试机号。,是,200,是,
3D之家/3d178,福彩3D,2025141,2025-05-31,202,540,,https://www.3d178.cn/kaijiang/2025/2025141.shtml,3D之家页面所列试机号；与彩宝网口径可能不同，原样独立保留。,否,200,是,
彩宝网/8200,福彩3D,2025141,2025-05-31,202,590,547,https://www.8200.cn/kjh/3d/2025141.htm,福彩3D页面口径：同时列出开机号与试机号。,否,200,是,
彩宝网/8200,排列三,2025142,2025-06-01,343,579,,https://www.8200.cn/kjh/p3/2025142.htm,排列三页面所列三位试机号；排列三与排列五共用同一期体彩摇奖流程。,否,200,是,
一定牛/ydniu,排列五,2025142,2025-06-01,34304,85918,,https://m.ydniu.com/kaijiang/pl5/sjh/2025142.html,页面明确标注为排列五五位模拟试机号，属于互联网模拟数据，不是官方试机号。,是,200,是,
3D之家/3d178,福彩3D,2025142,2025-06-01,916,066,,https://www.3d178.cn/kaijiang/2025/2025142.shtml,3D之家页面所列试机号；与彩宝网口径可能不同，原样独立保留。,否,200,是,
彩宝网/8200,福彩3D,2025142,2025-06-01,916,435,027,https://www.8200.cn/kjh/3d/2025142.htm,福彩3D页面口径：同时列出开机号与试机号。,否,200,是,
彩宝网/8200,排列三,2025143,2025-06-02,944,351,,https://www.8200.cn/kjh/p3/2025143.htm,排列三页面所列三位试机号；排列三与排列五共用同一期体彩摇奖流程。,否,200,是,
一定牛/ydniu,排列五,2025143,2025-06-02,94442,11698,,https://m.ydniu.com/kaijiang/pl5/sjh/2025143.html,页面明确标注为排列五五位模拟试机号，属于互联网模拟数据，不是官方试机号。,是,200,是,
3D之家/3d178,福彩3D,2025143,2025-06-02,256,985,,https://www.3d178.cn/kaijiang/2025/2025143.shtml,3D之家页面所列试机号；与彩宝网口径可能不同，原样独立保留。,否,200,是,
彩宝网/8200,福彩3D,2025143,2025-06-02,256,793,569,https://www.8200.cn/kjh/3d/2025143.htm,福彩3D页面口径：同时列出开机号与试机号。,否,200,是,
彩宝网/8200,排列三,2025144,2025-06-03,389,824,,https://www.8200.cn/kjh/p3/2025144.htm,排列三页面所列三位试机号；排列三与排列五共用同一期体彩摇奖流程。,否,200,是,
一定牛/ydniu,排列五,2025144,2025-06-03,38993,76425,,https://m.ydniu.com/kaijiang/pl5/sjh/2025144.html,页面明确标注为排列五五位模拟试机号，属于互联网模拟数据，不是官方试机号。,是,200,是,
3D之家/3d178,福彩3D,2025144,2025-06-03,666,304,,https://www.3d178.cn/kaijiang/2025/2025144.shtml,3D之家页面所列试机号；与彩宝网口径可能不同，原样独立保留。,否,200,是,
彩宝网/8200,福彩3D,2025144,2025-06-03,666,708,783,https://www.8200.cn/kjh/3d/2025144.htm,福彩3D页面口径：同时列出开机号与试机号。,否,200,是,
彩宝网/8200,排列三,2025145,2025-06-04,471,910,,https://www.8200.cn/kjh/p3/2025145.htm,排列三页面所列三位试机号；排列三与排列五共用同一期体彩摇奖流程。,否,200,是,
一定牛/ydniu,排列五,2025145,2025-06-04,47159,90842,,https://m.ydniu.com/kaijiang/pl5/sjh/2025145.html,页面明确标注为排列五五位模拟试机号，属于互联网模拟数据，不是官方试机号。,是,200,是,
3D之家/3d178,福彩3D,2025145,2025-06-04,267,297,,https://www.3d178.cn/kaijiang/2025/2025145.shtml,3D之家页面所列试机号；与彩宝网口径可能不同，原样独立保留。,否,200,是,
彩宝网/8200,福彩3D,2025145,2025-06-04,267,642,017,https://www.8200.cn/kjh/3d/2025145.htm,福彩3D页面口径：同时列出开机号与试机号。,否,200,是,
彩宝网/8200,排列三,2025146,2025-06-05,822,275,,https://www.8200.cn/kjh/p3/2025146.htm,排列三页面所列三位试机号；排列三与排列五共用同一期体彩摇奖流程。,否,200,是,
一定牛/ydniu,排列五,2025146,2025-06-05,82247,89153,,https://m.ydniu.com/kaijiang/pl5/sjh/2025146.html,页面明确标注为排列五五位模拟试机号，属于互联网模拟数据，不是官方试机号。,是,200,是,
3D之家/3d178,福彩3D,2025146,2025-06-05,897,322,,https://www.3d178.cn/kaijiang/2025/2025146.shtml,3D之家页面所列试机号；与彩宝网口径可能不同，原样独立保留。,否,200,是,
彩宝网/8200,福彩3D,2025146,2025-06-05,897,947,692,https://www.8200.cn/kjh/3d/2025146.htm,福彩3D页面口径：同时列出开机号与试机号。,否,200,是,
彩宝网/8200,排列三,2025147,2025-06-06,023,108,,https://www.8200.cn/kjh/p3/2025147.htm,排列三页面所列三位试机号；排列三与排列五共用同一期体彩摇奖流程。,否,200,是,
一定牛/ydniu,排列五,2025147,2025-06-06,02305,56832,,https://m.ydniu.com/kaijiang/pl5/sjh/2025147.html,页面明确标注为排列五五位模拟试机号，属于互联网模拟数据，不是官方试机号。,是,200,是,
3D之家/3d178,福彩3D,2025147,2025-06-06,321,475,,https://www.3d178.cn/kaijiang/2025/2025147.shtml,3D之家页面所列试机号；与彩宝网口径可能不同，原样独立保留。,否,200,是,
彩宝网/8200,福彩3D,2025147,2025-06-06,321,315,150,https://www.8200.cn/kjh/3d/2025147.htm,福彩3D页面口径：同时列出开机号与试机号。,否,200,是,
彩宝网/8200,排列三,2025148,2025-06-07,557,785,,https://www.8200.cn/kjh/p3/2025148.htm,排列三页面所列三位试机号；排列三与排列五共用同一期体彩摇奖流程。,否,200,是,
一定牛/ydniu,排列五,2025148,2025-06-07,55704,54572,,https://m.ydniu.com/kaijiang/pl5/sjh/2025148.html,页面明确标注为排列五五位模拟试机号，属于互联网模拟数据，不是官方试机号。,是,200,是,
3D之家/3d178,福彩3D,2025148,2025-06-07,838,176,,https://www.3d178.cn/kaijiang/2025/2025148.shtml,3D之家页面所列试机号；与彩宝网口径可能不同，原样独立保留。,否,200,是,
彩宝网/8200,福彩3D,2025148,2025-06-07,838,679,940,https://www.8200.cn/kjh/3d/2025148.htm,福彩3D页面口径：同时列出开机号与试机号。,否,200,是,
彩宝网/8200,排列三,2025149,2025-06-08,772,803,,https://www.8200.cn/kjh/p3/2025149.htm,排列三页面所列三位试机号；排列三与排列五共用同一期体彩摇奖流程。,否,200,是,
一定牛/ydniu,排列五,2025149,2025-06-08,77291,13513,,https://m.ydniu.com/kaijiang/pl5/sjh/2025149.html,页面明确标注为排列五五位模拟试机号，属于互联网模拟数据，不是官方试机号。,是,200,是,
3D之家/3d178,福彩3D,2025149,2025-06-08,734,856,,https://www.3d178.cn/kaijiang/2025/2025149.shtml,3D之家页面所列试机号；与彩宝网口径可能不同，原样独立保留。,否,200,是,
彩宝网/8200,福彩3D,2025149,2025-06-08,734,204,864,https://www.8200.cn/kjh/3d/2025149.htm,福彩3D页面口径：同时列出开机号与试机号。,否,200,是,
彩宝网/8200,排列三,2025150,2025-06-09,212,906,,https://www.8200.cn/kjh/p3/2025150.htm,排列三页面所列三位试机号；排列三与排列五共用同一期体彩摇奖流程。,否,200,是,
一定牛/ydniu,排列五,2025150,2025-06-09,21237,16947,,https://m.ydniu.com/kaijiang/pl5/sjh/2025150.html,页面明确标注为排列五五位模拟试机号，属于互联网模拟数据，不是官方试机号。,是,200,是,
3D之家/3d178,福彩3D,2025150,2025-06-09,321,809,,https://www.3d178.cn/kaijiang/2025/2025150.shtml,3D之家页面所列试机号；与彩宝网口径可能不同，原样独立保留。,否,200,是,
彩宝网/8200,福彩3D,2025150,2025-06-09,321,538,694,https://www.8200.cn/kjh/3d/2025150.htm,福彩3D页面口径：同时列出开机号与试机号。,否,200,是,
彩宝网/8200,排列三,2025151,2025-06-10,686,931,,https://www.8200.cn/kjh/p3/2025151.htm,排列三页面所列三位试机号；排列三与排列五共用同一期体彩摇奖流程。,否,200,是,
一定牛/ydniu,排列五,2025151,2025-06-10,68647,63270,,https://m.ydniu.com/kaijiang/pl5/sjh/2025151.html,页面明确标注为排列五五位模拟试机号，属于互联网模拟数据，不是官方试机号。,是,200,是,
3D之家/3d178,福彩3D,2025151,2025-06-10,718,610,,https://www.3d178.cn/kaijiang/2025/2025151.shtml,3D之家页面所列试机号；与彩宝网口径可能不同，原样独立保留。,否,200,是,
彩宝网/8200,福彩3D,2025151,2025-06-10,718,926,910,https://www.8200.cn/kjh/3d/2025151.htm,福彩3D页面口径：同时列出开机号与试机号。,否,200,是,
彩宝网/8200,排列三,2025152,2025-06-11,747,947,,https://www.8200.cn/kjh/p3/2025152.htm,排列三页面所列三位试机号；排列三与排列五共用同一期体彩摇奖流程。,否,200,是,
一定牛/ydniu,排列五,2025152,2025-06-11,74706,06737,,https://m.ydniu.com/kaijiang/pl5/sjh/2025152.html,页面明确标注为排列五五位模拟试机号，属于互联网模拟数据，不是官方试机号。,是,200,是,
3D之家/3d178,福彩3D,2025152,2025-06-11,210,604,,https://www.3d178.cn/kaijiang/2025/2025152.shtml,3D之家页面所列试机号；与彩宝网口径可能不同，原样独立保留。,否,200,是,
彩宝网/8200,福彩3D,2025152,2025-06-11,210,508,073,https://www.8200.cn/kjh/3d/2025152.htm,福彩3D页面口径：同时列出开机号与试机号。,否,200,是,
彩宝网/8200,排列三,2025153,2025-06-12,894,512,,https://www.8200.cn/kjh/p3/2025153.htm,排列三页面所列三位试机号；排列三与排列五共用同一期体彩摇奖流程。,否,200,是,
一定牛/ydniu,排列五,2025153,2025-06-12,89458,94959,,https://m.ydniu.com/kaijiang/pl5/sjh/2025153.html,页面明确标注为排列五五位模拟试机号，属于互联网模拟数据，不是官方试机号。,是,200,是,
3D之家/3d178,福彩3D,2025153,2025-06-12,069,031,,https://www.3d178.cn/kaijiang/2025/2025153.shtml,3D之家页面所列试机号；与彩宝网口径可能不同，原样独立保留。,否,200,是,
彩宝网/8200,福彩3D,2025153,2025-06-12,069,241,173,https://www.8200.cn/kjh/3d/2025153.htm,福彩3D页面口径：同时列出开机号与试机号。,否,200,是,
彩宝网/8200,排列三,2025154,2025-06-13,989,538,,https://www.8200.cn/kjh/p3/2025154.htm,排列三页面所列三位试机号；排列三与排列五共用同一期体彩摇奖流程。,否,200,是,
一定牛/ydniu,排列五,2025154,2025-06-13,98966,24479,,https://m.ydniu.com/kaijiang/pl5/sjh/2025154.html,页面明确标注为排列五五位模拟试机号，属于互联网模拟数据，不是官方试机号。,是,200,是,
3D之家/3d178,福彩3D,2025154,2025-06-13,923,276,,https://www.3d178.cn/kaijiang/2025/2025154.shtml,3D之家页面所列试机号；与彩宝网口径可能不同，原样独立保留。,否,200,是,
彩宝网/8200,福彩3D,2025154,2025-06-13,923,857,426,https://www.8200.cn/kjh/3d/2025154.htm,福彩3D页面口径：同时列出开机号与试机号。,否,200,是,
彩宝网/8200,排列三,2025155,2025-06-14,040,278,,https://www.8200.cn/kjh/p3/2025155.htm,排列三页面所列三位试机号；排列三与排列五共用同一期体彩摇奖流程。,否,200,是,
一定牛/ydniu,排列五,2025155,2025-06-14,04019,42168,,https://m.ydniu.com/kaijiang/pl5/sjh/2025155.html,页面明确标注为排列五五位模拟试机号，属于互联网模拟数据，不是官方试机号。,是,200,是,
3D之家/3d178,福彩3D,2025155,2025-06-14,499,191,,https://www.3d178.cn/kaijiang/2025/2025155.shtml,3D之家页面所列试机号；与彩宝网口径可能不同，原样独立保留。,否,200,是,
彩宝网/8200,福彩3D,2025155,2025-06-14,499,926,657,https://www.8200.cn/kjh/3d/2025155.htm,福彩3D页面口径：同时列出开机号与试机号。,否,200,是,
彩宝网/8200,排列三,2025156,2025-06-15,638,214,,https://www.8200.cn/kjh/p3/2025156.htm,排列三页面所列三位试机号；排列三与排列五共用同一期体彩摇奖流程。,否,200,是,
一定牛/ydniu,排列五,2025156,2025-06-15,63809,45598,,https://m.ydniu.com/kaijiang/pl5/sjh/2025156.html,页面明确标注为排列五五位模拟试机号，属于互联网模拟数据，不是官方试机号。,是,200,是,
3D之家/3d178,福彩3D,2025156,2025-06-15,775,511,,https://www.3d178.cn/kaijiang/2025/2025156.shtml,3D之家页面所列试机号；与彩宝网口径可能不同，原样独立保留。,否,200,是,
彩宝网/8200,福彩3D,2025156,2025-06-15,775,352,328,https://www.8200.cn/kjh/3d/2025156.htm,福彩3D页面口径：同时列出开机号与试机号。,否,200,是,
彩宝网/8200,排列三,2025157,2025-06-16,250,380,,https://www.8200.cn/kjh/p3/2025157.htm,排列三页面所列三位试机号；排列三与排列五共用同一期体彩摇奖流程。,否,200,是,
一定牛/ydniu,排列五,2025157,2025-06-16,25092,11400,,https://m.ydniu.com/kaijiang/pl5/sjh/2025157.html,页面明确标注为排列五五位模拟试机号，属于互联网模拟数据，不是官方试机号。,是,200,是,
3D之家/3d178,福彩3D,2025157,2025-06-16,969,868,,https://www.3d178.cn/kaijiang/2025/2025157.shtml,3D之家页面所列试机号；与彩宝网口径可能不同，原样独立保留。,否,200,是,
彩宝网/8200,福彩3D,2025157,2025-06-16,969,470,047,https://www.8200.cn/kjh/3d/2025157.htm,福彩3D页面口径：同时列出开机号与试机号。,否,200,是,
彩宝网/8200,排列三,2025158,2025-06-17,882,957,,https://www.8200.cn/kjh/p3/2025158.htm,排列三页面所列三位试机号；排列三与排列五共用同一期体彩摇奖流程。,否,200,是,
一定牛/ydniu,排列五,2025158,2025-06-17,88272,14068,,https://m.ydniu.com/kaijiang/pl5/sjh/2025158.html,页面明确标注为排列五五位模拟试机号，属于互联网模拟数据，不是官方试机号。,是,200,是,
3D之家/3d178,福彩3D,2025158,2025-06-17,701,425,,https://www.3d178.cn/kaijiang/2025/2025158.shtml,3D之家页面所列试机号；与彩宝网口径可能不同，原样独立保留。,否,200,是,
彩宝网/8200,福彩3D,2025158,2025-06-17,701,316,835,https://www.8200.cn/kjh/3d/2025158.htm,福彩3D页面口径：同时列出开机号与试机号。,否,200,是,
彩宝网/8200,排列三,2025159,2025-06-18,274,802,,https://www.8200.cn/kjh/p3/2025159.htm,排列三页面所列三位试机号；排列三与排列五共用同一期体彩摇奖流程。,否,200,是,
一定牛/ydniu,排列五,2025159,2025-06-18,27419,39753,,https://m.ydniu.com/kaijiang/pl5/sjh/2025159.html,页面明确标注为排列五五位模拟试机号，属于互联网模拟数据，不是官方试机号。,是,200,是,
3D之家/3d178,福彩3D,2025159,2025-06-18,073,091,,https://www.3d178.cn/kaijiang/2025/2025159.shtml,3D之家页面所列试机号；与彩宝网口径可能不同，原样独立保留。,否,200,是,
彩宝网/8200,福彩3D,2025159,2025-06-18,073,405,648,https://www.8200.cn/kjh/3d/2025159.htm,福彩3D页面口径：同时列出开机号与试机号。,否,200,是,
彩宝网/8200,排列三,2025160,2025-06-19,171,918,,https://www.8200.cn/kjh/p3/2025160.htm,排列三页面所列三位试机号；排列三与排列五共用同一期体彩摇奖流程。,否,200,是,
一定牛/ydniu,排列五,2025160,2025-06-19,17152,42477,,https://m.ydniu.com/kaijiang/pl5/sjh/2025160.html,页面明确标注为排列五五位模拟试机号，属于互联网模拟数据，不是官方试机号。,是,200,是,
3D之家/3d178,福彩3D,2025160,2025-06-19,503,579,,https://www.3d178.cn/kaijiang/2025/2025160.shtml,3D之家页面所列试机号；与彩宝网口径可能不同，原样独立保留。,否,200,是,
彩宝网/8200,福彩3D,2025160,2025-06-19,503,916,628,https://www.8200.cn/kjh/3d/2025160.htm,福彩3D页面口径：同时列出开机号与试机号。,否,200,是,
彩宝网/8200,排列三,2025161,2025-06-20,248,146,,https://www.8200.cn/kjh/p3/2025161.htm,排列三页面所列三位试机号；排列三与排列五共用同一期体彩摇奖流程。,否,200,是,
一定牛/ydniu,排列五,2025161,2025-06-20,24884,02226,,https://m.ydniu.com/kaijiang/pl5/sjh/2025161.html,页面明确标注为排列五五位模拟试机号，属于互联网模拟数据，不是官方试机号。,是,200,是,
3D之家/3d178,福彩3D,2025161,2025-06-20,748,189,,https://www.3d178.cn/kaijiang/2025/2025161.shtml,3D之家页面所列试机号；与彩宝网口径可能不同，原样独立保留。,否,200,是,
彩宝网/8200,福彩3D,2025161,2025-06-20,748,843,785,https://www.8200.cn/kjh/3d/2025161.htm,福彩3D页面口径：同时列出开机号与试机号。,否,200,是,
彩宝网/8200,排列三,2025162,2025-06-21,317,945,,https://www.8200.cn/kjh/p3/2025162.htm,排列三页面所列三位试机号；排列三与排列五共用同一期体彩摇奖流程。,否,200,是,
一定牛/ydniu,排列五,2025162,2025-06-21,31742,35318,,https://m.ydniu.com/kaijiang/pl5/sjh/2025162.html,页面明确标注为排列五五位模拟试机号，属于互联网模拟数据，不是官方试机号。,是,200,是,
3D之家/3d178,福彩3D,2025162,2025-06-21,275,746,,https://www.3d178.cn/kaijiang/2025/2025162.shtml,3D之家页面所列试机号；与彩宝网口径可能不同，原样独立保留。,否,200,是,
彩宝网/8200,福彩3D,2025162,2025-06-21,275,720,936,https://www.8200.cn/kjh/3d/2025162.htm,福彩3D页面口径：同时列出开机号与试机号。,否,200,是,
彩宝网/8200,排列三,2025163,2025-06-22,766,571,,https://www.8200.cn/kjh/p3/2025163.htm,排列三页面所列三位试机号；排列三与排列五共用同一期体彩摇奖流程。,否,200,是,
一定牛/ydniu,排列五,2025163,2025-06-22,76623,51451,,https://m.ydniu.com/kaijiang/pl5/sjh/2025163.html,页面明确标注为排列五五位模拟试机号，属于互联网模拟数据，不是官方试机号。,是,200,是,
3D之家/3d178,福彩3D,2025163,2025-06-22,636,744,,https://www.3d178.cn/kaijiang/2025/2025163.shtml,3D之家页面所列试机号；与彩宝网口径可能不同，原样独立保留。,否,200,是,
彩宝网/8200,福彩3D,2025163,2025-06-22,636,698,706,https://www.8200.cn/kjh/3d/2025163.htm,福彩3D页面口径：同时列出开机号与试机号。,否,200,是,
彩宝网/8200,排列三,2025164,2025-06-23,519,594,,https://www.8200.cn/kjh/p3/2025164.htm,排列三页面所列三位试机号；排列三与排列五共用同一期体彩摇奖流程。,否,200,是,
一定牛/ydniu,排列五,2025164,2025-06-23,51913,62138,,https://m.ydniu.com/kaijiang/pl5/sjh/2025164.html,页面明确标注为排列五五位模拟试机号，属于互联网模拟数据，不是官方试机号。,是,200,是,
3D之家/3d178,福彩3D,2025164,2025-06-23,337,983,,https://www.3d178.cn/kaijiang/2025/2025164.shtml,3D之家页面所列试机号；与彩宝网口径可能不同，原样独立保留。,否,200,是,
彩宝网/8200,福彩3D,2025164,2025-06-23,337,271,214,https://www.8200.cn/kjh/3d/2025164.htm,福彩3D页面口径：同时列出开机号与试机号。,否,200,是,
彩宝网/8200,排列三,2025165,2025-06-24,103,420,,https://www.8200.cn/kjh/p3/2025165.htm,排列三页面所列三位试机号；排列三与排列五共用同一期体彩摇奖流程。,否,200,是,
一定牛/ydniu,排列五,2025165,2025-06-24,10323,76247,,https://m.ydniu.com/kaijiang/pl5/sjh/2025165.html,页面明确标注为排列五五位模拟试机号，属于互联网模拟数据，不是官方试机号。,是,200,是,
3D之家/3d178,福彩3D,2025165,2025-06-24,609,450,,https://www.3d178.cn/kaijiang/2025/2025165.shtml,3D之家页面所列试机号；与彩宝网口径可能不同，原样独立保留。,否,200,是,
彩宝网/8200,福彩3D,2025165,2025-06-24,609,783,469,https://www.8200.cn/kjh/3d/2025165.htm,福彩3D页面口径：同时列出开机号与试机号。,否,200,是,
彩宝网/8200,排列三,2025166,2025-06-25,696,746,,https://www.8200.cn/kjh/p3/2025166.htm,排列三页面所列三位试机号；排列三与排列五共用同一期体彩摇奖流程。,否,200,是,
一定牛/ydniu,排列五,2025166,2025-06-25,69664,38735,,https://m.ydniu.com/kaijiang/pl5/sjh/2025166.html,页面明确标注为排列五五位模拟试机号，属于互联网模拟数据，不是官方试机号。,是,200,是,
3D之家/3d178,福彩3D,2025166,2025-06-25,808,694,,https://www.3d178.cn/kaijiang/2025/2025166.shtml,3D之家页面所列试机号；与彩宝网口径可能不同，原样独立保留。,否,200,是,
彩宝网/8200,福彩3D,2025166,2025-06-25,808,249,640,https://www.8200.cn/kjh/3d/2025166.htm,福彩3D页面口径：同时列出开机号与试机号。,否,200,是,
彩宝网/8200,排列三,2025167,2025-06-26,267,246,,https://www.8200.cn/kjh/p3/2025167.htm,排列三页面所列三位试机号；排列三与排列五共用同一期体彩摇奖流程。,否,200,是,
一定牛/ydniu,排列五,2025167,2025-06-26,26746,60123,,https://m.ydniu.com/kaijiang/pl5/sjh/2025167.html,页面明确标注为排列五五位模拟试机号，属于互联网模拟数据，不是官方试机号。,是,200,是,
3D之家/3d178,福彩3D,2025167,2025-06-26,702,275,,https://www.3d178.cn/kaijiang/2025/2025167.shtml,3D之家页面所列试机号；与彩宝网口径可能不同，原样独立保留。,否,200,是,
彩宝网/8200,福彩3D,2025167,2025-06-26,702,056,408,https://www.8200.cn/kjh/3d/2025167.htm,福彩3D页面口径：同时列出开机号与试机号。,否,200,是,
彩宝网/8200,排列三,2025168,2025-06-27,203,674,,https://www.8200.cn/kjh/p3/2025168.htm,排列三页面所列三位试机号；排列三与排列五共用同一期体彩摇奖流程。,否,200,是,
一定牛/ydniu,排列五,2025168,2025-06-27,20327,49255,,https://m.ydniu.com/kaijiang/pl5/sjh/2025168.html,页面明确标注为排列五五位模拟试机号，属于互联网模拟数据，不是官方试机号。,是,200,是,
3D之家/3d178,福彩3D,2025168,2025-06-27,514,914,,https://www.3d178.cn/kaijiang/2025/2025168.shtml,3D之家页面所列试机号；与彩宝网口径可能不同，原样独立保留。,否,200,是,
彩宝网/8200,福彩3D,2025168,2025-06-27,514,539,794,https://www.8200.cn/kjh/3d/2025168.htm,福彩3D页面口径：同时列出开机号与试机号。,否,200,是,
彩宝网/8200,排列三,2025169,2025-06-28,699,314,,https://www.8200.cn/kjh/p3/2025169.htm,排列三页面所列三位试机号；排列三与排列五共用同一期体彩摇奖流程。,否,200,是,
一定牛/ydniu,排列五,2025169,2025-06-28,69938,09516,,https://m.ydniu.com/kaijiang/pl5/sjh/2025169.html,页面明确标注为排列五五位模拟试机号，属于互联网模拟数据，不是官方试机号。,是,200,是,
3D之家/3d178,福彩3D,2025169,2025-06-28,978,563,,https://www.3d178.cn/kaijiang/2025/2025169.shtml,3D之家页面所列试机号；与彩宝网口径可能不同，原样独立保留。,否,200,是,
彩宝网/8200,福彩3D,2025169,2025-06-28,978,634,506,https://www.8200.cn/kjh/3d/2025169.htm,福彩3D页面口径：同时列出开机号与试机号。,否,200,是,
彩宝网/8200,排列三,2025170,2025-06-29,502,329,,https://www.8200.cn/kjh/p3/2025170.htm,排列三页面所列三位试机号；排列三与排列五共用同一期体彩摇奖流程。,否,200,是,
一定牛/ydniu,排列五,2025170,2025-06-29,50244,47612,,https://m.ydniu.com/kaijiang/pl5/sjh/2025170.html,页面明确标注为排列五五位模拟试机号，属于互联网模拟数据，不是官方试机号。,是,200,是,
3D之家/3d178,福彩3D,2025170,2025-06-29,475,603,,https://www.3d178.cn/kaijiang/2025/2025170.shtml,3D之家页面所列试机号；与彩宝网口径可能不同，原样独立保留。,否,200,是,
彩宝网/8200,福彩3D,2025170,2025-06-29,475,745,608,https://www.8200.cn/kjh/3d/2025170.htm,福彩3D页面口径：同时列出开机号与试机号。,否,200,是,
彩宝网/8200,排列三,2025171,2025-06-30,105,519,,https://www.8200.cn/kjh/p3/2025171.htm,排列三页面所列三位试机号；排列三与排列五共用同一期体彩摇奖流程。,否,200,是,
一定牛/ydniu,排列五,2025171,2025-06-30,10528,41214,,https://m.ydniu.com/kaijiang/pl5/sjh/2025171.html,页面明确标注为排列五五位模拟试机号，属于互联网模拟数据，不是官方试机号。,是,200,是,
3D之家/3d178,福彩3D,2025171,2025-06-30,113,823,,https://www.3d178.cn/kaijiang/2025/2025171.shtml,3D之家页面所列试机号；与彩宝网口径可能不同，原样独立保留。,否,200,是,
彩宝网/8200,福彩3D,2025171,2025-06-30,113,283,075,https://www.8200.cn/kjh/3d/2025171.htm,福彩3D页面口径：同时列出开机号与试机号。,否,200,是,
彩宝网/8200,排列三,2025172,2025-07-01,724,431,,https://www.8200.cn/kjh/p3/2025172.htm,排列三页面所列三位试机号；排列三与排列五共用同一期体彩摇奖流程。,否,200,是,
一定牛/ydniu,排列五,2025172,2025-07-01,72451,97647,,https://m.ydniu.com/kaijiang/pl5/sjh/2025172.html,页面明确标注为排列五五位模拟试机号，属于互联网模拟数据，不是官方试机号。,是,200,是,
3D之家/3d178,福彩3D,2025172,2025-07-01,406,919,,https://www.3d178.cn/kaijiang/2025/2025172.shtml,3D之家页面所列试机号；与彩宝网口径可能不同，原样独立保留。,否,200,是,
彩宝网/8200,福彩3D,2025172,2025-07-01,406,970,167,https://www.8200.cn/kjh/3d/2025172.htm,福彩3D页面口径：同时列出开机号与试机号。,否,200,是,
彩宝网/8200,排列三,2025173,2025-07-02,673,923,,https://www.8200.cn/kjh/p3/2025173.htm,排列三页面所列三位试机号；排列三与排列五共用同一期体彩摇奖流程。,否,200,是,
一定牛/ydniu,排列五,2025173,2025-07-02,67363,10026,,https://m.ydniu.com/kaijiang/pl5/sjh/2025173.html,页面明确标注为排列五五位模拟试机号，属于互联网模拟数据，不是官方试机号。,是,200,是,
3D之家/3d178,福彩3D,2025173,2025-07-02,092,998,,https://www.3d178.cn/kaijiang/2025/2025173.shtml,3D之家页面所列试机号；与彩宝网口径可能不同，原样独立保留。,否,200,是,
彩宝网/8200,福彩3D,2025173,2025-07-02,092,849,654,https://www.8200.cn/kjh/3d/2025173.htm,福彩3D页面口径：同时列出开机号与试机号。,否,200,是,
彩宝网/8200,排列三,2025174,2025-07-03,131,897,,https://www.8200.cn/kjh/p3/2025174.htm,排列三页面所列三位试机号；排列三与排列五共用同一期体彩摇奖流程。,否,200,是,
一定牛/ydniu,排列五,2025174,2025-07-03,13135,85060,,https://m.ydniu.com/kaijiang/pl5/sjh/2025174.html,页面明确标注为排列五五位模拟试机号，属于互联网模拟数据，不是官方试机号。,是,200,是,
3D之家/3d178,福彩3D,2025174,2025-07-03,533,296,,https://www.3d178.cn/kaijiang/2025/2025174.shtml,3D之家页面所列试机号；与彩宝网口径可能不同，原样独立保留。,否,200,是,
彩宝网/8200,福彩3D,2025174,2025-07-03,533,351,168,https://www.8200.cn/kjh/3d/2025174.htm,福彩3D页面口径：同时列出开机号与试机号。,否,200,是,
彩宝网/8200,排列三,2025175,2025-07-04,413,910,,https://www.8200.cn/kjh/p3/2025175.htm,排列三页面所列三位试机号；排列三与排列五共用同一期体彩摇奖流程。,否,200,是,
一定牛/ydniu,排列五,2025175,2025-07-04,41339,25151,,https://m.ydniu.com/kaijiang/pl5/sjh/2025175.html,页面明确标注为排列五五位模拟试机号，属于互联网模拟数据，不是官方试机号。,是,200,是,
3D之家/3d178,福彩3D,2025175,2025-07-04,616,373,,https://www.3d178.cn/kaijiang/2025/2025175.shtml,3D之家页面所列试机号；与彩宝网口径可能不同，原样独立保留。,否,200,是,
彩宝网/8200,福彩3D,2025175,2025-07-04,616,101,615,https://www.8200.cn/kjh/3d/2025175.htm,福彩3D页面口径：同时列出开机号与试机号。,否,200,是,
彩宝网/8200,排列三,2025176,2025-07-05,949,715,,https://www.8200.cn/kjh/p3/2025176.htm,排列三页面所列三位试机号；排列三与排列五共用同一期体彩摇奖流程。,否,200,是,
一定牛/ydniu,排列五,2025176,2025-07-05,94946,01566,,https://m.ydniu.com/kaijiang/pl5/sjh/2025176.html,页面明确标注为排列五五位模拟试机号，属于互联网模拟数据，不是官方试机号。,是,200,是,
3D之家/3d178,福彩3D,2025176,2025-07-05,122,462,,https://www.3d178.cn/kaijiang/2025/2025176.shtml,3D之家页面所列试机号；与彩宝网口径可能不同，原样独立保留。,否,200,是,
彩宝网/8200,福彩3D,2025176,2025-07-05,122,842,875,https://www.8200.cn/kjh/3d/2025176.htm,福彩3D页面口径：同时列出开机号与试机号。,否,200,是,
彩宝网/8200,排列三,2025177,2025-07-06,977,618,,https://www.8200.cn/kjh/p3/2025177.htm,排列三页面所列三位试机号；排列三与排列五共用同一期体彩摇奖流程。,否,200,是,
一定牛/ydniu,排列五,2025177,2025-07-06,97799,94045,,https://m.ydniu.com/kaijiang/pl5/sjh/2025177.html,页面明确标注为排列五五位模拟试机号，属于互联网模拟数据，不是官方试机号。,是,200,是,
3D之家/3d178,福彩3D,2025177,2025-07-06,497,633,,https://www.3d178.cn/kaijiang/2025/2025177.shtml,3D之家页面所列试机号；与彩宝网口径可能不同，原样独立保留。,否,200,是,
彩宝网/8200,福彩3D,2025177,2025-07-06,497,635,892,https://www.8200.cn/kjh/3d/2025177.htm,福彩3D页面口径：同时列出开机号与试机号。,否,200,是,
彩宝网/8200,排列三,2025178,2025-07-07,714,793,,https://www.8200.cn/kjh/p3/2025178.htm,排列三页面所列三位试机号；排列三与排列五共用同一期体彩摇奖流程。,否,200,是,
一定牛/ydniu,排列五,2025178,2025-07-07,71436,25145,,https://m.ydniu.com/kaijiang/pl5/sjh/2025178.html,页面明确标注为排列五五位模拟试机号，属于互联网模拟数据，不是官方试机号。,是,200,是,
3D之家/3d178,福彩3D,2025178,2025-07-07,728,748,,https://www.3d178.cn/kaijiang/2025/2025178.shtml,3D之家页面所列试机号；与彩宝网口径可能不同，原样独立保留。,否,200,是,
彩宝网/8200,福彩3D,2025178,2025-07-07,728,452,905,https://www.8200.cn/kjh/3d/2025178.htm,福彩3D页面口径：同时列出开机号与试机号。,否,200,是,
彩宝网/8200,排列三,2025179,2025-07-08,972,931,,https://www.8200.cn/kjh/p3/2025179.htm,排列三页面所列三位试机号；排列三与排列五共用同一期体彩摇奖流程。,否,200,是,
一定牛/ydniu,排列五,2025179,2025-07-08,97216,66205,,https://m.ydniu.com/kaijiang/pl5/sjh/2025179.html,页面明确标注为排列五五位模拟试机号，属于互联网模拟数据，不是官方试机号。,是,200,是,
3D之家/3d178,福彩3D,2025179,2025-07-08,280,087,,https://www.3d178.cn/kaijiang/2025/2025179.shtml,3D之家页面所列试机号；与彩宝网口径可能不同，原样独立保留。,否,200,是,
彩宝网/8200,福彩3D,2025179,2025-07-08,280,601,642,https://www.8200.cn/kjh/3d/2025179.htm,福彩3D页面口径：同时列出开机号与试机号。,否,200,是,
彩宝网/8200,排列三,2025180,2025-07-09,889,671,,https://www.8200.cn/kjh/p3/2025180.htm,排列三页面所列三位试机号；排列三与排列五共用同一期体彩摇奖流程。,否,200,是,
一定牛/ydniu,排列五,2025180,2025-07-09,88957,69669,,https://m.ydniu.com/kaijiang/pl5/sjh/2025180.html,页面明确标注为排列五五位模拟试机号，属于互联网模拟数据，不是官方试机号。,是,200,是,
3D之家/3d178,福彩3D,2025180,2025-07-09,260,450,,https://www.3d178.cn/kaijiang/2025/2025180.shtml,3D之家页面所列试机号；与彩宝网口径可能不同，原样独立保留。,否,200,是,
彩宝网/8200,福彩3D,2025180,2025-07-09,260,238,374,https://www.8200.cn/kjh/3d/2025180.htm,福彩3D页面口径：同时列出开机号与试机号。,否,200,是,
彩宝网/8200,排列三,2025181,2025-07-10,894,841,,https://www.8200.cn/kjh/p3/2025181.htm,排列三页面所列三位试机号；排列三与排列五共用同一期体彩摇奖流程。,否,200,是,
一定牛/ydniu,排列五,2025181,2025-07-10,89458,66474,,https://m.ydniu.com/kaijiang/pl5/sjh/2025181.html,页面明确标注为排列五五位模拟试机号，属于互联网模拟数据，不是官方试机号。,是,200,是,
3D之家/3d178,福彩3D,2025181,2025-07-10,886,400,,https://www.3d178.cn/kaijiang/2025/2025181.shtml,3D之家页面所列试机号；与彩宝网口径可能不同，原样独立保留。,否,200,是,
彩宝网/8200,福彩3D,2025181,2025-07-10,886,975,142,https://www.8200.cn/kjh/3d/2025181.htm,福彩3D页面口径：同时列出开机号与试机号。,否,200,是,
彩宝网/8200,排列三,2025182,2025-07-11,721,905,,https://www.8200.cn/kjh/p3/2025182.htm,排列三页面所列三位试机号；排列三与排列五共用同一期体彩摇奖流程。,否,200,是,
一定牛/ydniu,排列五,2025182,2025-07-11,72146,59934,,https://m.ydniu.com/kaijiang/pl5/sjh/2025182.html,页面明确标注为排列五五位模拟试机号，属于互联网模拟数据，不是官方试机号。,是,200,是,
3D之家/3d178,福彩3D,2025182,2025-07-11,708,910,,https://www.3d178.cn/kaijiang/2025/2025182.shtml,3D之家页面所列试机号；与彩宝网口径可能不同，原样独立保留。,否,200,是,
彩宝网/8200,福彩3D,2025182,2025-07-11,708,308,283,https://www.8200.cn/kjh/3d/2025182.htm,福彩3D页面口径：同时列出开机号与试机号。,否,200,是,
彩宝网/8200,排列三,2025183,2025-07-12,177,542,,https://www.8200.cn/kjh/p3/2025183.htm,排列三页面所列三位试机号；排列三与排列五共用同一期体彩摇奖流程。,否,200,是,
一定牛/ydniu,排列五,2025183,2025-07-12,17759,49508,,https://m.ydniu.com/kaijiang/pl5/sjh/2025183.html,页面明确标注为排列五五位模拟试机号，属于互联网模拟数据，不是官方试机号。,是,200,是,
3D之家/3d178,福彩3D,2025183,2025-07-12,744,694,,https://www.3d178.cn/kaijiang/2025/2025183.shtml,3D之家页面所列试机号；与彩宝网口径可能不同，原样独立保留。,否,200,是,
彩宝网/8200,福彩3D,2025183,2025-07-12,744,658,268,https://www.8200.cn/kjh/3d/2025183.htm,福彩3D页面口径：同时列出开机号与试机号。,否,200,是,
彩宝网/8200,排列三,2025184,2025-07-13,221,820,,https://www.8200.cn/kjh/p3/2025184.htm,排列三页面所列三位试机号；排列三与排列五共用同一期体彩摇奖流程。,否,200,是,
一定牛/ydniu,排列五,2025184,2025-07-13,22187,64342,,https://m.ydniu.com/kaijiang/pl5/sjh/2025184.html,页面明确标注为排列五五位模拟试机号，属于互联网模拟数据，不是官方试机号。,是,200,是,
3D之家/3d178,福彩3D,2025184,2025-07-13,799,633,,https://www.3d178.cn/kaijiang/2025/2025184.shtml,3D之家页面所列试机号；与彩宝网口径可能不同，原样独立保留。,否,200,是,
彩宝网/8200,福彩3D,2025184,2025-07-13,799,172,865,https://www.8200.cn/kjh/3d/2025184.htm,福彩3D页面口径：同时列出开机号与试机号。,否,200,是,
彩宝网/8200,排列三,2025185,2025-07-14,308,674,,https://www.8200.cn/kjh/p3/2025185.htm,排列三页面所列三位试机号；排列三与排列五共用同一期体彩摇奖流程。,否,200,是,
一定牛/ydniu,排列五,2025185,2025-07-14,30873,10733,,https://m.ydniu.com/kaijiang/pl5/sjh/2025185.html,页面明确标注为排列五五位模拟试机号，属于互联网模拟数据，不是官方试机号。,是,200,是,
3D之家/3d178,福彩3D,2025185,2025-07-14,164,055,,https://www.3d178.cn/kaijiang/2025/2025185.shtml,3D之家页面所列试机号；与彩宝网口径可能不同，原样独立保留。,否,200,是,
彩宝网/8200,福彩3D,2025185,2025-07-14,164,619,239,https://www.8200.cn/kjh/3d/2025185.htm,福彩3D页面口径：同时列出开机号与试机号。,否,200,是,
彩宝网/8200,排列三,2025186,2025-07-15,514,704,,https://www.8200.cn/kjh/p3/2025186.htm,排列三页面所列三位试机号；排列三与排列五共用同一期体彩摇奖流程。,否,200,是,
一定牛/ydniu,排列五,2025186,2025-07-15,51423,81914,,https://m.ydniu.com/kaijiang/pl5/sjh/2025186.html,页面明确标注为排列五五位模拟试机号，属于互联网模拟数据，不是官方试机号。,是,200,是,
3D之家/3d178,福彩3D,2025186,2025-07-15,227,137,,https://www.3d178.cn/kaijiang/2025/2025186.shtml,3D之家页面所列试机号；与彩宝网口径可能不同，原样独立保留。,否,200,是,
彩宝网/8200,福彩3D,2025186,2025-07-15,227,495,980,https://www.8200.cn/kjh/3d/2025186.htm,福彩3D页面口径：同时列出开机号与试机号。,否,200,是,
彩宝网/8200,排列三,2025187,2025-07-16,641,507,,https://www.8200.cn/kjh/p3/2025187.htm,排列三页面所列三位试机号；排列三与排列五共用同一期体彩摇奖流程。,否,200,是,
一定牛/ydniu,排列五,2025187,2025-07-16,64160,74590,,https://m.ydniu.com/kaijiang/pl5/sjh/2025187.html,页面明确标注为排列五五位模拟试机号，属于互联网模拟数据，不是官方试机号。,是,200,是,
3D之家/3d178,福彩3D,2025187,2025-07-16,761,005,,https://www.3d178.cn/kaijiang/2025/2025187.shtml,3D之家页面所列试机号；与彩宝网口径可能不同，原样独立保留。,否,200,是,
彩宝网/8200,福彩3D,2025187,2025-07-16,761,830,346,https://www.8200.cn/kjh/3d/2025187.htm,福彩3D页面口径：同时列出开机号与试机号。,否,200,是,
彩宝网/8200,排列三,2025188,2025-07-17,623,512,,https://www.8200.cn/kjh/p3/2025188.htm,排列三页面所列三位试机号；排列三与排列五共用同一期体彩摇奖流程。,否,200,是,
一定牛/ydniu,排列五,2025188,2025-07-17,62373,79258,,https://m.ydniu.com/kaijiang/pl5/sjh/2025188.html,页面明确标注为排列五五位模拟试机号，属于互联网模拟数据，不是官方试机号。,是,200,是,
3D之家/3d178,福彩3D,2025188,2025-07-17,018,060,,https://www.3d178.cn/kaijiang/2025/2025188.shtml,3D之家页面所列试机号；与彩宝网口径可能不同，原样独立保留。,否,200,是,
彩宝网/8200,福彩3D,2025188,2025-07-17,018,529,087,https://www.8200.cn/kjh/3d/2025188.htm,福彩3D页面口径：同时列出开机号与试机号。,否,200,是,
彩宝网/8200,排列三,2025189,2025-07-18,556,916,,https://www.8200.cn/kjh/p3/2025189.htm,排列三页面所列三位试机号；排列三与排列五共用同一期体彩摇奖流程。,否,200,是,
一定牛/ydniu,排列五,2025189,2025-07-18,55651,06037,,https://m.ydniu.com/kaijiang/pl5/sjh/2025189.html,页面明确标注为排列五五位模拟试机号，属于互联网模拟数据，不是官方试机号。,是,200,是,
3D之家/3d178,福彩3D,2025189,2025-07-18,907,325,,https://www.3d178.cn/kaijiang/2025/2025189.shtml,3D之家页面所列试机号；与彩宝网口径可能不同，原样独立保留。,否,200,是,
彩宝网/8200,福彩3D,2025189,2025-07-18,907,671,951,https://www.8200.cn/kjh/3d/2025189.htm,福彩3D页面口径：同时列出开机号与试机号。,否,200,是,
彩宝网/8200,排列三,2025190,2025-07-19,499,902,,https://www.8200.cn/kjh/p3/2025190.htm,排列三页面所列三位试机号；排列三与排列五共用同一期体彩摇奖流程。,否,200,是,
一定牛/ydniu,排列五,2025190,2025-07-19,49972,17292,,https://m.ydniu.com/kaijiang/pl5/sjh/2025190.html,页面明确标注为排列五五位模拟试机号，属于互联网模拟数据，不是官方试机号。,是,200,是,
3D之家/3d178,福彩3D,2025190,2025-07-19,402,546,,https://www.3d178.cn/kaijiang/2025/2025190.shtml,3D之家页面所列试机号；与彩宝网口径可能不同，原样独立保留。,否,200,是,
彩宝网/8200,福彩3D,2025190,2025-07-19,402,412,493,https://www.8200.cn/kjh/3d/2025190.htm,福彩3D页面口径：同时列出开机号与试机号。,否,200,是,
彩宝网/8200,排列三,2025191,2025-07-20,669,630,,https://www.8200.cn/kjh/p3/2025191.htm,排列三页面所列三位试机号；排列三与排列五共用同一期体彩摇奖流程。,否,200,是,
一定牛/ydniu,排列五,2025191,2025-07-20,66940,90453,,https://m.ydniu.com/kaijiang/pl5/sjh/2025191.html,页面明确标注为排列五五位模拟试机号，属于互联网模拟数据，不是官方试机号。,是,200,是,
3D之家/3d178,福彩3D,2025191,2025-07-20,202,229,,https://www.3d178.cn/kaijiang/2025/2025191.shtml,3D之家页面所列试机号；与彩宝网口径可能不同，原样独立保留。,否,200,是,
彩宝网/8200,福彩3D,2025191,2025-07-20,202,835,745,https://www.8200.cn/kjh/3d/2025191.htm,福彩3D页面口径：同时列出开机号与试机号。,否,200,是,
彩宝网/8200,排列三,2025192,2025-07-21,683,627,,https://www.8200.cn/kjh/p3/2025192.htm,排列三页面所列三位试机号；排列三与排列五共用同一期体彩摇奖流程。,否,200,是,
一定牛/ydniu,排列五,2025192,2025-07-21,68357,94478,,https://m.ydniu.com/kaijiang/pl5/sjh/2025192.html,页面明确标注为排列五五位模拟试机号，属于互联网模拟数据，不是官方试机号。,是,200,是,
3D之家/3d178,福彩3D,2025192,2025-07-21,691,053,,https://www.3d178.cn/kaijiang/2025/2025192.shtml,3D之家页面所列试机号；与彩宝网口径可能不同，原样独立保留。,否,200,是,
彩宝网/8200,福彩3D,2025192,2025-07-21,691,709,708,https://www.8200.cn/kjh/3d/2025192.htm,福彩3D页面口径：同时列出开机号与试机号。,否,200,是,
彩宝网/8200,排列三,2025193,2025-07-22,265,724,,https://www.8200.cn/kjh/p3/2025193.htm,排列三页面所列三位试机号；排列三与排列五共用同一期体彩摇奖流程。,否,200,是,
一定牛/ydniu,排列五,2025193,2025-07-22,26549,68537,,https://m.ydniu.com/kaijiang/pl5/sjh/2025193.html,页面明确标注为排列五五位模拟试机号，属于互联网模拟数据，不是官方试机号。,是,200,是,
3D之家/3d178,福彩3D,2025193,2025-07-22,876,784,,https://www.3d178.cn/kaijiang/2025/2025193.shtml,3D之家页面所列试机号；与彩宝网口径可能不同，原样独立保留。,否,200,是,
彩宝网/8200,福彩3D,2025193,2025-07-22,876,948,829,https://www.8200.cn/kjh/3d/2025193.htm,福彩3D页面口径：同时列出开机号与试机号。,否,200,是,
彩宝网/8200,排列三,2025194,2025-07-23,270,875,,https://www.8200.cn/kjh/p3/2025194.htm,排列三页面所列三位试机号；排列三与排列五共用同一期体彩摇奖流程。,否,200,是,
一定牛/ydniu,排列五,2025194,2025-07-23,27037,69956,,https://m.ydniu.com/kaijiang/pl5/sjh/2025194.html,页面明确标注为排列五五位模拟试机号，属于互联网模拟数据，不是官方试机号。,是,200,是,
3D之家/3d178,福彩3D,2025194,2025-07-23,726,637,,https://www.3d178.cn/kaijiang/2025/2025194.shtml,3D之家页面所列试机号；与彩宝网口径可能不同，原样独立保留。,否,200,是,
彩宝网/8200,福彩3D,2025194,2025-07-23,726,563,867,https://www.8200.cn/kjh/3d/2025194.htm,福彩3D页面口径：同时列出开机号与试机号。,否,200,是,
彩宝网/8200,排列三,2025195,2025-07-24,210,396,,https://www.8200.cn/kjh/p3/2025195.htm,排列三页面所列三位试机号；排列三与排列五共用同一期体彩摇奖流程。,否,200,是,
一定牛/ydniu,排列五,2025195,2025-07-24,21090,37165,,https://m.ydniu.com/kaijiang/pl5/sjh/2025195.html,页面明确标注为排列五五位模拟试机号，属于互联网模拟数据，不是官方试机号。,是,200,是,
3D之家/3d178,福彩3D,2025195,2025-07-24,980,820,,https://www.3d178.cn/kaijiang/2025/2025195.shtml,3D之家页面所列试机号；与彩宝网口径可能不同，原样独立保留。,否,200,是,
彩宝网/8200,福彩3D,2025195,2025-07-24,980,819,186,https://www.8200.cn/kjh/3d/2025195.htm,福彩3D页面口径：同时列出开机号与试机号。,否,200,是,
彩宝网/8200,排列三,2025196,2025-07-25,941,896,,https://www.8200.cn/kjh/p3/2025196.htm,排列三页面所列三位试机号；排列三与排列五共用同一期体彩摇奖流程。,否,200,是,
一定牛/ydniu,排列五,2025196,2025-07-25,94140,95457,,https://m.ydniu.com/kaijiang/pl5/sjh/2025196.html,页面明确标注为排列五五位模拟试机号，属于互联网模拟数据，不是官方试机号。,是,200,是,
3D之家/3d178,福彩3D,2025196,2025-07-25,734,385,,https://www.3d178.cn/kaijiang/2025/2025196.shtml,3D之家页面所列试机号；与彩宝网口径可能不同，原样独立保留。,否,200,是,
彩宝网/8200,福彩3D,2025196,2025-07-25,734,365,951,https://www.8200.cn/kjh/3d/2025196.htm,福彩3D页面口径：同时列出开机号与试机号。,否,200,是,
彩宝网/8200,排列三,2025197,2025-07-26,869,457,,https://www.8200.cn/kjh/p3/2025197.htm,排列三页面所列三位试机号；排列三与排列五共用同一期体彩摇奖流程。,否,200,是,
一定牛/ydniu,排列五,2025197,2025-07-26,86920,67629,,https://m.ydniu.com/kaijiang/pl5/sjh/2025197.html,页面明确标注为排列五五位模拟试机号，属于互联网模拟数据，不是官方试机号。,是,200,是,
3D之家/3d178,福彩3D,2025197,2025-07-26,057,346,,https://www.3d178.cn/kaijiang/2025/2025197.shtml,3D之家页面所列试机号；与彩宝网口径可能不同，原样独立保留。,否,200,是,
彩宝网/8200,福彩3D,2025197,2025-07-26,057,602,742,https://www.8200.cn/kjh/3d/2025197.htm,福彩3D页面口径：同时列出开机号与试机号。,否,200,是,
彩宝网/8200,排列三,2025198,2025-07-27,717,215,,https://www.8200.cn/kjh/p3/2025198.htm,排列三页面所列三位试机号；排列三与排列五共用同一期体彩摇奖流程。,否,200,是,
一定牛/ydniu,排列五,2025198,2025-07-27,71783,98047,,https://m.ydniu.com/kaijiang/pl5/sjh/2025198.html,页面明确标注为排列五五位模拟试机号，属于互联网模拟数据，不是官方试机号。,是,200,是,
3D之家/3d178,福彩3D,2025198,2025-07-27,898,184,,https://www.3d178.cn/kaijiang/2025/2025198.shtml,3D之家页面所列试机号；与彩宝网口径可能不同，原样独立保留。,否,200,是,
彩宝网/8200,福彩3D,2025198,2025-07-27,898,753,750,https://www.8200.cn/kjh/3d/2025198.htm,福彩3D页面口径：同时列出开机号与试机号。,否,200,是,
彩宝网/8200,排列三,2025199,2025-07-28,485,948,,https://www.8200.cn/kjh/p3/2025199.htm,排列三页面所列三位试机号；排列三与排列五共用同一期体彩摇奖流程。,否,200,是,
一定牛/ydniu,排列五,2025199,2025-07-28,48593,81288,,https://m.ydniu.com/kaijiang/pl5/sjh/2025199.html,页面明确标注为排列五五位模拟试机号，属于互联网模拟数据，不是官方试机号。,是,200,是,
3D之家/3d178,福彩3D,2025199,2025-07-28,943,337,,https://www.3d178.cn/kaijiang/2025/2025199.shtml,3D之家页面所列试机号；与彩宝网口径可能不同，原样独立保留。,否,200,是,
彩宝网/8200,福彩3D,2025199,2025-07-28,943,806,962,https://www.8200.cn/kjh/3d/2025199.htm,福彩3D页面口径：同时列出开机号与试机号。,否,200,是,
彩宝网/8200,排列三,2025200,2025-07-29,211,713,,https://www.8200.cn/kjh/p3/2025200.htm,排列三页面所列三位试机号；排列三与排列五共用同一期体彩摇奖流程。,否,200,是,
一定牛/ydniu,排列五,2025200,2025-07-29,21129,90432,,https://m.ydniu.com/kaijiang/pl5/sjh/2025200.html,页面明确标注为排列五五位模拟试机号，属于互联网模拟数据，不是官方试机号。,是,200,是,
3D之家/3d178,福彩3D,2025200,2025-07-29,015,748,,https://www.3d178.cn/kaijiang/2025/2025200.shtml,3D之家页面所列试机号；与彩宝网口径可能不同，原样独立保留。,否,200,是,
彩宝网/8200,福彩3D,2025200,2025-07-29,015,137,034,https://www.8200.cn/kjh/3d/2025200.htm,福彩3D页面口径：同时列出开机号与试机号。,否,200,是,
彩宝网/8200,排列三,2025201,2025-07-30,401,195,,https://www.8200.cn/kjh/p3/2025201.htm,排列三页面所列三位试机号；排列三与排列五共用同一期体彩摇奖流程。,否,200,是,
一定牛/ydniu,排列五,2025201,2025-07-30,40130,18384,,https://m.ydniu.com/kaijiang/pl5/sjh/2025201.html,页面明确标注为排列五五位模拟试机号，属于互联网模拟数据，不是官方试机号。,是,200,是,
3D之家/3d178,福彩3D,2025201,2025-07-30,846,647,,https://www.3d178.cn/kaijiang/2025/2025201.shtml,3D之家页面所列试机号；与彩宝网口径可能不同，原样独立保留。,否,200,是,
彩宝网/8200,福彩3D,2025201,2025-07-30,846,645,689,https://www.8200.cn/kjh/3d/2025201.htm,福彩3D页面口径：同时列出开机号与试机号。,否,200,是,
彩宝网/8200,排列三,2025202,2025-07-31,253,976,,https://www.8200.cn/kjh/p3/2025202.htm,排列三页面所列三位试机号；排列三与排列五共用同一期体彩摇奖流程。,否,200,是,
一定牛/ydniu,排列五,2025202,2025-07-31,25373,98516,,https://m.ydniu.com/kaijiang/pl5/sjh/2025202.html,页面明确标注为排列五五位模拟试机号，属于互联网模拟数据，不是官方试机号。,是,200,是,
3D之家/3d178,福彩3D,2025202,2025-07-31,953,394,,https://www.3d178.cn/kaijiang/2025/2025202.shtml,3D之家页面所列试机号；与彩宝网口径可能不同，原样独立保留。,否,200,是,
彩宝网/8200,福彩3D,2025202,2025-07-31,953,938,402,https://www.8200.cn/kjh/3d/2025202.htm,福彩3D页面口径：同时列出开机号与试机号。,否,200,是,
彩宝网/8200,排列三,2025203,2025-08-01,735,190,,https://www.8200.cn/kjh/p3/2025203.htm,排列三页面所列三位试机号；排列三与排列五共用同一期体彩摇奖流程。,否,200,是,
一定牛/ydniu,排列五,2025203,2025-08-01,73516,35696,,https://m.ydniu.com/kaijiang/pl5/sjh/2025203.html,页面明确标注为排列五五位模拟试机号，属于互联网模拟数据，不是官方试机号。,是,200,是,
3D之家/3d178,福彩3D,2025203,2025-08-01,013,289,,https://www.3d178.cn/kaijiang/2025/2025203.shtml,3D之家页面所列试机号；与彩宝网口径可能不同，原样独立保留。,否,200,是,
彩宝网/8200,福彩3D,2025203,2025-08-01,013,760,839,https://www.8200.cn/kjh/3d/2025203.htm,福彩3D页面口径：同时列出开机号与试机号。,否,200,是,
彩宝网/8200,排列三,2025204,2025-08-02,830,218,,https://www.8200.cn/kjh/p3/2025204.htm,排列三页面所列三位试机号；排列三与排列五共用同一期体彩摇奖流程。,否,200,是,
一定牛/ydniu,排列五,2025204,2025-08-02,83074,01698,,https://m.ydniu.com/kaijiang/pl5/sjh/2025204.html,页面明确标注为排列五五位模拟试机号，属于互联网模拟数据，不是官方试机号。,是,200,是,
3D之家/3d178,福彩3D,2025204,2025-08-02,007,197,,https://www.3d178.cn/kaijiang/2025/2025204.shtml,3D之家页面所列试机号；与彩宝网口径可能不同，原样独立保留。,否,200,是,
彩宝网/8200,福彩3D,2025204,2025-08-02,007,958,027,https://www.8200.cn/kjh/3d/2025204.htm,福彩3D页面口径：同时列出开机号与试机号。,否,200,是,
彩宝网/8200,排列三,2025205,2025-08-03,783,726,,https://www.8200.cn/kjh/p3/2025205.htm,排列三页面所列三位试机号；排列三与排列五共用同一期体彩摇奖流程。,否,200,是,
一定牛/ydniu,排列五,2025205,2025-08-03,78329,57339,,https://m.ydniu.com/kaijiang/pl5/sjh/2025205.html,页面明确标注为排列五五位模拟试机号，属于互联网模拟数据，不是官方试机号。,是,200,是,
3D之家/3d178,福彩3D,2025205,2025-08-03,920,614,,https://www.3d178.cn/kaijiang/2025/2025205.shtml,3D之家页面所列试机号；与彩宝网口径可能不同，原样独立保留。,否,200,是,
彩宝网/8200,福彩3D,2025205,2025-08-03,920,217,178,https://www.8200.cn/kjh/3d/2025205.htm,福彩3D页面口径：同时列出开机号与试机号。,否,200,是,
彩宝网/8200,排列三,2025206,2025-08-04,605,735,,https://www.8200.cn/kjh/p3/2025206.htm,排列三页面所列三位试机号；排列三与排列五共用同一期体彩摇奖流程。,否,200,是,
一定牛/ydniu,排列五,2025206,2025-08-04,60532,11382,,https://m.ydniu.com/kaijiang/pl5/sjh/2025206.html,页面明确标注为排列五五位模拟试机号，属于互联网模拟数据，不是官方试机号。,是,200,是,
3D之家/3d178,福彩3D,2025206,2025-08-04,444,180,,https://www.3d178.cn/kaijiang/2025/2025206.shtml,3D之家页面所列试机号；与彩宝网口径可能不同，原样独立保留。,否,200,是,
彩宝网/8200,福彩3D,2025206,2025-08-04,444,796,703,https://www.8200.cn/kjh/3d/2025206.htm,福彩3D页面口径：同时列出开机号与试机号。,否,200,是,
彩宝网/8200,排列三,2025207,2025-08-05,154,176,,https://www.8200.cn/kjh/p3/2025207.htm,排列三页面所列三位试机号；排列三与排列五共用同一期体彩摇奖流程。,否,200,是,
一定牛/ydniu,排列五,2025207,2025-08-05,15459,58979,,https://m.ydniu.com/kaijiang/pl5/sjh/2025207.html,页面明确标注为排列五五位模拟试机号，属于互联网模拟数据，不是官方试机号。,是,200,是,
3D之家/3d178,福彩3D,2025207,2025-08-05,255,864,,https://www.3d178.cn/kaijiang/2025/2025207.shtml,3D之家页面所列试机号；与彩宝网口径可能不同，原样独立保留。,否,200,是,
彩宝网/8200,福彩3D,2025207,2025-08-05,255,952,192,https://www.8200.cn/kjh/3d/2025207.htm,福彩3D页面口径：同时列出开机号与试机号。,否,200,是,
彩宝网/8200,排列三,2025208,2025-08-06,309,659,,https://www.8200.cn/kjh/p3/2025208.htm,排列三页面所列三位试机号；排列三与排列五共用同一期体彩摇奖流程。,否,200,是,
一定牛/ydniu,排列五,2025208,2025-08-06,30944,55829,,https://m.ydniu.com/kaijiang/pl5/sjh/2025208.html,页面明确标注为排列五五位模拟试机号，属于互联网模拟数据，不是官方试机号。,是,200,是,
3D之家/3d178,福彩3D,2025208,2025-08-06,432,283,,https://www.3d178.cn/kaijiang/2025/2025208.shtml,3D之家页面所列试机号；与彩宝网口径可能不同，原样独立保留。,否,200,是,
彩宝网/8200,福彩3D,2025208,2025-08-06,432,836,291,https://www.8200.cn/kjh/3d/2025208.htm,福彩3D页面口径：同时列出开机号与试机号。,否,200,是,
彩宝网/8200,排列三,2025209,2025-08-07,921,742,,https://www.8200.cn/kjh/p3/2025209.htm,排列三页面所列三位试机号；排列三与排列五共用同一期体彩摇奖流程。,否,200,是,
一定牛/ydniu,排列五,2025209,2025-08-07,92148,80386,,https://m.ydniu.com/kaijiang/pl5/sjh/2025209.html,页面明确标注为排列五五位模拟试机号，属于互联网模拟数据，不是官方试机号。,是,200,是,
3D之家/3d178,福彩3D,2025209,2025-08-07,387,754,,https://www.3d178.cn/kaijiang/2025/2025209.shtml,3D之家页面所列试机号；与彩宝网口径可能不同，原样独立保留。,否,200,是,
彩宝网/8200,福彩3D,2025209,2025-08-07,387,254,571,https://www.8200.cn/kjh/3d/2025209.htm,福彩3D页面口径：同时列出开机号与试机号。,否,200,是,
彩宝网/8200,排列三,2025210,2025-08-08,622,602,,https://www.8200.cn/kjh/p3/2025210.htm,排列三页面所列三位试机号；排列三与排列五共用同一期体彩摇奖流程。,否,200,是,
一定牛/ydniu,排列五,2025210,2025-08-08,62225,55458,,https://m.ydniu.com/kaijiang/pl5/sjh/2025210.html,页面明确标注为排列五五位模拟试机号，属于互联网模拟数据，不是官方试机号。,是,200,是,
3D之家/3d178,福彩3D,2025210,2025-08-08,520,203,,https://www.3d178.cn/kaijiang/2025/2025210.shtml,3D之家页面所列试机号；与彩宝网口径可能不同，原样独立保留。,否,200,是,
彩宝网/8200,福彩3D,2025210,2025-08-08,520,389,083,https://www.8200.cn/kjh/3d/2025210.htm,福彩3D页面口径：同时列出开机号与试机号。,否,200,是,
彩宝网/8200,排列三,2025211,2025-08-09,050,547,,https://www.8200.cn/kjh/p3/2025211.htm,排列三页面所列三位试机号；排列三与排列五共用同一期体彩摇奖流程。,否,200,是,
一定牛/ydniu,排列五,2025211,2025-08-09,05099,13039,,https://m.ydniu.com/kaijiang/pl5/sjh/2025211.html,页面明确标注为排列五五位模拟试机号，属于互联网模拟数据，不是官方试机号。,是,200,是,
3D之家/3d178,福彩3D,2025211,2025-08-09,897,656,,https://www.3d178.cn/kaijiang/2025/2025211.shtml,3D之家页面所列试机号；与彩宝网口径可能不同，原样独立保留。,否,200,是,
彩宝网/8200,福彩3D,2025211,2025-08-09,897,927,106,https://www.8200.cn/kjh/3d/2025211.htm,福彩3D页面口径：同时列出开机号与试机号。,否,200,是,
彩宝网/8200,排列三,2025212,2025-08-10,223,190,,https://www.8200.cn/kjh/p3/2025212.htm,排列三页面所列三位试机号；排列三与排列五共用同一期体彩摇奖流程。,否,200,是,
一定牛/ydniu,排列五,2025212,2025-08-10,22350,00525,,https://m.ydniu.com/kaijiang/pl5/sjh/2025212.html,页面明确标注为排列五五位模拟试机号，属于互联网模拟数据，不是官方试机号。,是,200,是,
3D之家/3d178,福彩3D,2025212,2025-08-10,456,439,,https://www.3d178.cn/kaijiang/2025/2025212.shtml,3D之家页面所列试机号；与彩宝网口径可能不同，原样独立保留。,否,200,是,
彩宝网/8200,福彩3D,2025212,2025-08-10,456,065,021,https://www.8200.cn/kjh/3d/2025212.htm,福彩3D页面口径：同时列出开机号与试机号。,否,200,是,
彩宝网/8200,排列三,2025213,2025-08-11,868,518,,https://www.8200.cn/kjh/p3/2025213.htm,排列三页面所列三位试机号；排列三与排列五共用同一期体彩摇奖流程。,否,200,是,
一定牛/ydniu,排列五,2025213,2025-08-11,86857,23003,,https://m.ydniu.com/kaijiang/pl5/sjh/2025213.html,页面明确标注为排列五五位模拟试机号，属于互联网模拟数据，不是官方试机号。,是,200,是,
3D之家/3d178,福彩3D,2025213,2025-08-11,381,485,,https://www.3d178.cn/kaijiang/2025/2025213.shtml,3D之家页面所列试机号；与彩宝网口径可能不同，原样独立保留。,否,200,是,
彩宝网/8200,福彩3D,2025213,2025-08-11,381,487,456,https://www.8200.cn/kjh/3d/2025213.htm,福彩3D页面口径：同时列出开机号与试机号。,否,200,是,
彩宝网/8200,排列三,2025214,2025-08-12,176,431,,https://www.8200.cn/kjh/p3/2025214.htm,排列三页面所列三位试机号；排列三与排列五共用同一期体彩摇奖流程。,否,200,是,
一定牛/ydniu,排列五,2025214,2025-08-12,17667,10542,,https://m.ydniu.com/kaijiang/pl5/sjh/2025214.html,页面明确标注为排列五五位模拟试机号，属于互联网模拟数据，不是官方试机号。,是,200,是,
3D之家/3d178,福彩3D,2025214,2025-08-12,920,441,,https://www.3d178.cn/kaijiang/2025/2025214.shtml,3D之家页面所列试机号；与彩宝网口径可能不同，原样独立保留。,否,200,是,
彩宝网/8200,福彩3D,2025214,2025-08-12,920,160,470,https://www.8200.cn/kjh/3d/2025214.htm,福彩3D页面口径：同时列出开机号与试机号。,否,200,是,
彩宝网/8200,排列三,2025215,2025-08-13,695,718,,https://www.8200.cn/kjh/p3/2025215.htm,排列三页面所列三位试机号；排列三与排列五共用同一期体彩摇奖流程。,否,200,是,
一定牛/ydniu,排列五,2025215,2025-08-13,69596,26186,,https://m.ydniu.com/kaijiang/pl5/sjh/2025215.html,页面明确标注为排列五五位模拟试机号，属于互联网模拟数据，不是官方试机号。,是,200,是,
3D之家/3d178,福彩3D,2025215,2025-08-13,853,779,,https://www.3d178.cn/kaijiang/2025/2025215.shtml,3D之家页面所列试机号；与彩宝网口径可能不同，原样独立保留。,否,200,是,
彩宝网/8200,福彩3D,2025215,2025-08-13,853,463,276,https://www.8200.cn/kjh/3d/2025215.htm,福彩3D页面口径：同时列出开机号与试机号。,否,200,是,
彩宝网/8200,排列三,2025216,2025-08-14,410,201,,https://www.8200.cn/kjh/p3/2025216.htm,排列三页面所列三位试机号；排列三与排列五共用同一期体彩摇奖流程。,否,200,是,
一定牛/ydniu,排列五,2025216,2025-08-14,41065,09724,,https://m.ydniu.com/kaijiang/pl5/sjh/2025216.html,页面明确标注为排列五五位模拟试机号，属于互联网模拟数据，不是官方试机号。,是,200,是,
3D之家/3d178,福彩3D,2025216,2025-08-14,625,084,,https://www.3d178.cn/kaijiang/2025/2025216.shtml,3D之家页面所列试机号；与彩宝网口径可能不同，原样独立保留。,否,200,是,
彩宝网/8200,福彩3D,2025216,2025-08-14,625,159,026,https://www.8200.cn/kjh/3d/2025216.htm,福彩3D页面口径：同时列出开机号与试机号。,否,200,是,
彩宝网/8200,排列三,2025217,2025-08-15,242,720,,https://www.8200.cn/kjh/p3/2025217.htm,排列三页面所列三位试机号；排列三与排列五共用同一期体彩摇奖流程。,否,200,是,
一定牛/ydniu,排列五,2025217,2025-08-15,24207,15331,,https://m.ydniu.com/kaijiang/pl5/sjh/2025217.html,页面明确标注为排列五五位模拟试机号，属于互联网模拟数据，不是官方试机号。,是,200,是,
3D之家/3d178,福彩3D,2025217,2025-08-15,894,466,,https://www.3d178.cn/kaijiang/2025/2025217.shtml,3D之家页面所列试机号；与彩宝网口径可能不同，原样独立保留。,否,200,是,
彩宝网/8200,福彩3D,2025217,2025-08-15,894,540,197,https://www.8200.cn/kjh/3d/2025217.htm,福彩3D页面口径：同时列出开机号与试机号。,否,200,是,
彩宝网/8200,排列三,2025218,2025-08-16,307,572,,https://www.8200.cn/kjh/p3/2025218.htm,排列三页面所列三位试机号；排列三与排列五共用同一期体彩摇奖流程。,否,200,是,
一定牛/ydniu,排列五,2025218,2025-08-16,30787,35145,,https://m.ydniu.com/kaijiang/pl5/sjh/2025218.html,页面明确标注为排列五五位模拟试机号，属于互联网模拟数据，不是官方试机号。,是,200,是,
3D之家/3d178,福彩3D,2025218,2025-08-16,526,071,,https://www.3d178.cn/kaijiang/2025/2025218.shtml,3D之家页面所列试机号；与彩宝网口径可能不同，原样独立保留。,否,200,是,
彩宝网/8200,福彩3D,2025218,2025-08-16,526,762,987,https://www.8200.cn/kjh/3d/2025218.htm,福彩3D页面口径：同时列出开机号与试机号。,否,200,是,
彩宝网/8200,排列三,2025219,2025-08-17,784,681,,https://www.8200.cn/kjh/p3/2025219.htm,排列三页面所列三位试机号；排列三与排列五共用同一期体彩摇奖流程。,否,200,是,
一定牛/ydniu,排列五,2025219,2025-08-17,78493,24550,,https://m.ydniu.com/kaijiang/pl5/sjh/2025219.html,页面明确标注为排列五五位模拟试机号，属于互联网模拟数据，不是官方试机号。,是,200,是,
3D之家/3d178,福彩3D,2025219,2025-08-17,900,750,,https://www.3d178.cn/kaijiang/2025/2025219.shtml,3D之家页面所列试机号；与彩宝网口径可能不同，原样独立保留。,否,200,是,
彩宝网/8200,福彩3D,2025219,2025-08-17,900,635,268,https://www.8200.cn/kjh/3d/2025219.htm,福彩3D页面口径：同时列出开机号与试机号。,否,200,是,
彩宝网/8200,排列三,2025220,2025-08-18,353,109,,https://www.8200.cn/kjh/p3/2025220.htm,排列三页面所列三位试机号；排列三与排列五共用同一期体彩摇奖流程。,否,200,是,
一定牛/ydniu,排列五,2025220,2025-08-18,35326,75212,,https://m.ydniu.com/kaijiang/pl5/sjh/2025220.html,页面明确标注为排列五五位模拟试机号，属于互联网模拟数据，不是官方试机号。,是,200,是,
3D之家/3d178,福彩3D,2025220,2025-08-18,536,902,,https://www.3d178.cn/kaijiang/2025/2025220.shtml,3D之家页面所列试机号；与彩宝网口径可能不同，原样独立保留。,否,200,是,
彩宝网/8200,福彩3D,2025220,2025-08-18,536,783,691,https://www.8200.cn/kjh/3d/2025220.htm,福彩3D页面口径：同时列出开机号与试机号。,否,200,是,
彩宝网/8200,排列三,2025221,2025-08-19,791,413,,https://www.8200.cn/kjh/p3/2025221.htm,排列三页面所列三位试机号；排列三与排列五共用同一期体彩摇奖流程。,否,200,是,
一定牛/ydniu,排列五,2025221,2025-08-19,79178,62552,,https://m.ydniu.com/kaijiang/pl5/sjh/2025221.html,页面明确标注为排列五五位模拟试机号，属于互联网模拟数据，不是官方试机号。,是,200,是,
3D之家/3d178,福彩3D,2025221,2025-08-19,296,168,,https://www.3d178.cn/kaijiang/2025/2025221.shtml,3D之家页面所列试机号；与彩宝网口径可能不同，原样独立保留。,否,200,是,
彩宝网/8200,福彩3D,2025221,2025-08-19,296,726,305,https://www.8200.cn/kjh/3d/2025221.htm,福彩3D页面口径：同时列出开机号与试机号。,否,200,是,
彩宝网/8200,排列三,2025222,2025-08-20,660,850,,https://www.8200.cn/kjh/p3/2025222.htm,排列三页面所列三位试机号；排列三与排列五共用同一期体彩摇奖流程。,否,200,是,
一定牛/ydniu,排列五,2025222,2025-08-20,66088,26859,,https://m.ydniu.com/kaijiang/pl5/sjh/2025222.html,页面明确标注为排列五五位模拟试机号，属于互联网模拟数据，不是官方试机号。,是,200,是,
3D之家/3d178,福彩3D,2025222,2025-08-20,010,772,,https://www.3d178.cn/kaijiang/2025/2025222.shtml,3D之家页面所列试机号；与彩宝网口径可能不同，原样独立保留。,否,200,是,
彩宝网/8200,福彩3D,2025222,2025-08-20,010,391,214,https://www.8200.cn/kjh/3d/2025222.htm,福彩3D页面口径：同时列出开机号与试机号。,否,200,是,
彩宝网/8200,排列三,2025223,2025-08-21,795,921,,https://www.8200.cn/kjh/p3/2025223.htm,排列三页面所列三位试机号；排列三与排列五共用同一期体彩摇奖流程。,否,200,是,
一定牛/ydniu,排列五,2025223,2025-08-21,79504,84122,,https://m.ydniu.com/kaijiang/pl5/sjh/2025223.html,页面明确标注为排列五五位模拟试机号，属于互联网模拟数据，不是官方试机号。,是,200,是,
3D之家/3d178,福彩3D,2025223,2025-08-21,736,505,,https://www.3d178.cn/kaijiang/2025/2025223.shtml,3D之家页面所列试机号；与彩宝网口径可能不同，原样独立保留。,否,200,是,
彩宝网/8200,福彩3D,2025223,2025-08-21,736,125,907,https://www.8200.cn/kjh/3d/2025223.htm,福彩3D页面口径：同时列出开机号与试机号。,否,200,是,
彩宝网/8200,排列三,2025224,2025-08-22,021,307,,https://www.8200.cn/kjh/p3/2025224.htm,排列三页面所列三位试机号；排列三与排列五共用同一期体彩摇奖流程。,否,200,是,
一定牛/ydniu,排列五,2025224,2025-08-22,02192,75150,,https://m.ydniu.com/kaijiang/pl5/sjh/2025224.html,页面明确标注为排列五五位模拟试机号，属于互联网模拟数据，不是官方试机号。,是,200,是,
3D之家/3d178,福彩3D,2025224,2025-08-22,990,911,,https://www.3d178.cn/kaijiang/2025/2025224.shtml,3D之家页面所列试机号；与彩宝网口径可能不同，原样独立保留。,否,200,是,
彩宝网/8200,福彩3D,2025224,2025-08-22,990,680,902,https://www.8200.cn/kjh/3d/2025224.htm,福彩3D页面口径：同时列出开机号与试机号。,否,200,是,
彩宝网/8200,排列三,2025225,2025-08-23,009,385,,https://www.8200.cn/kjh/p3/2025225.htm,排列三页面所列三位试机号；排列三与排列五共用同一期体彩摇奖流程。,否,200,是,
一定牛/ydniu,排列五,2025225,2025-08-23,00907,19002,,https://m.ydniu.com/kaijiang/pl5/sjh/2025225.html,页面明确标注为排列五五位模拟试机号，属于互联网模拟数据，不是官方试机号。,是,200,是,
3D之家/3d178,福彩3D,2025225,2025-08-23,806,193,,https://www.3d178.cn/kaijiang/2025/2025225.shtml,3D之家页面所列试机号；与彩宝网口径可能不同，原样独立保留。,否,200,是,
彩宝网/8200,福彩3D,2025225,2025-08-23,806,318,921,https://www.8200.cn/kjh/3d/2025225.htm,福彩3D页面口径：同时列出开机号与试机号。,否,200,是,
彩宝网/8200,排列三,2025226,2025-08-24,373,612,,https://www.8200.cn/kjh/p3/2025226.htm,排列三页面所列三位试机号；排列三与排列五共用同一期体彩摇奖流程。,否,200,是,
一定牛/ydniu,排列五,2025226,2025-08-24,37327,97319,,https://m.ydniu.com/kaijiang/pl5/sjh/2025226.html,页面明确标注为排列五五位模拟试机号，属于互联网模拟数据，不是官方试机号。,是,200,是,
3D之家/3d178,福彩3D,2025226,2025-08-24,180,601,,https://www.3d178.cn/kaijiang/2025/2025226.shtml,3D之家页面所列试机号；与彩宝网口径可能不同，原样独立保留。,否,200,是,
彩宝网/8200,福彩3D,2025226,2025-08-24,180,892,694,https://www.8200.cn/kjh/3d/2025226.htm,福彩3D页面口径：同时列出开机号与试机号。,否,200,是,
彩宝网/8200,排列三,2025227,2025-08-25,453,526,,https://www.8200.cn/kjh/p3/2025227.htm,排列三页面所列三位试机号；排列三与排列五共用同一期体彩摇奖流程。,否,200,是,
一定牛/ydniu,排列五,2025227,2025-08-25,45391,28619,,https://m.ydniu.com/kaijiang/pl5/sjh/2025227.html,页面明确标注为排列五五位模拟试机号，属于互联网模拟数据，不是官方试机号。,是,200,是,
3D之家/3d178,福彩3D,2025227,2025-08-25,611,802,,https://www.3d178.cn/kaijiang/2025/2025227.shtml,3D之家页面所列试机号；与彩宝网口径可能不同，原样独立保留。,否,200,是,
彩宝网/8200,福彩3D,2025227,2025-08-25,611,364,215,https://www.8200.cn/kjh/3d/2025227.htm,福彩3D页面口径：同时列出开机号与试机号。,否,200,是,
彩宝网/8200,排列三,2025228,2025-08-26,164,289,,https://www.8200.cn/kjh/p3/2025228.htm,排列三页面所列三位试机号；排列三与排列五共用同一期体彩摇奖流程。,否,200,是,
一定牛/ydniu,排列五,2025228,2025-08-26,16465,37045,,https://m.ydniu.com/kaijiang/pl5/sjh/2025228.html,页面明确标注为排列五五位模拟试机号，属于互联网模拟数据，不是官方试机号。,是,200,是,
3D之家/3d178,福彩3D,2025228,2025-08-26,465,162,,https://www.3d178.cn/kaijiang/2025/2025228.shtml,3D之家页面所列试机号；与彩宝网口径可能不同，原样独立保留。,否,200,是,
彩宝网/8200,福彩3D,2025228,2025-08-26,465,937,248,https://www.8200.cn/kjh/3d/2025228.htm,福彩3D页面口径：同时列出开机号与试机号。,否,200,是,
彩宝网/8200,排列三,2025229,2025-08-27,123,403,,https://www.8200.cn/kjh/p3/2025229.htm,排列三页面所列三位试机号；排列三与排列五共用同一期体彩摇奖流程。,否,200,是,
一定牛/ydniu,排列五,2025229,2025-08-27,12302,73068,,https://m.ydniu.com/kaijiang/pl5/sjh/2025229.html,页面明确标注为排列五五位模拟试机号，属于互联网模拟数据，不是官方试机号。,是,200,是,
3D之家/3d178,福彩3D,2025229,2025-08-27,108,579,,https://www.3d178.cn/kaijiang/2025/2025229.shtml,3D之家页面所列试机号；与彩宝网口径可能不同，原样独立保留。,否,200,是,
彩宝网/8200,福彩3D,2025229,2025-08-27,108,562,260,https://www.8200.cn/kjh/3d/2025229.htm,福彩3D页面口径：同时列出开机号与试机号。,否,200,是,
彩宝网/8200,排列三,2025230,2025-08-28,178,247,,https://www.8200.cn/kjh/p3/2025230.htm,排列三页面所列三位试机号；排列三与排列五共用同一期体彩摇奖流程。,否,200,是,
一定牛/ydniu,排列五,2025230,2025-08-28,17805,83835,,https://m.ydniu.com/kaijiang/pl5/sjh/2025230.html,页面明确标注为排列五五位模拟试机号，属于互联网模拟数据，不是官方试机号。,是,200,是,
3D之家/3d178,福彩3D,2025230,2025-08-28,439,364,,https://www.3d178.cn/kaijiang/2025/2025230.shtml,3D之家页面所列试机号；与彩宝网口径可能不同，原样独立保留。,否,200,是,
彩宝网/8200,福彩3D,2025230,2025-08-28,439,894,297,https://www.8200.cn/kjh/3d/2025230.htm,福彩3D页面口径：同时列出开机号与试机号。,否,200,是,
彩宝网/8200,排列三,2025231,2025-08-29,258,984,,https://www.8200.cn/kjh/p3/2025231.htm,排列三页面所列三位试机号；排列三与排列五共用同一期体彩摇奖流程。,否,200,是,
一定牛/ydniu,排列五,2025231,2025-08-29,25854,93391,,https://m.ydniu.com/kaijiang/pl5/sjh/2025231.html,页面明确标注为排列五五位模拟试机号，属于互联网模拟数据，不是官方试机号。,是,200,是,
3D之家/3d178,福彩3D,2025231,2025-08-29,732,393,,https://www.3d178.cn/kaijiang/2025/2025231.shtml,3D之家页面所列试机号；与彩宝网口径可能不同，原样独立保留。,否,200,是,
彩宝网/8200,福彩3D,2025231,2025-08-29,732,637,603,https://www.8200.cn/kjh/3d/2025231.htm,福彩3D页面口径：同时列出开机号与试机号。,否,200,是,
彩宝网/8200,排列三,2025232,2025-08-30,397,793,,https://www.8200.cn/kjh/p3/2025232.htm,排列三页面所列三位试机号；排列三与排列五共用同一期体彩摇奖流程。,否,200,是,
一定牛/ydniu,排列五,2025232,2025-08-30,39762,60060,,https://m.ydniu.com/kaijiang/pl5/sjh/2025232.html,页面明确标注为排列五五位模拟试机号，属于互联网模拟数据，不是官方试机号。,是,200,是,
3D之家/3d178,福彩3D,2025232,2025-08-30,044,615,,https://www.3d178.cn/kaijiang/2025/2025232.shtml,3D之家页面所列试机号；与彩宝网口径可能不同，原样独立保留。,否,200,是,
彩宝网/8200,福彩3D,2025232,2025-08-30,044,904,267,https://www.8200.cn/kjh/3d/2025232.htm,福彩3D页面口径：同时列出开机号与试机号。,否,200,是,
彩宝网/8200,排列三,2025233,2025-08-31,143,468,,https://www.8200.cn/kjh/p3/2025233.htm,排列三页面所列三位试机号；排列三与排列五共用同一期体彩摇奖流程。,否,200,是,
一定牛/ydniu,排列五,2025233,2025-08-31,14390,23803,,https://m.ydniu.com/kaijiang/pl5/sjh/2025233.html,页面明确标注为排列五五位模拟试机号，属于互联网模拟数据，不是官方试机号。,是,200,是,
3D之家/3d178,福彩3D,2025233,2025-08-31,259,999,,https://www.3d178.cn/kaijiang/2025/2025233.shtml,3D之家页面所列试机号；与彩宝网口径可能不同，原样独立保留。,否,200,是,
彩宝网/8200,福彩3D,2025233,2025-08-31,259,278,623,https://www.8200.cn/kjh/3d/2025233.htm,福彩3D页面口径：同时列出开机号与试机号。,否,200,是,
彩宝网/8200,排列三,2025234,2025-09-01,282,439,,https://www.8200.cn/kjh/p3/2025234.htm,排列三页面所列三位试机号；排列三与排列五共用同一期体彩摇奖流程。,否,200,是,
一定牛/ydniu,排列五,2025234,2025-09-01,28257,43034,,https://m.ydniu.com/kaijiang/pl5/sjh/2025234.html,页面明确标注为排列五五位模拟试机号，属于互联网模拟数据，不是官方试机号。,是,200,是,
3D之家/3d178,福彩3D,2025234,2025-09-01,620,927,,https://www.3d178.cn/kaijiang/2025/2025234.shtml,3D之家页面所列试机号；与彩宝网口径可能不同，原样独立保留。,否,200,是,
彩宝网/8200,福彩3D,2025234,2025-09-01,620,329,731,https://www.8200.cn/kjh/3d/2025234.htm,福彩3D页面口径：同时列出开机号与试机号。,否,200,是,
彩宝网/8200,排列三,2025235,2025-09-02,321,503,,https://www.8200.cn/kjh/p3/2025235.htm,排列三页面所列三位试机号；排列三与排列五共用同一期体彩摇奖流程。,否,200,是,
一定牛/ydniu,排列五,2025235,2025-09-02,32148,84393,,https://m.ydniu.com/kaijiang/pl5/sjh/2025235.html,页面明确标注为排列五五位模拟试机号，属于互联网模拟数据，不是官方试机号。,是,200,是,
3D之家/3d178,福彩3D,2025235,2025-09-02,969,968,,https://www.3d178.cn/kaijiang/2025/2025235.shtml,3D之家页面所列试机号；与彩宝网口径可能不同，原样独立保留。,否,200,是,
彩宝网/8200,福彩3D,2025235,2025-09-02,969,816,536,https://www.8200.cn/kjh/3d/2025235.htm,福彩3D页面口径：同时列出开机号与试机号。,否,200,是,
彩宝网/8200,排列三,2025236,2025-09-03,151,106,,https://www.8200.cn/kjh/p3/2025236.htm,排列三页面所列三位试机号；排列三与排列五共用同一期体彩摇奖流程。,否,200,是,
一定牛/ydniu,排列五,2025236,2025-09-03,15111,86470,,https://m.ydniu.com/kaijiang/pl5/sjh/2025236.html,页面明确标注为排列五五位模拟试机号，属于互联网模拟数据，不是官方试机号。,是,200,是,
3D之家/3d178,福彩3D,2025236,2025-09-03,355,122,,https://www.3d178.cn/kaijiang/2025/2025236.shtml,3D之家页面所列试机号；与彩宝网口径可能不同，原样独立保留。,否,200,是,
彩宝网/8200,福彩3D,2025236,2025-09-03,355,458,610,https://www.8200.cn/kjh/3d/2025236.htm,福彩3D页面口径：同时列出开机号与试机号。,否,200,是,
彩宝网/8200,排列三,2025237,2025-09-04,713,136,,https://www.8200.cn/kjh/p3/2025237.htm,排列三页面所列三位试机号；排列三与排列五共用同一期体彩摇奖流程。,否,200,是,
一定牛/ydniu,排列五,2025237,2025-09-04,71339,00838,,https://m.ydniu.com/kaijiang/pl5/sjh/2025237.html,页面明确标注为排列五五位模拟试机号，属于互联网模拟数据，不是官方试机号。,是,200,是,
3D之家/3d178,福彩3D,2025237,2025-09-04,590,712,,https://www.3d178.cn/kaijiang/2025/2025237.shtml,3D之家页面所列试机号；与彩宝网口径可能不同，原样独立保留。,否,200,是,
彩宝网/8200,福彩3D,2025237,2025-09-04,590,538,197,https://www.8200.cn/kjh/3d/2025237.htm,福彩3D页面口径：同时列出开机号与试机号。,否,200,是,
彩宝网/8200,排列三,2025238,2025-09-05,754,259,,https://www.8200.cn/kjh/p3/2025238.htm,排列三页面所列三位试机号；排列三与排列五共用同一期体彩摇奖流程。,否,200,是,
一定牛/ydniu,排列五,2025238,2025-09-05,75455,88319,,https://m.ydniu.com/kaijiang/pl5/sjh/2025238.html,页面明确标注为排列五五位模拟试机号，属于互联网模拟数据，不是官方试机号。,是,200,是,
3D之家/3d178,福彩3D,2025238,2025-09-05,860,831,,https://www.3d178.cn/kaijiang/2025/2025238.shtml,3D之家页面所列试机号；与彩宝网口径可能不同，原样独立保留。,否,200,是,
彩宝网/8200,福彩3D,2025238,2025-09-05,860,643,864,https://www.8200.cn/kjh/3d/2025238.htm,福彩3D页面口径：同时列出开机号与试机号。,否,200,是,
彩宝网/8200,排列三,2025239,2025-09-06,220,619,,https://www.8200.cn/kjh/p3/2025239.htm,排列三页面所列三位试机号；排列三与排列五共用同一期体彩摇奖流程。,否,200,是,
一定牛/ydniu,排列五,2025239,2025-09-06,22017,20634,,https://m.ydniu.com/kaijiang/pl5/sjh/2025239.html,页面明确标注为排列五五位模拟试机号，属于互联网模拟数据，不是官方试机号。,是,200,是,
3D之家/3d178,福彩3D,2025239,2025-09-06,125,765,,https://www.3d178.cn/kaijiang/2025/2025239.shtml,3D之家页面所列试机号；与彩宝网口径可能不同，原样独立保留。,否,200,是,
彩宝网/8200,福彩3D,2025239,2025-09-06,125,405,035,https://www.8200.cn/kjh/3d/2025239.htm,福彩3D页面口径：同时列出开机号与试机号。,否,200,是,
彩宝网/8200,排列三,2025240,2025-09-07,627,539,,https://www.8200.cn/kjh/p3/2025240.htm,排列三页面所列三位试机号；排列三与排列五共用同一期体彩摇奖流程。,否,200,是,
一定牛/ydniu,排列五,2025240,2025-09-07,62762,97870,,https://m.ydniu.com/kaijiang/pl5/sjh/2025240.html,页面明确标注为排列五五位模拟试机号，属于互联网模拟数据，不是官方试机号。,是,200,是,
3D之家/3d178,福彩3D,2025240,2025-09-07,419,227,,https://www.3d178.cn/kaijiang/2025/2025240.shtml,3D之家页面所列试机号；与彩宝网口径可能不同，原样独立保留。,否,200,是,
彩宝网/8200,福彩3D,2025240,2025-09-07,419,972,713,https://www.8200.cn/kjh/3d/2025240.htm,福彩3D页面口径：同时列出开机号与试机号。,否,200,是,
彩宝网/8200,排列三,2025241,2025-09-08,286,697,,https://www.8200.cn/kjh/p3/2025241.htm,排列三页面所列三位试机号；排列三与排列五共用同一期体彩摇奖流程。,否,200,是,
一定牛/ydniu,排列五,2025241,2025-09-08,28638,22098,,https://m.ydniu.com/kaijiang/pl5/sjh/2025241.html,页面明确标注为排列五五位模拟试机号，属于互联网模拟数据，不是官方试机号。,是,200,是,
3D之家/3d178,福彩3D,2025241,2025-09-08,160,157,,https://www.3d178.cn/kaijiang/2025/2025241.shtml,3D之家页面所列试机号；与彩宝网口径可能不同，原样独立保留。,否,200,是,
彩宝网/8200,福彩3D,2025241,2025-09-08,160,765,642,https://www.8200.cn/kjh/3d/2025241.htm,福彩3D页面口径：同时列出开机号与试机号。,否,200,是,
彩宝网/8200,排列三,2025242,2025-09-09,523,517,,https://www.8200.cn/kjh/p3/2025242.htm,排列三页面所列三位试机号；排列三与排列五共用同一期体彩摇奖流程。,否,200,是,
一定牛/ydniu,排列五,2025242,2025-09-09,52393,50134,,https://m.ydniu.com/kaijiang/pl5/sjh/2025242.html,页面明确标注为排列五五位模拟试机号，属于互联网模拟数据，不是官方试机号。,是,200,是,
3D之家/3d178,福彩3D,2025242,2025-09-09,990,325,,https://www.3d178.cn/kaijiang/2025/2025242.shtml,3D之家页面所列试机号；与彩宝网口径可能不同，原样独立保留。,否,200,是,
彩宝网/8200,福彩3D,2025242,2025-09-09,990,239,926,https://www.8200.cn/kjh/3d/2025242.htm,福彩3D页面口径：同时列出开机号与试机号。,否,200,是,
彩宝网/8200,排列三,2025243,2025-09-10,812,954,,https://www.8200.cn/kjh/p3/2025243.htm,排列三页面所列三位试机号；排列三与排列五共用同一期体彩摇奖流程。,否,200,是,
一定牛/ydniu,排列五,2025243,2025-09-10,81281,63522,,https://m.ydniu.com/kaijiang/pl5/sjh/2025243.html,页面明确标注为排列五五位模拟试机号，属于互联网模拟数据，不是官方试机号。,是,200,是,
3D之家/3d178,福彩3D,2025243,2025-09-10,176,088,,https://www.3d178.cn/kaijiang/2025/2025243.shtml,3D之家页面所列试机号；与彩宝网口径可能不同，原样独立保留。,否,200,是,
彩宝网/8200,福彩3D,2025243,2025-09-10,176,782,908,https://www.8200.cn/kjh/3d/2025243.htm,福彩3D页面口径：同时列出开机号与试机号。,否,200,是,
彩宝网/8200,排列三,2025244,2025-09-11,758,403,,https://www.8200.cn/kjh/p3/2025244.htm,排列三页面所列三位试机号；排列三与排列五共用同一期体彩摇奖流程。,否,200,是,
一定牛/ydniu,排列五,2025244,2025-09-11,75862,58532,,https://m.ydniu.com/kaijiang/pl5/sjh/2025244.html,页面明确标注为排列五五位模拟试机号，属于互联网模拟数据，不是官方试机号。,是,200,是,
3D之家/3d178,福彩3D,2025244,2025-09-11,673,348,,https://www.3d178.cn/kaijiang/2025/2025244.shtml,3D之家页面所列试机号；与彩宝网口径可能不同，原样独立保留。,否,200,是,
彩宝网/8200,福彩3D,2025244,2025-09-11,673,615,967,https://www.8200.cn/kjh/3d/2025244.htm,福彩3D页面口径：同时列出开机号与试机号。,否,200,是,
彩宝网/8200,排列三,2025245,2025-09-12,994,206,,https://www.8200.cn/kjh/p3/2025245.htm,排列三页面所列三位试机号；排列三与排列五共用同一期体彩摇奖流程。,否,200,是,
一定牛/ydniu,排列五,2025245,2025-09-12,99492,65619,,https://m.ydniu.com/kaijiang/pl5/sjh/2025245.html,页面明确标注为排列五五位模拟试机号，属于互联网模拟数据，不是官方试机号。,是,200,是,
3D之家/3d178,福彩3D,2025245,2025-09-12,848,096,,https://www.3d178.cn/kaijiang/2025/2025245.shtml,3D之家页面所列试机号；与彩宝网口径可能不同，原样独立保留。,否,200,是,
彩宝网/8200,福彩3D,2025245,2025-09-12,848,352,985,https://www.8200.cn/kjh/3d/2025245.htm,福彩3D页面口径：同时列出开机号与试机号。,否,200,是,
彩宝网/8200,排列三,2025246,2025-09-13,207,728,,https://www.8200.cn/kjh/p3/2025246.htm,排列三页面所列三位试机号；排列三与排列五共用同一期体彩摇奖流程。,否,200,是,
一定牛/ydniu,排列五,2025246,2025-09-13,20767,55104,,https://m.ydniu.com/kaijiang/pl5/sjh/2025246.html,页面明确标注为排列五五位模拟试机号，属于互联网模拟数据，不是官方试机号。,是,200,是,
3D之家/3d178,福彩3D,2025246,2025-09-13,997,295,,https://www.3d178.cn/kaijiang/2025/2025246.shtml,3D之家页面所列试机号；与彩宝网口径可能不同，原样独立保留。,否,200,是,
彩宝网/8200,福彩3D,2025246,2025-09-13,997,517,326,https://www.8200.cn/kjh/3d/2025246.htm,福彩3D页面口径：同时列出开机号与试机号。,否,200,是,
彩宝网/8200,排列三,2025247,2025-09-14,364,513,,https://www.8200.cn/kjh/p3/2025247.htm,排列三页面所列三位试机号；排列三与排列五共用同一期体彩摇奖流程。,否,200,是,
一定牛/ydniu,排列五,2025247,2025-09-14,36423,92784,,https://m.ydniu.com/kaijiang/pl5/sjh/2025247.html,页面明确标注为排列五五位模拟试机号，属于互联网模拟数据，不是官方试机号。,是,200,是,
3D之家/3d178,福彩3D,2025247,2025-09-14,262,317,,https://www.3d178.cn/kaijiang/2025/2025247.shtml,3D之家页面所列试机号；与彩宝网口径可能不同，原样独立保留。,否,200,是,
彩宝网/8200,福彩3D,2025247,2025-09-14,262,249,714,https://www.8200.cn/kjh/3d/2025247.htm,福彩3D页面口径：同时列出开机号与试机号。,否,200,是,
彩宝网/8200,排列三,2025248,2025-09-15,983,528,,https://www.8200.cn/kjh/p3/2025248.htm,排列三页面所列三位试机号；排列三与排列五共用同一期体彩摇奖流程。,否,200,是,
一定牛/ydniu,排列五,2025248,2025-09-15,98385,14186,,https://m.ydniu.com/kaijiang/pl5/sjh/2025248.html,页面明确标注为排列五五位模拟试机号，属于互联网模拟数据，不是官方试机号。,是,200,是,
3D之家/3d178,福彩3D,2025248,2025-09-15,526,609,,https://www.3d178.cn/kaijiang/2025/2025248.shtml,3D之家页面所列试机号；与彩宝网口径可能不同，原样独立保留。,否,200,是,
彩宝网/8200,福彩3D,2025248,2025-09-15,526,736,394,https://www.8200.cn/kjh/3d/2025248.htm,福彩3D页面口径：同时列出开机号与试机号。,否,200,是,
彩宝网/8200,排列三,2025249,2025-09-16,532,912,,https://www.8200.cn/kjh/p3/2025249.htm,排列三页面所列三位试机号；排列三与排列五共用同一期体彩摇奖流程。,否,200,是,
一定牛/ydniu,排列五,2025249,2025-09-16,53208,44738,,https://m.ydniu.com/kaijiang/pl5/sjh/2025249.html,页面明确标注为排列五五位模拟试机号，属于互联网模拟数据，不是官方试机号。,是,200,是,
3D之家/3d178,福彩3D,2025249,2025-09-16,952,815,,https://www.3d178.cn/kaijiang/2025/2025249.shtml,3D之家页面所列试机号；与彩宝网口径可能不同，原样独立保留。,否,200,是,
彩宝网/8200,福彩3D,2025249,2025-09-16,952,415,062,https://www.8200.cn/kjh/3d/2025249.htm,福彩3D页面口径：同时列出开机号与试机号。,否,200,是,
彩宝网/8200,排列三,2025250,2025-09-17,178,139,,https://www.8200.cn/kjh/p3/2025250.htm,排列三页面所列三位试机号；排列三与排列五共用同一期体彩摇奖流程。,否,200,是,
一定牛/ydniu,排列五,2025250,2025-09-17,17806,10904,,https://m.ydniu.com/kaijiang/pl5/sjh/2025250.html,页面明确标注为排列五五位模拟试机号，属于互联网模拟数据，不是官方试机号。,是,200,是,
3D之家/3d178,福彩3D,2025250,2025-09-17,902,511,,https://www.3d178.cn/kaijiang/2025/2025250.shtml,3D之家页面所列试机号；与彩宝网口径可能不同，原样独立保留。,否,200,是,
彩宝网/8200,福彩3D,2025250,2025-09-17,902,326,135,https://www.8200.cn/kjh/3d/2025250.htm,福彩3D页面口径：同时列出开机号与试机号。,否,200,是,
彩宝网/8200,排列三,2025251,2025-09-18,558,859,,https://www.8200.cn/kjh/p3/2025251.htm,排列三页面所列三位试机号；排列三与排列五共用同一期体彩摇奖流程。,否,200,是,
一定牛/ydniu,排列五,2025251,2025-09-18,55854,67683,,https://m.ydniu.com/kaijiang/pl5/sjh/2025251.html,页面明确标注为排列五五位模拟试机号，属于互联网模拟数据，不是官方试机号。,是,200,是,
3D之家/3d178,福彩3D,2025251,2025-09-18,868,990,,https://www.3d178.cn/kaijiang/2025/2025251.shtml,3D之家页面所列试机号；与彩宝网口径可能不同，原样独立保留。,否,200,是,
彩宝网/8200,福彩3D,2025251,2025-09-18,868,967,680,https://www.8200.cn/kjh/3d/2025251.htm,福彩3D页面口径：同时列出开机号与试机号。,否,200,是,
彩宝网/8200,排列三,2025252,2025-09-19,190,952,,https://www.8200.cn/kjh/p3/2025252.htm,排列三页面所列三位试机号；排列三与排列五共用同一期体彩摇奖流程。,否,200,是,
一定牛/ydniu,排列五,2025252,2025-09-19,19053,12457,,https://m.ydniu.com/kaijiang/pl5/sjh/2025252.html,页面明确标注为排列五五位模拟试机号，属于互联网模拟数据，不是官方试机号。,是,200,是,
3D之家/3d178,福彩3D,2025252,2025-09-19,792,889,,https://www.3d178.cn/kaijiang/2025/2025252.shtml,3D之家页面所列试机号；与彩宝网口径可能不同，原样独立保留。,否,200,是,
彩宝网/8200,福彩3D,2025252,2025-09-19,792,418,945,https://www.8200.cn/kjh/3d/2025252.htm,福彩3D页面口径：同时列出开机号与试机号。,否,200,是,
彩宝网/8200,排列三,2025253,2025-09-20,693,615,,https://www.8200.cn/kjh/p3/2025253.htm,排列三页面所列三位试机号；排列三与排列五共用同一期体彩摇奖流程。,否,200,是,
一定牛/ydniu,排列五,2025253,2025-09-20,69307,77293,,https://m.ydniu.com/kaijiang/pl5/sjh/2025253.html,页面明确标注为排列五五位模拟试机号，属于互联网模拟数据，不是官方试机号。,是,200,是,
3D之家/3d178,福彩3D,2025253,2025-09-20,457,682,,https://www.3d178.cn/kaijiang/2025/2025253.shtml,3D之家页面所列试机号；与彩宝网口径可能不同，原样独立保留。,否,200,是,
彩宝网/8200,福彩3D,2025253,2025-09-20,457,597,310,https://www.8200.cn/kjh/3d/2025253.htm,福彩3D页面口径：同时列出开机号与试机号。,否,200,是,
彩宝网/8200,排列三,2025254,2025-09-21,628,437,,https://www.8200.cn/kjh/p3/2025254.htm,排列三页面所列三位试机号；排列三与排列五共用同一期体彩摇奖流程。,否,200,是,
一定牛/ydniu,排列五,2025254,2025-09-21,62884,38017,,https://m.ydniu.com/kaijiang/pl5/sjh/2025254.html,页面明确标注为排列五五位模拟试机号，属于互联网模拟数据，不是官方试机号。,是,200,是,
3D之家/3d178,福彩3D,2025254,2025-09-21,072,764,,https://www.3d178.cn/kaijiang/2025/2025254.shtml,3D之家页面所列试机号；与彩宝网口径可能不同，原样独立保留。,否,200,是,
彩宝网/8200,福彩3D,2025254,2025-09-21,072,308,463,https://www.8200.cn/kjh/3d/2025254.htm,福彩3D页面口径：同时列出开机号与试机号。,否,200,是,
彩宝网/8200,排列三,2025255,2025-09-22,583,148,,https://www.8200.cn/kjh/p3/2025255.htm,排列三页面所列三位试机号；排列三与排列五共用同一期体彩摇奖流程。,否,200,是,
一定牛/ydniu,排列五,2025255,2025-09-22,58321,52838,,https://m.ydniu.com/kaijiang/pl5/sjh/2025255.html,页面明确标注为排列五五位模拟试机号，属于互联网模拟数据，不是官方试机号。,是,200,是,
3D之家/3d178,福彩3D,2025255,2025-09-22,264,865,,https://www.3d178.cn/kaijiang/2025/2025255.shtml,3D之家页面所列试机号；与彩宝网口径可能不同，原样独立保留。,否,200,是,
彩宝网/8200,福彩3D,2025255,2025-09-22,264,065,253,https://www.8200.cn/kjh/3d/2025255.htm,福彩3D页面口径：同时列出开机号与试机号。,否,200,是,
彩宝网/8200,排列三,2025256,2025-09-23,797,610,,https://www.8200.cn/kjh/p3/2025256.htm,排列三页面所列三位试机号；排列三与排列五共用同一期体彩摇奖流程。,否,200,是,
一定牛/ydniu,排列五,2025256,2025-09-23,79775,67930,,https://m.ydniu.com/kaijiang/pl5/sjh/2025256.html,页面明确标注为排列五五位模拟试机号，属于互联网模拟数据，不是官方试机号。,是,200,是,
3D之家/3d178,福彩3D,2025256,2025-09-23,406,861,,https://www.3d178.cn/kaijiang/2025/2025256.shtml,3D之家页面所列试机号；与彩宝网口径可能不同，原样独立保留。,否,200,是,
彩宝网/8200,福彩3D,2025256,2025-09-23,406,394,243,https://www.8200.cn/kjh/3d/2025256.htm,福彩3D页面口径：同时列出开机号与试机号。,否,200,是,
彩宝网/8200,排列三,2025257,2025-09-24,561,279,,https://www.8200.cn/kjh/p3/2025257.htm,排列三页面所列三位试机号；排列三与排列五共用同一期体彩摇奖流程。,否,200,是,
一定牛/ydniu,排列五,2025257,2025-09-24,56150,12229,,https://m.ydniu.com/kaijiang/pl5/sjh/2025257.html,页面明确标注为排列五五位模拟试机号，属于互联网模拟数据，不是官方试机号。,是,200,是,
3D之家/3d178,福彩3D,2025257,2025-09-24,860,297,,https://www.3d178.cn/kaijiang/2025/2025257.shtml,3D之家页面所列试机号；与彩宝网口径可能不同，原样独立保留。,否,200,是,
彩宝网/8200,福彩3D,2025257,2025-09-24,860,621,196,https://www.8200.cn/kjh/3d/2025257.htm,福彩3D页面口径：同时列出开机号与试机号。,否,200,是,
彩宝网/8200,排列三,2025258,2025-09-25,038,540,,https://www.8200.cn/kjh/p3/2025258.htm,排列三页面所列三位试机号；排列三与排列五共用同一期体彩摇奖流程。,否,200,是,
一定牛/ydniu,排列五,2025258,2025-09-25,03863,96111,,https://m.ydniu.com/kaijiang/pl5/sjh/2025258.html,页面明确标注为排列五五位模拟试机号，属于互联网模拟数据，不是官方试机号。,是,200,是,
3D之家/3d178,福彩3D,2025258,2025-09-25,626,393,,https://www.3d178.cn/kaijiang/2025/2025258.shtml,3D之家页面所列试机号；与彩宝网口径可能不同，原样独立保留。,否,200,是,
彩宝网/8200,福彩3D,2025258,2025-09-25,626,853,642,https://www.8200.cn/kjh/3d/2025258.htm,福彩3D页面口径：同时列出开机号与试机号。,否,200,是,
彩宝网/8200,排列三,2025259,2025-09-26,420,907,,https://www.8200.cn/kjh/p3/2025259.htm,排列三页面所列三位试机号；排列三与排列五共用同一期体彩摇奖流程。,否,200,是,
一定牛/ydniu,排列五,2025259,2025-09-26,42099,46429,,https://m.ydniu.com/kaijiang/pl5/sjh/2025259.html,页面明确标注为排列五五位模拟试机号，属于互联网模拟数据，不是官方试机号。,是,200,是,
3D之家/3d178,福彩3D,2025259,2025-09-26,625,129,,https://www.3d178.cn/kaijiang/2025/2025259.shtml,3D之家页面所列试机号；与彩宝网口径可能不同，原样独立保留。,否,200,是,
彩宝网/8200,福彩3D,2025259,2025-09-26,625,609,784,https://www.8200.cn/kjh/3d/2025259.htm,福彩3D页面口径：同时列出开机号与试机号。,否,200,是,
彩宝网/8200,排列三,2025260,2025-09-27,514,528,,https://www.8200.cn/kjh/p3/2025260.htm,排列三页面所列三位试机号；排列三与排列五共用同一期体彩摇奖流程。,否,200,是,
一定牛/ydniu,排列五,2025260,2025-09-27,51455,15430,,https://m.ydniu.com/kaijiang/pl5/sjh/2025260.html,页面明确标注为排列五五位模拟试机号，属于互联网模拟数据，不是官方试机号。,是,200,是,
3D之家/3d178,福彩3D,2025260,2025-09-27,199,789,,https://www.3d178.cn/kaijiang/2025/2025260.shtml,3D之家页面所列试机号；与彩宝网口径可能不同，原样独立保留。,否,200,是,
彩宝网/8200,福彩3D,2025260,2025-09-27,199,342,971,https://www.8200.cn/kjh/3d/2025260.htm,福彩3D页面口径：同时列出开机号与试机号。,否,200,是,
彩宝网/8200,排列三,2025261,2025-09-28,877,830,,https://www.8200.cn/kjh/p3/2025261.htm,排列三页面所列三位试机号；排列三与排列五共用同一期体彩摇奖流程。,否,200,是,
一定牛/ydniu,排列五,2025261,2025-09-28,87753,39987,,https://m.ydniu.com/kaijiang/pl5/sjh/2025261.html,页面明确标注为排列五五位模拟试机号，属于互联网模拟数据，不是官方试机号。,是,200,是,
3D之家/3d178,福彩3D,2025261,2025-09-28,751,058,,https://www.3d178.cn/kaijiang/2025/2025261.shtml,3D之家页面所列试机号；与彩宝网口径可能不同，原样独立保留。,否,200,是,
彩宝网/8200,福彩3D,2025261,2025-09-28,751,505,361,https://www.8200.cn/kjh/3d/2025261.htm,福彩3D页面口径：同时列出开机号与试机号。,否,200,是,
彩宝网/8200,排列三,2025262,2025-09-29,512,135,,https://www.8200.cn/kjh/p3/2025262.htm,排列三页面所列三位试机号；排列三与排列五共用同一期体彩摇奖流程。,否,200,是,
一定牛/ydniu,排列五,2025262,2025-09-29,51263,42942,,https://m.ydniu.com/kaijiang/pl5/sjh/2025262.html,页面明确标注为排列五五位模拟试机号，属于互联网模拟数据，不是官方试机号。,是,200,是,
3D之家/3d178,福彩3D,2025262,2025-09-29,914,325,,https://www.3d178.cn/kaijiang/2025/2025262.shtml,3D之家页面所列试机号；与彩宝网口径可能不同，原样独立保留。,否,200,是,
彩宝网/8200,福彩3D,2025262,2025-09-29,914,611,096,https://www.8200.cn/kjh/3d/2025262.htm,福彩3D页面口径：同时列出开机号与试机号。,否,200,是,
彩宝网/8200,排列三,2025263,2025-09-30,148,926,,https://www.8200.cn/kjh/p3/2025263.htm,排列三页面所列三位试机号；排列三与排列五共用同一期体彩摇奖流程。,否,200,是,
一定牛/ydniu,排列五,2025263,2025-09-30,14800,62132,,https://m.ydniu.com/kaijiang/pl5/sjh/2025263.html,页面明确标注为排列五五位模拟试机号，属于互联网模拟数据，不是官方试机号。,是,200,是,
3D之家/3d178,福彩3D,2025263,2025-09-30,399,937,,https://www.3d178.cn/kaijiang/2025/2025263.shtml,3D之家页面所列试机号；与彩宝网口径可能不同，原样独立保留。,否,200,是,
彩宝网/8200,福彩3D,2025263,2025-09-30,399,745,305,https://www.8200.cn/kjh/3d/2025263.htm,福彩3D页面口径：同时列出开机号与试机号。,否,200,是,
彩宝网/8200,排列三,2025264,2025-10-05,202,524,,https://www.8200.cn/kjh/p3/2025264.htm,排列三页面所列三位试机号；排列三与排列五共用同一期体彩摇奖流程。,否,200,是,
一定牛/ydniu,排列五,2025264,2025-10-05,20201,87030,,https://m.ydniu.com/kaijiang/pl5/sjh/2025264.html,页面明确标注为排列五五位模拟试机号，属于互联网模拟数据，不是官方试机号。,是,200,是,
3D之家/3d178,福彩3D,2025264,2025-10-05,734,389,,https://www.3d178.cn/kaijiang/2025/2025264.shtml,3D之家页面所列试机号；与彩宝网口径可能不同，原样独立保留。,否,200,是,
彩宝网/8200,福彩3D,2025264,2025-10-04,734,296,508,https://www.8200.cn/kjh/3d/2025264.htm,福彩3D页面口径：同时列出开机号与试机号。,否,200,是,
彩宝网/8200,排列三,2025265,2025-10-06,281,912,,https://www.8200.cn/kjh/p3/2025265.htm,排列三页面所列三位试机号；排列三与排列五共用同一期体彩摇奖流程。,否,200,是,
一定牛/ydniu,排列五,2025265,2025-10-06,28147,48838,,https://m.ydniu.com/kaijiang/pl5/sjh/2025265.html,页面明确标注为排列五五位模拟试机号，属于互联网模拟数据，不是官方试机号。,是,200,是,
3D之家/3d178,福彩3D,2025265,2025-10-06,546,365,,https://www.3d178.cn/kaijiang/2025/2025265.shtml,3D之家页面所列试机号；与彩宝网口径可能不同，原样独立保留。,否,200,是,
彩宝网/8200,福彩3D,2025265,2025-10-06,546,340,850,https://www.8200.cn/kjh/3d/2025265.htm,福彩3D页面口径：同时列出开机号与试机号。,否,200,是,
彩宝网/8200,排列三,2025266,2025-10-07,742,924,,https://www.8200.cn/kjh/p3/2025266.htm,排列三页面所列三位试机号；排列三与排列五共用同一期体彩摇奖流程。,否,200,是,
一定牛/ydniu,排列五,2025266,2025-10-07,74250,80495,,https://m.ydniu.com/kaijiang/pl5/sjh/2025266.html,页面明确标注为排列五五位模拟试机号，属于互联网模拟数据，不是官方试机号。,是,200,是,
3D之家/3d178,福彩3D,2025266,2025-10-07,723,672,,https://www.3d178.cn/kaijiang/2025/2025266.shtml,3D之家页面所列试机号；与彩宝网口径可能不同，原样独立保留。,否,200,是,
彩宝网/8200,福彩3D,2025266,2025-10-07,723,218,483,https://www.8200.cn/kjh/3d/2025266.htm,福彩3D页面口径：同时列出开机号与试机号。,否,200,是,
彩宝网/8200,排列三,2025267,2025-10-08,856,613,,https://www.8200.cn/kjh/p3/2025267.htm,排列三页面所列三位试机号；排列三与排列五共用同一期体彩摇奖流程。,否,200,是,
一定牛/ydniu,排列五,2025267,2025-10-08,85615,30440,,https://m.ydniu.com/kaijiang/pl5/sjh/2025267.html,页面明确标注为排列五五位模拟试机号，属于互联网模拟数据，不是官方试机号。,是,200,是,
3D之家/3d178,福彩3D,2025267,2025-10-08,391,427,,https://www.3d178.cn/kaijiang/2025/2025267.shtml,3D之家页面所列试机号；与彩宝网口径可能不同，原样独立保留。,否,200,是,
彩宝网/8200,福彩3D,2025267,2025-10-08,391,924,689,https://www.8200.cn/kjh/3d/2025267.htm,福彩3D页面口径：同时列出开机号与试机号。,否,200,是,
彩宝网/8200,排列三,2025268,2025-10-09,321,294,,https://www.8200.cn/kjh/p3/2025268.htm,排列三页面所列三位试机号；排列三与排列五共用同一期体彩摇奖流程。,否,200,是,
一定牛/ydniu,排列五,2025268,2025-10-09,32139,82728,,https://m.ydniu.com/kaijiang/pl5/sjh/2025268.html,页面明确标注为排列五五位模拟试机号，属于互联网模拟数据，不是官方试机号。,是,200,是,
3D之家/3d178,福彩3D,2025268,2025-10-09,674,385,,https://www.3d178.cn/kaijiang/2025/2025268.shtml,3D之家页面所列试机号；与彩宝网口径可能不同，原样独立保留。,否,200,是,
彩宝网/8200,福彩3D,2025268,2025-10-09,674,671,790,https://www.8200.cn/kjh/3d/2025268.htm,福彩3D页面口径：同时列出开机号与试机号。,否,200,是,
彩宝网/8200,排列三,2025269,2025-10-10,875,917,,https://www.8200.cn/kjh/p3/2025269.htm,排列三页面所列三位试机号；排列三与排列五共用同一期体彩摇奖流程。,否,200,是,
一定牛/ydniu,排列五,2025269,2025-10-10,87502,83942,,https://m.ydniu.com/kaijiang/pl5/sjh/2025269.html,页面明确标注为排列五五位模拟试机号，属于互联网模拟数据，不是官方试机号。,是,200,是,
3D之家/3d178,福彩3D,2025269,2025-10-10,055,475,,https://www.3d178.cn/kaijiang/2025/2025269.shtml,3D之家页面所列试机号；与彩宝网口径可能不同，原样独立保留。,否,200,是,
彩宝网/8200,福彩3D,2025269,2025-10-10,055,025,872,https://www.8200.cn/kjh/3d/2025269.htm,福彩3D页面口径：同时列出开机号与试机号。,否,200,是,
彩宝网/8200,排列三,2025270,2025-10-11,018,375,,https://www.8200.cn/kjh/p3/2025270.htm,排列三页面所列三位试机号；排列三与排列五共用同一期体彩摇奖流程。,否,200,是,
一定牛/ydniu,排列五,2025270,2025-10-11,01826,44548,,https://m.ydniu.com/kaijiang/pl5/sjh/2025270.html,页面明确标注为排列五五位模拟试机号，属于互联网模拟数据，不是官方试机号。,是,200,是,
3D之家/3d178,福彩3D,2025270,2025-10-11,408,804,,https://www.3d178.cn/kaijiang/2025/2025270.shtml,3D之家页面所列试机号；与彩宝网口径可能不同，原样独立保留。,否,200,是,
彩宝网/8200,福彩3D,2025270,2025-10-11,408,879,031,https://www.8200.cn/kjh/3d/2025270.htm,福彩3D页面口径：同时列出开机号与试机号。,否,200,是,
彩宝网/8200,排列三,2025271,2025-10-12,898,804,,https://www.8200.cn/kjh/p3/2025271.htm,排列三页面所列三位试机号；排列三与排列五共用同一期体彩摇奖流程。,否,200,是,
一定牛/ydniu,排列五,2025271,2025-10-12,89858,50249,,https://m.ydniu.com/kaijiang/pl5/sjh/2025271.html,页面明确标注为排列五五位模拟试机号，属于互联网模拟数据，不是官方试机号。,是,200,是,
3D之家/3d178,福彩3D,2025271,2025-10-12,727,833,,https://www.3d178.cn/kaijiang/2025/2025271.shtml,3D之家页面所列试机号；与彩宝网口径可能不同，原样独立保留。,否,200,是,
彩宝网/8200,福彩3D,2025271,2025-10-12,727,625,568,https://www.8200.cn/kjh/3d/2025271.htm,福彩3D页面口径：同时列出开机号与试机号。,否,200,是,
彩宝网/8200,排列三,2025272,2025-10-13,767,921,,https://www.8200.cn/kjh/p3/2025272.htm,排列三页面所列三位试机号；排列三与排列五共用同一期体彩摇奖流程。,否,200,是,
一定牛/ydniu,排列五,2025272,2025-10-13,76747,89696,,https://m.ydniu.com/kaijiang/pl5/sjh/2025272.html,页面明确标注为排列五五位模拟试机号，属于互联网模拟数据，不是官方试机号。,是,200,是,
3D之家/3d178,福彩3D,2025272,2025-10-13,967,365,,https://www.3d178.cn/kaijiang/2025/2025272.shtml,3D之家页面所列试机号；与彩宝网口径可能不同，原样独立保留。,否,200,是,
彩宝网/8200,福彩3D,2025272,2025-10-13,967,374,069,https://www.8200.cn/kjh/3d/2025272.htm,福彩3D页面口径：同时列出开机号与试机号。,否,200,是,
彩宝网/8200,排列三,2025273,2025-10-14,417,418,,https://www.8200.cn/kjh/p3/2025273.htm,排列三页面所列三位试机号；排列三与排列五共用同一期体彩摇奖流程。,否,200,是,
一定牛/ydniu,排列五,2025273,2025-10-14,41733,58785,,https://m.ydniu.com/kaijiang/pl5/sjh/2025273.html,页面明确标注为排列五五位模拟试机号，属于互联网模拟数据，不是官方试机号。,是,200,是,
3D之家/3d178,福彩3D,2025273,2025-10-14,045,575,,https://www.3d178.cn/kaijiang/2025/2025273.shtml,3D之家页面所列试机号；与彩宝网口径可能不同，原样独立保留。,否,200,是,
彩宝网/8200,福彩3D,2025273,2025-10-14,045,429,587,https://www.8200.cn/kjh/3d/2025273.htm,福彩3D页面口径：同时列出开机号与试机号。,否,200,是,
彩宝网/8200,排列三,2025274,2025-10-15,787,512,,https://www.8200.cn/kjh/p3/2025274.htm,排列三页面所列三位试机号；排列三与排列五共用同一期体彩摇奖流程。,否,200,是,
一定牛/ydniu,排列五,2025274,2025-10-15,78771,89741,,https://m.ydniu.com/kaijiang/pl5/sjh/2025274.html,页面明确标注为排列五五位模拟试机号，属于互联网模拟数据，不是官方试机号。,是,200,是,
3D之家/3d178,福彩3D,2025274,2025-10-15,596,970,,https://www.3d178.cn/kaijiang/2025/2025274.shtml,3D之家页面所列试机号；与彩宝网口径可能不同，原样独立保留。,否,200,是,
彩宝网/8200,福彩3D,2025274,2025-10-15,596,785,109,https://www.8200.cn/kjh/3d/2025274.htm,福彩3D页面口径：同时列出开机号与试机号。,否,200,是,
彩宝网/8200,排列三,2025275,2025-10-16,150,458,,https://www.8200.cn/kjh/p3/2025275.htm,排列三页面所列三位试机号；排列三与排列五共用同一期体彩摇奖流程。,否,200,是,
一定牛/ydniu,排列五,2025275,2025-10-16,15070,33607,,https://m.ydniu.com/kaijiang/pl5/sjh/2025275.html,页面明确标注为排列五五位模拟试机号，属于互联网模拟数据，不是官方试机号。,是,200,是,
3D之家/3d178,福彩3D,2025275,2025-10-16,203,305,,https://www.3d178.cn/kaijiang/2025/2025275.shtml,3D之家页面所列试机号；与彩宝网口径可能不同，原样独立保留。,否,200,是,
彩宝网/8200,福彩3D,2025275,2025-10-16,203,183,341,https://www.8200.cn/kjh/3d/2025275.htm,福彩3D页面口径：同时列出开机号与试机号。,否,200,是,
彩宝网/8200,排列三,2025276,2025-10-17,982,581,,https://www.8200.cn/kjh/p3/2025276.htm,排列三页面所列三位试机号；排列三与排列五共用同一期体彩摇奖流程。,否,200,是,
一定牛/ydniu,排列五,2025276,2025-10-17,98262,10116,,https://m.ydniu.com/kaijiang/pl5/sjh/2025276.html,页面明确标注为排列五五位模拟试机号，属于互联网模拟数据，不是官方试机号。,是,200,是,
3D之家/3d178,福彩3D,2025276,2025-10-17,714,305,,https://www.3d178.cn/kaijiang/2025/2025276.shtml,3D之家页面所列试机号；与彩宝网口径可能不同，原样独立保留。,否,200,是,
彩宝网/8200,福彩3D,2025276,2025-10-17,714,425,192,https://www.8200.cn/kjh/3d/2025276.htm,福彩3D页面口径：同时列出开机号与试机号。,否,200,是,
彩宝网/8200,排列三,2025277,2025-10-18,432,427,,https://www.8200.cn/kjh/p3/2025277.htm,排列三页面所列三位试机号；排列三与排列五共用同一期体彩摇奖流程。,否,200,是,
一定牛/ydniu,排列五,2025277,2025-10-18,43221,22759,,https://m.ydniu.com/kaijiang/pl5/sjh/2025277.html,页面明确标注为排列五五位模拟试机号，属于互联网模拟数据，不是官方试机号。,是,200,是,
3D之家/3d178,福彩3D,2025277,2025-10-18,061,081,,https://www.3d178.cn/kaijiang/2025/2025277.shtml,3D之家页面所列试机号；与彩宝网口径可能不同，原样独立保留。,否,200,是,
彩宝网/8200,福彩3D,2025277,2025-10-18,061,815,619,https://www.8200.cn/kjh/3d/2025277.htm,福彩3D页面口径：同时列出开机号与试机号。,否,200,是,
彩宝网/8200,排列三,2025278,2025-10-19,627,247,,https://www.8200.cn/kjh/p3/2025278.htm,排列三页面所列三位试机号；排列三与排列五共用同一期体彩摇奖流程。,否,200,是,
一定牛/ydniu,排列五,2025278,2025-10-19,62782,29176,,https://m.ydniu.com/kaijiang/pl5/sjh/2025278.html,页面明确标注为排列五五位模拟试机号，属于互联网模拟数据，不是官方试机号。,是,200,是,
3D之家/3d178,福彩3D,2025278,2025-10-19,629,370,,https://www.3d178.cn/kaijiang/2025/2025278.shtml,3D之家页面所列试机号；与彩宝网口径可能不同，原样独立保留。,否,200,是,
彩宝网/8200,福彩3D,2025278,2025-10-19,629,472,901,https://www.8200.cn/kjh/3d/2025278.htm,福彩3D页面口径：同时列出开机号与试机号。,否,200,是,
彩宝网/8200,排列三,2025279,2025-10-20,375,782,,https://www.8200.cn/kjh/p3/2025279.htm,排列三页面所列三位试机号；排列三与排列五共用同一期体彩摇奖流程。,否,200,是,
一定牛/ydniu,排列五,2025279,2025-10-20,37575,85561,,https://m.ydniu.com/kaijiang/pl5/sjh/2025279.html,页面明确标注为排列五五位模拟试机号，属于互联网模拟数据，不是官方试机号。,是,200,是,
3D之家/3d178,福彩3D,2025279,2025-10-20,752,010,,https://www.3d178.cn/kaijiang/2025/2025279.shtml,3D之家页面所列试机号；与彩宝网口径可能不同，原样独立保留。,否,200,是,
彩宝网/8200,福彩3D,2025279,2025-10-20,752,763,062,https://www.8200.cn/kjh/3d/2025279.htm,福彩3D页面口径：同时列出开机号与试机号。,否,200,是,
彩宝网/8200,排列三,2025280,2025-10-21,539,816,,https://www.8200.cn/kjh/p3/2025280.htm,排列三页面所列三位试机号；排列三与排列五共用同一期体彩摇奖流程。,否,200,是,
一定牛/ydniu,排列五,2025280,2025-10-21,53932,75811,,https://m.ydniu.com/kaijiang/pl5/sjh/2025280.html,页面明确标注为排列五五位模拟试机号，属于互联网模拟数据，不是官方试机号。,是,200,是,
3D之家/3d178,福彩3D,2025280,2025-10-21,411,629,,https://www.3d178.cn/kaijiang/2025/2025280.shtml,3D之家页面所列试机号；与彩宝网口径可能不同，原样独立保留。,否,200,是,
彩宝网/8200,福彩3D,2025280,2025-10-21,411,804,197,https://www.8200.cn/kjh/3d/2025280.htm,福彩3D页面口径：同时列出开机号与试机号。,否,200,是,
彩宝网/8200,排列三,2025281,2025-10-22,707,609,,https://www.8200.cn/kjh/p3/2025281.htm,排列三页面所列三位试机号；排列三与排列五共用同一期体彩摇奖流程。,否,200,是,
一定牛/ydniu,排列五,2025281,2025-10-22,70794,55516,,https://m.ydniu.com/kaijiang/pl5/sjh/2025281.html,页面明确标注为排列五五位模拟试机号，属于互联网模拟数据，不是官方试机号。,是,200,是,
3D之家/3d178,福彩3D,2025281,2025-10-22,897,035,,https://www.3d178.cn/kaijiang/2025/2025281.shtml,3D之家页面所列试机号；与彩宝网口径可能不同，原样独立保留。,否,200,是,
彩宝网/8200,福彩3D,2025281,2025-10-22,897,596,135,https://www.8200.cn/kjh/3d/2025281.htm,福彩3D页面口径：同时列出开机号与试机号。,否,200,是,
彩宝网/8200,排列三,2025282,2025-10-23,096,413,,https://www.8200.cn/kjh/p3/2025282.htm,排列三页面所列三位试机号；排列三与排列五共用同一期体彩摇奖流程。,否,200,是,
一定牛/ydniu,排列五,2025282,2025-10-23,09691,80641,,https://m.ydniu.com/kaijiang/pl5/sjh/2025282.html,页面明确标注为排列五五位模拟试机号，属于互联网模拟数据，不是官方试机号。,是,200,是,
3D之家/3d178,福彩3D,2025282,2025-10-23,416,319,,https://www.3d178.cn/kaijiang/2025/2025282.shtml,3D之家页面所列试机号；与彩宝网口径可能不同，原样独立保留。,否,200,是,
彩宝网/8200,福彩3D,2025282,2025-10-23,416,179,574,https://www.8200.cn/kjh/3d/2025282.htm,福彩3D页面口径：同时列出开机号与试机号。,否,200,是,
彩宝网/8200,排列三,2025283,2025-10-24,057,512,,https://www.8200.cn/kjh/p3/2025283.htm,排列三页面所列三位试机号；排列三与排列五共用同一期体彩摇奖流程。,否,200,是,
一定牛/ydniu,排列五,2025283,2025-10-24,05783,42234,,https://m.ydniu.com/kaijiang/pl5/sjh/2025283.html,页面明确标注为排列五五位模拟试机号，属于互联网模拟数据，不是官方试机号。,是,200,是,
3D之家/3d178,福彩3D,2025283,2025-10-24,664,076,,https://www.3d178.cn/kaijiang/2025/2025283.shtml,3D之家页面所列试机号；与彩宝网口径可能不同，原样独立保留。,否,200,是,
彩宝网/8200,福彩3D,2025283,2025-10-24,664,673,694,https://www.8200.cn/kjh/3d/2025283.htm,福彩3D页面口径：同时列出开机号与试机号。,否,200,是,
彩宝网/8200,排列三,2025284,2025-10-25,247,647,,https://www.8200.cn/kjh/p3/2025284.htm,排列三页面所列三位试机号；排列三与排列五共用同一期体彩摇奖流程。,否,200,是,
一定牛/ydniu,排列五,2025284,2025-10-25,24733,69072,,https://m.ydniu.com/kaijiang/pl5/sjh/2025284.html,页面明确标注为排列五五位模拟试机号，属于互联网模拟数据，不是官方试机号。,是,200,是,
3D之家/3d178,福彩3D,2025284,2025-10-25,844,964,,https://www.3d178.cn/kaijiang/2025/2025284.shtml,3D之家页面所列试机号；与彩宝网口径可能不同，原样独立保留。,否,200,是,
彩宝网/8200,福彩3D,2025284,2025-10-25,844,568,639,https://www.8200.cn/kjh/3d/2025284.htm,福彩3D页面口径：同时列出开机号与试机号。,否,200,是,
彩宝网/8200,排列三,2025285,2025-10-26,905,082,,https://www.8200.cn/kjh/p3/2025285.htm,排列三页面所列三位试机号；排列三与排列五共用同一期体彩摇奖流程。,否,200,是,
一定牛/ydniu,排列五,2025285,2025-10-26,90532,47846,,https://m.ydniu.com/kaijiang/pl5/sjh/2025285.html,页面明确标注为排列五五位模拟试机号，属于互联网模拟数据，不是官方试机号。,是,200,是,
3D之家/3d178,福彩3D,2025285,2025-10-26,172,936,,https://www.3d178.cn/kaijiang/2025/2025285.shtml,3D之家页面所列试机号；与彩宝网口径可能不同，原样独立保留。,否,200,是,
彩宝网/8200,福彩3D,2025285,2025-10-26,172,120,973,https://www.8200.cn/kjh/3d/2025285.htm,福彩3D页面口径：同时列出开机号与试机号。,否,200,是,
彩宝网/8200,排列三,2025286,2025-10-27,641,128,,https://www.8200.cn/kjh/p3/2025286.htm,排列三页面所列三位试机号；排列三与排列五共用同一期体彩摇奖流程。,否,200,是,
一定牛/ydniu,排列五,2025286,2025-10-27,64105,94276,,https://m.ydniu.com/kaijiang/pl5/sjh/2025286.html,页面明确标注为排列五五位模拟试机号，属于互联网模拟数据，不是官方试机号。,是,200,是,
3D之家/3d178,福彩3D,2025286,2025-10-27,827,694,,https://www.3d178.cn/kaijiang/2025/2025286.shtml,3D之家页面所列试机号；与彩宝网口径可能不同，原样独立保留。,否,200,是,
彩宝网/8200,福彩3D,2025286,2025-10-27,827,294,372,https://www.8200.cn/kjh/3d/2025286.htm,福彩3D页面口径：同时列出开机号与试机号。,否,200,是,
彩宝网/8200,排列三,2025287,2025-10-28,180,864,,https://www.8200.cn/kjh/p3/2025287.htm,排列三页面所列三位试机号；排列三与排列五共用同一期体彩摇奖流程。,否,200,是,
一定牛/ydniu,排列五,2025287,2025-10-28,18032,00118,,https://m.ydniu.com/kaijiang/pl5/sjh/2025287.html,页面明确标注为排列五五位模拟试机号，属于互联网模拟数据，不是官方试机号。,是,200,是,
3D之家/3d178,福彩3D,2025287,2025-10-28,805,116,,https://www.3d178.cn/kaijiang/2025/2025287.shtml,3D之家页面所列试机号；与彩宝网口径可能不同，原样独立保留。,否,200,是,
彩宝网/8200,福彩3D,2025287,2025-10-28,805,506,604,https://www.8200.cn/kjh/3d/2025287.htm,福彩3D页面口径：同时列出开机号与试机号。,否,200,是,
彩宝网/8200,排列三,2025288,2025-10-29,504,057,,https://www.8200.cn/kjh/p3/2025288.htm,排列三页面所列三位试机号；排列三与排列五共用同一期体彩摇奖流程。,否,200,是,
一定牛/ydniu,排列五,2025288,2025-10-29,50426,39263,,https://m.ydniu.com/kaijiang/pl5/sjh/2025288.html,页面明确标注为排列五五位模拟试机号，属于互联网模拟数据，不是官方试机号。,是,200,是,
3D之家/3d178,福彩3D,2025288,2025-10-29,767,219,,https://www.3d178.cn/kaijiang/2025/2025288.shtml,3D之家页面所列试机号；与彩宝网口径可能不同，原样独立保留。,否,200,是,
彩宝网/8200,福彩3D,2025288,2025-10-29,767,491,298,https://www.8200.cn/kjh/3d/2025288.htm,福彩3D页面口径：同时列出开机号与试机号。,否,200,是,
彩宝网/8200,排列三,2025289,2025-10-30,685,283,,https://www.8200.cn/kjh/p3/2025289.htm,排列三页面所列三位试机号；排列三与排列五共用同一期体彩摇奖流程。,否,200,是,
一定牛/ydniu,排列五,2025289,2025-10-30,68566,16489,,https://m.ydniu.com/kaijiang/pl5/sjh/2025289.html,页面明确标注为排列五五位模拟试机号，属于互联网模拟数据，不是官方试机号。,是,200,是,
3D之家/3d178,福彩3D,2025289,2025-10-30,473,284,,https://www.3d178.cn/kaijiang/2025/2025289.shtml,3D之家页面所列试机号；与彩宝网口径可能不同，原样独立保留。,否,200,是,
彩宝网/8200,福彩3D,2025289,2025-10-30,473,289,213,https://www.8200.cn/kjh/3d/2025289.htm,福彩3D页面口径：同时列出开机号与试机号。,否,200,是,
彩宝网/8200,排列三,2025290,2025-10-31,125,512,,https://www.8200.cn/kjh/p3/2025290.htm,排列三页面所列三位试机号；排列三与排列五共用同一期体彩摇奖流程。,否,200,是,
一定牛/ydniu,排列五,2025290,2025-10-31,12510,63070,,https://m.ydniu.com/kaijiang/pl5/sjh/2025290.html,页面明确标注为排列五五位模拟试机号，属于互联网模拟数据，不是官方试机号。,是,200,是,
3D之家/3d178,福彩3D,2025290,2025-10-31,332,528,,https://www.3d178.cn/kaijiang/2025/2025290.shtml,3D之家页面所列试机号；与彩宝网口径可能不同，原样独立保留。,否,200,是,
彩宝网/8200,福彩3D,2025290,2025-10-31,332,348,847,https://www.8200.cn/kjh/3d/2025290.htm,福彩3D页面口径：同时列出开机号与试机号。,否,200,是,
彩宝网/8200,排列三,2025291,2025-11-01,948,367,,https://www.8200.cn/kjh/p3/2025291.htm,排列三页面所列三位试机号；排列三与排列五共用同一期体彩摇奖流程。,否,200,是,
一定牛/ydniu,排列五,2025291,2025-11-01,94856,25460,,https://m.ydniu.com/kaijiang/pl5/sjh/2025291.html,页面明确标注为排列五五位模拟试机号，属于互联网模拟数据，不是官方试机号。,是,200,是,
3D之家/3d178,福彩3D,2025291,2025-11-01,794,259,,https://www.3d178.cn/kaijiang/2025/2025291.shtml,3D之家页面所列试机号；与彩宝网口径可能不同，原样独立保留。,否,200,是,
彩宝网/8200,福彩3D,2025291,2025-11-01,794,976,169,https://www.8200.cn/kjh/3d/2025291.htm,福彩3D页面口径：同时列出开机号与试机号。,否,200,是,
彩宝网/8200,排列三,2025292,2025-11-02,673,925,,https://www.8200.cn/kjh/p3/2025292.htm,排列三页面所列三位试机号；排列三与排列五共用同一期体彩摇奖流程。,否,200,是,
一定牛/ydniu,排列五,2025292,2025-11-02,67358,21329,,https://m.ydniu.com/kaijiang/pl5/sjh/2025292.html,页面明确标注为排列五五位模拟试机号，属于互联网模拟数据，不是官方试机号。,是,200,是,
3D之家/3d178,福彩3D,2025292,2025-11-02,117,870,,https://www.3d178.cn/kaijiang/2025/2025292.shtml,3D之家页面所列试机号；与彩宝网口径可能不同，原样独立保留。,否,200,是,
彩宝网/8200,福彩3D,2025292,2025-11-02,117,510,821,https://www.8200.cn/kjh/3d/2025292.htm,福彩3D页面口径：同时列出开机号与试机号。,否,200,是,
彩宝网/8200,排列三,2025293,2025-11-03,094,731,,https://www.8200.cn/kjh/p3/2025293.htm,排列三页面所列三位试机号；排列三与排列五共用同一期体彩摇奖流程。,否,200,是,
一定牛/ydniu,排列五,2025293,2025-11-03,09441,93856,,https://m.ydniu.com/kaijiang/pl5/sjh/2025293.html,页面明确标注为排列五五位模拟试机号，属于互联网模拟数据，不是官方试机号。,是,200,是,
3D之家/3d178,福彩3D,2025293,2025-11-03,154,282,,https://www.3d178.cn/kaijiang/2025/2025293.shtml,3D之家页面所列试机号；与彩宝网口径可能不同，原样独立保留。,否,200,是,
彩宝网/8200,福彩3D,2025293,2025-11-03,154,724,683,https://www.8200.cn/kjh/3d/2025293.htm,福彩3D页面口径：同时列出开机号与试机号。,否,200,是,
彩宝网/8200,排列三,2025294,2025-11-04,994,618,,https://www.8200.cn/kjh/p3/2025294.htm,排列三页面所列三位试机号；排列三与排列五共用同一期体彩摇奖流程。,否,200,是,
一定牛/ydniu,排列五,2025294,2025-11-04,99449,10515,,https://m.ydniu.com/kaijiang/pl5/sjh/2025294.html,页面明确标注为排列五五位模拟试机号，属于互联网模拟数据，不是官方试机号。,是,200,是,
3D之家/3d178,福彩3D,2025294,2025-11-04,513,845,,https://www.3d178.cn/kaijiang/2025/2025294.shtml,3D之家页面所列试机号；与彩宝网口径可能不同，原样独立保留。,否,200,是,
彩宝网/8200,福彩3D,2025294,2025-11-04,513,315,705,https://www.8200.cn/kjh/3d/2025294.htm,福彩3D页面口径：同时列出开机号与试机号。,否,200,是,
彩宝网/8200,排列三,2025295,2025-11-05,124,690,,https://www.8200.cn/kjh/p3/2025295.htm,排列三页面所列三位试机号；排列三与排列五共用同一期体彩摇奖流程。,否,200,是,
一定牛/ydniu,排列五,2025295,2025-11-05,12451,87806,,https://m.ydniu.com/kaijiang/pl5/sjh/2025295.html,页面明确标注为排列五五位模拟试机号，属于互联网模拟数据，不是官方试机号。,是,200,是,
3D之家/3d178,福彩3D,2025295,2025-11-05,273,130,,https://www.3d178.cn/kaijiang/2025/2025295.shtml,3D之家页面所列试机号；与彩宝网口径可能不同，原样独立保留。,否,200,是,
彩宝网/8200,福彩3D,2025295,2025-11-05,273,967,064,https://www.8200.cn/kjh/3d/2025295.htm,福彩3D页面口径：同时列出开机号与试机号。,否,200,是,
彩宝网/8200,排列三,2025296,2025-11-06,052,267,,https://www.8200.cn/kjh/p3/2025296.htm,排列三页面所列三位试机号；排列三与排列五共用同一期体彩摇奖流程。,否,200,是,
一定牛/ydniu,排列五,2025296,2025-11-06,05235,97849,,https://m.ydniu.com/kaijiang/pl5/sjh/2025296.html,页面明确标注为排列五五位模拟试机号，属于互联网模拟数据，不是官方试机号。,是,200,是,
3D之家/3d178,福彩3D,2025296,2025-11-06,537,074,,https://www.3d178.cn/kaijiang/2025/2025296.shtml,3D之家页面所列试机号；与彩宝网口径可能不同，原样独立保留。,否,200,是,
彩宝网/8200,福彩3D,2025296,2025-11-06,537,287,275,https://www.8200.cn/kjh/3d/2025296.htm,福彩3D页面口径：同时列出开机号与试机号。,否,200,是,
彩宝网/8200,排列三,2025297,2025-11-07,453,147,,https://www.8200.cn/kjh/p3/2025297.htm,排列三页面所列三位试机号；排列三与排列五共用同一期体彩摇奖流程。,否,200,是,
一定牛/ydniu,排列五,2025297,2025-11-07,45386,20989,,https://m.ydniu.com/kaijiang/pl5/sjh/2025297.html,页面明确标注为排列五五位模拟试机号，属于互联网模拟数据，不是官方试机号。,是,200,是,
3D之家/3d178,福彩3D,2025297,2025-11-07,051,398,,https://www.3d178.cn/kaijiang/2025/2025297.shtml,3D之家页面所列试机号；与彩宝网口径可能不同，原样独立保留。,否,200,是,
彩宝网/8200,福彩3D,2025297,2025-11-07,051,438,832,https://www.8200.cn/kjh/3d/2025297.htm,福彩3D页面口径：同时列出开机号与试机号。,否,200,是,
彩宝网/8200,排列三,2025298,2025-11-08,141,513,,https://www.8200.cn/kjh/p3/2025298.htm,排列三页面所列三位试机号；排列三与排列五共用同一期体彩摇奖流程。,否,200,是,
一定牛/ydniu,排列五,2025298,2025-11-08,14127,13275,,https://m.ydniu.com/kaijiang/pl5/sjh/2025298.html,页面明确标注为排列五五位模拟试机号，属于互联网模拟数据，不是官方试机号。,是,200,是,
3D之家/3d178,福彩3D,2025298,2025-11-08,544,810,,https://www.3d178.cn/kaijiang/2025/2025298.shtml,3D之家页面所列试机号；与彩宝网口径可能不同，原样独立保留。,否,200,是,
彩宝网/8200,福彩3D,2025298,2025-11-08,544,531,186,https://www.8200.cn/kjh/3d/2025298.htm,福彩3D页面口径：同时列出开机号与试机号。,否,200,是,
彩宝网/8200,排列三,2025299,2025-11-09,300,612,,https://www.8200.cn/kjh/p3/2025299.htm,排列三页面所列三位试机号；排列三与排列五共用同一期体彩摇奖流程。,否,200,是,
一定牛/ydniu,排列五,2025299,2025-11-09,30097,00607,,https://m.ydniu.com/kaijiang/pl5/sjh/2025299.html,页面明确标注为排列五五位模拟试机号，属于互联网模拟数据，不是官方试机号。,是,200,是,
3D之家/3d178,福彩3D,2025299,2025-11-09,385,437,,https://www.3d178.cn/kaijiang/2025/2025299.shtml,3D之家页面所列试机号；与彩宝网口径可能不同，原样独立保留。,否,200,是,
彩宝网/8200,福彩3D,2025299,2025-11-09,385,562,269,https://www.8200.cn/kjh/3d/2025299.htm,福彩3D页面口径：同时列出开机号与试机号。,否,200,是,
彩宝网/8200,排列三,2025300,2025-11-10,843,829,,https://www.8200.cn/kjh/p3/2025300.htm,排列三页面所列三位试机号；排列三与排列五共用同一期体彩摇奖流程。,否,200,是,
一定牛/ydniu,排列五,2025300,2025-11-10,84300,51073,,https://m.ydniu.com/kaijiang/pl5/sjh/2025300.html,页面明确标注为排列五五位模拟试机号，属于互联网模拟数据，不是官方试机号。,是,200,是,
3D之家/3d178,福彩3D,2025300,2025-11-10,867,169,,https://www.3d178.cn/kaijiang/2025/2025300.shtml,3D之家页面所列试机号；与彩宝网口径可能不同，原样独立保留。,否,200,是,
彩宝网/8200,福彩3D,2025300,2025-11-10,867,894,632,https://www.8200.cn/kjh/3d/2025300.htm,福彩3D页面口径：同时列出开机号与试机号。,否,200,是,
彩宝网/8200,排列三,2025301,2025-11-11,582,607,,https://www.8200.cn/kjh/p3/2025301.htm,排列三页面所列三位试机号；排列三与排列五共用同一期体彩摇奖流程。,否,200,是,
一定牛/ydniu,排列五,2025301,2025-11-11,58209,10477,,https://m.ydniu.com/kaijiang/pl5/sjh/2025301.html,页面明确标注为排列五五位模拟试机号，属于互联网模拟数据，不是官方试机号。,是,200,是,
3D之家/3d178,福彩3D,2025301,2025-11-11,755,812,,https://www.3d178.cn/kaijiang/2025/2025301.shtml,3D之家页面所列试机号；与彩宝网口径可能不同，原样独立保留。,否,200,是,
彩宝网/8200,福彩3D,2025301,2025-11-11,755,902,960,https://www.8200.cn/kjh/3d/2025301.htm,福彩3D页面口径：同时列出开机号与试机号。,否,200,是,
彩宝网/8200,排列三,2025302,2025-11-12,016,986,,https://www.8200.cn/kjh/p3/2025302.htm,排列三页面所列三位试机号；排列三与排列五共用同一期体彩摇奖流程。,否,200,是,
一定牛/ydniu,排列五,2025302,2025-11-12,01631,05552,,https://m.ydniu.com/kaijiang/pl5/sjh/2025302.html,页面明确标注为排列五五位模拟试机号，属于互联网模拟数据，不是官方试机号。,是,200,是,
3D之家/3d178,福彩3D,2025302,2025-11-12,715,986,,https://www.3d178.cn/kaijiang/2025/2025302.shtml,3D之家页面所列试机号；与彩宝网口径可能不同，原样独立保留。,否,200,是,
彩宝网/8200,福彩3D,2025302,2025-11-12,715,317,103,https://www.8200.cn/kjh/3d/2025302.htm,福彩3D页面口径：同时列出开机号与试机号。,否,200,是,
彩宝网/8200,排列三,2025303,2025-11-13,943,758,,https://www.8200.cn/kjh/p3/2025303.htm,排列三页面所列三位试机号；排列三与排列五共用同一期体彩摇奖流程。,否,200,是,
一定牛/ydniu,排列五,2025303,2025-11-13,94382,92434,,https://m.ydniu.com/kaijiang/pl5/sjh/2025303.html,页面明确标注为排列五五位模拟试机号，属于互联网模拟数据，不是官方试机号。,是,200,是,
3D之家/3d178,福彩3D,2025303,2025-11-13,933,719,,https://www.3d178.cn/kaijiang/2025/2025303.shtml,3D之家页面所列试机号；与彩宝网口径可能不同，原样独立保留。,否,200,是,
彩宝网/8200,福彩3D,2025303,2025-11-13,933,695,715,https://www.8200.cn/kjh/3d/2025303.htm,福彩3D页面口径：同时列出开机号与试机号。,否,200,是,
彩宝网/8200,排列三,2025304,2025-11-14,079,813,,https://www.8200.cn/kjh/p3/2025304.htm,排列三页面所列三位试机号；排列三与排列五共用同一期体彩摇奖流程。,否,200,是,
一定牛/ydniu,排列五,2025304,2025-11-14,07913,73796,,https://m.ydniu.com/kaijiang/pl5/sjh/2025304.html,页面明确标注为排列五五位模拟试机号，属于互联网模拟数据，不是官方试机号。,是,200,是,
3D之家/3d178,福彩3D,2025304,2025-11-14,471,988,,https://www.3d178.cn/kaijiang/2025/2025304.shtml,3D之家页面所列试机号；与彩宝网口径可能不同，原样独立保留。,否,200,是,
彩宝网/8200,福彩3D,2025304,2025-11-14,471,128,218,https://www.8200.cn/kjh/3d/2025304.htm,福彩3D页面口径：同时列出开机号与试机号。,否,200,是,
彩宝网/8200,排列三,2025305,2025-11-15,497,184,,https://www.8200.cn/kjh/p3/2025305.htm,排列三页面所列三位试机号；排列三与排列五共用同一期体彩摇奖流程。,否,200,是,
一定牛/ydniu,排列五,2025305,2025-11-15,49749,30071,,https://m.ydniu.com/kaijiang/pl5/sjh/2025305.html,页面明确标注为排列五五位模拟试机号，属于互联网模拟数据，不是官方试机号。,是,200,是,
3D之家/3d178,福彩3D,2025305,2025-11-15,310,106,,https://www.3d178.cn/kaijiang/2025/2025305.shtml,3D之家页面所列试机号；与彩宝网口径可能不同，原样独立保留。,否,200,是,
彩宝网/8200,福彩3D,2025305,2025-11-15,310,436,534,https://www.8200.cn/kjh/3d/2025305.htm,福彩3D页面口径：同时列出开机号与试机号。,否,200,是,
彩宝网/8200,排列三,2025306,2025-11-16,178,715,,https://www.8200.cn/kjh/p3/2025306.htm,排列三页面所列三位试机号；排列三与排列五共用同一期体彩摇奖流程。,否,200,是,
一定牛/ydniu,排列五,2025306,2025-11-16,17867,54338,,https://m.ydniu.com/kaijiang/pl5/sjh/2025306.html,页面明确标注为排列五五位模拟试机号，属于互联网模拟数据，不是官方试机号。,是,200,是,
3D之家/3d178,福彩3D,2025306,2025-11-16,697,087,,https://www.3d178.cn/kaijiang/2025/2025306.shtml,3D之家页面所列试机号；与彩宝网口径可能不同，原样独立保留。,否,200,是,
彩宝网/8200,福彩3D,2025306,2025-11-16,697,392,487,https://www.8200.cn/kjh/3d/2025306.htm,福彩3D页面口径：同时列出开机号与试机号。,否,200,是,
彩宝网/8200,排列三,2025307,2025-11-17,618,980,,https://www.8200.cn/kjh/p3/2025307.htm,排列三页面所列三位试机号；排列三与排列五共用同一期体彩摇奖流程。,否,200,是,
一定牛/ydniu,排列五,2025307,2025-11-17,61811,20315,,https://m.ydniu.com/kaijiang/pl5/sjh/2025307.html,页面明确标注为排列五五位模拟试机号，属于互联网模拟数据，不是官方试机号。,是,200,是,
3D之家/3d178,福彩3D,2025307,2025-11-17,164,821,,https://www.3d178.cn/kaijiang/2025/2025307.shtml,3D之家页面所列试机号；与彩宝网口径可能不同，原样独立保留。,否,200,是,
彩宝网/8200,福彩3D,2025307,2025-11-17,164,732,472,https://www.8200.cn/kjh/3d/2025307.htm,福彩3D页面口径：同时列出开机号与试机号。,否,200,是,
彩宝网/8200,排列三,2025308,2025-11-18,234,205,,https://www.8200.cn/kjh/p3/2025308.htm,排列三页面所列三位试机号；排列三与排列五共用同一期体彩摇奖流程。,否,200,是,
一定牛/ydniu,排列五,2025308,2025-11-18,23465,99580,,https://m.ydniu.com/kaijiang/pl5/sjh/2025308.html,页面明确标注为排列五五位模拟试机号，属于互联网模拟数据，不是官方试机号。,是,200,是,
3D之家/3d178,福彩3D,2025308,2025-11-18,448,774,,https://www.3d178.cn/kaijiang/2025/2025308.shtml,3D之家页面所列试机号；与彩宝网口径可能不同，原样独立保留。,否,200,是,
彩宝网/8200,福彩3D,2025308,2025-11-18,448,365,638,https://www.8200.cn/kjh/3d/2025308.htm,福彩3D页面口径：同时列出开机号与试机号。,否,200,是,
彩宝网/8200,排列三,2025309,2025-11-19,527,167,,https://www.8200.cn/kjh/p3/2025309.htm,排列三页面所列三位试机号；排列三与排列五共用同一期体彩摇奖流程。,否,200,是,
一定牛/ydniu,排列五,2025309,2025-11-19,52729,23855,,https://m.ydniu.com/kaijiang/pl5/sjh/2025309.html,页面明确标注为排列五五位模拟试机号，属于互联网模拟数据，不是官方试机号。,是,200,是,
3D之家/3d178,福彩3D,2025309,2025-11-19,190,790,,https://www.3d178.cn/kaijiang/2025/2025309.shtml,3D之家页面所列试机号；与彩宝网口径可能不同，原样独立保留。,否,200,是,
彩宝网/8200,福彩3D,2025309,2025-11-19,190,610,629,https://www.8200.cn/kjh/3d/2025309.htm,福彩3D页面口径：同时列出开机号与试机号。,否,200,是,
彩宝网/8200,排列三,2025310,2025-11-20,016,541,,https://www.8200.cn/kjh/p3/2025310.htm,排列三页面所列三位试机号；排列三与排列五共用同一期体彩摇奖流程。,否,200,是,
一定牛/ydniu,排列五,2025310,2025-11-20,01659,93560,,https://m.ydniu.com/kaijiang/pl5/sjh/2025310.html,页面明确标注为排列五五位模拟试机号，属于互联网模拟数据，不是官方试机号。,是,200,是,
3D之家/3d178,福彩3D,2025310,2025-11-20,169,036,,https://www.3d178.cn/kaijiang/2025/2025310.shtml,3D之家页面所列试机号；与彩宝网口径可能不同，原样独立保留。,否,200,是,
彩宝网/8200,福彩3D,2025310,2025-11-20,169,837,084,https://www.8200.cn/kjh/3d/2025310.htm,福彩3D页面口径：同时列出开机号与试机号。,否,200,是,
彩宝网/8200,排列三,2025311,2025-11-21,114,180,,https://www.8200.cn/kjh/p3/2025311.htm,排列三页面所列三位试机号；排列三与排列五共用同一期体彩摇奖流程。,否,200,是,
一定牛/ydniu,排列五,2025311,2025-11-21,11450,00923,,https://m.ydniu.com/kaijiang/pl5/sjh/2025311.html,页面明确标注为排列五五位模拟试机号，属于互联网模拟数据，不是官方试机号。,是,200,是,
3D之家/3d178,福彩3D,2025311,2025-11-21,640,109,,https://www.3d178.cn/kaijiang/2025/2025311.shtml,3D之家页面所列试机号；与彩宝网口径可能不同，原样独立保留。,否,200,是,
彩宝网/8200,福彩3D,2025311,2025-11-21,640,596,239,https://www.8200.cn/kjh/3d/2025311.htm,福彩3D页面口径：同时列出开机号与试机号。,否,200,是,
彩宝网/8200,排列三,2025312,2025-11-22,109,921,,https://www.8200.cn/kjh/p3/2025312.htm,排列三页面所列三位试机号；排列三与排列五共用同一期体彩摇奖流程。,否,200,是,
一定牛/ydniu,排列五,2025312,2025-11-22,10950,35112,,https://m.ydniu.com/kaijiang/pl5/sjh/2025312.html,页面明确标注为排列五五位模拟试机号，属于互联网模拟数据，不是官方试机号。,是,200,是,
3D之家/3d178,福彩3D,2025312,2025-11-22,689,258,,https://www.3d178.cn/kaijiang/2025/2025312.shtml,3D之家页面所列试机号；与彩宝网口径可能不同，原样独立保留。,否,200,是,
彩宝网/8200,福彩3D,2025312,2025-11-22,689,759,890,https://www.8200.cn/kjh/3d/2025312.htm,福彩3D页面口径：同时列出开机号与试机号。,否,200,是,
彩宝网/8200,排列三,2025313,2025-11-23,445,875,,https://www.8200.cn/kjh/p3/2025313.htm,排列三页面所列三位试机号；排列三与排列五共用同一期体彩摇奖流程。,否,200,是,
一定牛/ydniu,排列五,2025313,2025-11-23,44551,35980,,https://m.ydniu.com/kaijiang/pl5/sjh/2025313.html,页面明确标注为排列五五位模拟试机号，属于互联网模拟数据，不是官方试机号。,是,200,是,
3D之家/3d178,福彩3D,2025313,2025-11-23,664,746,,https://www.3d178.cn/kaijiang/2025/2025313.shtml,3D之家页面所列试机号；与彩宝网口径可能不同，原样独立保留。,否,200,是,
彩宝网/8200,福彩3D,2025313,2025-11-23,664,271,781,https://www.8200.cn/kjh/3d/2025313.htm,福彩3D页面口径：同时列出开机号与试机号。,否,200,是,
彩宝网/8200,排列三,2025314,2025-11-24,802,702,,https://www.8200.cn/kjh/p3/2025314.htm,排列三页面所列三位试机号；排列三与排列五共用同一期体彩摇奖流程。,否,200,是,
一定牛/ydniu,排列五,2025314,2025-11-24,80245,26632,,https://m.ydniu.com/kaijiang/pl5/sjh/2025314.html,页面明确标注为排列五五位模拟试机号，属于互联网模拟数据，不是官方试机号。,是,200,是,
3D之家/3d178,福彩3D,2025314,2025-11-24,917,392,,https://www.3d178.cn/kaijiang/2025/2025314.shtml,3D之家页面所列试机号；与彩宝网口径可能不同，原样独立保留。,否,200,是,
彩宝网/8200,福彩3D,2025314,2025-11-24,917,650,732,https://www.8200.cn/kjh/3d/2025314.htm,福彩3D页面口径：同时列出开机号与试机号。,否,200,是,
彩宝网/8200,排列三,2025315,2025-11-25,973,218,,https://www.8200.cn/kjh/p3/2025315.htm,排列三页面所列三位试机号；排列三与排列五共用同一期体彩摇奖流程。,否,200,是,
一定牛/ydniu,排列五,2025315,2025-11-25,97367,01015,,https://m.ydniu.com/kaijiang/pl5/sjh/2025315.html,页面明确标注为排列五五位模拟试机号，属于互联网模拟数据，不是官方试机号。,是,200,是,
3D之家/3d178,福彩3D,2025315,2025-11-25,729,489,,https://www.3d178.cn/kaijiang/2025/2025315.shtml,3D之家页面所列试机号；与彩宝网口径可能不同，原样独立保留。,否,200,是,
彩宝网/8200,福彩3D,2025315,2025-11-25,729,148,648,https://www.8200.cn/kjh/3d/2025315.htm,福彩3D页面口径：同时列出开机号与试机号。,否,200,是,
彩宝网/8200,排列三,2025316,2025-11-26,918,048,,https://www.8200.cn/kjh/p3/2025316.htm,排列三页面所列三位试机号；排列三与排列五共用同一期体彩摇奖流程。,否,200,是,
一定牛/ydniu,排列五,2025316,2025-11-26,91815,44029,,https://m.ydniu.com/kaijiang/pl5/sjh/2025316.html,页面明确标注为排列五五位模拟试机号，属于互联网模拟数据，不是官方试机号。,是,200,是,
3D之家/3d178,福彩3D,2025316,2025-11-26,775,530,,https://www.3d178.cn/kaijiang/2025/2025316.shtml,3D之家页面所列试机号；与彩宝网口径可能不同，原样独立保留。,否,200,是,
彩宝网/8200,福彩3D,2025316,2025-11-26,775,942,590,https://www.8200.cn/kjh/3d/2025316.htm,福彩3D页面口径：同时列出开机号与试机号。,否,200,是,
彩宝网/8200,排列三,2025317,2025-11-27,756,627,,https://www.8200.cn/kjh/p3/2025317.htm,排列三页面所列三位试机号；排列三与排列五共用同一期体彩摇奖流程。,否,200,是,
一定牛/ydniu,排列五,2025317,2025-11-27,75669,23415,,https://m.ydniu.com/kaijiang/pl5/sjh/2025317.html,页面明确标注为排列五五位模拟试机号，属于互联网模拟数据，不是官方试机号。,是,200,是,
3D之家/3d178,福彩3D,2025317,2025-11-27,301,126,,https://www.3d178.cn/kaijiang/2025/2025317.shtml,3D之家页面所列试机号；与彩宝网口径可能不同，原样独立保留。,否,200,是,
彩宝网/8200,福彩3D,2025317,2025-11-27,301,516,417,https://www.8200.cn/kjh/3d/2025317.htm,福彩3D页面口径：同时列出开机号与试机号。,否,200,是,
彩宝网/8200,排列三,2025318,2025-11-28,438,910,,https://www.8200.cn/kjh/p3/2025318.htm,排列三页面所列三位试机号；排列三与排列五共用同一期体彩摇奖流程。,否,200,是,
一定牛/ydniu,排列五,2025318,2025-11-28,43849,04956,,https://m.ydniu.com/kaijiang/pl5/sjh/2025318.html,页面明确标注为排列五五位模拟试机号，属于互联网模拟数据，不是官方试机号。,是,200,是,
3D之家/3d178,福彩3D,2025318,2025-11-28,430,081,,https://www.3d178.cn/kaijiang/2025/2025318.shtml,3D之家页面所列试机号；与彩宝网口径可能不同，原样独立保留。,否,200,是,
彩宝网/8200,福彩3D,2025318,2025-11-28,430,720,134,https://www.8200.cn/kjh/3d/2025318.htm,福彩3D页面口径：同时列出开机号与试机号。,否,200,是,
彩宝网/8200,排列三,2025319,2025-11-29,865,247,,https://www.8200.cn/kjh/p3/2025319.htm,排列三页面所列三位试机号；排列三与排列五共用同一期体彩摇奖流程。,否,200,是,
一定牛/ydniu,排列五,2025319,2025-11-29,86550,54867,,https://m.ydniu.com/kaijiang/pl5/sjh/2025319.html,页面明确标注为排列五五位模拟试机号，属于互联网模拟数据，不是官方试机号。,是,200,是,
3D之家/3d178,福彩3D,2025319,2025-11-29,294,887,,https://www.3d178.cn/kaijiang/2025/2025319.shtml,3D之家页面所列试机号；与彩宝网口径可能不同，原样独立保留。,否,200,是,
彩宝网/8200,福彩3D,2025319,2025-11-29,294,318,819,https://www.8200.cn/kjh/3d/2025319.htm,福彩3D页面口径：同时列出开机号与试机号。,否,200,是,
彩宝网/8200,排列三,2025320,2025-11-30,725,867,,https://www.8200.cn/kjh/p3/2025320.htm,排列三页面所列三位试机号；排列三与排列五共用同一期体彩摇奖流程。,否,200,是,
一定牛/ydniu,排列五,2025320,2025-11-30,72562,92773,,https://m.ydniu.com/kaijiang/pl5/sjh/2025320.html,页面明确标注为排列五五位模拟试机号，属于互联网模拟数据，不是官方试机号。,是,200,是,
3D之家/3d178,福彩3D,2025320,2025-11-30,121,095,,https://www.3d178.cn/kaijiang/2025/2025320.shtml,3D之家页面所列试机号；与彩宝网口径可能不同，原样独立保留。,否,200,是,
彩宝网/8200,福彩3D,2025320,2025-11-30,121,645,239,https://www.8200.cn/kjh/3d/2025320.htm,福彩3D页面口径：同时列出开机号与试机号。,否,200,是,
彩宝网/8200,排列三,2025321,2025-12-01,568,604,,https://www.8200.cn/kjh/p3/2025321.htm,排列三页面所列三位试机号；排列三与排列五共用同一期体彩摇奖流程。,否,200,是,
一定牛/ydniu,排列五,2025321,2025-12-01,56808,28210,,https://m.ydniu.com/kaijiang/pl5/sjh/2025321.html,页面明确标注为排列五五位模拟试机号，属于互联网模拟数据，不是官方试机号。,是,200,是,
3D之家/3d178,福彩3D,2025321,2025-12-01,847,303,,https://www.3d178.cn/kaijiang/2025/2025321.shtml,3D之家页面所列试机号；与彩宝网口径可能不同，原样独立保留。,否,200,是,
彩宝网/8200,福彩3D,2025321,2025-12-01,847,735,934,https://www.8200.cn/kjh/3d/2025321.htm,福彩3D页面口径：同时列出开机号与试机号。,否,200,是,
彩宝网/8200,排列三,2025322,2025-12-02,148,803,,https://www.8200.cn/kjh/p3/2025322.htm,排列三页面所列三位试机号；排列三与排列五共用同一期体彩摇奖流程。,否,200,是,
一定牛/ydniu,排列五,2025322,2025-12-02,14838,50366,,https://m.ydniu.com/kaijiang/pl5/sjh/2025322.html,页面明确标注为排列五五位模拟试机号，属于互联网模拟数据，不是官方试机号。,是,200,是,
3D之家/3d178,福彩3D,2025322,2025-12-02,226,243,,https://www.3d178.cn/kaijiang/2025/2025322.shtml,3D之家页面所列试机号；与彩宝网口径可能不同，原样独立保留。,否,200,是,
彩宝网/8200,福彩3D,2025322,2025-12-02,226,594,174,https://www.8200.cn/kjh/3d/2025322.htm,福彩3D页面口径：同时列出开机号与试机号。,否,200,是,
彩宝网/8200,排列三,2025323,2025-12-03,687,715,,https://www.8200.cn/kjh/p3/2025323.htm,排列三页面所列三位试机号；排列三与排列五共用同一期体彩摇奖流程。,否,200,是,
一定牛/ydniu,排列五,2025323,2025-12-03,68714,65135,,https://m.ydniu.com/kaijiang/pl5/sjh/2025323.html,页面明确标注为排列五五位模拟试机号，属于互联网模拟数据，不是官方试机号。,是,200,是,
3D之家/3d178,福彩3D,2025323,2025-12-03,551,828,,https://www.3d178.cn/kaijiang/2025/2025323.shtml,3D之家页面所列试机号；与彩宝网口径可能不同，原样独立保留。,否,200,是,
彩宝网/8200,福彩3D,2025323,2025-12-03,551,787,957,https://www.8200.cn/kjh/3d/2025323.htm,福彩3D页面口径：同时列出开机号与试机号。,否,200,是,
彩宝网/8200,排列三,2025324,2025-12-04,513,059,,https://www.8200.cn/kjh/p3/2025324.htm,排列三页面所列三位试机号；排列三与排列五共用同一期体彩摇奖流程。,否,200,是,
一定牛/ydniu,排列五,2025324,2025-12-04,51396,27398,,https://m.ydniu.com/kaijiang/pl5/sjh/2025324.html,页面明确标注为排列五五位模拟试机号，属于互联网模拟数据，不是官方试机号。,是,200,是,
3D之家/3d178,福彩3D,2025324,2025-12-04,661,225,,https://www.3d178.cn/kaijiang/2025/2025324.shtml,3D之家页面所列试机号；与彩宝网口径可能不同，原样独立保留。,否,200,是,
彩宝网/8200,福彩3D,2025324,2025-12-04,661,619,136,https://www.8200.cn/kjh/3d/2025324.htm,福彩3D页面口径：同时列出开机号与试机号。,否,200,是,
彩宝网/8200,排列三,2025325,2025-12-05,836,841,,https://www.8200.cn/kjh/p3/2025325.htm,排列三页面所列三位试机号；排列三与排列五共用同一期体彩摇奖流程。,否,200,是,
一定牛/ydniu,排列五,2025325,2025-12-05,83603,94654,,https://m.ydniu.com/kaijiang/pl5/sjh/2025325.html,页面明确标注为排列五五位模拟试机号，属于互联网模拟数据，不是官方试机号。,是,200,是,
3D之家/3d178,福彩3D,2025325,2025-12-05,165,838,,https://www.3d178.cn/kaijiang/2025/2025325.shtml,3D之家页面所列试机号；与彩宝网口径可能不同，原样独立保留。,否,200,是,
彩宝网/8200,福彩3D,2025325,2025-12-05,165,207,135,https://www.8200.cn/kjh/3d/2025325.htm,福彩3D页面口径：同时列出开机号与试机号。,否,200,是,
彩宝网/8200,排列三,2025326,2025-12-06,045,704,,https://www.8200.cn/kjh/p3/2025326.htm,排列三页面所列三位试机号；排列三与排列五共用同一期体彩摇奖流程。,否,200,是,
一定牛/ydniu,排列五,2025326,2025-12-06,04519,13194,,https://m.ydniu.com/kaijiang/pl5/sjh/2025326.html,页面明确标注为排列五五位模拟试机号，属于互联网模拟数据，不是官方试机号。,是,200,是,
3D之家/3d178,福彩3D,2025326,2025-12-06,185,981,,https://www.3d178.cn/kaijiang/2025/2025326.shtml,3D之家页面所列试机号；与彩宝网口径可能不同，原样独立保留。,否,200,是,
彩宝网/8200,福彩3D,2025326,2025-12-06,185,643,823,https://www.8200.cn/kjh/3d/2025326.htm,福彩3D页面口径：同时列出开机号与试机号。,否,200,是,
彩宝网/8200,排列三,2025327,2025-12-07,829,524,,https://www.8200.cn/kjh/p3/2025327.htm,排列三页面所列三位试机号；排列三与排列五共用同一期体彩摇奖流程。,否,200,是,
一定牛/ydniu,排列五,2025327,2025-12-07,82924,06856,,https://m.ydniu.com/kaijiang/pl5/sjh/2025327.html,页面明确标注为排列五五位模拟试机号，属于互联网模拟数据，不是官方试机号。,是,200,是,
3D之家/3d178,福彩3D,2025327,2025-12-07,789,561,,https://www.3d178.cn/kaijiang/2025/2025327.shtml,3D之家页面所列试机号；与彩宝网口径可能不同，原样独立保留。,否,200,是,
彩宝网/8200,福彩3D,2025327,2025-12-07,789,328,286,https://www.8200.cn/kjh/3d/2025327.htm,福彩3D页面口径：同时列出开机号与试机号。,否,200,是,
彩宝网/8200,排列三,2025328,2025-12-08,825,805,,https://www.8200.cn/kjh/p3/2025328.htm,排列三页面所列三位试机号；排列三与排列五共用同一期体彩摇奖流程。,否,200,是,
一定牛/ydniu,排列五,2025328,2025-12-08,82516,13379,,https://m.ydniu.com/kaijiang/pl5/sjh/2025328.html,页面明确标注为排列五五位模拟试机号，属于互联网模拟数据，不是官方试机号。,是,200,是,
3D之家/3d178,福彩3D,2025328,2025-12-08,040,172,,https://www.3d178.cn/kaijiang/2025/2025328.shtml,3D之家页面所列试机号；与彩宝网口径可能不同，原样独立保留。,否,200,是,
彩宝网/8200,福彩3D,2025328,2025-12-08,040,109,597,https://www.8200.cn/kjh/3d/2025328.htm,福彩3D页面口径：同时列出开机号与试机号。,否,200,是,
彩宝网/8200,排列三,2025329,2025-12-09,370,527,,https://www.8200.cn/kjh/p3/2025329.htm,排列三页面所列三位试机号；排列三与排列五共用同一期体彩摇奖流程。,否,200,是,
一定牛/ydniu,排列五,2025329,2025-12-09,37090,81660,,https://m.ydniu.com/kaijiang/pl5/sjh/2025329.html,页面明确标注为排列五五位模拟试机号，属于互联网模拟数据，不是官方试机号。,是,200,是,
3D之家/3d178,福彩3D,2025329,2025-12-09,564,680,,https://www.3d178.cn/kaijiang/2025/2025329.shtml,3D之家页面所列试机号；与彩宝网口径可能不同，原样独立保留。,否,200,是,
彩宝网/8200,福彩3D,2025329,2025-12-09,564,415,264,https://www.8200.cn/kjh/3d/2025329.htm,福彩3D页面口径：同时列出开机号与试机号。,否,200,是,
彩宝网/8200,排列三,2025330,2025-12-10,594,975,,https://www.8200.cn/kjh/p3/2025330.htm,排列三页面所列三位试机号；排列三与排列五共用同一期体彩摇奖流程。,否,200,是,
一定牛/ydniu,排列五,2025330,2025-12-10,59454,20991,,https://m.ydniu.com/kaijiang/pl5/sjh/2025330.html,页面明确标注为排列五五位模拟试机号，属于互联网模拟数据，不是官方试机号。,是,200,是,
3D之家/3d178,福彩3D,2025330,2025-12-10,062,793,,https://www.3d178.cn/kaijiang/2025/2025330.shtml,3D之家页面所列试机号；与彩宝网口径可能不同，原样独立保留。,否,200,是,
彩宝网/8200,福彩3D,2025330,2025-12-10,062,362,387,https://www.8200.cn/kjh/3d/2025330.htm,福彩3D页面口径：同时列出开机号与试机号。,否,200,是,
彩宝网/8200,排列三,2025331,2025-12-11,980,824,,https://www.8200.cn/kjh/p3/2025331.htm,排列三页面所列三位试机号；排列三与排列五共用同一期体彩摇奖流程。,否,200,是,
一定牛/ydniu,排列五,2025331,2025-12-11,98091,99430,,https://m.ydniu.com/kaijiang/pl5/sjh/2025331.html,页面明确标注为排列五五位模拟试机号，属于互联网模拟数据，不是官方试机号。,是,200,是,
3D之家/3d178,福彩3D,2025331,2025-12-11,050,102,,https://www.3d178.cn/kaijiang/2025/2025331.shtml,3D之家页面所列试机号；与彩宝网口径可能不同，原样独立保留。,否,200,是,
彩宝网/8200,福彩3D,2025331,2025-12-11,050,289,951,https://www.8200.cn/kjh/3d/2025331.htm,福彩3D页面口径：同时列出开机号与试机号。,否,200,是,
彩宝网/8200,排列三,2025332,2025-12-12,939,172,,https://www.8200.cn/kjh/p3/2025332.htm,排列三页面所列三位试机号；排列三与排列五共用同一期体彩摇奖流程。,否,200,是,
一定牛/ydniu,排列五,2025332,2025-12-12,93941,52227,,https://m.ydniu.com/kaijiang/pl5/sjh/2025332.html,页面明确标注为排列五五位模拟试机号，属于互联网模拟数据，不是官方试机号。,是,200,是,
3D之家/3d178,福彩3D,2025332,2025-12-12,885,490,,https://www.3d178.cn/kaijiang/2025/2025332.shtml,3D之家页面所列试机号；与彩宝网口径可能不同，原样独立保留。,否,200,是,
彩宝网/8200,福彩3D,2025332,2025-12-12,885,754,238,https://www.8200.cn/kjh/3d/2025332.htm,福彩3D页面口径：同时列出开机号与试机号。,否,200,是,
彩宝网/8200,排列三,2025333,2025-12-13,961,410,,https://www.8200.cn/kjh/p3/2025333.htm,排列三页面所列三位试机号；排列三与排列五共用同一期体彩摇奖流程。,否,200,是,
一定牛/ydniu,排列五,2025333,2025-12-13,96103,43205,,https://m.ydniu.com/kaijiang/pl5/sjh/2025333.html,页面明确标注为排列五五位模拟试机号，属于互联网模拟数据，不是官方试机号。,是,200,是,
3D之家/3d178,福彩3D,2025333,2025-12-13,273,160,,https://www.3d178.cn/kaijiang/2025/2025333.shtml,3D之家页面所列试机号；与彩宝网口径可能不同，原样独立保留。,否,200,是,
彩宝网/8200,福彩3D,2025333,2025-12-13,273,168,701,https://www.8200.cn/kjh/3d/2025333.htm,福彩3D页面口径：同时列出开机号与试机号。,否,200,是,
彩宝网/8200,排列三,2025334,2025-12-14,583,786,,https://www.8200.cn/kjh/p3/2025334.htm,排列三页面所列三位试机号；排列三与排列五共用同一期体彩摇奖流程。,否,200,是,
一定牛/ydniu,排列五,2025334,2025-12-14,58337,44068,,https://m.ydniu.com/kaijiang/pl5/sjh/2025334.html,页面明确标注为排列五五位模拟试机号，属于互联网模拟数据，不是官方试机号。,是,200,是,
3D之家/3d178,福彩3D,2025334,2025-12-14,198,336,,https://www.3d178.cn/kaijiang/2025/2025334.shtml,3D之家页面所列试机号；与彩宝网口径可能不同，原样独立保留。,否,200,是,
彩宝网/8200,福彩3D,2025334,2025-12-14,198,905,831,https://www.8200.cn/kjh/3d/2025334.htm,福彩3D页面口径：同时列出开机号与试机号。,否,200,是,
彩宝网/8200,排列三,2025335,2025-12-15,276,702,,https://www.8200.cn/kjh/p3/2025335.htm,排列三页面所列三位试机号；排列三与排列五共用同一期体彩摇奖流程。,否,200,是,
一定牛/ydniu,排列五,2025335,2025-12-15,27645,96506,,https://m.ydniu.com/kaijiang/pl5/sjh/2025335.html,页面明确标注为排列五五位模拟试机号，属于互联网模拟数据，不是官方试机号。,是,200,是,
3D之家/3d178,福彩3D,2025335,2025-12-15,051,096,,https://www.3d178.cn/kaijiang/2025/2025335.shtml,3D之家页面所列试机号；与彩宝网口径可能不同，原样独立保留。,否,200,是,
彩宝网/8200,福彩3D,2025335,2025-12-15,051,836,468,https://www.8200.cn/kjh/3d/2025335.htm,福彩3D页面口径：同时列出开机号与试机号。,否,200,是,
彩宝网/8200,排列三,2025336,2025-12-16,412,218,,https://www.8200.cn/kjh/p3/2025336.htm,排列三页面所列三位试机号；排列三与排列五共用同一期体彩摇奖流程。,否,200,是,
一定牛/ydniu,排列五,2025336,2025-12-16,41260,53948,,https://m.ydniu.com/kaijiang/pl5/sjh/2025336.html,页面明确标注为排列五五位模拟试机号，属于互联网模拟数据，不是官方试机号。,是,200,是,
3D之家/3d178,福彩3D,2025336,2025-12-16,641,888,,https://www.3d178.cn/kaijiang/2025/2025336.shtml,3D之家页面所列试机号；与彩宝网口径可能不同，原样独立保留。,否,200,是,
彩宝网/8200,福彩3D,2025336,2025-12-16,641,274,489,https://www.8200.cn/kjh/3d/2025336.htm,福彩3D页面口径：同时列出开机号与试机号。,否,200,是,
彩宝网/8200,排列三,2025337,2025-12-17,554,403,,https://www.8200.cn/kjh/p3/2025337.htm,排列三页面所列三位试机号；排列三与排列五共用同一期体彩摇奖流程。,否,200,是,
一定牛/ydniu,排列五,2025337,2025-12-17,55438,64290,,https://m.ydniu.com/kaijiang/pl5/sjh/2025337.html,页面明确标注为排列五五位模拟试机号，属于互联网模拟数据，不是官方试机号。,是,200,是,
3D之家/3d178,福彩3D,2025337,2025-12-17,876,178,,https://www.3d178.cn/kaijiang/2025/2025337.shtml,3D之家页面所列试机号；与彩宝网口径可能不同，原样独立保留。,否,200,是,
彩宝网/8200,福彩3D,2025337,2025-12-17,876,438,462,https://www.8200.cn/kjh/3d/2025337.htm,福彩3D页面口径：同时列出开机号与试机号。,否,200,是,
彩宝网/8200,排列三,2025338,2025-12-18,164,916,,https://www.8200.cn/kjh/p3/2025338.htm,排列三页面所列三位试机号；排列三与排列五共用同一期体彩摇奖流程。,否,200,是,
一定牛/ydniu,排列五,2025338,2025-12-18,16463,19253,,https://m.ydniu.com/kaijiang/pl5/sjh/2025338.html,页面明确标注为排列五五位模拟试机号，属于互联网模拟数据，不是官方试机号。,是,200,是,
3D之家/3d178,福彩3D,2025338,2025-12-18,689,459,,https://www.3d178.cn/kaijiang/2025/2025338.shtml,3D之家页面所列试机号；与彩宝网口径可能不同，原样独立保留。,否,200,是,
彩宝网/8200,福彩3D,2025338,2025-12-18,689,601,246,https://www.8200.cn/kjh/3d/2025338.htm,福彩3D页面口径：同时列出开机号与试机号。,否,200,是,
彩宝网/8200,排列三,2025339,2025-12-19,900,693,,https://www.8200.cn/kjh/p3/2025339.htm,排列三页面所列三位试机号；排列三与排列五共用同一期体彩摇奖流程。,否,200,是,
一定牛/ydniu,排列五,2025339,2025-12-19,90049,88964,,https://m.ydniu.com/kaijiang/pl5/sjh/2025339.html,页面明确标注为排列五五位模拟试机号，属于互联网模拟数据，不是官方试机号。,是,200,是,
3D之家/3d178,福彩3D,2025339,2025-12-19,676,368,,https://www.3d178.cn/kaijiang/2025/2025339.shtml,3D之家页面所列试机号；与彩宝网口径可能不同，原样独立保留。,否,200,是,
彩宝网/8200,福彩3D,2025339,2025-12-19,676,549,412,https://www.8200.cn/kjh/3d/2025339.htm,福彩3D页面口径：同时列出开机号与试机号。,否,200,是,
彩宝网/8200,排列三,2025340,2025-12-20,255,419,,https://www.8200.cn/kjh/p3/2025340.htm,排列三页面所列三位试机号；排列三与排列五共用同一期体彩摇奖流程。,否,200,是,
一定牛/ydniu,排列五,2025340,2025-12-20,25560,28231,,https://m.ydniu.com/kaijiang/pl5/sjh/2025340.html,页面明确标注为排列五五位模拟试机号，属于互联网模拟数据，不是官方试机号。,是,200,是,
3D之家/3d178,福彩3D,2025340,2025-12-20,130,198,,https://www.3d178.cn/kaijiang/2025/2025340.shtml,3D之家页面所列试机号；与彩宝网口径可能不同，原样独立保留。,否,200,是,
彩宝网/8200,福彩3D,2025340,2025-12-20,130,481,621,https://www.8200.cn/kjh/3d/2025340.htm,福彩3D页面口径：同时列出开机号与试机号。,否,200,是,
彩宝网/8200,排列三,2025341,2025-12-21,817,637,,https://www.8200.cn/kjh/p3/2025341.htm,排列三页面所列三位试机号；排列三与排列五共用同一期体彩摇奖流程。,否,200,是,
一定牛/ydniu,排列五,2025341,2025-12-21,81754,36549,,https://m.ydniu.com/kaijiang/pl5/sjh/2025341.html,页面明确标注为排列五五位模拟试机号，属于互联网模拟数据，不是官方试机号。,是,200,是,
3D之家/3d178,福彩3D,2025341,2025-12-21,996,598,,https://www.3d178.cn/kaijiang/2025/2025341.shtml,3D之家页面所列试机号；与彩宝网口径可能不同，原样独立保留。,否,200,是,
彩宝网/8200,福彩3D,2025341,2025-12-21,996,267,871,https://www.8200.cn/kjh/3d/2025341.htm,福彩3D页面口径：同时列出开机号与试机号。,否,200,是,
彩宝网/8200,排列三,2025342,2025-12-22,079,086,,https://www.8200.cn/kjh/p3/2025342.htm,排列三页面所列三位试机号；排列三与排列五共用同一期体彩摇奖流程。,否,200,是,
一定牛/ydniu,排列五,2025342,2025-12-22,07923,24488,,https://m.ydniu.com/kaijiang/pl5/sjh/2025342.html,页面明确标注为排列五五位模拟试机号，属于互联网模拟数据，不是官方试机号。,是,200,是,
3D之家/3d178,福彩3D,2025342,2025-12-22,681,961,,https://www.3d178.cn/kaijiang/2025/2025342.shtml,3D之家页面所列试机号；与彩宝网口径可能不同，原样独立保留。,否,200,是,
彩宝网/8200,福彩3D,2025342,2025-12-22,681,536,249,https://www.8200.cn/kjh/3d/2025342.htm,福彩3D页面口径：同时列出开机号与试机号。,否,200,是,
彩宝网/8200,排列三,2025343,2025-12-23,012,736,,https://www.8200.cn/kjh/p3/2025343.htm,排列三页面所列三位试机号；排列三与排列五共用同一期体彩摇奖流程。,否,200,是,
一定牛/ydniu,排列五,2025343,2025-12-23,01259,57859,,https://m.ydniu.com/kaijiang/pl5/sjh/2025343.html,页面明确标注为排列五五位模拟试机号，属于互联网模拟数据，不是官方试机号。,是,200,是,
3D之家/3d178,福彩3D,2025343,2025-12-23,645,667,,https://www.3d178.cn/kaijiang/2025/2025343.shtml,3D之家页面所列试机号；与彩宝网口径可能不同，原样独立保留。,否,200,是,
彩宝网/8200,福彩3D,2025343,2025-12-23,645,108,876,https://www.8200.cn/kjh/3d/2025343.htm,福彩3D页面口径：同时列出开机号与试机号。,否,200,是,
彩宝网/8200,排列三,2025344,2025-12-24,495,241,,https://www.8200.cn/kjh/p3/2025344.htm,排列三页面所列三位试机号；排列三与排列五共用同一期体彩摇奖流程。,否,200,是,
一定牛/ydniu,排列五,2025344,2025-12-24,49570,55755,,https://m.ydniu.com/kaijiang/pl5/sjh/2025344.html,页面明确标注为排列五五位模拟试机号，属于互联网模拟数据，不是官方试机号。,是,200,是,
3D之家/3d178,福彩3D,2025344,2025-12-24,622,684,,https://www.3d178.cn/kaijiang/2025/2025344.shtml,3D之家页面所列试机号；与彩宝网口径可能不同，原样独立保留。,否,200,是,
彩宝网/8200,福彩3D,2025344,2025-12-24,622,590,042,https://www.8200.cn/kjh/3d/2025344.htm,福彩3D页面口径：同时列出开机号与试机号。,否,200,是,
彩宝网/8200,排列三,2025345,2025-12-25,431,834,,https://www.8200.cn/kjh/p3/2025345.htm,排列三页面所列三位试机号；排列三与排列五共用同一期体彩摇奖流程。,否,200,是,
一定牛/ydniu,排列五,2025345,2025-12-25,43197,04938,,https://m.ydniu.com/kaijiang/pl5/sjh/2025345.html,页面明确标注为排列五五位模拟试机号，属于互联网模拟数据，不是官方试机号。,是,200,是,
3D之家/3d178,福彩3D,2025345,2025-12-25,630,852,,https://www.3d178.cn/kaijiang/2025/2025345.shtml,3D之家页面所列试机号；与彩宝网口径可能不同，原样独立保留。,否,200,是,
彩宝网/8200,福彩3D,2025345,2025-12-25,630,389,725,https://www.8200.cn/kjh/3d/2025345.htm,福彩3D页面口径：同时列出开机号与试机号。,否,200,是,
彩宝网/8200,排列三,2025346,2025-12-26,826,905,,https://www.8200.cn/kjh/p3/2025346.htm,排列三页面所列三位试机号；排列三与排列五共用同一期体彩摇奖流程。,否,200,是,
一定牛/ydniu,排列五,2025346,2025-12-26,82608,56567,,https://m.ydniu.com/kaijiang/pl5/sjh/2025346.html,页面明确标注为排列五五位模拟试机号，属于互联网模拟数据，不是官方试机号。,是,200,是,
3D之家/3d178,福彩3D,2025346,2025-12-26,897,467,,https://www.3d178.cn/kaijiang/2025/2025346.shtml,3D之家页面所列试机号；与彩宝网口径可能不同，原样独立保留。,否,200,是,
彩宝网/8200,福彩3D,2025346,2025-12-26,897,542,651,https://www.8200.cn/kjh/3d/2025346.htm,福彩3D页面口径：同时列出开机号与试机号。,否,200,是,
彩宝网/8200,排列三,2025347,2025-12-27,695,254,,https://www.8200.cn/kjh/p3/2025347.htm,排列三页面所列三位试机号；排列三与排列五共用同一期体彩摇奖流程。,否,200,是,
一定牛/ydniu,排列五,2025347,2025-12-27,69567,20674,,https://m.ydniu.com/kaijiang/pl5/sjh/2025347.html,页面明确标注为排列五五位模拟试机号，属于互联网模拟数据，不是官方试机号。,是,200,是,
3D之家/3d178,福彩3D,2025347,2025-12-27,192,815,,https://www.3d178.cn/kaijiang/2025/2025347.shtml,3D之家页面所列试机号；与彩宝网口径可能不同，原样独立保留。,否,200,是,
彩宝网/8200,福彩3D,2025347,2025-12-27,192,680,684,https://www.8200.cn/kjh/3d/2025347.htm,福彩3D页面口径：同时列出开机号与试机号。,否,200,是,
彩宝网/8200,排列三,2025348,2025-12-28,373,470,,https://www.8200.cn/kjh/p3/2025348.htm,排列三页面所列三位试机号；排列三与排列五共用同一期体彩摇奖流程。,否,200,是,
一定牛/ydniu,排列五,2025348,2025-12-28,37314,31387,,https://m.ydniu.com/kaijiang/pl5/sjh/2025348.html,页面明确标注为排列五五位模拟试机号，属于互联网模拟数据，不是官方试机号。,是,200,是,
3D之家/3d178,福彩3D,2025348,2025-12-28,278,736,,https://www.3d178.cn/kaijiang/2025/2025348.shtml,3D之家页面所列试机号；与彩宝网口径可能不同，原样独立保留。,否,200,是,
彩宝网/8200,福彩3D,2025348,2025-12-28,278,753,840,https://www.8200.cn/kjh/3d/2025348.htm,福彩3D页面口径：同时列出开机号与试机号。,否,200,是,
彩宝网/8200,排列三,2025349,2025-12-29,032,128,,https://www.8200.cn/kjh/p3/2025349.htm,排列三页面所列三位试机号；排列三与排列五共用同一期体彩摇奖流程。,否,200,是,
一定牛/ydniu,排列五,2025349,2025-12-29,03226,31829,,https://m.ydniu.com/kaijiang/pl5/sjh/2025349.html,页面明确标注为排列五五位模拟试机号，属于互联网模拟数据，不是官方试机号。,是,200,是,
3D之家/3d178,福彩3D,2025349,2025-12-29,743,353,,https://www.3d178.cn/kaijiang/2025/2025349.shtml,3D之家页面所列试机号；与彩宝网口径可能不同，原样独立保留。,否,200,是,
彩宝网/8200,福彩3D,2025349,2025-12-29,743,643,960,https://www.8200.cn/kjh/3d/2025349.htm,福彩3D页面口径：同时列出开机号与试机号。,否,200,是,
彩宝网/8200,排列三,2025350,2025-12-30,673,915,,https://www.8200.cn/kjh/p3/2025350.htm,排列三页面所列三位试机号；排列三与排列五共用同一期体彩摇奖流程。,否,200,是,
一定牛/ydniu,排列五,2025350,2025-12-30,67344,57171,,https://m.ydniu.com/kaijiang/pl5/sjh/2025350.html,页面明确标注为排列五五位模拟试机号，属于互联网模拟数据，不是官方试机号。,是,200,是,
3D之家/3d178,福彩3D,2025350,2025-12-30,580,702,,https://www.3d178.cn/kaijiang/2025/2025350.shtml,3D之家页面所列试机号；与彩宝网口径可能不同，原样独立保留。,否,200,是,
彩宝网/8200,福彩3D,2025350,2025-12-30,580,895,709,https://www.8200.cn/kjh/3d/2025350.htm,福彩3D页面口径：同时列出开机号与试机号。,否,200,是,
彩宝网/8200,排列三,2025351,2025-12-31,617,142,,https://www.8200.cn/kjh/p3/2025351.htm,排列三页面所列三位试机号；排列三与排列五共用同一期体彩摇奖流程。,否,200,是,
一定牛/ydniu,排列五,2025351,2025-12-31,61729,76611,,https://m.ydniu.com/kaijiang/pl5/sjh/2025351.html,页面明确标注为排列五五位模拟试机号，属于互联网模拟数据，不是官方试机号。,是,200,是,
3D之家/3d178,福彩3D,2025351,2025-12-31,452,649,,https://www.3d178.cn/kaijiang/2025/2025351.shtml,3D之家页面所列试机号；与彩宝网口径可能不同，原样独立保留。,否,200,是,
彩宝网/8200,福彩3D,2025351,2025-12-31,452,306,629,https://www.8200.cn/kjh/3d/2025351.htm,福彩3D页面口径：同时列出开机号与试机号。,否,200,是,
彩宝网/8200,排列三,2025352,,,,,https://www.8200.cn/kjh/p3/2025352.htm,排列三页面所列三位试机号；排列三与排列五共用同一期体彩摇奖流程。,否,200,否,页面未包含目标期号
一定牛/ydniu,排列五,2025352,2026-08-13,92738,45103,,https://m.ydniu.com/kaijiang/pl5/sjh/2025352.html,页面明确标注为排列五五位模拟试机号，属于互联网模拟数据，不是官方试机号。,是,200,是,
3D之家/3d178,福彩3D,2025352,,,,,https://www.3d178.cn/kaijiang/2025/2025352.shtml,3D之家页面所列试机号；与彩宝网口径可能不同，原样独立保留。,否,404,否,页面未包含目标期号
彩宝网/8200,福彩3D,2025352,,,,,https://www.8200.cn/kjh/3d/2025352.htm,福彩3D页面口径：同时列出开机号与试机号。,否,200,否,页面未包含目标期号
彩宝网/8200,排列三,2025353,,,,,https://www.8200.cn/kjh/p3/2025353.htm,排列三页面所列三位试机号；排列三与排列五共用同一期体彩摇奖流程。,否,200,否,页面未包含目标期号
一定牛/ydniu,排列五,2025353,2026-08-13,92738,45103,,https://m.ydniu.com/kaijiang/pl5/sjh/2025353.html,页面明确标注为排列五五位模拟试机号，属于互联网模拟数据，不是官方试机号。,是,200,是,
3D之家/3d178,福彩3D,2025353,,,,,https://www.3d178.cn/kaijiang/2025/2025353.shtml,3D之家页面所列试机号；与彩宝网口径可能不同，原样独立保留。,否,404,否,页面未包含目标期号
彩宝网/8200,福彩3D,2025353,,,,,https://www.8200.cn/kjh/3d/2025353.htm,福彩3D页面口径：同时列出开机号与试机号。,否,200,否,页面未包含目标期号
彩宝网/8200,排列三,2025354,,,,,https://www.8200.cn/kjh/p3/2025354.htm,排列三页面所列三位试机号；排列三与排列五共用同一期体彩摇奖流程。,否,200,否,页面未包含目标期号
一定牛/ydniu,排列五,2025354,2026-08-13,92738,45103,,https://m.ydniu.com/kaijiang/pl5/sjh/2025354.html,页面明确标注为排列五五位模拟试机号，属于互联网模拟数据，不是官方试机号。,是,200,是,
3D之家/3d178,福彩3D,2025354,,,,,https://www.3d178.cn/kaijiang/2025/2025354.shtml,3D之家页面所列试机号；与彩宝网口径可能不同，原样独立保留。,否,404,否,页面未包含目标期号
彩宝网/8200,福彩3D,2025354,,,,,https://www.8200.cn/kjh/3d/2025354.htm,福彩3D页面口径：同时列出开机号与试机号。,否,200,否,页面未包含目标期号
彩宝网/8200,排列三,2025355,,,,,https://www.8200.cn/kjh/p3/2025355.htm,排列三页面所列三位试机号；排列三与排列五共用同一期体彩摇奖流程。,否,200,否,页面未包含目标期号
一定牛/ydniu,排列五,2025355,2026-08-13,92738,45103,,https://m.ydniu.com/kaijiang/pl5/sjh/2025355.html,页面明确标注为排列五五位模拟试机号，属于互联网模拟数据，不是官方试机号。,是,200,是,
3D之家/3d178,福彩3D,2025355,,,,,https://www.3d178.cn/kaijiang/2025/2025355.shtml,3D之家页面所列试机号；与彩宝网口径可能不同，原样独立保留。,否,404,否,页面未包含目标期号
彩宝网/8200,福彩3D,2025355,,,,,https://www.8200.cn/kjh/3d/2025355.htm,福彩3D页面口径：同时列出开机号与试机号。,否,200,否,页面未包含目标期号
彩宝网/8200,排列三,2025356,,,,,https://www.8200.cn/kjh/p3/2025356.htm,排列三页面所列三位试机号；排列三与排列五共用同一期体彩摇奖流程。,否,200,否,页面未包含目标期号
一定牛/ydniu,排列五,2025356,2026-08-13,92738,45103,,https://m.ydniu.com/kaijiang/pl5/sjh/2025356.html,页面明确标注为排列五五位模拟试机号，属于互联网模拟数据，不是官方试机号。,是,200,是,
3D之家/3d178,福彩3D,2025356,,,,,https://www.3d178.cn/kaijiang/2025/2025356.shtml,3D之家页面所列试机号；与彩宝网口径可能不同，原样独立保留。,否,404,否,页面未包含目标期号
彩宝网/8200,福彩3D,2025356,,,,,https://www.8200.cn/kjh/3d/2025356.htm,福彩3D页面口径：同时列出开机号与试机号。,否,200,否,页面未包含目标期号
彩宝网/8200,排列三,2025357,,,,,https://www.8200.cn/kjh/p3/2025357.htm,排列三页面所列三位试机号；排列三与排列五共用同一期体彩摇奖流程。,否,200,否,页面未包含目标期号
一定牛/ydniu,排列五,2025357,2026-08-13,92738,45103,,https://m.ydniu.com/kaijiang/pl5/sjh/2025357.html,页面明确标注为排列五五位模拟试机号，属于互联网模拟数据，不是官方试机号。,是,200,是,
3D之家/3d178,福彩3D,2025357,,,,,https://www.3d178.cn/kaijiang/2025/2025357.shtml,3D之家页面所列试机号；与彩宝网口径可能不同，原样独立保留。,否,404,否,页面未包含目标期号
彩宝网/8200,福彩3D,2025357,,,,,https://www.8200.cn/kjh/3d/2025357.htm,福彩3D页面口径：同时列出开机号与试机号。,否,200,否,页面未包含目标期号
彩宝网/8200,排列三,2025358,,,,,https://www.8200.cn/kjh/p3/2025358.htm,排列三页面所列三位试机号；排列三与排列五共用同一期体彩摇奖流程。,否,200,否,页面未包含目标期号
一定牛/ydniu,排列五,2025358,2026-08-13,92738,45103,,https://m.ydniu.com/kaijiang/pl5/sjh/2025358.html,页面明确标注为排列五五位模拟试机号，属于互联网模拟数据，不是官方试机号。,是,200,是,
3D之家/3d178,福彩3D,2025358,,,,,https://www.3d178.cn/kaijiang/2025/2025358.shtml,3D之家页面所列试机号；与彩宝网口径可能不同，原样独立保留。,否,404,否,页面未包含目标期号
彩宝网/8200,福彩3D,2025358,,,,,https://www.8200.cn/kjh/3d/2025358.htm,福彩3D页面口径：同时列出开机号与试机号。,否,200,否,页面未包含目标期号
彩宝网/8200,排列三,2025359,,,,,https://www.8200.cn/kjh/p3/2025359.htm,排列三页面所列三位试机号；排列三与排列五共用同一期体彩摇奖流程。,否,200,否,页面未包含目标期号
一定牛/ydniu,排列五,2025359,2026-08-13,92738,45103,,https://m.ydniu.com/kaijiang/pl5/sjh/2025359.html,页面明确标注为排列五五位模拟试机号，属于互联网模拟数据，不是官方试机号。,是,200,是,
3D之家/3d178,福彩3D,2025359,,,,,https://www.3d178.cn/kaijiang/2025/2025359.shtml,3D之家页面所列试机号；与彩宝网口径可能不同，原样独立保留。,否,404,否,页面未包含目标期号
彩宝网/8200,福彩3D,2025359,,,,,https://www.8200.cn/kjh/3d/2025359.htm,福彩3D页面口径：同时列出开机号与试机号。,否,200,否,页面未包含目标期号
彩宝网/8200,排列三,2025360,,,,,https://www.8200.cn/kjh/p3/2025360.htm,排列三页面所列三位试机号；排列三与排列五共用同一期体彩摇奖流程。,否,200,否,页面未包含目标期号
一定牛/ydniu,排列五,2025360,2026-08-13,92738,45103,,https://m.ydniu.com/kaijiang/pl5/sjh/2025360.html,页面明确标注为排列五五位模拟试机号，属于互联网模拟数据，不是官方试机号。,是,200,是,
3D之家/3d178,福彩3D,2025360,,,,,https://www.3d178.cn/kaijiang/2025/2025360.shtml,3D之家页面所列试机号；与彩宝网口径可能不同，原样独立保留。,否,404,否,页面未包含目标期号
彩宝网/8200,福彩3D,2025360,,,,,https://www.8200.cn/kjh/3d/2025360.htm,福彩3D页面口径：同时列出开机号与试机号。,否,200,否,页面未包含目标期号
彩宝网/8200,排列三,2025361,,,,,https://www.8200.cn/kjh/p3/2025361.htm,排列三页面所列三位试机号；排列三与排列五共用同一期体彩摇奖流程。,否,200,否,页面未包含目标期号
一定牛/ydniu,排列五,2025361,2026-08-13,92738,45103,,https://m.ydniu.com/kaijiang/pl5/sjh/2025361.html,页面明确标注为排列五五位模拟试机号，属于互联网模拟数据，不是官方试机号。,是,200,是,
3D之家/3d178,福彩3D,2025361,,,,,https://www.3d178.cn/kaijiang/2025/2025361.shtml,3D之家页面所列试机号；与彩宝网口径可能不同，原样独立保留。,否,404,否,页面未包含目标期号
彩宝网/8200,福彩3D,2025361,,,,,https://www.8200.cn/kjh/3d/2025361.htm,福彩3D页面口径：同时列出开机号与试机号。,否,200,否,页面未包含目标期号
彩宝网/8200,排列三,2025362,,,,,https://www.8200.cn/kjh/p3/2025362.htm,排列三页面所列三位试机号；排列三与排列五共用同一期体彩摇奖流程。,否,200,否,页面未包含目标期号
一定牛/ydniu,排列五,2025362,2026-08-13,92738,45103,,https://m.ydniu.com/kaijiang/pl5/sjh/2025362.html,页面明确标注为排列五五位模拟试机号，属于互联网模拟数据，不是官方试机号。,是,200,是,
3D之家/3d178,福彩3D,2025362,,,,,https://www.3d178.cn/kaijiang/2025/2025362.shtml,3D之家页面所列试机号；与彩宝网口径可能不同，原样独立保留。,否,404,否,页面未包含目标期号
彩宝网/8200,福彩3D,2025362,,,,,https://www.8200.cn/kjh/3d/2025362.htm,福彩3D页面口径：同时列出开机号与试机号。,否,200,否,页面未包含目标期号
彩宝网/8200,排列三,2025363,,,,,https://www.8200.cn/kjh/p3/2025363.htm,排列三页面所列三位试机号；排列三与排列五共用同一期体彩摇奖流程。,否,200,否,页面未包含目标期号
一定牛/ydniu,排列五,2025363,2026-08-13,92738,45103,,https://m.ydniu.com/kaijiang/pl5/sjh/2025363.html,页面明确标注为排列五五位模拟试机号，属于互联网模拟数据，不是官方试机号。,是,200,是,
3D之家/3d178,福彩3D,2025363,,,,,https://www.3d178.cn/kaijiang/2025/2025363.shtml,3D之家页面所列试机号；与彩宝网口径可能不同，原样独立保留。,否,404,否,页面未包含目标期号
彩宝网/8200,福彩3D,2025363,,,,,https://www.8200.cn/kjh/3d/2025363.htm,福彩3D页面口径：同时列出开机号与试机号。,否,200,否,页面未包含目标期号
彩宝网/8200,排列三,2025364,,,,,https://www.8200.cn/kjh/p3/2025364.htm,排列三页面所列三位试机号；排列三与排列五共用同一期体彩摇奖流程。,否,200,否,页面未包含目标期号
一定牛/ydniu,排列五,2025364,2026-08-13,92738,45103,,https://m.ydniu.com/kaijiang/pl5/sjh/2025364.html,页面明确标注为排列五五位模拟试机号，属于互联网模拟数据，不是官方试机号。,是,200,是,
3D之家/3d178,福彩3D,2025364,,,,,https://www.3d178.cn/kaijiang/2025/2025364.shtml,3D之家页面所列试机号；与彩宝网口径可能不同，原样独立保留。,否,404,否,页面未包含目标期号
彩宝网/8200,福彩3D,2025364,,,,,https://www.8200.cn/kjh/3d/2025364.htm,福彩3D页面口径：同时列出开机号与试机号。,否,200,否,页面未包含目标期号
彩宝网/8200,排列三,2025365,,,,,https://www.8200.cn/kjh/p3/2025365.htm,排列三页面所列三位试机号；排列三与排列五共用同一期体彩摇奖流程。,否,200,否,页面未包含目标期号
一定牛/ydniu,排列五,2025365,2026-08-13,92738,45103,,https://m.ydniu.com/kaijiang/pl5/sjh/2025365.html,页面明确标注为排列五五位模拟试机号，属于互联网模拟数据，不是官方试机号。,是,200,是,
3D之家/3d178,福彩3D,2025365,,,,,https://www.3d178.cn/kaijiang/2025/2025365.shtml,3D之家页面所列试机号；与彩宝网口径可能不同，原样独立保留。,否,404,否,页面未包含目标期号
彩宝网/8200,福彩3D,2025365,,,,,https://www.8200.cn/kjh/3d/2025365.htm,福彩3D页面口径：同时列出开机号与试机号。,否,200,否,页面未包含目标期号
彩宝网/8200,排列三,2025366,,,,,https://www.8200.cn/kjh/p3/2025366.htm,排列三页面所列三位试机号；排列三与排列五共用同一期体彩摇奖流程。,否,200,否,页面未包含目标期号
一定牛/ydniu,排列五,2025366,2026-08-13,92738,45103,,https://m.ydniu.com/kaijiang/pl5/sjh/2025366.html,页面明确标注为排列五五位模拟试机号，属于互联网模拟数据，不是官方试机号。,是,200,是,
3D之家/3d178,福彩3D,2025366,,,,,https://www.3d178.cn/kaijiang/2025/2025366.shtml,3D之家页面所列试机号；与彩宝网口径可能不同，原样独立保留。,否,404,否,页面未包含目标期号
彩宝网/8200,福彩3D,2025366,,,,,https://www.8200.cn/kjh/3d/2025366.htm,福彩3D页面口径：同时列出开机号与试机号。,否,200,否,页面未包含目标期号
彩宝网/8200,排列三,2026001,2026-01-01,830,532,,https://www.8200.cn/kjh/p3/2026001.htm,排列三页面所列三位试机号；排列三与排列五共用同一期体彩摇奖流程。,否,200,是,
一定牛/ydniu,排列五,2026001,2026-01-01,83013,31506,,https://m.ydniu.com/kaijiang/pl5/sjh/2026001.html,页面明确标注为排列五五位模拟试机号，属于互联网模拟数据，不是官方试机号。,是,200,是,
3D之家/3d178,福彩3D,2026001,2026-01-01,298,578,,https://www.3d178.cn/kaijiang/2026/2026001.shtml,3D之家页面所列试机号；与彩宝网口径可能不同，原样独立保留。,否,200,是,
彩宝网/8200,福彩3D,2026001,2026-01-01,298,372,307,https://www.8200.cn/kjh/3d/2026001.htm,福彩3D页面口径：同时列出开机号与试机号。,否,200,是,
彩宝网/8200,排列三,2026002,2026-01-02,689,491,,https://www.8200.cn/kjh/p3/2026002.htm,排列三页面所列三位试机号；排列三与排列五共用同一期体彩摇奖流程。,否,200,是,
一定牛/ydniu,排列五,2026002,2026-01-02,68923,96231,,https://m.ydniu.com/kaijiang/pl5/sjh/2026002.html,页面明确标注为排列五五位模拟试机号，属于互联网模拟数据，不是官方试机号。,是,200,是,
3D之家/3d178,福彩3D,2026002,2026-01-02,520,674,,https://www.3d178.cn/kaijiang/2026/2026002.shtml,3D之家页面所列试机号；与彩宝网口径可能不同，原样独立保留。,否,200,是,
彩宝网/8200,福彩3D,2026002,2026-01-02,520,196,350,https://www.8200.cn/kjh/3d/2026002.htm,福彩3D页面口径：同时列出开机号与试机号。,否,200,是,
彩宝网/8200,排列三,2026003,2026-01-03,086,297,,https://www.8200.cn/kjh/p3/2026003.htm,排列三页面所列三位试机号；排列三与排列五共用同一期体彩摇奖流程。,否,200,是,
一定牛/ydniu,排列五,2026003,2026-01-03,08689,49642,,https://m.ydniu.com/kaijiang/pl5/sjh/2026003.html,页面明确标注为排列五五位模拟试机号，属于互联网模拟数据，不是官方试机号。,是,200,是,
3D之家/3d178,福彩3D,2026003,2026-01-03,601,631,,https://www.3d178.cn/kaijiang/2026/2026003.shtml,3D之家页面所列试机号；与彩宝网口径可能不同，原样独立保留。,否,200,是,
彩宝网/8200,福彩3D,2026003,2026-01-03,601,564,917,https://www.8200.cn/kjh/3d/2026003.htm,福彩3D页面口径：同时列出开机号与试机号。,否,200,是,
彩宝网/8200,排列三,2026004,2026-01-04,878,504,,https://www.8200.cn/kjh/p3/2026004.htm,排列三页面所列三位试机号；排列三与排列五共用同一期体彩摇奖流程。,否,200,是,
一定牛/ydniu,排列五,2026004,2026-01-04,87882,48622,,https://m.ydniu.com/kaijiang/pl5/sjh/2026004.html,页面明确标注为排列五五位模拟试机号，属于互联网模拟数据，不是官方试机号。,是,200,是,
3D之家/3d178,福彩3D,2026004,2026-01-04,019,734,,https://www.3d178.cn/kaijiang/2026/2026004.shtml,3D之家页面所列试机号；与彩宝网口径可能不同，原样独立保留。,否,200,是,
彩宝网/8200,福彩3D,2026004,2026-01-04,019,399,105,https://www.8200.cn/kjh/3d/2026004.htm,福彩3D页面口径：同时列出开机号与试机号。,否,200,是,
彩宝网/8200,排列三,2026005,2026-01-05,061,922,,https://www.8200.cn/kjh/p3/2026005.htm,排列三页面所列三位试机号；排列三与排列五共用同一期体彩摇奖流程。,否,200,是,
一定牛/ydniu,排列五,2026005,2026-01-05,06169,02034,,https://m.ydniu.com/kaijiang/pl5/sjh/2026005.html,页面明确标注为排列五五位模拟试机号，属于互联网模拟数据，不是官方试机号。,是,200,是,
3D之家/3d178,福彩3D,2026005,2026-01-05,476,195,,https://www.3d178.cn/kaijiang/2026/2026005.shtml,3D之家页面所列试机号；与彩宝网口径可能不同，原样独立保留。,否,200,是,
彩宝网/8200,福彩3D,2026005,2026-01-05,476,067,045,https://www.8200.cn/kjh/3d/2026005.htm,福彩3D页面口径：同时列出开机号与试机号。,否,200,是,
彩宝网/8200,排列三,2026006,2026-01-06,718,185,,https://www.8200.cn/kjh/p3/2026006.htm,排列三页面所列三位试机号；排列三与排列五共用同一期体彩摇奖流程。,否,200,是,
一定牛/ydniu,排列五,2026006,2026-01-06,71888,70590,,https://m.ydniu.com/kaijiang/pl5/sjh/2026006.html,页面明确标注为排列五五位模拟试机号，属于互联网模拟数据，不是官方试机号。,是,200,是,
3D之家/3d178,福彩3D,2026006,2026-01-06,244,824,,https://www.3d178.cn/kaijiang/2026/2026006.shtml,3D之家页面所列试机号；与彩宝网口径可能不同，原样独立保留。,否,200,是,
彩宝网/8200,福彩3D,2026006,2026-01-06,244,335,201,https://www.8200.cn/kjh/3d/2026006.htm,福彩3D页面口径：同时列出开机号与试机号。,否,200,是,
彩宝网/8200,排列三,2026007,2026-01-07,126,605,,https://www.8200.cn/kjh/p3/2026007.htm,排列三页面所列三位试机号；排列三与排列五共用同一期体彩摇奖流程。,否,200,是,
一定牛/ydniu,排列五,2026007,2026-01-07,12660,87482,,https://m.ydniu.com/kaijiang/pl5/sjh/2026007.html,页面明确标注为排列五五位模拟试机号，属于互联网模拟数据，不是官方试机号。,是,200,是,
3D之家/3d178,福彩3D,2026007,2026-01-07,353,979,,https://www.3d178.cn/kaijiang/2026/2026007.shtml,3D之家页面所列试机号；与彩宝网口径可能不同，原样独立保留。,否,200,是,
彩宝网/8200,福彩3D,2026007,2026-01-07,353,814,680,https://www.8200.cn/kjh/3d/2026007.htm,福彩3D页面口径：同时列出开机号与试机号。,否,200,是,
彩宝网/8200,排列三,2026008,2026-01-08,509,152,,https://www.8200.cn/kjh/p3/2026008.htm,排列三页面所列三位试机号；排列三与排列五共用同一期体彩摇奖流程。,否,200,是,
一定牛/ydniu,排列五,2026008,2026-01-08,50963,91924,,https://m.ydniu.com/kaijiang/pl5/sjh/2026008.html,页面明确标注为排列五五位模拟试机号，属于互联网模拟数据，不是官方试机号。,是,200,是,
3D之家/3d178,福彩3D,2026008,2026-01-08,252,070,,https://www.3d178.cn/kaijiang/2026/2026008.shtml,3D之家页面所列试机号；与彩宝网口径可能不同，原样独立保留。,否,200,是,
彩宝网/8200,福彩3D,2026008,2026-01-08,252,457,635,https://www.8200.cn/kjh/3d/2026008.htm,福彩3D页面口径：同时列出开机号与试机号。,否,200,是,
彩宝网/8200,排列三,2026009,2026-01-09,248,210,,https://www.8200.cn/kjh/p3/2026009.htm,排列三页面所列三位试机号；排列三与排列五共用同一期体彩摇奖流程。,否,200,是,
一定牛/ydniu,排列五,2026009,2026-01-09,24821,16152,,https://m.ydniu.com/kaijiang/pl5/sjh/2026009.html,页面明确标注为排列五五位模拟试机号，属于互联网模拟数据，不是官方试机号。,是,200,是,
3D之家/3d178,福彩3D,2026009,2026-01-09,265,252,,https://www.3d178.cn/kaijiang/2026/2026009.shtml,3D之家页面所列试机号；与彩宝网口径可能不同，原样独立保留。,否,200,是,
彩宝网/8200,福彩3D,2026009,2026-01-09,265,626,851,https://www.8200.cn/kjh/3d/2026009.htm,福彩3D页面口径：同时列出开机号与试机号。,否,200,是,
彩宝网/8200,排列三,2026010,2026-01-10,920,878,,https://www.8200.cn/kjh/p3/2026010.htm,排列三页面所列三位试机号；排列三与排列五共用同一期体彩摇奖流程。,否,200,是,
一定牛/ydniu,排列五,2026010,2026-01-10,92034,00204,,https://m.ydniu.com/kaijiang/pl5/sjh/2026010.html,页面明确标注为排列五五位模拟试机号，属于互联网模拟数据，不是官方试机号。,是,200,是,
3D之家/3d178,福彩3D,2026010,2026-01-10,667,621,,https://www.3d178.cn/kaijiang/2026/2026010.shtml,3D之家页面所列试机号；与彩宝网口径可能不同，原样独立保留。,否,200,是,
彩宝网/8200,福彩3D,2026010,2026-01-10,667,813,859,https://www.8200.cn/kjh/3d/2026010.htm,福彩3D页面口径：同时列出开机号与试机号。,否,200,是,
彩宝网/8200,排列三,2026011,2026-01-11,030,149,,https://www.8200.cn/kjh/p3/2026011.htm,排列三页面所列三位试机号；排列三与排列五共用同一期体彩摇奖流程。,否,200,是,
一定牛/ydniu,排列五,2026011,2026-01-11,03067,83745,,https://m.ydniu.com/kaijiang/pl5/sjh/2026011.html,页面明确标注为排列五五位模拟试机号，属于互联网模拟数据，不是官方试机号。,是,200,是,
3D之家/3d178,福彩3D,2026011,2026-01-11,647,848,,https://www.3d178.cn/kaijiang/2026/2026011.shtml,3D之家页面所列试机号；与彩宝网口径可能不同，原样独立保留。,否,200,是,
彩宝网/8200,福彩3D,2026011,2026-01-11,647,925,243,https://www.8200.cn/kjh/3d/2026011.htm,福彩3D页面口径：同时列出开机号与试机号。,否,200,是,
彩宝网/8200,排列三,2026012,2026-01-12,522,601,,https://www.8200.cn/kjh/p3/2026012.htm,排列三页面所列三位试机号；排列三与排列五共用同一期体彩摇奖流程。,否,200,是,
一定牛/ydniu,排列五,2026012,2026-01-12,52201,32121,,https://m.ydniu.com/kaijiang/pl5/sjh/2026012.html,页面明确标注为排列五五位模拟试机号，属于互联网模拟数据，不是官方试机号。,是,200,是,
3D之家/3d178,福彩3D,2026012,2026-01-12,241,346,,https://www.3d178.cn/kaijiang/2026/2026012.shtml,3D之家页面所列试机号；与彩宝网口径可能不同，原样独立保留。,否,200,是,
彩宝网/8200,福彩3D,2026012,2026-01-12,241,417,261,https://www.8200.cn/kjh/3d/2026012.htm,福彩3D页面口径：同时列出开机号与试机号。,否,200,是,
彩宝网/8200,排列三,2026013,2026-01-13,477,863,,https://www.8200.cn/kjh/p3/2026013.htm,排列三页面所列三位试机号；排列三与排列五共用同一期体彩摇奖流程。,否,200,是,
一定牛/ydniu,排列五,2026013,2026-01-13,47787,01100,,https://m.ydniu.com/kaijiang/pl5/sjh/2026013.html,页面明确标注为排列五五位模拟试机号，属于互联网模拟数据，不是官方试机号。,是,200,是,
3D之家/3d178,福彩3D,2026013,2026-01-13,513,195,,https://www.3d178.cn/kaijiang/2026/2026013.shtml,3D之家页面所列试机号；与彩宝网口径可能不同，原样独立保留。,否,200,是,
彩宝网/8200,福彩3D,2026013,2026-01-13,513,206,065,https://www.8200.cn/kjh/3d/2026013.htm,福彩3D页面口径：同时列出开机号与试机号。,否,200,是,
彩宝网/8200,排列三,2026014,2026-01-14,833,831,,https://www.8200.cn/kjh/p3/2026014.htm,排列三页面所列三位试机号；排列三与排列五共用同一期体彩摇奖流程。,否,200,是,
一定牛/ydniu,排列五,2026014,2026-01-14,83382,40875,,https://m.ydniu.com/kaijiang/pl5/sjh/2026014.html,页面明确标注为排列五五位模拟试机号，属于互联网模拟数据，不是官方试机号。,是,200,是,
3D之家/3d178,福彩3D,2026014,2026-01-14,050,715,,https://www.3d178.cn/kaijiang/2026/2026014.shtml,3D之家页面所列试机号；与彩宝网口径可能不同，原样独立保留。,否,200,是,
彩宝网/8200,福彩3D,2026014,2026-01-14,050,833,691,https://www.8200.cn/kjh/3d/2026014.htm,福彩3D页面口径：同时列出开机号与试机号。,否,200,是,
彩宝网/8200,排列三,2026015,2026-01-15,202,808,,https://www.8200.cn/kjh/p3/2026015.htm,排列三页面所列三位试机号；排列三与排列五共用同一期体彩摇奖流程。,否,200,是,
一定牛/ydniu,排列五,2026015,2026-01-15,20244,83881,,https://m.ydniu.com/kaijiang/pl5/sjh/2026015.html,页面明确标注为排列五五位模拟试机号，属于互联网模拟数据，不是官方试机号。,是,200,是,
3D之家/3d178,福彩3D,2026015,2026-01-15,532,060,,https://www.3d178.cn/kaijiang/2026/2026015.shtml,3D之家页面所列试机号；与彩宝网口径可能不同，原样独立保留。,否,200,是,
彩宝网/8200,福彩3D,2026015,2026-01-15,532,276,290,https://www.8200.cn/kjh/3d/2026015.htm,福彩3D页面口径：同时列出开机号与试机号。,否,200,是,
彩宝网/8200,排列三,2026016,2026-01-16,215,829,,https://www.8200.cn/kjh/p3/2026016.htm,排列三页面所列三位试机号；排列三与排列五共用同一期体彩摇奖流程。,否,200,是,
一定牛/ydniu,排列五,2026016,2026-01-16,21591,88383,,https://m.ydniu.com/kaijiang/pl5/sjh/2026016.html,页面明确标注为排列五五位模拟试机号，属于互联网模拟数据，不是官方试机号。,是,200,是,
3D之家/3d178,福彩3D,2026016,2026-01-16,582,275,,https://www.3d178.cn/kaijiang/2026/2026016.shtml,3D之家页面所列试机号；与彩宝网口径可能不同，原样独立保留。,否,200,是,
彩宝网/8200,福彩3D,2026016,2026-01-16,582,483,726,https://www.8200.cn/kjh/3d/2026016.htm,福彩3D页面口径：同时列出开机号与试机号。,否,200,是,
彩宝网/8200,排列三,2026017,2026-01-17,112,188,,https://www.8200.cn/kjh/p3/2026017.htm,排列三页面所列三位试机号；排列三与排列五共用同一期体彩摇奖流程。,否,200,是,
一定牛/ydniu,排列五,2026017,2026-01-17,11288,17368,,https://m.ydniu.com/kaijiang/pl5/sjh/2026017.html,页面明确标注为排列五五位模拟试机号，属于互联网模拟数据，不是官方试机号。,是,200,是,
3D之家/3d178,福彩3D,2026017,2026-01-17,945,905,,https://www.3d178.cn/kaijiang/2026/2026017.shtml,3D之家页面所列试机号；与彩宝网口径可能不同，原样独立保留。,否,200,是,
彩宝网/8200,福彩3D,2026017,2026-01-17,945,572,918,https://www.8200.cn/kjh/3d/2026017.htm,福彩3D页面口径：同时列出开机号与试机号。,否,200,是,
彩宝网/8200,排列三,2026018,2026-01-18,896,336,,https://www.8200.cn/kjh/p3/2026018.htm,排列三页面所列三位试机号；排列三与排列五共用同一期体彩摇奖流程。,否,200,是,
一定牛/ydniu,排列五,2026018,2026-01-18,89632,27547,,https://m.ydniu.com/kaijiang/pl5/sjh/2026018.html,页面明确标注为排列五五位模拟试机号，属于互联网模拟数据，不是官方试机号。,是,200,是,
3D之家/3d178,福彩3D,2026018,2026-01-18,494,375,,https://www.3d178.cn/kaijiang/2026/2026018.shtml,3D之家页面所列试机号；与彩宝网口径可能不同，原样独立保留。,否,200,是,
彩宝网/8200,福彩3D,2026018,2026-01-18,494,163,104,https://www.8200.cn/kjh/3d/2026018.htm,福彩3D页面口径：同时列出开机号与试机号。,否,200,是,
彩宝网/8200,排列三,2026019,2026-01-19,848,413,,https://www.8200.cn/kjh/p3/2026019.htm,排列三页面所列三位试机号；排列三与排列五共用同一期体彩摇奖流程。,否,200,是,
一定牛/ydniu,排列五,2026019,2026-01-19,84897,48923,,https://m.ydniu.com/kaijiang/pl5/sjh/2026019.html,页面明确标注为排列五五位模拟试机号，属于互联网模拟数据，不是官方试机号。,是,200,是,
3D之家/3d178,福彩3D,2026019,2026-01-19,223,956,,https://www.3d178.cn/kaijiang/2026/2026019.shtml,3D之家页面所列试机号；与彩宝网口径可能不同，原样独立保留。,否,200,是,
彩宝网/8200,福彩3D,2026019,2026-01-19,223,802,834,https://www.8200.cn/kjh/3d/2026019.htm,福彩3D页面口径：同时列出开机号与试机号。,否,200,是,
彩宝网/8200,排列三,2026020,2026-01-20,095,675,,https://www.8200.cn/kjh/p3/2026020.htm,排列三页面所列三位试机号；排列三与排列五共用同一期体彩摇奖流程。,否,200,是,
一定牛/ydniu,排列五,2026020,2026-01-20,09584,10233,,https://m.ydniu.com/kaijiang/pl5/sjh/2026020.html,页面明确标注为排列五五位模拟试机号，属于互联网模拟数据，不是官方试机号。,是,200,是,
3D之家/3d178,福彩3D,2026020,2026-01-20,676,184,,https://www.3d178.cn/kaijiang/2026/2026020.shtml,3D之家页面所列试机号；与彩宝网口径可能不同，原样独立保留。,否,200,是,
彩宝网/8200,福彩3D,2026020,2026-01-20,676,979,961,https://www.8200.cn/kjh/3d/2026020.htm,福彩3D页面口径：同时列出开机号与试机号。,否,200,是,
彩宝网/8200,排列三,2026021,2026-01-21,263,502,,https://www.8200.cn/kjh/p3/2026021.htm,排列三页面所列三位试机号；排列三与排列五共用同一期体彩摇奖流程。,否,200,是,
一定牛/ydniu,排列五,2026021,2026-01-21,26302,31349,,https://m.ydniu.com/kaijiang/pl5/sjh/2026021.html,页面明确标注为排列五五位模拟试机号，属于互联网模拟数据，不是官方试机号。,是,200,是,
3D之家/3d178,福彩3D,2026021,2026-01-21,559,288,,https://www.3d178.cn/kaijiang/2026/2026021.shtml,3D之家页面所列试机号；与彩宝网口径可能不同，原样独立保留。,否,200,是,
彩宝网/8200,福彩3D,2026021,2026-01-21,559,364,583,https://www.8200.cn/kjh/3d/2026021.htm,福彩3D页面口径：同时列出开机号与试机号。,否,200,是,
彩宝网/8200,排列三,2026022,2026-01-22,255,560,,https://www.8200.cn/kjh/p3/2026022.htm,排列三页面所列三位试机号；排列三与排列五共用同一期体彩摇奖流程。,否,200,是,
一定牛/ydniu,排列五,2026022,2026-01-22,25502,32201,,https://m.ydniu.com/kaijiang/pl5/sjh/2026022.html,页面明确标注为排列五五位模拟试机号，属于互联网模拟数据，不是官方试机号。,是,200,是,
3D之家/3d178,福彩3D,2026022,2026-01-22,678,526,,https://www.3d178.cn/kaijiang/2026/2026022.shtml,3D之家页面所列试机号；与彩宝网口径可能不同，原样独立保留。,否,200,是,
彩宝网/8200,福彩3D,2026022,2026-01-22,678,657,263,https://www.8200.cn/kjh/3d/2026022.htm,福彩3D页面口径：同时列出开机号与试机号。,否,200,是,
彩宝网/8200,排列三,2026023,2026-01-23,495,308,,https://www.8200.cn/kjh/p3/2026023.htm,排列三页面所列三位试机号；排列三与排列五共用同一期体彩摇奖流程。,否,200,是,
一定牛/ydniu,排列五,2026023,2026-01-23,49527,72223,,https://m.ydniu.com/kaijiang/pl5/sjh/2026023.html,页面明确标注为排列五五位模拟试机号，属于互联网模拟数据，不是官方试机号。,是,200,是,
3D之家/3d178,福彩3D,2026023,2026-01-23,784,781,,https://www.3d178.cn/kaijiang/2026/2026023.shtml,3D之家页面所列试机号；与彩宝网口径可能不同，原样独立保留。,否,200,是,
彩宝网/8200,福彩3D,2026023,2026-01-23,784,192,687,https://www.8200.cn/kjh/3d/2026023.htm,福彩3D页面口径：同时列出开机号与试机号。,否,200,是,
彩宝网/8200,排列三,2026024,2026-01-24,268,580,,https://www.8200.cn/kjh/p3/2026024.htm,排列三页面所列三位试机号；排列三与排列五共用同一期体彩摇奖流程。,否,200,是,
一定牛/ydniu,排列五,2026024,2026-01-24,26832,04339,,https://m.ydniu.com/kaijiang/pl5/sjh/2026024.html,页面明确标注为排列五五位模拟试机号，属于互联网模拟数据，不是官方试机号。,是,200,是,
3D之家/3d178,福彩3D,2026024,2026-01-24,911,093,,https://www.3d178.cn/kaijiang/2026/2026024.shtml,3D之家页面所列试机号；与彩宝网口径可能不同，原样独立保留。,否,200,是,
彩宝网/8200,福彩3D,2026024,2026-01-24,911,368,385,https://www.8200.cn/kjh/3d/2026024.htm,福彩3D页面口径：同时列出开机号与试机号。,否,200,是,
彩宝网/8200,排列三,2026025,2026-01-25,181,997,,https://www.8200.cn/kjh/p3/2026025.htm,排列三页面所列三位试机号；排列三与排列五共用同一期体彩摇奖流程。,否,200,是,
一定牛/ydniu,排列五,2026025,2026-01-25,18111,94365,,https://m.ydniu.com/kaijiang/pl5/sjh/2026025.html,页面明确标注为排列五五位模拟试机号，属于互联网模拟数据，不是官方试机号。,是,200,是,
3D之家/3d178,福彩3D,2026025,2026-01-25,029,064,,https://www.3d178.cn/kaijiang/2026/2026025.shtml,3D之家页面所列试机号；与彩宝网口径可能不同，原样独立保留。,否,200,是,
彩宝网/8200,福彩3D,2026025,2026-01-25,029,274,402,https://www.8200.cn/kjh/3d/2026025.htm,福彩3D页面口径：同时列出开机号与试机号。,否,200,是,
彩宝网/8200,排列三,2026026,2026-01-26,291,623,,https://www.8200.cn/kjh/p3/2026026.htm,排列三页面所列三位试机号；排列三与排列五共用同一期体彩摇奖流程。,否,200,是,
一定牛/ydniu,排列五,2026026,2026-01-26,29144,28279,,https://m.ydniu.com/kaijiang/pl5/sjh/2026026.html,页面明确标注为排列五五位模拟试机号，属于互联网模拟数据，不是官方试机号。,是,200,是,
3D之家/3d178,福彩3D,2026026,2026-01-26,099,323,,https://www.3d178.cn/kaijiang/2026/2026026.shtml,3D之家页面所列试机号；与彩宝网口径可能不同，原样独立保留。,否,200,是,
彩宝网/8200,福彩3D,2026026,2026-01-26,099,519,104,https://www.8200.cn/kjh/3d/2026026.htm,福彩3D页面口径：同时列出开机号与试机号。,否,200,是,
彩宝网/8200,排列三,2026027,2026-01-27,084,529,,https://www.8200.cn/kjh/p3/2026027.htm,排列三页面所列三位试机号；排列三与排列五共用同一期体彩摇奖流程。,否,200,是,
一定牛/ydniu,排列五,2026027,2026-01-27,08407,90513,,https://m.ydniu.com/kaijiang/pl5/sjh/2026027.html,页面明确标注为排列五五位模拟试机号，属于互联网模拟数据，不是官方试机号。,是,200,是,
3D之家/3d178,福彩3D,2026027,2026-01-27,126,861,,https://www.3d178.cn/kaijiang/2026/2026027.shtml,3D之家页面所列试机号；与彩宝网口径可能不同，原样独立保留。,否,200,是,
彩宝网/8200,福彩3D,2026027,2026-01-27,126,262,095,https://www.8200.cn/kjh/3d/2026027.htm,福彩3D页面口径：同时列出开机号与试机号。,否,200,是,
彩宝网/8200,排列三,2026028,2026-01-28,499,531,,https://www.8200.cn/kjh/p3/2026028.htm,排列三页面所列三位试机号；排列三与排列五共用同一期体彩摇奖流程。,否,200,是,
一定牛/ydniu,排列五,2026028,2026-01-28,49995,30551,,https://m.ydniu.com/kaijiang/pl5/sjh/2026028.html,页面明确标注为排列五五位模拟试机号，属于互联网模拟数据，不是官方试机号。,是,200,是,
3D之家/3d178,福彩3D,2026028,2026-01-28,270,084,,https://www.3d178.cn/kaijiang/2026/2026028.shtml,3D之家页面所列试机号；与彩宝网口径可能不同，原样独立保留。,否,200,是,
彩宝网/8200,福彩3D,2026028,2026-01-28,270,393,782,https://www.8200.cn/kjh/3d/2026028.htm,福彩3D页面口径：同时列出开机号与试机号。,否,200,是,
彩宝网/8200,排列三,2026029,2026-01-29,613,612,,https://www.8200.cn/kjh/p3/2026029.htm,排列三页面所列三位试机号；排列三与排列五共用同一期体彩摇奖流程。,否,200,是,
一定牛/ydniu,排列五,2026029,2026-01-29,61378,94803,,https://m.ydniu.com/kaijiang/pl5/sjh/2026029.html,页面明确标注为排列五五位模拟试机号，属于互联网模拟数据，不是官方试机号。,是,200,是,
3D之家/3d178,福彩3D,2026029,2026-01-29,003,156,,https://www.3d178.cn/kaijiang/2026/2026029.shtml,3D之家页面所列试机号；与彩宝网口径可能不同，原样独立保留。,否,200,是,
彩宝网/8200,福彩3D,2026029,2026-01-29,003,408,738,https://www.8200.cn/kjh/3d/2026029.htm,福彩3D页面口径：同时列出开机号与试机号。,否,200,是,
彩宝网/8200,排列三,2026030,2026-01-30,811,730,,https://www.8200.cn/kjh/p3/2026030.htm,排列三页面所列三位试机号；排列三与排列五共用同一期体彩摇奖流程。,否,200,是,
一定牛/ydniu,排列五,2026030,2026-01-30,81152,18684,,https://m.ydniu.com/kaijiang/pl5/sjh/2026030.html,页面明确标注为排列五五位模拟试机号，属于互联网模拟数据，不是官方试机号。,是,200,是,
3D之家/3d178,福彩3D,2026030,2026-01-30,134,271,,https://www.3d178.cn/kaijiang/2026/2026030.shtml,3D之家页面所列试机号；与彩宝网口径可能不同，原样独立保留。,否,200,是,
彩宝网/8200,福彩3D,2026030,2026-01-30,134,673,934,https://www.8200.cn/kjh/3d/2026030.htm,福彩3D页面口径：同时列出开机号与试机号。,否,200,是,
彩宝网/8200,排列三,2026031,2026-01-31,786,923,,https://www.8200.cn/kjh/p3/2026031.htm,排列三页面所列三位试机号；排列三与排列五共用同一期体彩摇奖流程。,否,200,是,
一定牛/ydniu,排列五,2026031,2026-01-31,78696,36682,,https://m.ydniu.com/kaijiang/pl5/sjh/2026031.html,页面明确标注为排列五五位模拟试机号，属于互联网模拟数据，不是官方试机号。,是,200,是,
3D之家/3d178,福彩3D,2026031,2026-01-31,142,740,,https://www.3d178.cn/kaijiang/2026/2026031.shtml,3D之家页面所列试机号；与彩宝网口径可能不同，原样独立保留。,否,200,是,
彩宝网/8200,福彩3D,2026031,2026-01-31,142,945,351,https://www.8200.cn/kjh/3d/2026031.htm,福彩3D页面口径：同时列出开机号与试机号。,否,200,是,
彩宝网/8200,排列三,2026032,2026-02-01,730,794,,https://www.8200.cn/kjh/p3/2026032.htm,排列三页面所列三位试机号；排列三与排列五共用同一期体彩摇奖流程。,否,200,是,
一定牛/ydniu,排列五,2026032,2026-02-01,73078,85116,,https://m.ydniu.com/kaijiang/pl5/sjh/2026032.html,页面明确标注为排列五五位模拟试机号，属于互联网模拟数据，不是官方试机号。,是,200,是,
3D之家/3d178,福彩3D,2026032,2026-02-01,452,891,,https://www.3d178.cn/kaijiang/2026/2026032.shtml,3D之家页面所列试机号；与彩宝网口径可能不同，原样独立保留。,否,200,是,
彩宝网/8200,福彩3D,2026032,2026-02-01,452,114,475,https://www.8200.cn/kjh/3d/2026032.htm,福彩3D页面口径：同时列出开机号与试机号。,否,200,是,
彩宝网/8200,排列三,2026033,2026-02-02,141,407,,https://www.8200.cn/kjh/p3/2026033.htm,排列三页面所列三位试机号；排列三与排列五共用同一期体彩摇奖流程。,否,200,是,
一定牛/ydniu,排列五,2026033,2026-02-02,14132,23771,,https://m.ydniu.com/kaijiang/pl5/sjh/2026033.html,页面明确标注为排列五五位模拟试机号，属于互联网模拟数据，不是官方试机号。,是,200,是,
3D之家/3d178,福彩3D,2026033,2026-02-02,119,597,,https://www.3d178.cn/kaijiang/2026/2026033.shtml,3D之家页面所列试机号；与彩宝网口径可能不同，原样独立保留。,否,200,是,
彩宝网/8200,福彩3D,2026033,2026-02-02,119,992,273,https://www.8200.cn/kjh/3d/2026033.htm,福彩3D页面口径：同时列出开机号与试机号。,否,200,是,
彩宝网/8200,排列三,2026034,2026-02-03,216,597,,https://www.8200.cn/kjh/p3/2026034.htm,排列三页面所列三位试机号；排列三与排列五共用同一期体彩摇奖流程。,否,200,是,
一定牛/ydniu,排列五,2026034,2026-02-03,21699,70512,,https://m.ydniu.com/kaijiang/pl5/sjh/2026034.html,页面明确标注为排列五五位模拟试机号，属于互联网模拟数据，不是官方试机号。,是,200,是,
3D之家/3d178,福彩3D,2026034,2026-02-03,052,557,,https://www.3d178.cn/kaijiang/2026/2026034.shtml,3D之家页面所列试机号；与彩宝网口径可能不同，原样独立保留。,否,200,是,
彩宝网/8200,福彩3D,2026034,2026-02-03,052,687,642,https://www.8200.cn/kjh/3d/2026034.htm,福彩3D页面口径：同时列出开机号与试机号。,否,200,是,
彩宝网/8200,排列三,2026035,2026-02-04,717,331,,https://www.8200.cn/kjh/p3/2026035.htm,排列三页面所列三位试机号；排列三与排列五共用同一期体彩摇奖流程。,否,200,是,
一定牛/ydniu,排列五,2026035,2026-02-04,71704,87290,,https://m.ydniu.com/kaijiang/pl5/sjh/2026035.html,页面明确标注为排列五五位模拟试机号，属于互联网模拟数据，不是官方试机号。,是,200,是,
3D之家/3d178,福彩3D,2026035,2026-02-04,213,980,,https://www.3d178.cn/kaijiang/2026/2026035.shtml,3D之家页面所列试机号；与彩宝网口径可能不同，原样独立保留。,否,200,是,
彩宝网/8200,福彩3D,2026035,2026-02-04,213,930,705,https://www.8200.cn/kjh/3d/2026035.htm,福彩3D页面口径：同时列出开机号与试机号。,否,200,是,
彩宝网/8200,排列三,2026036,2026-02-05,788,510,,https://www.8200.cn/kjh/p3/2026036.htm,排列三页面所列三位试机号；排列三与排列五共用同一期体彩摇奖流程。,否,200,是,
一定牛/ydniu,排列五,2026036,2026-02-05,78824,70998,,https://m.ydniu.com/kaijiang/pl5/sjh/2026036.html,页面明确标注为排列五五位模拟试机号，属于互联网模拟数据，不是官方试机号。,是,200,是,
3D之家/3d178,福彩3D,2026036,2026-02-05,762,015,,https://www.3d178.cn/kaijiang/2026/2026036.shtml,3D之家页面所列试机号；与彩宝网口径可能不同，原样独立保留。,否,200,是,
彩宝网/8200,福彩3D,2026036,2026-02-05,762,851,015,https://www.8200.cn/kjh/3d/2026036.htm,福彩3D页面口径：同时列出开机号与试机号。,否,200,是,
彩宝网/8200,排列三,2026037,2026-02-06,724,906,,https://www.8200.cn/kjh/p3/2026037.htm,排列三页面所列三位试机号；排列三与排列五共用同一期体彩摇奖流程。,否,200,是,
一定牛/ydniu,排列五,2026037,2026-02-06,72452,74790,,https://m.ydniu.com/kaijiang/pl5/sjh/2026037.html,页面明确标注为排列五五位模拟试机号，属于互联网模拟数据，不是官方试机号。,是,200,是,
3D之家/3d178,福彩3D,2026037,2026-02-06,420,695,,https://www.3d178.cn/kaijiang/2026/2026037.shtml,3D之家页面所列试机号；与彩宝网口径可能不同，原样独立保留。,否,200,是,
彩宝网/8200,福彩3D,2026037,2026-02-06,420,624,251,https://www.8200.cn/kjh/3d/2026037.htm,福彩3D页面口径：同时列出开机号与试机号。,否,200,是,
彩宝网/8200,排列三,2026038,2026-02-07,789,794,,https://www.8200.cn/kjh/p3/2026038.htm,排列三页面所列三位试机号；排列三与排列五共用同一期体彩摇奖流程。,否,200,是,
一定牛/ydniu,排列五,2026038,2026-02-07,78987,64754,,https://m.ydniu.com/kaijiang/pl5/sjh/2026038.html,页面明确标注为排列五五位模拟试机号，属于互联网模拟数据，不是官方试机号。,是,200,是,
3D之家/3d178,福彩3D,2026038,2026-02-07,467,981,,https://www.3d178.cn/kaijiang/2026/2026038.shtml,3D之家页面所列试机号；与彩宝网口径可能不同，原样独立保留。,否,200,是,
彩宝网/8200,福彩3D,2026038,2026-02-07,467,531,950,https://www.8200.cn/kjh/3d/2026038.htm,福彩3D页面口径：同时列出开机号与试机号。,否,200,是,
彩宝网/8200,排列三,2026039,2026-02-08,852,286,,https://www.8200.cn/kjh/p3/2026039.htm,排列三页面所列三位试机号；排列三与排列五共用同一期体彩摇奖流程。,否,200,是,
一定牛/ydniu,排列五,2026039,2026-02-08,85288,77793,,https://m.ydniu.com/kaijiang/pl5/sjh/2026039.html,页面明确标注为排列五五位模拟试机号，属于互联网模拟数据，不是官方试机号。,是,200,是,
3D之家/3d178,福彩3D,2026039,2026-02-08,450,567,,https://www.3d178.cn/kaijiang/2026/2026039.shtml,3D之家页面所列试机号；与彩宝网口径可能不同，原样独立保留。,否,200,是,
彩宝网/8200,福彩3D,2026039,2026-02-08,450,337,170,https://www.8200.cn/kjh/3d/2026039.htm,福彩3D页面口径：同时列出开机号与试机号。,否,200,是,
彩宝网/8200,排列三,2026040,2026-02-09,009,576,,https://www.8200.cn/kjh/p3/2026040.htm,排列三页面所列三位试机号；排列三与排列五共用同一期体彩摇奖流程。,否,200,是,
一定牛/ydniu,排列五,2026040,2026-02-09,00979,27502,,https://m.ydniu.com/kaijiang/pl5/sjh/2026040.html,页面明确标注为排列五五位模拟试机号，属于互联网模拟数据，不是官方试机号。,是,200,是,
3D之家/3d178,福彩3D,2026040,2026-02-09,425,600,,https://www.3d178.cn/kaijiang/2026/2026040.shtml,3D之家页面所列试机号；与彩宝网口径可能不同，原样独立保留。,否,200,是,
彩宝网/8200,福彩3D,2026040,2026-02-09,425,469,930,https://www.8200.cn/kjh/3d/2026040.htm,福彩3D页面口径：同时列出开机号与试机号。,否,200,是,
彩宝网/8200,排列三,2026041,2026-02-10,639,937,,https://www.8200.cn/kjh/p3/2026041.htm,排列三页面所列三位试机号；排列三与排列五共用同一期体彩摇奖流程。,否,200,是,
一定牛/ydniu,排列五,2026041,2026-02-10,63965,32146,,https://m.ydniu.com/kaijiang/pl5/sjh/2026041.html,页面明确标注为排列五五位模拟试机号，属于互联网模拟数据，不是官方试机号。,是,200,是,
3D之家/3d178,福彩3D,2026041,2026-02-10,901,542,,https://www.3d178.cn/kaijiang/2026/2026041.shtml,3D之家页面所列试机号；与彩宝网口径可能不同，原样独立保留。,否,200,是,
彩宝网/8200,福彩3D,2026041,2026-02-10,901,138,706,https://www.8200.cn/kjh/3d/2026041.htm,福彩3D页面口径：同时列出开机号与试机号。,否,200,是,
彩宝网/8200,排列三,2026042,2026-02-11,795,387,,https://www.8200.cn/kjh/p3/2026042.htm,排列三页面所列三位试机号；排列三与排列五共用同一期体彩摇奖流程。,否,200,是,
一定牛/ydniu,排列五,2026042,2026-02-11,79524,89173,,https://m.ydniu.com/kaijiang/pl5/sjh/2026042.html,页面明确标注为排列五五位模拟试机号，属于互联网模拟数据，不是官方试机号。,是,200,是,
3D之家/3d178,福彩3D,2026042,2026-02-11,854,577,,https://www.3d178.cn/kaijiang/2026/2026042.shtml,3D之家页面所列试机号；与彩宝网口径可能不同，原样独立保留。,否,200,是,
彩宝网/8200,福彩3D,2026042,2026-02-11,854,795,528,https://www.8200.cn/kjh/3d/2026042.htm,福彩3D页面口径：同时列出开机号与试机号。,否,200,是,
彩宝网/8200,排列三,2026043,2026-02-12,179,166,,https://www.8200.cn/kjh/p3/2026043.htm,排列三页面所列三位试机号；排列三与排列五共用同一期体彩摇奖流程。,否,200,是,
一定牛/ydniu,排列五,2026043,2026-02-12,17927,96409,,https://m.ydniu.com/kaijiang/pl5/sjh/2026043.html,页面明确标注为排列五五位模拟试机号，属于互联网模拟数据，不是官方试机号。,是,200,是,
3D之家/3d178,福彩3D,2026043,2026-02-12,765,402,,https://www.3d178.cn/kaijiang/2026/2026043.shtml,3D之家页面所列试机号；与彩宝网口径可能不同，原样独立保留。,否,200,是,
彩宝网/8200,福彩3D,2026043,2026-02-12,765,308,406,https://www.8200.cn/kjh/3d/2026043.htm,福彩3D页面口径：同时列出开机号与试机号。,否,200,是,
彩宝网/8200,排列三,2026044,2026-02-13,051,724,,https://www.8200.cn/kjh/p3/2026044.htm,排列三页面所列三位试机号；排列三与排列五共用同一期体彩摇奖流程。,否,200,是,
一定牛/ydniu,排列五,2026044,2026-02-13,05162,79177,,https://m.ydniu.com/kaijiang/pl5/sjh/2026044.html,页面明确标注为排列五五位模拟试机号，属于互联网模拟数据，不是官方试机号。,是,200,是,
3D之家/3d178,福彩3D,2026044,2026-02-13,589,773,,https://www.3d178.cn/kaijiang/2026/2026044.shtml,3D之家页面所列试机号；与彩宝网口径可能不同，原样独立保留。,否,200,是,
彩宝网/8200,福彩3D,2026044,2026-02-13,589,426,604,https://www.8200.cn/kjh/3d/2026044.htm,福彩3D页面口径：同时列出开机号与试机号。,否,200,是,
彩宝网/8200,排列三,2026045,2026-02-24,144,268,,https://www.8200.cn/kjh/p3/2026045.htm,排列三页面所列三位试机号；排列三与排列五共用同一期体彩摇奖流程。,否,200,是,
一定牛/ydniu,排列五,2026045,2026-02-24,14471,26150,,https://m.ydniu.com/kaijiang/pl5/sjh/2026045.html,页面明确标注为排列五五位模拟试机号，属于互联网模拟数据，不是官方试机号。,是,200,是,
3D之家/3d178,福彩3D,2026045,2026-02-24,181,287,,https://www.3d178.cn/kaijiang/2026/2026045.shtml,3D之家页面所列试机号；与彩宝网口径可能不同，原样独立保留。,否,200,是,
彩宝网/8200,福彩3D,2026045,2026-02-14,181,970,830,https://www.8200.cn/kjh/3d/2026045.htm,福彩3D页面口径：同时列出开机号与试机号。,否,200,是,
彩宝网/8200,排列三,2026046,2026-02-25,703,153,,https://www.8200.cn/kjh/p3/2026046.htm,排列三页面所列三位试机号；排列三与排列五共用同一期体彩摇奖流程。,否,200,是,
一定牛/ydniu,排列五,2026046,2026-02-25,70323,70113,,https://m.ydniu.com/kaijiang/pl5/sjh/2026046.html,页面明确标注为排列五五位模拟试机号，属于互联网模拟数据，不是官方试机号。,是,200,是,
3D之家/3d178,福彩3D,2026046,2026-02-25,291,334,,https://www.3d178.cn/kaijiang/2026/2026046.shtml,3D之家页面所列试机号；与彩宝网口径可能不同，原样独立保留。,否,200,是,
彩宝网/8200,福彩3D,2026046,2026-02-25,291,213,645,https://www.8200.cn/kjh/3d/2026046.htm,福彩3D页面口径：同时列出开机号与试机号。,否,200,是,
彩宝网/8200,排列三,2026047,2026-02-26,330,436,,https://www.8200.cn/kjh/p3/2026047.htm,排列三页面所列三位试机号；排列三与排列五共用同一期体彩摇奖流程。,否,200,是,
一定牛/ydniu,排列五,2026047,2026-02-26,33045,57439,,https://m.ydniu.com/kaijiang/pl5/sjh/2026047.html,页面明确标注为排列五五位模拟试机号，属于互联网模拟数据，不是官方试机号。,是,200,是,
3D之家/3d178,福彩3D,2026047,2026-02-26,936,980,,https://www.3d178.cn/kaijiang/2026/2026047.shtml,3D之家页面所列试机号；与彩宝网口径可能不同，原样独立保留。,否,200,是,
彩宝网/8200,福彩3D,2026047,2026-02-26,936,988,605,https://www.8200.cn/kjh/3d/2026047.htm,福彩3D页面口径：同时列出开机号与试机号。,否,200,是,
彩宝网/8200,排列三,2026048,2026-02-27,097,104,,https://www.8200.cn/kjh/p3/2026048.htm,排列三页面所列三位试机号；排列三与排列五共用同一期体彩摇奖流程。,否,200,是,
一定牛/ydniu,排列五,2026048,2026-02-27,09767,40551,,https://m.ydniu.com/kaijiang/pl5/sjh/2026048.html,页面明确标注为排列五五位模拟试机号，属于互联网模拟数据，不是官方试机号。,是,200,是,
3D之家/3d178,福彩3D,2026048,2026-02-27,612,159,,https://www.3d178.cn/kaijiang/2026/2026048.shtml,3D之家页面所列试机号；与彩宝网口径可能不同，原样独立保留。,否,200,是,
彩宝网/8200,福彩3D,2026048,2026-02-27,612,065,812,https://www.8200.cn/kjh/3d/2026048.htm,福彩3D页面口径：同时列出开机号与试机号。,否,200,是,
彩宝网/8200,排列三,2026049,2026-02-28,592,448,,https://www.8200.cn/kjh/p3/2026049.htm,排列三页面所列三位试机号；排列三与排列五共用同一期体彩摇奖流程。,否,200,是,
一定牛/ydniu,排列五,2026049,2026-02-28,59259,30033,,https://m.ydniu.com/kaijiang/pl5/sjh/2026049.html,页面明确标注为排列五五位模拟试机号，属于互联网模拟数据，不是官方试机号。,是,200,是,
3D之家/3d178,福彩3D,2026049,2026-02-28,110,752,,https://www.3d178.cn/kaijiang/2026/2026049.shtml,3D之家页面所列试机号；与彩宝网口径可能不同，原样独立保留。,否,200,是,
彩宝网/8200,福彩3D,2026049,2026-02-28,110,472,378,https://www.8200.cn/kjh/3d/2026049.htm,福彩3D页面口径：同时列出开机号与试机号。,否,200,是,
彩宝网/8200,排列三,2026050,2026-03-01,435,608,,https://www.8200.cn/kjh/p3/2026050.htm,排列三页面所列三位试机号；排列三与排列五共用同一期体彩摇奖流程。,否,200,是,
一定牛/ydniu,排列五,2026050,2026-03-01,43547,77412,,https://m.ydniu.com/kaijiang/pl5/sjh/2026050.html,页面明确标注为排列五五位模拟试机号，属于互联网模拟数据，不是官方试机号。,是,200,是,
3D之家/3d178,福彩3D,2026050,2026-03-01,689,168,,https://www.3d178.cn/kaijiang/2026/2026050.shtml,3D之家页面所列试机号；与彩宝网口径可能不同，原样独立保留。,否,200,是,
彩宝网/8200,福彩3D,2026050,2026-03-01,689,318,098,https://www.8200.cn/kjh/3d/2026050.htm,福彩3D页面口径：同时列出开机号与试机号。,否,200,是,
彩宝网/8200,排列三,2026051,2026-03-02,045,518,,https://www.8200.cn/kjh/p3/2026051.htm,排列三页面所列三位试机号；排列三与排列五共用同一期体彩摇奖流程。,否,200,是,
一定牛/ydniu,排列五,2026051,2026-03-02,04537,81155,,https://m.ydniu.com/kaijiang/pl5/sjh/2026051.html,页面明确标注为排列五五位模拟试机号，属于互联网模拟数据，不是官方试机号。,是,200,是,
3D之家/3d178,福彩3D,2026051,2026-03-02,302,975,,https://www.3d178.cn/kaijiang/2026/2026051.shtml,3D之家页面所列试机号；与彩宝网口径可能不同，原样独立保留。,否,200,是,
彩宝网/8200,福彩3D,2026051,2026-03-02,302,756,528,https://www.8200.cn/kjh/3d/2026051.htm,福彩3D页面口径：同时列出开机号与试机号。,否,200,是,
彩宝网/8200,排列三,2026052,2026-03-03,649,173,,https://www.8200.cn/kjh/p3/2026052.htm,排列三页面所列三位试机号；排列三与排列五共用同一期体彩摇奖流程。,否,200,是,
一定牛/ydniu,排列五,2026052,2026-03-03,64915,51649,,https://m.ydniu.com/kaijiang/pl5/sjh/2026052.html,页面明确标注为排列五五位模拟试机号，属于互联网模拟数据，不是官方试机号。,是,200,是,
3D之家/3d178,福彩3D,2026052,2026-03-03,277,046,,https://www.3d178.cn/kaijiang/2026/2026052.shtml,3D之家页面所列试机号；与彩宝网口径可能不同，原样独立保留。,否,200,是,
彩宝网/8200,福彩3D,2026052,2026-03-03,277,927,073,https://www.8200.cn/kjh/3d/2026052.htm,福彩3D页面口径：同时列出开机号与试机号。,否,200,是,
彩宝网/8200,排列三,2026053,2026-03-04,744,730,,https://www.8200.cn/kjh/p3/2026053.htm,排列三页面所列三位试机号；排列三与排列五共用同一期体彩摇奖流程。,否,200,是,
一定牛/ydniu,排列五,2026053,2026-03-04,74492,20162,,https://m.ydniu.com/kaijiang/pl5/sjh/2026053.html,页面明确标注为排列五五位模拟试机号，属于互联网模拟数据，不是官方试机号。,是,200,是,
3D之家/3d178,福彩3D,2026053,2026-03-04,755,137,,https://www.3d178.cn/kaijiang/2026/2026053.shtml,3D之家页面所列试机号；与彩宝网口径可能不同，原样独立保留。,否,200,是,
彩宝网/8200,福彩3D,2026053,2026-03-04,755,116,578,https://www.8200.cn/kjh/3d/2026053.htm,福彩3D页面口径：同时列出开机号与试机号。,否,200,是,
彩宝网/8200,排列三,2026054,2026-03-05,655,133,,https://www.8200.cn/kjh/p3/2026054.htm,排列三页面所列三位试机号；排列三与排列五共用同一期体彩摇奖流程。,否,200,是,
一定牛/ydniu,排列五,2026054,2026-03-05,65564,98152,,https://m.ydniu.com/kaijiang/pl5/sjh/2026054.html,页面明确标注为排列五五位模拟试机号，属于互联网模拟数据，不是官方试机号。,是,200,是,
3D之家/3d178,福彩3D,2026054,2026-03-05,217,895,,https://www.3d178.cn/kaijiang/2026/2026054.shtml,3D之家页面所列试机号；与彩宝网口径可能不同，原样独立保留。,否,200,是,
彩宝网/8200,福彩3D,2026054,2026-03-05,217,875,163,https://www.8200.cn/kjh/3d/2026054.htm,福彩3D页面口径：同时列出开机号与试机号。,否,200,是,
彩宝网/8200,排列三,2026055,2026-03-06,537,829,,https://www.8200.cn/kjh/p3/2026055.htm,排列三页面所列三位试机号；排列三与排列五共用同一期体彩摇奖流程。,否,200,是,
一定牛/ydniu,排列五,2026055,2026-03-06,53752,26786,,https://m.ydniu.com/kaijiang/pl5/sjh/2026055.html,页面明确标注为排列五五位模拟试机号，属于互联网模拟数据，不是官方试机号。,是,200,是,
3D之家/3d178,福彩3D,2026055,2026-03-06,107,278,,https://www.3d178.cn/kaijiang/2026/2026055.shtml,3D之家页面所列试机号；与彩宝网口径可能不同，原样独立保留。,否,200,是,
彩宝网/8200,福彩3D,2026055,2026-03-06,107,912,820,https://www.8200.cn/kjh/3d/2026055.htm,福彩3D页面口径：同时列出开机号与试机号。,否,200,是,
彩宝网/8200,排列三,2026056,2026-03-07,119,324,,https://www.8200.cn/kjh/p3/2026056.htm,排列三页面所列三位试机号；排列三与排列五共用同一期体彩摇奖流程。,否,200,是,
一定牛/ydniu,排列五,2026056,2026-03-07,11921,97131,,https://m.ydniu.com/kaijiang/pl5/sjh/2026056.html,页面明确标注为排列五五位模拟试机号，属于互联网模拟数据，不是官方试机号。,是,200,是,
3D之家/3d178,福彩3D,2026056,2026-03-07,477,328,,https://www.3d178.cn/kaijiang/2026/2026056.shtml,3D之家页面所列试机号；与彩宝网口径可能不同，原样独立保留。,否,200,是,
彩宝网/8200,福彩3D,2026056,2026-03-07,477,403,781,https://www.8200.cn/kjh/3d/2026056.htm,福彩3D页面口径：同时列出开机号与试机号。,否,200,是,
彩宝网/8200,排列三,2026057,2026-03-08,479,139,,https://www.8200.cn/kjh/p3/2026057.htm,排列三页面所列三位试机号；排列三与排列五共用同一期体彩摇奖流程。,否,200,是,
一定牛/ydniu,排列五,2026057,2026-03-08,47931,76311,,https://m.ydniu.com/kaijiang/pl5/sjh/2026057.html,页面明确标注为排列五五位模拟试机号，属于互联网模拟数据，不是官方试机号。,是,200,是,
3D之家/3d178,福彩3D,2026057,2026-03-08,264,766,,https://www.3d178.cn/kaijiang/2026/2026057.shtml,3D之家页面所列试机号；与彩宝网口径可能不同，原样独立保留。,否,200,是,
彩宝网/8200,福彩3D,2026057,2026-03-08,264,574,182,https://www.8200.cn/kjh/3d/2026057.htm,福彩3D页面口径：同时列出开机号与试机号。,否,200,是,
彩宝网/8200,排列三,2026058,2026-03-09,590,621,,https://www.8200.cn/kjh/p3/2026058.htm,排列三页面所列三位试机号；排列三与排列五共用同一期体彩摇奖流程。,否,200,是,
一定牛/ydniu,排列五,2026058,2026-03-09,59064,10653,,https://m.ydniu.com/kaijiang/pl5/sjh/2026058.html,页面明确标注为排列五五位模拟试机号，属于互联网模拟数据，不是官方试机号。,是,200,是,
3D之家/3d178,福彩3D,2026058,2026-03-09,543,923,,https://www.3d178.cn/kaijiang/2026/2026058.shtml,3D之家页面所列试机号；与彩宝网口径可能不同，原样独立保留。,否,200,是,
彩宝网/8200,福彩3D,2026058,2026-03-09,543,961,614,https://www.8200.cn/kjh/3d/2026058.htm,福彩3D页面口径：同时列出开机号与试机号。,否,200,是,
彩宝网/8200,排列三,2026059,2026-03-10,209,960,,https://www.8200.cn/kjh/p3/2026059.htm,排列三页面所列三位试机号；排列三与排列五共用同一期体彩摇奖流程。,否,200,是,
一定牛/ydniu,排列五,2026059,2026-03-10,20996,19018,,https://m.ydniu.com/kaijiang/pl5/sjh/2026059.html,页面明确标注为排列五五位模拟试机号，属于互联网模拟数据，不是官方试机号。,是,200,是,
3D之家/3d178,福彩3D,2026059,2026-03-10,794,795,,https://www.3d178.cn/kaijiang/2026/2026059.shtml,3D之家页面所列试机号；与彩宝网口径可能不同，原样独立保留。,否,200,是,
彩宝网/8200,福彩3D,2026059,2026-03-10,794,702,897,https://www.8200.cn/kjh/3d/2026059.htm,福彩3D页面口径：同时列出开机号与试机号。,否,200,是,
彩宝网/8200,排列三,2026060,2026-03-11,118,878,,https://www.8200.cn/kjh/p3/2026060.htm,排列三页面所列三位试机号；排列三与排列五共用同一期体彩摇奖流程。,否,200,是,
一定牛/ydniu,排列五,2026060,2026-03-11,11800,77925,,https://m.ydniu.com/kaijiang/pl5/sjh/2026060.html,页面明确标注为排列五五位模拟试机号，属于互联网模拟数据，不是官方试机号。,是,200,是,
3D之家/3d178,福彩3D,2026060,2026-03-11,943,849,,https://www.3d178.cn/kaijiang/2026/2026060.shtml,3D之家页面所列试机号；与彩宝网口径可能不同，原样独立保留。,否,200,是,
彩宝网/8200,福彩3D,2026060,2026-03-11,943,434,310,https://www.8200.cn/kjh/3d/2026060.htm,福彩3D页面口径：同时列出开机号与试机号。,否,200,是,
彩宝网/8200,排列三,2026061,2026-03-12,347,524,,https://www.8200.cn/kjh/p3/2026061.htm,排列三页面所列三位试机号；排列三与排列五共用同一期体彩摇奖流程。,否,200,是,
一定牛/ydniu,排列五,2026061,2026-03-12,34749,50107,,https://m.ydniu.com/kaijiang/pl5/sjh/2026061.html,页面明确标注为排列五五位模拟试机号，属于互联网模拟数据，不是官方试机号。,是,200,是,
3D之家/3d178,福彩3D,2026061,2026-03-12,429,781,,https://www.3d178.cn/kaijiang/2026/2026061.shtml,3D之家页面所列试机号；与彩宝网口径可能不同，原样独立保留。,否,200,是,
彩宝网/8200,福彩3D,2026061,2026-03-12,429,879,314,https://www.8200.cn/kjh/3d/2026061.htm,福彩3D页面口径：同时列出开机号与试机号。,否,200,是,
彩宝网/8200,排列三,2026062,2026-03-13,315,570,,https://www.8200.cn/kjh/p3/2026062.htm,排列三页面所列三位试机号；排列三与排列五共用同一期体彩摇奖流程。,否,200,是,
一定牛/ydniu,排列五,2026062,2026-03-13,31542,18693,,https://m.ydniu.com/kaijiang/pl5/sjh/2026062.html,页面明确标注为排列五五位模拟试机号，属于互联网模拟数据，不是官方试机号。,是,200,是,
3D之家/3d178,福彩3D,2026062,2026-03-13,294,631,,https://www.3d178.cn/kaijiang/2026/2026062.shtml,3D之家页面所列试机号；与彩宝网口径可能不同，原样独立保留。,否,200,是,
彩宝网/8200,福彩3D,2026062,2026-03-13,294,388,750,https://www.8200.cn/kjh/3d/2026062.htm,福彩3D页面口径：同时列出开机号与试机号。,否,200,是,
彩宝网/8200,排列三,2026063,2026-03-14,723,806,,https://www.8200.cn/kjh/p3/2026063.htm,排列三页面所列三位试机号；排列三与排列五共用同一期体彩摇奖流程。,否,200,是,
一定牛/ydniu,排列五,2026063,2026-03-14,72384,29923,,https://m.ydniu.com/kaijiang/pl5/sjh/2026063.html,页面明确标注为排列五五位模拟试机号，属于互联网模拟数据，不是官方试机号。,是,200,是,
3D之家/3d178,福彩3D,2026063,2026-03-14,517,764,,https://www.3d178.cn/kaijiang/2026/2026063.shtml,3D之家页面所列试机号；与彩宝网口径可能不同，原样独立保留。,否,200,是,
彩宝网/8200,福彩3D,2026063,2026-03-14,517,561,809,https://www.8200.cn/kjh/3d/2026063.htm,福彩3D页面口径：同时列出开机号与试机号。,否,200,是,
彩宝网/8200,排列三,2026064,2026-03-15,528,663,,https://www.8200.cn/kjh/p3/2026064.htm,排列三页面所列三位试机号；排列三与排列五共用同一期体彩摇奖流程。,否,200,是,
一定牛/ydniu,排列五,2026064,2026-03-15,52894,88621,,https://m.ydniu.com/kaijiang/pl5/sjh/2026064.html,页面明确标注为排列五五位模拟试机号，属于互联网模拟数据，不是官方试机号。,是,200,是,
3D之家/3d178,福彩3D,2026064,2026-03-15,604,272,,https://www.3d178.cn/kaijiang/2026/2026064.shtml,3D之家页面所列试机号；与彩宝网口径可能不同，原样独立保留。,否,200,是,
彩宝网/8200,福彩3D,2026064,2026-03-15,604,194,819,https://www.8200.cn/kjh/3d/2026064.htm,福彩3D页面口径：同时列出开机号与试机号。,否,200,是,
彩宝网/8200,排列三,2026065,2026-03-16,851,781,,https://www.8200.cn/kjh/p3/2026065.htm,排列三页面所列三位试机号；排列三与排列五共用同一期体彩摇奖流程。,否,200,是,
一定牛/ydniu,排列五,2026065,2026-03-16,85185,18739,,https://m.ydniu.com/kaijiang/pl5/sjh/2026065.html,页面明确标注为排列五五位模拟试机号，属于互联网模拟数据，不是官方试机号。,是,200,是,
3D之家/3d178,福彩3D,2026065,2026-03-16,057,211,,https://www.3d178.cn/kaijiang/2026/2026065.shtml,3D之家页面所列试机号；与彩宝网口径可能不同，原样独立保留。,否,200,是,
彩宝网/8200,福彩3D,2026065,2026-03-16,057,684,861,https://www.8200.cn/kjh/3d/2026065.htm,福彩3D页面口径：同时列出开机号与试机号。,否,200,是,
彩宝网/8200,排列三,2026066,2026-03-17,807,698,,https://www.8200.cn/kjh/p3/2026066.htm,排列三页面所列三位试机号；排列三与排列五共用同一期体彩摇奖流程。,否,200,是,
一定牛/ydniu,排列五,2026066,2026-03-17,80787,66965,,https://m.ydniu.com/kaijiang/pl5/sjh/2026066.html,页面明确标注为排列五五位模拟试机号，属于互联网模拟数据，不是官方试机号。,是,200,是,
3D之家/3d178,福彩3D,2026066,2026-03-17,934,745,,https://www.3d178.cn/kaijiang/2026/2026066.shtml,3D之家页面所列试机号；与彩宝网口径可能不同，原样独立保留。,否,200,是,
彩宝网/8200,福彩3D,2026066,2026-03-17,934,773,614,https://www.8200.cn/kjh/3d/2026066.htm,福彩3D页面口径：同时列出开机号与试机号。,否,200,是,
彩宝网/8200,排列三,2026067,2026-03-18,428,192,,https://www.8200.cn/kjh/p3/2026067.htm,排列三页面所列三位试机号；排列三与排列五共用同一期体彩摇奖流程。,否,200,是,
一定牛/ydniu,排列五,2026067,2026-03-18,42812,51267,,https://m.ydniu.com/kaijiang/pl5/sjh/2026067.html,页面明确标注为排列五五位模拟试机号，属于互联网模拟数据，不是官方试机号。,是,200,是,
3D之家/3d178,福彩3D,2026067,2026-03-18,695,550,,https://www.3d178.cn/kaijiang/2026/2026067.shtml,3D之家页面所列试机号；与彩宝网口径可能不同，原样独立保留。,否,200,是,
彩宝网/8200,福彩3D,2026067,2026-03-18,695,140,793,https://www.8200.cn/kjh/3d/2026067.htm,福彩3D页面口径：同时列出开机号与试机号。,否,200,是,
彩宝网/8200,排列三,2026068,2026-03-19,840,536,,https://www.8200.cn/kjh/p3/2026068.htm,排列三页面所列三位试机号；排列三与排列五共用同一期体彩摇奖流程。,否,200,是,
一定牛/ydniu,排列五,2026068,2026-03-19,84009,49482,,https://m.ydniu.com/kaijiang/pl5/sjh/2026068.html,页面明确标注为排列五五位模拟试机号，属于互联网模拟数据，不是官方试机号。,是,200,是,
3D之家/3d178,福彩3D,2026068,2026-03-19,706,781,,https://www.3d178.cn/kaijiang/2026/2026068.shtml,3D之家页面所列试机号；与彩宝网口径可能不同，原样独立保留。,否,200,是,
彩宝网/8200,福彩3D,2026068,2026-03-19,706,298,571,https://www.8200.cn/kjh/3d/2026068.htm,福彩3D页面口径：同时列出开机号与试机号。,否,200,是,
彩宝网/8200,排列三,2026069,2026-03-20,114,917,,https://www.8200.cn/kjh/p3/2026069.htm,排列三页面所列三位试机号；排列三与排列五共用同一期体彩摇奖流程。,否,200,是,
一定牛/ydniu,排列五,2026069,2026-03-20,11469,22330,,https://m.ydniu.com/kaijiang/pl5/sjh/2026069.html,页面明确标注为排列五五位模拟试机号，属于互联网模拟数据，不是官方试机号。,是,200,是,
3D之家/3d178,福彩3D,2026069,2026-03-20,908,075,,https://www.3d178.cn/kaijiang/2026/2026069.shtml,3D之家页面所列试机号；与彩宝网口径可能不同，原样独立保留。,否,200,是,
彩宝网/8200,福彩3D,2026069,2026-03-20,908,736,897,https://www.8200.cn/kjh/3d/2026069.htm,福彩3D页面口径：同时列出开机号与试机号。,否,200,是,
彩宝网/8200,排列三,2026070,2026-03-21,131,746,,https://www.8200.cn/kjh/p3/2026070.htm,排列三页面所列三位试机号；排列三与排列五共用同一期体彩摇奖流程。,否,200,是,
一定牛/ydniu,排列五,2026070,2026-03-21,13189,73308,,https://m.ydniu.com/kaijiang/pl5/sjh/2026070.html,页面明确标注为排列五五位模拟试机号，属于互联网模拟数据，不是官方试机号。,是,200,是,
3D之家/3d178,福彩3D,2026070,2026-03-21,484,793,,https://www.3d178.cn/kaijiang/2026/2026070.shtml,3D之家页面所列试机号；与彩宝网口径可能不同，原样独立保留。,否,200,是,
彩宝网/8200,福彩3D,2026070,2026-03-21,484,658,526,https://www.8200.cn/kjh/3d/2026070.htm,福彩3D页面口径：同时列出开机号与试机号。,否,200,是,
彩宝网/8200,排列三,2026071,2026-03-22,551,801,,https://www.8200.cn/kjh/p3/2026071.htm,排列三页面所列三位试机号；排列三与排列五共用同一期体彩摇奖流程。,否,200,是,
一定牛/ydniu,排列五,2026071,2026-03-22,55153,09938,,https://m.ydniu.com/kaijiang/pl5/sjh/2026071.html,页面明确标注为排列五五位模拟试机号，属于互联网模拟数据，不是官方试机号。,是,200,是,
3D之家/3d178,福彩3D,2026071,2026-03-22,261,520,,https://www.3d178.cn/kaijiang/2026/2026071.shtml,3D之家页面所列试机号；与彩宝网口径可能不同，原样独立保留。,否,200,是,
彩宝网/8200,福彩3D,2026071,2026-03-22,261,422,346,https://www.8200.cn/kjh/3d/2026071.htm,福彩3D页面口径：同时列出开机号与试机号。,否,200,是,
彩宝网/8200,排列三,2026072,2026-03-23,115,514,,https://www.8200.cn/kjh/p3/2026072.htm,排列三页面所列三位试机号；排列三与排列五共用同一期体彩摇奖流程。,否,200,是,
一定牛/ydniu,排列五,2026072,2026-03-23,11514,27912,,https://m.ydniu.com/kaijiang/pl5/sjh/2026072.html,页面明确标注为排列五五位模拟试机号，属于互联网模拟数据，不是官方试机号。,是,200,是,
3D之家/3d178,福彩3D,2026072,2026-03-23,245,353,,https://www.3d178.cn/kaijiang/2026/2026072.shtml,3D之家页面所列试机号；与彩宝网口径可能不同，原样独立保留。,否,200,是,
彩宝网/8200,福彩3D,2026072,2026-03-23,245,783,756,https://www.8200.cn/kjh/3d/2026072.htm,福彩3D页面口径：同时列出开机号与试机号。,否,200,是,
彩宝网/8200,排列三,2026073,2026-03-24,325,384,,https://www.8200.cn/kjh/p3/2026073.htm,排列三页面所列三位试机号；排列三与排列五共用同一期体彩摇奖流程。,否,200,是,
一定牛/ydniu,排列五,2026073,2026-03-24,32500,95033,,https://m.ydniu.com/kaijiang/pl5/sjh/2026073.html,页面明确标注为排列五五位模拟试机号，属于互联网模拟数据，不是官方试机号。,是,200,是,
3D之家/3d178,福彩3D,2026073,2026-03-24,504,634,,https://www.3d178.cn/kaijiang/2026/2026073.shtml,3D之家页面所列试机号；与彩宝网口径可能不同，原样独立保留。,否,200,是,
彩宝网/8200,福彩3D,2026073,2026-03-24,504,105,248,https://www.8200.cn/kjh/3d/2026073.htm,福彩3D页面口径：同时列出开机号与试机号。,否,200,是,
彩宝网/8200,排列三,2026074,2026-03-25,406,965,,https://www.8200.cn/kjh/p3/2026074.htm,排列三页面所列三位试机号；排列三与排列五共用同一期体彩摇奖流程。,否,200,是,
一定牛/ydniu,排列五,2026074,2026-03-25,40633,16199,,https://m.ydniu.com/kaijiang/pl5/sjh/2026074.html,页面明确标注为排列五五位模拟试机号，属于互联网模拟数据，不是官方试机号。,是,200,是,
3D之家/3d178,福彩3D,2026074,2026-03-25,487,159,,https://www.3d178.cn/kaijiang/2026/2026074.shtml,3D之家页面所列试机号；与彩宝网口径可能不同，原样独立保留。,否,200,是,
彩宝网/8200,福彩3D,2026074,2026-03-25,487,659,256,https://www.8200.cn/kjh/3d/2026074.htm,福彩3D页面口径：同时列出开机号与试机号。,否,200,是,
彩宝网/8200,排列三,2026075,2026-03-26,437,420,,https://www.8200.cn/kjh/p3/2026075.htm,排列三页面所列三位试机号；排列三与排列五共用同一期体彩摇奖流程。,否,200,是,
一定牛/ydniu,排列五,2026075,2026-03-26,43743,88845,,https://m.ydniu.com/kaijiang/pl5/sjh/2026075.html,页面明确标注为排列五五位模拟试机号，属于互联网模拟数据，不是官方试机号。,是,200,是,
3D之家/3d178,福彩3D,2026075,2026-03-26,816,410,,https://www.3d178.cn/kaijiang/2026/2026075.shtml,3D之家页面所列试机号；与彩宝网口径可能不同，原样独立保留。,否,200,是,
彩宝网/8200,福彩3D,2026075,2026-03-26,816,432,453,https://www.8200.cn/kjh/3d/2026075.htm,福彩3D页面口径：同时列出开机号与试机号。,否,200,是,
彩宝网/8200,排列三,2026076,2026-03-27,419,342,,https://www.8200.cn/kjh/p3/2026076.htm,排列三页面所列三位试机号；排列三与排列五共用同一期体彩摇奖流程。,否,200,是,
一定牛/ydniu,排列五,2026076,2026-03-27,41964,00438,,https://m.ydniu.com/kaijiang/pl5/sjh/2026076.html,页面明确标注为排列五五位模拟试机号，属于互联网模拟数据，不是官方试机号。,是,200,是,
3D之家/3d178,福彩3D,2026076,2026-03-27,863,646,,https://www.3d178.cn/kaijiang/2026/2026076.shtml,3D之家页面所列试机号；与彩宝网口径可能不同，原样独立保留。,否,200,是,
彩宝网/8200,福彩3D,2026076,2026-03-27,863,811,418,https://www.8200.cn/kjh/3d/2026076.htm,福彩3D页面口径：同时列出开机号与试机号。,否,200,是,
彩宝网/8200,排列三,2026077,2026-03-28,780,829,,https://www.8200.cn/kjh/p3/2026077.htm,排列三页面所列三位试机号；排列三与排列五共用同一期体彩摇奖流程。,否,200,是,
一定牛/ydniu,排列五,2026077,2026-03-28,78074,18055,,https://m.ydniu.com/kaijiang/pl5/sjh/2026077.html,页面明确标注为排列五五位模拟试机号，属于互联网模拟数据，不是官方试机号。,是,200,是,
3D之家/3d178,福彩3D,2026077,2026-03-28,112,491,,https://www.3d178.cn/kaijiang/2026/2026077.shtml,3D之家页面所列试机号；与彩宝网口径可能不同，原样独立保留。,否,200,是,
彩宝网/8200,福彩3D,2026077,2026-03-28,112,245,763,https://www.8200.cn/kjh/3d/2026077.htm,福彩3D页面口径：同时列出开机号与试机号。,否,200,是,
彩宝网/8200,排列三,2026078,2026-03-29,634,581,,https://www.8200.cn/kjh/p3/2026078.htm,排列三页面所列三位试机号；排列三与排列五共用同一期体彩摇奖流程。,否,200,是,
一定牛/ydniu,排列五,2026078,2026-03-29,63486,21703,,https://m.ydniu.com/kaijiang/pl5/sjh/2026078.html,页面明确标注为排列五五位模拟试机号，属于互联网模拟数据，不是官方试机号。,是,200,是,
3D之家/3d178,福彩3D,2026078,2026-03-29,049,814,,https://www.3d178.cn/kaijiang/2026/2026078.shtml,3D之家页面所列试机号；与彩宝网口径可能不同，原样独立保留。,否,200,是,
彩宝网/8200,福彩3D,2026078,2026-03-29,049,989,187,https://www.8200.cn/kjh/3d/2026078.htm,福彩3D页面口径：同时列出开机号与试机号。,否,200,是,
彩宝网/8200,排列三,2026079,2026-03-30,195,117,,https://www.8200.cn/kjh/p3/2026079.htm,排列三页面所列三位试机号；排列三与排列五共用同一期体彩摇奖流程。,否,200,是,
一定牛/ydniu,排列五,2026079,2026-03-30,19599,77911,,https://m.ydniu.com/kaijiang/pl5/sjh/2026079.html,页面明确标注为排列五五位模拟试机号，属于互联网模拟数据，不是官方试机号。,是,200,是,
3D之家/3d178,福彩3D,2026079,2026-03-30,233,312,,https://www.3d178.cn/kaijiang/2026/2026079.shtml,3D之家页面所列试机号；与彩宝网口径可能不同，原样独立保留。,否,200,是,
彩宝网/8200,福彩3D,2026079,2026-03-30,233,406,539,https://www.8200.cn/kjh/3d/2026079.htm,福彩3D页面口径：同时列出开机号与试机号。,否,200,是,
彩宝网/8200,排列三,2026080,2026-03-31,770,822,,https://www.8200.cn/kjh/p3/2026080.htm,排列三页面所列三位试机号；排列三与排列五共用同一期体彩摇奖流程。,否,200,是,
一定牛/ydniu,排列五,2026080,2026-03-31,77006,44380,,https://m.ydniu.com/kaijiang/pl5/sjh/2026080.html,页面明确标注为排列五五位模拟试机号，属于互联网模拟数据，不是官方试机号。,是,200,是,
3D之家/3d178,福彩3D,2026080,2026-03-31,802,272,,https://www.3d178.cn/kaijiang/2026/2026080.shtml,3D之家页面所列试机号；与彩宝网口径可能不同，原样独立保留。,否,200,是,
彩宝网/8200,福彩3D,2026080,2026-03-31,802,151,984,https://www.8200.cn/kjh/3d/2026080.htm,福彩3D页面口径：同时列出开机号与试机号。,否,200,是,
彩宝网/8200,排列三,2026081,2026-04-01,690,933,,https://www.8200.cn/kjh/p3/2026081.htm,排列三页面所列三位试机号；排列三与排列五共用同一期体彩摇奖流程。,否,200,是,
一定牛/ydniu,排列五,2026081,2026-04-01,69016,03749,,https://m.ydniu.com/kaijiang/pl5/sjh/2026081.html,页面明确标注为排列五五位模拟试机号，属于互联网模拟数据，不是官方试机号。,是,200,是,
3D之家/3d178,福彩3D,2026081,2026-04-01,827,234,,https://www.3d178.cn/kaijiang/2026/2026081.shtml,3D之家页面所列试机号；与彩宝网口径可能不同，原样独立保留。,否,200,是,
彩宝网/8200,福彩3D,2026081,2026-04-01,827,730,301,https://www.8200.cn/kjh/3d/2026081.htm,福彩3D页面口径：同时列出开机号与试机号。,否,200,是,
彩宝网/8200,排列三,2026082,2026-04-02,048,427,,https://www.8200.cn/kjh/p3/2026082.htm,排列三页面所列三位试机号；排列三与排列五共用同一期体彩摇奖流程。,否,200,是,
一定牛/ydniu,排列五,2026082,2026-04-02,04838,38822,,https://m.ydniu.com/kaijiang/pl5/sjh/2026082.html,页面明确标注为排列五五位模拟试机号，属于互联网模拟数据，不是官方试机号。,是,200,是,
3D之家/3d178,福彩3D,2026082,2026-04-02,942,886,,https://www.3d178.cn/kaijiang/2026/2026082.shtml,3D之家页面所列试机号；与彩宝网口径可能不同，原样独立保留。,否,200,是,
彩宝网/8200,福彩3D,2026082,2026-04-02,942,468,620,https://www.8200.cn/kjh/3d/2026082.htm,福彩3D页面口径：同时列出开机号与试机号。,否,200,是,
彩宝网/8200,排列三,2026083,2026-04-03,903,948,,https://www.8200.cn/kjh/p3/2026083.htm,排列三页面所列三位试机号；排列三与排列五共用同一期体彩摇奖流程。,否,200,是,
一定牛/ydniu,排列五,2026083,2026-04-03,90340,24509,,https://m.ydniu.com/kaijiang/pl5/sjh/2026083.html,页面明确标注为排列五五位模拟试机号，属于互联网模拟数据，不是官方试机号。,是,200,是,
3D之家/3d178,福彩3D,2026083,2026-04-03,506,316,,https://www.3d178.cn/kaijiang/2026/2026083.shtml,3D之家页面所列试机号；与彩宝网口径可能不同，原样独立保留。,否,200,是,
彩宝网/8200,福彩3D,2026083,2026-04-03,506,189,318,https://www.8200.cn/kjh/3d/2026083.htm,福彩3D页面口径：同时列出开机号与试机号。,否,200,是,
彩宝网/8200,排列三,2026084,2026-04-04,004,725,,https://www.8200.cn/kjh/p3/2026084.htm,排列三页面所列三位试机号；排列三与排列五共用同一期体彩摇奖流程。,否,200,是,
一定牛/ydniu,排列五,2026084,2026-04-04,00493,75681,,https://m.ydniu.com/kaijiang/pl5/sjh/2026084.html,页面明确标注为排列五五位模拟试机号，属于互联网模拟数据，不是官方试机号。,是,200,是,
3D之家/3d178,福彩3D,2026084,2026-04-04,456,180,,https://www.3d178.cn/kaijiang/2026/2026084.shtml,3D之家页面所列试机号；与彩宝网口径可能不同，原样独立保留。,否,200,是,
彩宝网/8200,福彩3D,2026084,2026-04-04,456,837,753,https://www.8200.cn/kjh/3d/2026084.htm,福彩3D页面口径：同时列出开机号与试机号。,否,200,是,
彩宝网/8200,排列三,2026085,2026-04-05,020,918,,https://www.8200.cn/kjh/p3/2026085.htm,排列三页面所列三位试机号；排列三与排列五共用同一期体彩摇奖流程。,否,200,是,
一定牛/ydniu,排列五,2026085,2026-04-05,02077,46730,,https://m.ydniu.com/kaijiang/pl5/sjh/2026085.html,页面明确标注为排列五五位模拟试机号，属于互联网模拟数据，不是官方试机号。,是,200,是,
3D之家/3d178,福彩3D,2026085,2026-04-05,118,885,,https://www.3d178.cn/kaijiang/2026/2026085.shtml,3D之家页面所列试机号；与彩宝网口径可能不同，原样独立保留。,否,200,是,
彩宝网/8200,福彩3D,2026085,2026-04-05,118,902,204,https://www.8200.cn/kjh/3d/2026085.htm,福彩3D页面口径：同时列出开机号与试机号。,否,200,是,
彩宝网/8200,排列三,2026086,2026-04-06,334,624,,https://www.8200.cn/kjh/p3/2026086.htm,排列三页面所列三位试机号；排列三与排列五共用同一期体彩摇奖流程。,否,200,是,
一定牛/ydniu,排列五,2026086,2026-04-06,33488,22490,,https://m.ydniu.com/kaijiang/pl5/sjh/2026086.html,页面明确标注为排列五五位模拟试机号，属于互联网模拟数据，不是官方试机号。,是,200,是,
3D之家/3d178,福彩3D,2026086,2026-04-06,382,554,,https://www.3d178.cn/kaijiang/2026/2026086.shtml,3D之家页面所列试机号；与彩宝网口径可能不同，原样独立保留。,否,200,是,
彩宝网/8200,福彩3D,2026086,2026-04-06,382,463,325,https://www.8200.cn/kjh/3d/2026086.htm,福彩3D页面口径：同时列出开机号与试机号。,否,200,是,
彩宝网/8200,排列三,2026087,2026-04-07,070,607,,https://www.8200.cn/kjh/p3/2026087.htm,排列三页面所列三位试机号；排列三与排列五共用同一期体彩摇奖流程。,否,200,是,
一定牛/ydniu,排列五,2026087,2026-04-07,07076,43282,,https://m.ydniu.com/kaijiang/pl5/sjh/2026087.html,页面明确标注为排列五五位模拟试机号，属于互联网模拟数据，不是官方试机号。,是,200,是,
3D之家/3d178,福彩3D,2026087,2026-04-07,911,905,,https://www.3d178.cn/kaijiang/2026/2026087.shtml,3D之家页面所列试机号；与彩宝网口径可能不同，原样独立保留。,否,200,是,
彩宝网/8200,福彩3D,2026087,2026-04-07,911,208,480,https://www.8200.cn/kjh/3d/2026087.htm,福彩3D页面口径：同时列出开机号与试机号。,否,200,是,
彩宝网/8200,排列三,2026088,2026-04-08,474,910,,https://www.8200.cn/kjh/p3/2026088.htm,排列三页面所列三位试机号；排列三与排列五共用同一期体彩摇奖流程。,否,200,是,
一定牛/ydniu,排列五,2026088,2026-04-08,47459,12655,,https://m.ydniu.com/kaijiang/pl5/sjh/2026088.html,页面明确标注为排列五五位模拟试机号，属于互联网模拟数据，不是官方试机号。,是,200,是,
3D之家/3d178,福彩3D,2026088,2026-04-08,608,563,,https://www.3d178.cn/kaijiang/2026/2026088.shtml,3D之家页面所列试机号；与彩宝网口径可能不同，原样独立保留。,否,200,是,
彩宝网/8200,福彩3D,2026088,2026-04-08,608,795,248,https://www.8200.cn/kjh/3d/2026088.htm,福彩3D页面口径：同时列出开机号与试机号。,否,200,是,
彩宝网/8200,排列三,2026089,2026-04-09,216,310,,https://www.8200.cn/kjh/p3/2026089.htm,排列三页面所列三位试机号；排列三与排列五共用同一期体彩摇奖流程。,否,200,是,
一定牛/ydniu,排列五,2026089,2026-04-09,21634,01091,,https://m.ydniu.com/kaijiang/pl5/sjh/2026089.html,页面明确标注为排列五五位模拟试机号，属于互联网模拟数据，不是官方试机号。,是,200,是,
3D之家/3d178,福彩3D,2026089,2026-04-09,922,116,,https://www.3d178.cn/kaijiang/2026/2026089.shtml,3D之家页面所列试机号；与彩宝网口径可能不同，原样独立保留。,否,200,是,
彩宝网/8200,福彩3D,2026089,2026-04-09,922,261,758,https://www.8200.cn/kjh/3d/2026089.htm,福彩3D页面口径：同时列出开机号与试机号。,否,200,是,
彩宝网/8200,排列三,2026090,2026-04-10,954,849,,https://www.8200.cn/kjh/p3/2026090.htm,排列三页面所列三位试机号；排列三与排列五共用同一期体彩摇奖流程。,否,200,是,
一定牛/ydniu,排列五,2026090,2026-04-10,95443,36466,,https://m.ydniu.com/kaijiang/pl5/sjh/2026090.html,页面明确标注为排列五五位模拟试机号，属于互联网模拟数据，不是官方试机号。,是,200,是,
3D之家/3d178,福彩3D,2026090,2026-04-10,816,369,,https://www.3d178.cn/kaijiang/2026/2026090.shtml,3D之家页面所列试机号；与彩宝网口径可能不同，原样独立保留。,否,200,是,
彩宝网/8200,福彩3D,2026090,2026-04-10,816,485,426,https://www.8200.cn/kjh/3d/2026090.htm,福彩3D页面口径：同时列出开机号与试机号。,否,200,是,
彩宝网/8200,排列三,2026091,2026-04-11,202,721,,https://www.8200.cn/kjh/p3/2026091.htm,排列三页面所列三位试机号；排列三与排列五共用同一期体彩摇奖流程。,否,200,是,
一定牛/ydniu,排列五,2026091,2026-04-11,20282,28403,,https://m.ydniu.com/kaijiang/pl5/sjh/2026091.html,页面明确标注为排列五五位模拟试机号，属于互联网模拟数据，不是官方试机号。,是,200,是,
3D之家/3d178,福彩3D,2026091,2026-04-11,537,406,,https://www.3d178.cn/kaijiang/2026/2026091.shtml,3D之家页面所列试机号；与彩宝网口径可能不同，原样独立保留。,否,200,是,
彩宝网/8200,福彩3D,2026091,2026-04-11,537,909,839,https://www.8200.cn/kjh/3d/2026091.htm,福彩3D页面口径：同时列出开机号与试机号。,否,200,是,
彩宝网/8200,排列三,2026092,2026-04-12,761,740,,https://www.8200.cn/kjh/p3/2026092.htm,排列三页面所列三位试机号；排列三与排列五共用同一期体彩摇奖流程。,否,200,是,
一定牛/ydniu,排列五,2026092,2026-04-12,76120,31846,,https://m.ydniu.com/kaijiang/pl5/sjh/2026092.html,页面明确标注为排列五五位模拟试机号，属于互联网模拟数据，不是官方试机号。,是,200,是,
3D之家/3d178,福彩3D,2026092,2026-04-12,870,460,,https://www.3d178.cn/kaijiang/2026/2026092.shtml,3D之家页面所列试机号；与彩宝网口径可能不同，原样独立保留。,否,200,是,
彩宝网/8200,福彩3D,2026092,2026-04-12,870,768,987,https://www.8200.cn/kjh/3d/2026092.htm,福彩3D页面口径：同时列出开机号与试机号。,否,200,是,
彩宝网/8200,排列三,2026093,2026-04-13,998,821,,https://www.8200.cn/kjh/p3/2026093.htm,排列三页面所列三位试机号；排列三与排列五共用同一期体彩摇奖流程。,否,200,是,
一定牛/ydniu,排列五,2026093,2026-04-13,99876,50327,,https://m.ydniu.com/kaijiang/pl5/sjh/2026093.html,页面明确标注为排列五五位模拟试机号，属于互联网模拟数据，不是官方试机号。,是,200,是,
3D之家/3d178,福彩3D,2026093,2026-04-13,518,248,,https://www.3d178.cn/kaijiang/2026/2026093.shtml,3D之家页面所列试机号；与彩宝网口径可能不同，原样独立保留。,否,200,是,
彩宝网/8200,福彩3D,2026093,2026-04-13,518,155,395,https://www.8200.cn/kjh/3d/2026093.htm,福彩3D页面口径：同时列出开机号与试机号。,否,200,是,
彩宝网/8200,排列三,2026094,2026-04-14,938,916,,https://www.8200.cn/kjh/p3/2026094.htm,排列三页面所列三位试机号；排列三与排列五共用同一期体彩摇奖流程。,否,200,是,
一定牛/ydniu,排列五,2026094,2026-04-14,93811,05474,,https://m.ydniu.com/kaijiang/pl5/sjh/2026094.html,页面明确标注为排列五五位模拟试机号，属于互联网模拟数据，不是官方试机号。,是,200,是,
3D之家/3d178,福彩3D,2026094,2026-04-14,418,736,,https://www.3d178.cn/kaijiang/2026/2026094.shtml,3D之家页面所列试机号；与彩宝网口径可能不同，原样独立保留。,否,200,是,
彩宝网/8200,福彩3D,2026094,2026-04-14,418,632,218,https://www.8200.cn/kjh/3d/2026094.htm,福彩3D页面口径：同时列出开机号与试机号。,否,200,是,
彩宝网/8200,排列三,2026095,2026-04-15,568,518,,https://www.8200.cn/kjh/p3/2026095.htm,排列三页面所列三位试机号；排列三与排列五共用同一期体彩摇奖流程。,否,200,是,
一定牛/ydniu,排列五,2026095,2026-04-15,56819,77918,,https://m.ydniu.com/kaijiang/pl5/sjh/2026095.html,页面明确标注为排列五五位模拟试机号，属于互联网模拟数据，不是官方试机号。,是,200,是,
3D之家/3d178,福彩3D,2026095,2026-04-15,022,519,,https://www.3d178.cn/kaijiang/2026/2026095.shtml,3D之家页面所列试机号；与彩宝网口径可能不同，原样独立保留。,否,200,是,
彩宝网/8200,福彩3D,2026095,2026-04-15,022,407,630,https://www.8200.cn/kjh/3d/2026095.htm,福彩3D页面口径：同时列出开机号与试机号。,否,200,是,
彩宝网/8200,排列三,2026096,2026-04-16,643,264,,https://www.8200.cn/kjh/p3/2026096.htm,排列三页面所列三位试机号；排列三与排列五共用同一期体彩摇奖流程。,否,200,是,
一定牛/ydniu,排列五,2026096,2026-04-16,64391,51734,,https://m.ydniu.com/kaijiang/pl5/sjh/2026096.html,页面明确标注为排列五五位模拟试机号，属于互联网模拟数据，不是官方试机号。,是,200,是,
3D之家/3d178,福彩3D,2026096,2026-04-16,689,354,,https://www.3d178.cn/kaijiang/2026/2026096.shtml,3D之家页面所列试机号；与彩宝网口径可能不同，原样独立保留。,否,200,是,
彩宝网/8200,福彩3D,2026096,2026-04-16,689,382,764,https://www.8200.cn/kjh/3d/2026096.htm,福彩3D页面口径：同时列出开机号与试机号。,否,200,是,
彩宝网/8200,排列三,2026097,2026-04-17,226,148,,https://www.8200.cn/kjh/p3/2026097.htm,排列三页面所列三位试机号；排列三与排列五共用同一期体彩摇奖流程。,否,200,是,
一定牛/ydniu,排列五,2026097,2026-04-17,22682,83023,,https://m.ydniu.com/kaijiang/pl5/sjh/2026097.html,页面明确标注为排列五五位模拟试机号，属于互联网模拟数据，不是官方试机号。,是,200,是,
3D之家/3d178,福彩3D,2026097,2026-04-17,818,545,,https://www.3d178.cn/kaijiang/2026/2026097.shtml,3D之家页面所列试机号；与彩宝网口径可能不同，原样独立保留。,否,200,是,
彩宝网/8200,福彩3D,2026097,2026-04-17,818,143,965,https://www.8200.cn/kjh/3d/2026097.htm,福彩3D页面口径：同时列出开机号与试机号。,否,200,是,
彩宝网/8200,排列三,2026098,2026-04-18,974,749,,https://www.8200.cn/kjh/p3/2026098.htm,排列三页面所列三位试机号；排列三与排列五共用同一期体彩摇奖流程。,否,200,是,
一定牛/ydniu,排列五,2026098,2026-04-18,97435,67745,,https://m.ydniu.com/kaijiang/pl5/sjh/2026098.html,页面明确标注为排列五五位模拟试机号，属于互联网模拟数据，不是官方试机号。,是,200,是,
3D之家/3d178,福彩3D,2026098,2026-04-18,513,461,,https://www.3d178.cn/kaijiang/2026/2026098.shtml,3D之家页面所列试机号；与彩宝网口径可能不同，原样独立保留。,否,200,是,
彩宝网/8200,福彩3D,2026098,2026-04-18,513,545,048,https://www.8200.cn/kjh/3d/2026098.htm,福彩3D页面口径：同时列出开机号与试机号。,否,200,是,
彩宝网/8200,排列三,2026099,2026-04-19,424,192,,https://www.8200.cn/kjh/p3/2026099.htm,排列三页面所列三位试机号；排列三与排列五共用同一期体彩摇奖流程。,否,200,是,
一定牛/ydniu,排列五,2026099,2026-04-19,42414,74562,,https://m.ydniu.com/kaijiang/pl5/sjh/2026099.html,页面明确标注为排列五五位模拟试机号，属于互联网模拟数据，不是官方试机号。,是,200,是,
3D之家/3d178,福彩3D,2026099,2026-04-19,877,987,,https://www.3d178.cn/kaijiang/2026/2026099.shtml,3D之家页面所列试机号；与彩宝网口径可能不同，原样独立保留。,否,200,是,
彩宝网/8200,福彩3D,2026099,2026-04-19,877,727,729,https://www.8200.cn/kjh/3d/2026099.htm,福彩3D页面口径：同时列出开机号与试机号。,否,200,是,
彩宝网/8200,排列三,2026100,2026-04-20,207,388,,https://www.8200.cn/kjh/p3/2026100.htm,排列三页面所列三位试机号；排列三与排列五共用同一期体彩摇奖流程。,否,200,是,
一定牛/ydniu,排列五,2026100,2026-04-20,20758,51625,,https://m.ydniu.com/kaijiang/pl5/sjh/2026100.html,页面明确标注为排列五五位模拟试机号，属于互联网模拟数据，不是官方试机号。,是,200,是,
3D之家/3d178,福彩3D,2026100,2026-04-20,414,817,,https://www.3d178.cn/kaijiang/2026/2026100.shtml,3D之家页面所列试机号；与彩宝网口径可能不同，原样独立保留。,否,200,是,
彩宝网/8200,福彩3D,2026100,2026-04-20,414,921,479,https://www.8200.cn/kjh/3d/2026100.htm,福彩3D页面口径：同时列出开机号与试机号。,否,200,是,
彩宝网/8200,排列三,2026101,2026-04-21,090,235,,https://www.8200.cn/kjh/p3/2026101.htm,排列三页面所列三位试机号；排列三与排列五共用同一期体彩摇奖流程。,否,200,是,
一定牛/ydniu,排列五,2026101,2026-04-21,09033,38080,,https://m.ydniu.com/kaijiang/pl5/sjh/2026101.html,页面明确标注为排列五五位模拟试机号，属于互联网模拟数据，不是官方试机号。,是,200,是,
3D之家/3d178,福彩3D,2026101,2026-04-21,584,629,,https://www.3d178.cn/kaijiang/2026/2026101.shtml,3D之家页面所列试机号；与彩宝网口径可能不同，原样独立保留。,否,200,是,
彩宝网/8200,福彩3D,2026101,2026-04-21,584,674,201,https://www.8200.cn/kjh/3d/2026101.htm,福彩3D页面口径：同时列出开机号与试机号。,否,200,是,
彩宝网/8200,排列三,2026102,2026-04-22,490,629,,https://www.8200.cn/kjh/p3/2026102.htm,排列三页面所列三位试机号；排列三与排列五共用同一期体彩摇奖流程。,否,200,是,
一定牛/ydniu,排列五,2026102,2026-04-22,49026,95598,,https://m.ydniu.com/kaijiang/pl5/sjh/2026102.html,页面明确标注为排列五五位模拟试机号，属于互联网模拟数据，不是官方试机号。,是,200,是,
3D之家/3d178,福彩3D,2026102,2026-04-22,420,985,,https://www.3d178.cn/kaijiang/2026/2026102.shtml,3D之家页面所列试机号；与彩宝网口径可能不同，原样独立保留。,否,200,是,
彩宝网/8200,福彩3D,2026102,2026-04-22,420,669,639,https://www.8200.cn/kjh/3d/2026102.htm,福彩3D页面口径：同时列出开机号与试机号。,否,200,是,
彩宝网/8200,排列三,2026103,2026-04-23,901,863,,https://www.8200.cn/kjh/p3/2026103.htm,排列三页面所列三位试机号；排列三与排列五共用同一期体彩摇奖流程。,否,200,是,
一定牛/ydniu,排列五,2026103,2026-04-23,90120,90701,,https://m.ydniu.com/kaijiang/pl5/sjh/2026103.html,页面明确标注为排列五五位模拟试机号，属于互联网模拟数据，不是官方试机号。,是,200,是,
3D之家/3d178,福彩3D,2026103,2026-04-23,661,299,,https://www.3d178.cn/kaijiang/2026/2026103.shtml,3D之家页面所列试机号；与彩宝网口径可能不同，原样独立保留。,否,200,是,
彩宝网/8200,福彩3D,2026103,2026-04-23,661,214,479,https://www.8200.cn/kjh/3d/2026103.htm,福彩3D页面口径：同时列出开机号与试机号。,否,200,是,
彩宝网/8200,排列三,2026104,2026-04-24,786,518,,https://www.8200.cn/kjh/p3/2026104.htm,排列三页面所列三位试机号；排列三与排列五共用同一期体彩摇奖流程。,否,200,是,
一定牛/ydniu,排列五,2026104,2026-04-24,78670,89779,,https://m.ydniu.com/kaijiang/pl5/sjh/2026104.html,页面明确标注为排列五五位模拟试机号，属于互联网模拟数据，不是官方试机号。,是,200,是,
3D之家/3d178,福彩3D,2026104,2026-04-24,482,192,,https://www.3d178.cn/kaijiang/2026/2026104.shtml,3D之家页面所列试机号；与彩宝网口径可能不同，原样独立保留。,否,200,是,
彩宝网/8200,福彩3D,2026104,2026-04-24,482,508,038,https://www.8200.cn/kjh/3d/2026104.htm,福彩3D页面口径：同时列出开机号与试机号。,否,200,是,
彩宝网/8200,排列三,2026105,2026-04-25,217,559,,https://www.8200.cn/kjh/p3/2026105.htm,排列三页面所列三位试机号；排列三与排列五共用同一期体彩摇奖流程。,否,200,是,
一定牛/ydniu,排列五,2026105,2026-04-25,21763,47909,,https://m.ydniu.com/kaijiang/pl5/sjh/2026105.html,页面明确标注为排列五五位模拟试机号，属于互联网模拟数据，不是官方试机号。,是,200,是,
3D之家/3d178,福彩3D,2026105,2026-04-25,631,335,,https://www.3d178.cn/kaijiang/2026/2026105.shtml,3D之家页面所列试机号；与彩宝网口径可能不同，原样独立保留。,否,200,是,
彩宝网/8200,福彩3D,2026105,2026-04-25,631,497,075,https://www.8200.cn/kjh/3d/2026105.htm,福彩3D页面口径：同时列出开机号与试机号。,否,200,是,
彩宝网/8200,排列三,2026106,2026-04-26,343,427,,https://www.8200.cn/kjh/p3/2026106.htm,排列三页面所列三位试机号；排列三与排列五共用同一期体彩摇奖流程。,否,200,是,
一定牛/ydniu,排列五,2026106,2026-04-26,34399,99882,,https://m.ydniu.com/kaijiang/pl5/sjh/2026106.html,页面明确标注为排列五五位模拟试机号，属于互联网模拟数据，不是官方试机号。,是,200,是,
3D之家/3d178,福彩3D,2026106,2026-04-26,928,422,,https://www.3d178.cn/kaijiang/2026/2026106.shtml,3D之家页面所列试机号；与彩宝网口径可能不同，原样独立保留。,否,200,是,
彩宝网/8200,福彩3D,2026106,2026-04-26,928,803,813,https://www.8200.cn/kjh/3d/2026106.htm,福彩3D页面口径：同时列出开机号与试机号。,否,200,是,
彩宝网/8200,排列三,2026107,2026-04-27,154,853,,https://www.8200.cn/kjh/p3/2026107.htm,排列三页面所列三位试机号；排列三与排列五共用同一期体彩摇奖流程。,否,200,是,
一定牛/ydniu,排列五,2026107,2026-04-27,15413,97453,,https://m.ydniu.com/kaijiang/pl5/sjh/2026107.html,页面明确标注为排列五五位模拟试机号，属于互联网模拟数据，不是官方试机号。,是,200,是,
3D之家/3d178,福彩3D,2026107,2026-04-27,278,420,,https://www.3d178.cn/kaijiang/2026/2026107.shtml,3D之家页面所列试机号；与彩宝网口径可能不同，原样独立保留。,否,200,是,
彩宝网/8200,福彩3D,2026107,2026-04-27,278,291,894,https://www.8200.cn/kjh/3d/2026107.htm,福彩3D页面口径：同时列出开机号与试机号。,否,200,是,
彩宝网/8200,排列三,2026108,2026-04-28,656,695,,https://www.8200.cn/kjh/p3/2026108.htm,排列三页面所列三位试机号；排列三与排列五共用同一期体彩摇奖流程。,否,200,是,
一定牛/ydniu,排列五,2026108,2026-04-28,65638,57602,,https://m.ydniu.com/kaijiang/pl5/sjh/2026108.html,页面明确标注为排列五五位模拟试机号，属于互联网模拟数据，不是官方试机号。,是,200,是,
3D之家/3d178,福彩3D,2026108,2026-04-28,671,536,,https://www.3d178.cn/kaijiang/2026/2026108.shtml,3D之家页面所列试机号；与彩宝网口径可能不同，原样独立保留。,否,200,是,
彩宝网/8200,福彩3D,2026108,2026-04-28,671,171,524,https://www.8200.cn/kjh/3d/2026108.htm,福彩3D页面口径：同时列出开机号与试机号。,否,200,是,
彩宝网/8200,排列三,2026109,2026-04-29,088,417,,https://www.8200.cn/kjh/p3/2026109.htm,排列三页面所列三位试机号；排列三与排列五共用同一期体彩摇奖流程。,否,200,是,
一定牛/ydniu,排列五,2026109,2026-04-29,08812,53552,,https://m.ydniu.com/kaijiang/pl5/sjh/2026109.html,页面明确标注为排列五五位模拟试机号，属于互联网模拟数据，不是官方试机号。,是,200,是,
3D之家/3d178,福彩3D,2026109,2026-04-29,195,912,,https://www.3d178.cn/kaijiang/2026/2026109.shtml,3D之家页面所列试机号；与彩宝网口径可能不同，原样独立保留。,否,200,是,
彩宝网/8200,福彩3D,2026109,2026-04-29,195,853,528,https://www.8200.cn/kjh/3d/2026109.htm,福彩3D页面口径：同时列出开机号与试机号。,否,200,是,
彩宝网/8200,排列三,2026110,2026-04-30,343,709,,https://www.8200.cn/kjh/p3/2026110.htm,排列三页面所列三位试机号；排列三与排列五共用同一期体彩摇奖流程。,否,200,是,
一定牛/ydniu,排列五,2026110,2026-04-30,34304,44185,,https://m.ydniu.com/kaijiang/pl5/sjh/2026110.html,页面明确标注为排列五五位模拟试机号，属于互联网模拟数据，不是官方试机号。,是,200,是,
3D之家/3d178,福彩3D,2026110,2026-04-30,379,488,,https://www.3d178.cn/kaijiang/2026/2026110.shtml,3D之家页面所列试机号；与彩宝网口径可能不同，原样独立保留。,否,200,是,
彩宝网/8200,福彩3D,2026110,2026-04-30,379,647,317,https://www.8200.cn/kjh/3d/2026110.htm,福彩3D页面口径：同时列出开机号与试机号。,否,200,是,
彩宝网/8200,排列三,2026111,2026-05-01,877,823,,https://www.8200.cn/kjh/p3/2026111.htm,排列三页面所列三位试机号；排列三与排列五共用同一期体彩摇奖流程。,否,200,是,
一定牛/ydniu,排列五,2026111,2026-05-01,87790,07216,,https://m.ydniu.com/kaijiang/pl5/sjh/2026111.html,页面明确标注为排列五五位模拟试机号，属于互联网模拟数据，不是官方试机号。,是,200,是,
3D之家/3d178,福彩3D,2026111,2026-05-01,863,598,,https://www.3d178.cn/kaijiang/2026/2026111.shtml,3D之家页面所列试机号；与彩宝网口径可能不同，原样独立保留。,否,200,是,
彩宝网/8200,福彩3D,2026111,2026-05-01,863,364,270,https://www.8200.cn/kjh/3d/2026111.htm,福彩3D页面口径：同时列出开机号与试机号。,否,200,是,
彩宝网/8200,排列三,2026112,2026-05-02,652,613,,https://www.8200.cn/kjh/p3/2026112.htm,排列三页面所列三位试机号；排列三与排列五共用同一期体彩摇奖流程。,否,200,是,
一定牛/ydniu,排列五,2026112,2026-05-02,65293,82271,,https://m.ydniu.com/kaijiang/pl5/sjh/2026112.html,页面明确标注为排列五五位模拟试机号，属于互联网模拟数据，不是官方试机号。,是,200,是,
3D之家/3d178,福彩3D,2026112,2026-05-02,065,377,,https://www.3d178.cn/kaijiang/2026/2026112.shtml,3D之家页面所列试机号；与彩宝网口径可能不同，原样独立保留。,否,200,是,
彩宝网/8200,福彩3D,2026112,2026-05-02,065,175,398,https://www.8200.cn/kjh/3d/2026112.htm,福彩3D页面口径：同时列出开机号与试机号。,否,200,是,
彩宝网/8200,排列三,2026113,2026-05-03,925,209,,https://www.8200.cn/kjh/p3/2026113.htm,排列三页面所列三位试机号；排列三与排列五共用同一期体彩摇奖流程。,否,200,是,
一定牛/ydniu,排列五,2026113,2026-05-03,92585,95945,,https://m.ydniu.com/kaijiang/pl5/sjh/2026113.html,页面明确标注为排列五五位模拟试机号，属于互联网模拟数据，不是官方试机号。,是,200,是,
3D之家/3d178,福彩3D,2026113,2026-05-03,040,292,,https://www.3d178.cn/kaijiang/2026/2026113.shtml,3D之家页面所列试机号；与彩宝网口径可能不同，原样独立保留。,否,200,是,
彩宝网/8200,福彩3D,2026113,2026-05-03,040,404,230,https://www.8200.cn/kjh/3d/2026113.htm,福彩3D页面口径：同时列出开机号与试机号。,否,200,是,
彩宝网/8200,排列三,2026114,2026-05-04,017,776,,https://www.8200.cn/kjh/p3/2026114.htm,排列三页面所列三位试机号；排列三与排列五共用同一期体彩摇奖流程。,否,200,是,
一定牛/ydniu,排列五,2026114,2026-05-04,01773,31403,,https://m.ydniu.com/kaijiang/pl5/sjh/2026114.html,页面明确标注为排列五五位模拟试机号，属于互联网模拟数据，不是官方试机号。,是,200,是,
3D之家/3d178,福彩3D,2026114,2026-05-04,864,969,,https://www.3d178.cn/kaijiang/2026/2026114.shtml,3D之家页面所列试机号；与彩宝网口径可能不同，原样独立保留。,否,200,是,
彩宝网/8200,福彩3D,2026114,2026-05-04,864,387,928,https://www.8200.cn/kjh/3d/2026114.htm,福彩3D页面口径：同时列出开机号与试机号。,否,200,是,
彩宝网/8200,排列三,2026115,2026-05-05,333,704,,https://www.8200.cn/kjh/p3/2026115.htm,排列三页面所列三位试机号；排列三与排列五共用同一期体彩摇奖流程。,否,200,是,
一定牛/ydniu,排列五,2026115,2026-05-05,33301,20219,,https://m.ydniu.com/kaijiang/pl5/sjh/2026115.html,页面明确标注为排列五五位模拟试机号，属于互联网模拟数据，不是官方试机号。,是,200,是,
3D之家/3d178,福彩3D,2026115,2026-05-05,581,764,,https://www.3d178.cn/kaijiang/2026/2026115.shtml,3D之家页面所列试机号；与彩宝网口径可能不同，原样独立保留。,否,200,是,
彩宝网/8200,福彩3D,2026115,2026-05-05,581,229,837,https://www.8200.cn/kjh/3d/2026115.htm,福彩3D页面口径：同时列出开机号与试机号。,否,200,是,
彩宝网/8200,排列三,2026116,2026-05-06,951,943,,https://www.8200.cn/kjh/p3/2026116.htm,排列三页面所列三位试机号；排列三与排列五共用同一期体彩摇奖流程。,否,200,是,
一定牛/ydniu,排列五,2026116,2026-05-06,95143,86858,,https://m.ydniu.com/kaijiang/pl5/sjh/2026116.html,页面明确标注为排列五五位模拟试机号，属于互联网模拟数据，不是官方试机号。,是,200,是,
3D之家/3d178,福彩3D,2026116,2026-05-06,020,600,,https://www.3d178.cn/kaijiang/2026/2026116.shtml,3D之家页面所列试机号；与彩宝网口径可能不同，原样独立保留。,否,200,是,
彩宝网/8200,福彩3D,2026116,2026-05-06,020,851,574,https://www.8200.cn/kjh/3d/2026116.htm,福彩3D页面口径：同时列出开机号与试机号。,否,200,是,
彩宝网/8200,排列三,2026117,2026-05-07,091,479,,https://www.8200.cn/kjh/p3/2026117.htm,排列三页面所列三位试机号；排列三与排列五共用同一期体彩摇奖流程。,否,200,是,
一定牛/ydniu,排列五,2026117,2026-05-07,09128,77278,,https://m.ydniu.com/kaijiang/pl5/sjh/2026117.html,页面明确标注为排列五五位模拟试机号，属于互联网模拟数据，不是官方试机号。,是,200,是,
3D之家/3d178,福彩3D,2026117,2026-05-07,411,934,,https://www.3d178.cn/kaijiang/2026/2026117.shtml,3D之家页面所列试机号；与彩宝网口径可能不同，原样独立保留。,否,200,是,
彩宝网/8200,福彩3D,2026117,2026-05-07,411,278,193,https://www.8200.cn/kjh/3d/2026117.htm,福彩3D页面口径：同时列出开机号与试机号。,否,200,是,
彩宝网/8200,排列三,2026118,2026-05-08,272,685,,https://www.8200.cn/kjh/p3/2026118.htm,排列三页面所列三位试机号；排列三与排列五共用同一期体彩摇奖流程。,否,200,是,
一定牛/ydniu,排列五,2026118,2026-05-08,27231,12111,,https://m.ydniu.com/kaijiang/pl5/sjh/2026118.html,页面明确标注为排列五五位模拟试机号，属于互联网模拟数据，不是官方试机号。,是,200,是,
3D之家/3d178,福彩3D,2026118,2026-05-08,132,826,,https://www.3d178.cn/kaijiang/2026/2026118.shtml,3D之家页面所列试机号；与彩宝网口径可能不同，原样独立保留。,否,200,是,
彩宝网/8200,福彩3D,2026118,2026-05-08,132,869,234,https://www.8200.cn/kjh/3d/2026118.htm,福彩3D页面口径：同时列出开机号与试机号。,否,200,是,
彩宝网/8200,排列三,2026119,2026-05-09,222,259,,https://www.8200.cn/kjh/p3/2026119.htm,排列三页面所列三位试机号；排列三与排列五共用同一期体彩摇奖流程。,否,200,是,
一定牛/ydniu,排列五,2026119,2026-05-09,22219,00243,,https://m.ydniu.com/kaijiang/pl5/sjh/2026119.html,页面明确标注为排列五五位模拟试机号，属于互联网模拟数据，不是官方试机号。,是,200,是,
3D之家/3d178,福彩3D,2026119,2026-05-09,112,150,,https://www.3d178.cn/kaijiang/2026/2026119.shtml,3D之家页面所列试机号；与彩宝网口径可能不同，原样独立保留。,否,200,是,
彩宝网/8200,福彩3D,2026119,2026-05-09,112,747,053,https://www.8200.cn/kjh/3d/2026119.htm,福彩3D页面口径：同时列出开机号与试机号。,否,200,是,
彩宝网/8200,排列三,2026120,2026-05-10,296,312,,https://www.8200.cn/kjh/p3/2026120.htm,排列三页面所列三位试机号；排列三与排列五共用同一期体彩摇奖流程。,否,200,是,
一定牛/ydniu,排列五,2026120,2026-05-10,29648,54806,,https://m.ydniu.com/kaijiang/pl5/sjh/2026120.html,页面明确标注为排列五五位模拟试机号，属于互联网模拟数据，不是官方试机号。,是,200,是,
3D之家/3d178,福彩3D,2026120,2026-05-10,734,820,,https://www.3d178.cn/kaijiang/2026/2026120.shtml,3D之家页面所列试机号；与彩宝网口径可能不同，原样独立保留。,否,200,是,
彩宝网/8200,福彩3D,2026120,2026-05-10,734,425,963,https://www.8200.cn/kjh/3d/2026120.htm,福彩3D页面口径：同时列出开机号与试机号。,否,200,是,
彩宝网/8200,排列三,2026121,2026-05-11,040,570,,https://www.8200.cn/kjh/p3/2026121.htm,排列三页面所列三位试机号；排列三与排列五共用同一期体彩摇奖流程。,否,200,是,
一定牛/ydniu,排列五,2026121,2026-05-11,04033,78862,,https://m.ydniu.com/kaijiang/pl5/sjh/2026121.html,页面明确标注为排列五五位模拟试机号，属于互联网模拟数据，不是官方试机号。,是,200,是,
3D之家/3d178,福彩3D,2026121,2026-05-11,393,339,,https://www.3d178.cn/kaijiang/2026/2026121.shtml,3D之家页面所列试机号；与彩宝网口径可能不同，原样独立保留。,否,200,是,
彩宝网/8200,福彩3D,2026121,2026-05-11,393,309,012,https://www.8200.cn/kjh/3d/2026121.htm,福彩3D页面口径：同时列出开机号与试机号。,否,200,是,
彩宝网/8200,排列三,2026122,2026-05-12,747,726,,https://www.8200.cn/kjh/p3/2026122.htm,排列三页面所列三位试机号；排列三与排列五共用同一期体彩摇奖流程。,否,200,是,
一定牛/ydniu,排列五,2026122,2026-05-12,74761,71388,,https://m.ydniu.com/kaijiang/pl5/sjh/2026122.html,页面明确标注为排列五五位模拟试机号，属于互联网模拟数据，不是官方试机号。,是,200,是,
3D之家/3d178,福彩3D,2026122,2026-05-12,346,299,,https://www.3d178.cn/kaijiang/2026/2026122.shtml,3D之家页面所列试机号；与彩宝网口径可能不同，原样独立保留。,否,200,是,
彩宝网/8200,福彩3D,2026122,2026-05-12,346,918,295,https://www.8200.cn/kjh/3d/2026122.htm,福彩3D页面口径：同时列出开机号与试机号。,否,200,是,
彩宝网/8200,排列三,2026123,2026-05-13,955,675,,https://www.8200.cn/kjh/p3/2026123.htm,排列三页面所列三位试机号；排列三与排列五共用同一期体彩摇奖流程。,否,200,是,
一定牛/ydniu,排列五,2026123,2026-05-13,95512,94302,,https://m.ydniu.com/kaijiang/pl5/sjh/2026123.html,页面明确标注为排列五五位模拟试机号，属于互联网模拟数据，不是官方试机号。,是,200,是,
3D之家/3d178,福彩3D,2026123,2026-05-13,200,366,,https://www.3d178.cn/kaijiang/2026/2026123.shtml,3D之家页面所列试机号；与彩宝网口径可能不同，原样独立保留。,否,200,是,
彩宝网/8200,福彩3D,2026123,2026-05-13,200,204,743,https://www.8200.cn/kjh/3d/2026123.htm,福彩3D页面口径：同时列出开机号与试机号。,否,200,是,
彩宝网/8200,排列三,2026124,2026-05-14,785,708,,https://www.8200.cn/kjh/p3/2026124.htm,排列三页面所列三位试机号；排列三与排列五共用同一期体彩摇奖流程。,否,200,是,
一定牛/ydniu,排列五,2026124,2026-05-14,78532,13297,,https://m.ydniu.com/kaijiang/pl5/sjh/2026124.html,页面明确标注为排列五五位模拟试机号，属于互联网模拟数据，不是官方试机号。,是,200,是,
3D之家/3d178,福彩3D,2026124,2026-05-14,280,617,,https://www.3d178.cn/kaijiang/2026/2026124.shtml,3D之家页面所列试机号；与彩宝网口径可能不同，原样独立保留。,否,200,是,
彩宝网/8200,福彩3D,2026124,2026-05-14,280,376,624,https://www.8200.cn/kjh/3d/2026124.htm,福彩3D页面口径：同时列出开机号与试机号。,否,200,是,
彩宝网/8200,排列三,2026125,2026-05-15,867,212,,https://www.8200.cn/kjh/p3/2026125.htm,排列三页面所列三位试机号；排列三与排列五共用同一期体彩摇奖流程。,否,200,是,
一定牛/ydniu,排列五,2026125,2026-05-15,86721,61613,,https://m.ydniu.com/kaijiang/pl5/sjh/2026125.html,页面明确标注为排列五五位模拟试机号，属于互联网模拟数据，不是官方试机号。,是,200,是,
3D之家/3d178,福彩3D,2026125,2026-05-15,954,066,,https://www.3d178.cn/kaijiang/2026/2026125.shtml,3D之家页面所列试机号；与彩宝网口径可能不同，原样独立保留。,否,200,是,
彩宝网/8200,福彩3D,2026125,2026-05-15,954,192,249,https://www.8200.cn/kjh/3d/2026125.htm,福彩3D页面口径：同时列出开机号与试机号。,否,200,是,
彩宝网/8200,排列三,2026126,2026-05-16,835,462,,https://www.8200.cn/kjh/p3/2026126.htm,排列三页面所列三位试机号；排列三与排列五共用同一期体彩摇奖流程。,否,200,是,
一定牛/ydniu,排列五,2026126,2026-05-16,83526,50394,,https://m.ydniu.com/kaijiang/pl5/sjh/2026126.html,页面明确标注为排列五五位模拟试机号，属于互联网模拟数据，不是官方试机号。,是,200,是,
3D之家/3d178,福彩3D,2026126,2026-05-16,846,601,,https://www.3d178.cn/kaijiang/2026/2026126.shtml,3D之家页面所列试机号；与彩宝网口径可能不同，原样独立保留。,否,200,是,
彩宝网/8200,福彩3D,2026126,2026-05-16,846,807,142,https://www.8200.cn/kjh/3d/2026126.htm,福彩3D页面口径：同时列出开机号与试机号。,否,200,是,
彩宝网/8200,排列三,2026127,2026-05-17,936,829,,https://www.8200.cn/kjh/p3/2026127.htm,排列三页面所列三位试机号；排列三与排列五共用同一期体彩摇奖流程。,否,200,是,
一定牛/ydniu,排列五,2026127,2026-05-17,93603,19969,,https://m.ydniu.com/kaijiang/pl5/sjh/2026127.html,页面明确标注为排列五五位模拟试机号，属于互联网模拟数据，不是官方试机号。,是,200,是,
3D之家/3d178,福彩3D,2026127,2026-05-17,700,957,,https://www.3d178.cn/kaijiang/2026/2026127.shtml,3D之家页面所列试机号；与彩宝网口径可能不同，原样独立保留。,否,200,是,
彩宝网/8200,福彩3D,2026127,2026-05-17,700,348,893,https://www.8200.cn/kjh/3d/2026127.htm,福彩3D页面口径：同时列出开机号与试机号。,否,200,是,
彩宝网/8200,排列三,2026128,2026-05-18,512,381,,https://www.8200.cn/kjh/p3/2026128.htm,排列三页面所列三位试机号；排列三与排列五共用同一期体彩摇奖流程。,否,200,是,
一定牛/ydniu,排列五,2026128,2026-05-18,51228,25138,,https://m.ydniu.com/kaijiang/pl5/sjh/2026128.html,页面明确标注为排列五五位模拟试机号，属于互联网模拟数据，不是官方试机号。,是,200,是,
3D之家/3d178,福彩3D,2026128,2026-05-18,776,924,,https://www.3d178.cn/kaijiang/2026/2026128.shtml,3D之家页面所列试机号；与彩宝网口径可能不同，原样独立保留。,否,200,是,
彩宝网/8200,福彩3D,2026128,2026-05-18,776,782,927,https://www.8200.cn/kjh/3d/2026128.htm,福彩3D页面口径：同时列出开机号与试机号。,否,200,是,
彩宝网/8200,排列三,2026129,2026-05-19,683,581,,https://www.8200.cn/kjh/p3/2026129.htm,排列三页面所列三位试机号；排列三与排列五共用同一期体彩摇奖流程。,否,200,是,
一定牛/ydniu,排列五,2026129,2026-05-19,68331,97014,,https://m.ydniu.com/kaijiang/pl5/sjh/2026129.html,页面明确标注为排列五五位模拟试机号，属于互联网模拟数据，不是官方试机号。,是,200,是,
3D之家/3d178,福彩3D,2026129,2026-05-19,023,301,,https://www.3d178.cn/kaijiang/2026/2026129.shtml,3D之家页面所列试机号；与彩宝网口径可能不同，原样独立保留。,否,200,是,
彩宝网/8200,福彩3D,2026129,2026-05-19,023,316,804,https://www.8200.cn/kjh/3d/2026129.htm,福彩3D页面口径：同时列出开机号与试机号。,否,200,是,
彩宝网/8200,排列三,2026130,2026-05-20,070,631,,https://www.8200.cn/kjh/p3/2026130.htm,排列三页面所列三位试机号；排列三与排列五共用同一期体彩摇奖流程。,否,200,是,
一定牛/ydniu,排列五,2026130,2026-05-20,07013,42693,,https://m.ydniu.com/kaijiang/pl5/sjh/2026130.html,页面明确标注为排列五五位模拟试机号，属于互联网模拟数据，不是官方试机号。,是,200,是,
3D之家/3d178,福彩3D,2026130,2026-05-20,267,865,,https://www.3d178.cn/kaijiang/2026/2026130.shtml,3D之家页面所列试机号；与彩宝网口径可能不同，原样独立保留。,否,200,是,
彩宝网/8200,福彩3D,2026130,2026-05-20,267,189,648,https://www.8200.cn/kjh/3d/2026130.htm,福彩3D页面口径：同时列出开机号与试机号。,否,200,是,
彩宝网/8200,排列三,2026131,2026-05-21,968,725,,https://www.8200.cn/kjh/p3/2026131.htm,排列三页面所列三位试机号；排列三与排列五共用同一期体彩摇奖流程。,否,200,是,
一定牛/ydniu,排列五,2026131,2026-05-21,96841,23580,,https://m.ydniu.com/kaijiang/pl5/sjh/2026131.html,页面明确标注为排列五五位模拟试机号，属于互联网模拟数据，不是官方试机号。,是,200,是,
3D之家/3d178,福彩3D,2026131,2026-05-21,598,898,,https://www.3d178.cn/kaijiang/2026/2026131.shtml,3D之家页面所列试机号；与彩宝网口径可能不同，原样独立保留。,否,200,是,
彩宝网/8200,福彩3D,2026131,2026-05-21,598,547,675,https://www.8200.cn/kjh/3d/2026131.htm,福彩3D页面口径：同时列出开机号与试机号。,否,200,是,
彩宝网/8200,排列三,2026132,2026-05-22,443,199,,https://www.8200.cn/kjh/p3/2026132.htm,排列三页面所列三位试机号；排列三与排列五共用同一期体彩摇奖流程。,否,200,是,
一定牛/ydniu,排列五,2026132,2026-05-22,44350,22475,,https://m.ydniu.com/kaijiang/pl5/sjh/2026132.html,页面明确标注为排列五五位模拟试机号，属于互联网模拟数据，不是官方试机号。,是,200,是,
3D之家/3d178,福彩3D,2026132,2026-05-22,756,899,,https://www.3d178.cn/kaijiang/2026/2026132.shtml,3D之家页面所列试机号；与彩宝网口径可能不同，原样独立保留。,否,200,是,
彩宝网/8200,福彩3D,2026132,2026-05-22,756,690,419,https://www.8200.cn/kjh/3d/2026132.htm,福彩3D页面口径：同时列出开机号与试机号。,否,200,是,
彩宝网/8200,排列三,2026133,2026-05-23,543,367,,https://www.8200.cn/kjh/p3/2026133.htm,排列三页面所列三位试机号；排列三与排列五共用同一期体彩摇奖流程。,否,200,是,
一定牛/ydniu,排列五,2026133,2026-05-23,54370,90556,,https://m.ydniu.com/kaijiang/pl5/sjh/2026133.html,页面明确标注为排列五五位模拟试机号，属于互联网模拟数据，不是官方试机号。,是,200,是,
3D之家/3d178,福彩3D,2026133,2026-05-23,080,845,,https://www.3d178.cn/kaijiang/2026/2026133.shtml,3D之家页面所列试机号；与彩宝网口径可能不同，原样独立保留。,否,200,是,
彩宝网/8200,福彩3D,2026133,2026-05-23,080,412,084,https://www.8200.cn/kjh/3d/2026133.htm,福彩3D页面口径：同时列出开机号与试机号。,否,200,是,
彩宝网/8200,排列三,2026134,2026-05-24,515,836,,https://www.8200.cn/kjh/p3/2026134.htm,排列三页面所列三位试机号；排列三与排列五共用同一期体彩摇奖流程。,否,200,是,
一定牛/ydniu,排列五,2026134,2026-05-24,51533,73035,,https://m.ydniu.com/kaijiang/pl5/sjh/2026134.html,页面明确标注为排列五五位模拟试机号，属于互联网模拟数据，不是官方试机号。,是,200,是,
3D之家/3d178,福彩3D,2026134,2026-05-24,654,077,,https://www.3d178.cn/kaijiang/2026/2026134.shtml,3D之家页面所列试机号；与彩宝网口径可能不同，原样独立保留。,否,200,是,
彩宝网/8200,福彩3D,2026134,2026-05-24,654,577,573,https://www.8200.cn/kjh/3d/2026134.htm,福彩3D页面口径：同时列出开机号与试机号。,否,200,是,
彩宝网/8200,排列三,2026135,2026-05-25,939,998,,https://www.8200.cn/kjh/p3/2026135.htm,排列三页面所列三位试机号；排列三与排列五共用同一期体彩摇奖流程。,否,200,是,
一定牛/ydniu,排列五,2026135,2026-05-25,93925,18984,,https://m.ydniu.com/kaijiang/pl5/sjh/2026135.html,页面明确标注为排列五五位模拟试机号，属于互联网模拟数据，不是官方试机号。,是,200,是,
3D之家/3d178,福彩3D,2026135,2026-05-25,487,509,,https://www.3d178.cn/kaijiang/2026/2026135.shtml,3D之家页面所列试机号；与彩宝网口径可能不同，原样独立保留。,否,200,是,
彩宝网/8200,福彩3D,2026135,2026-05-25,487,463,916,https://www.8200.cn/kjh/3d/2026135.htm,福彩3D页面口径：同时列出开机号与试机号。,否,200,是,
彩宝网/8200,排列三,2026136,2026-05-26,466,691,,https://www.8200.cn/kjh/p3/2026136.htm,排列三页面所列三位试机号；排列三与排列五共用同一期体彩摇奖流程。,否,200,是,
一定牛/ydniu,排列五,2026136,2026-05-26,46623,15231,,https://m.ydniu.com/kaijiang/pl5/sjh/2026136.html,页面明确标注为排列五五位模拟试机号，属于互联网模拟数据，不是官方试机号。,是,200,是,
3D之家/3d178,福彩3D,2026136,2026-05-26,889,222,,https://www.3d178.cn/kaijiang/2026/2026136.shtml,3D之家页面所列试机号；与彩宝网口径可能不同，原样独立保留。,否,200,是,
彩宝网/8200,福彩3D,2026136,2026-05-26,889,299,206,https://www.8200.cn/kjh/3d/2026136.htm,福彩3D页面口径：同时列出开机号与试机号。,否,200,是,
彩宝网/8200,排列三,2026137,2026-05-27,544,477,,https://www.8200.cn/kjh/p3/2026137.htm,排列三页面所列三位试机号；排列三与排列五共用同一期体彩摇奖流程。,否,200,是,
一定牛/ydniu,排列五,2026137,2026-05-27,54436,76104,,https://m.ydniu.com/kaijiang/pl5/sjh/2026137.html,页面明确标注为排列五五位模拟试机号，属于互联网模拟数据，不是官方试机号。,是,200,是,
3D之家/3d178,福彩3D,2026137,2026-05-27,165,981,,https://www.3d178.cn/kaijiang/2026/2026137.shtml,3D之家页面所列试机号；与彩宝网口径可能不同，原样独立保留。,否,200,是,
彩宝网/8200,福彩3D,2026137,2026-05-27,165,581,785,https://www.8200.cn/kjh/3d/2026137.htm,福彩3D页面口径：同时列出开机号与试机号。,否,200,是,
彩宝网/8200,排列三,2026138,2026-05-28,263,835,,https://www.8200.cn/kjh/p3/2026138.htm,排列三页面所列三位试机号；排列三与排列五共用同一期体彩摇奖流程。,否,200,是,
一定牛/ydniu,排列五,2026138,2026-05-28,26356,39354,,https://m.ydniu.com/kaijiang/pl5/sjh/2026138.html,页面明确标注为排列五五位模拟试机号，属于互联网模拟数据，不是官方试机号。,是,200,是,
3D之家/3d178,福彩3D,2026138,2026-05-28,790,814,,https://www.3d178.cn/kaijiang/2026/2026138.shtml,3D之家页面所列试机号；与彩宝网口径可能不同，原样独立保留。,否,200,是,
彩宝网/8200,福彩3D,2026138,2026-05-28,790,396,894,https://www.8200.cn/kjh/3d/2026138.htm,福彩3D页面口径：同时列出开机号与试机号。,否,200,是,
彩宝网/8200,排列三,2026139,2026-05-29,198,546,,https://www.8200.cn/kjh/p3/2026139.htm,排列三页面所列三位试机号；排列三与排列五共用同一期体彩摇奖流程。,否,200,是,
一定牛/ydniu,排列五,2026139,2026-05-29,19811,55105,,https://m.ydniu.com/kaijiang/pl5/sjh/2026139.html,页面明确标注为排列五五位模拟试机号，属于互联网模拟数据，不是官方试机号。,是,200,是,
3D之家/3d178,福彩3D,2026139,2026-05-29,286,233,,https://www.3d178.cn/kaijiang/2026/2026139.shtml,3D之家页面所列试机号；与彩宝网口径可能不同，原样独立保留。,否,200,是,
彩宝网/8200,福彩3D,2026139,2026-05-29,286,042,965,https://www.8200.cn/kjh/3d/2026139.htm,福彩3D页面口径：同时列出开机号与试机号。,否,200,是,
彩宝网/8200,排列三,2026140,2026-05-30,421,619,,https://www.8200.cn/kjh/p3/2026140.htm,排列三页面所列三位试机号；排列三与排列五共用同一期体彩摇奖流程。,否,200,是,
一定牛/ydniu,排列五,2026140,2026-05-30,42178,51635,,https://m.ydniu.com/kaijiang/pl5/sjh/2026140.html,页面明确标注为排列五五位模拟试机号，属于互联网模拟数据，不是官方试机号。,是,200,是,
3D之家/3d178,福彩3D,2026140,2026-05-30,285,834,,https://www.3d178.cn/kaijiang/2026/2026140.shtml,3D之家页面所列试机号；与彩宝网口径可能不同，原样独立保留。,否,200,是,
彩宝网/8200,福彩3D,2026140,2026-05-30,285,745,045,https://www.8200.cn/kjh/3d/2026140.htm,福彩3D页面口径：同时列出开机号与试机号。,否,200,是,
彩宝网/8200,排列三,2026141,2026-05-31,215,688,,https://www.8200.cn/kjh/p3/2026141.htm,排列三页面所列三位试机号；排列三与排列五共用同一期体彩摇奖流程。,否,200,是,
一定牛/ydniu,排列五,2026141,2026-05-31,21582,09915,,https://m.ydniu.com/kaijiang/pl5/sjh/2026141.html,页面明确标注为排列五五位模拟试机号，属于互联网模拟数据，不是官方试机号。,是,200,是,
3D之家/3d178,福彩3D,2026141,2026-05-31,397,843,,https://www.3d178.cn/kaijiang/2026/2026141.shtml,3D之家页面所列试机号；与彩宝网口径可能不同，原样独立保留。,否,200,是,
彩宝网/8200,福彩3D,2026141,2026-05-31,397,838,047,https://www.8200.cn/kjh/3d/2026141.htm,福彩3D页面口径：同时列出开机号与试机号。,否,200,是,
彩宝网/8200,排列三,2026142,2026-06-01,916,173,,https://www.8200.cn/kjh/p3/2026142.htm,排列三页面所列三位试机号；排列三与排列五共用同一期体彩摇奖流程。,否,200,是,
一定牛/ydniu,排列五,2026142,2026-06-01,91617,87194,,https://m.ydniu.com/kaijiang/pl5/sjh/2026142.html,页面明确标注为排列五五位模拟试机号，属于互联网模拟数据，不是官方试机号。,是,200,是,
3D之家/3d178,福彩3D,2026142,2026-06-01,894,033,,https://www.3d178.cn/kaijiang/2026/2026142.shtml,3D之家页面所列试机号；与彩宝网口径可能不同，原样独立保留。,否,200,是,
彩宝网/8200,福彩3D,2026142,2026-06-01,894,934,089,https://www.8200.cn/kjh/3d/2026142.htm,福彩3D页面口径：同时列出开机号与试机号。,否,200,是,
彩宝网/8200,排列三,2026143,2026-06-02,744,695,,https://www.8200.cn/kjh/p3/2026143.htm,排列三页面所列三位试机号；排列三与排列五共用同一期体彩摇奖流程。,否,200,是,
一定牛/ydniu,排列五,2026143,2026-06-02,74400,55752,,https://m.ydniu.com/kaijiang/pl5/sjh/2026143.html,页面明确标注为排列五五位模拟试机号，属于互联网模拟数据，不是官方试机号。,是,200,是,
3D之家/3d178,福彩3D,2026143,2026-06-02,376,823,,https://www.3d178.cn/kaijiang/2026/2026143.shtml,3D之家页面所列试机号；与彩宝网口径可能不同，原样独立保留。,否,200,是,
彩宝网/8200,福彩3D,2026143,2026-06-02,376,105,813,https://www.8200.cn/kjh/3d/2026143.htm,福彩3D页面口径：同时列出开机号与试机号。,否,200,是,
彩宝网/8200,排列三,2026144,2026-06-03,462,837,,https://www.8200.cn/kjh/p3/2026144.htm,排列三页面所列三位试机号；排列三与排列五共用同一期体彩摇奖流程。,否,200,是,
一定牛/ydniu,排列五,2026144,2026-06-03,46265,49266,,https://m.ydniu.com/kaijiang/pl5/sjh/2026144.html,页面明确标注为排列五五位模拟试机号，属于互联网模拟数据，不是官方试机号。,是,200,是,
3D之家/3d178,福彩3D,2026144,2026-06-03,726,680,,https://www.3d178.cn/kaijiang/2026/2026144.shtml,3D之家页面所列试机号；与彩宝网口径可能不同，原样独立保留。,否,200,是,
彩宝网/8200,福彩3D,2026144,2026-06-03,726,337,198,https://www.8200.cn/kjh/3d/2026144.htm,福彩3D页面口径：同时列出开机号与试机号。,否,200,是,
彩宝网/8200,排列三,2026145,2026-06-04,993,299,,https://www.8200.cn/kjh/p3/2026145.htm,排列三页面所列三位试机号；排列三与排列五共用同一期体彩摇奖流程。,否,200,是,
一定牛/ydniu,排列五,2026145,2026-06-04,99300,62248,,https://m.ydniu.com/kaijiang/pl5/sjh/2026145.html,页面明确标注为排列五五位模拟试机号，属于互联网模拟数据，不是官方试机号。,是,200,是,
3D之家/3d178,福彩3D,2026145,2026-06-04,279,210,,https://www.3d178.cn/kaijiang/2026/2026145.shtml,3D之家页面所列试机号；与彩宝网口径可能不同，原样独立保留。,否,200,是,
彩宝网/8200,福彩3D,2026145,2026-06-04,279,769,762,https://www.8200.cn/kjh/3d/2026145.htm,福彩3D页面口径：同时列出开机号与试机号。,否,200,是,
彩宝网/8200,排列三,2026146,2026-06-05,154,755,,https://www.8200.cn/kjh/p3/2026146.htm,排列三页面所列三位试机号；排列三与排列五共用同一期体彩摇奖流程。,否,200,是,
一定牛/ydniu,排列五,2026146,2026-06-05,15492,39129,,https://m.ydniu.com/kaijiang/pl5/sjh/2026146.html,页面明确标注为排列五五位模拟试机号，属于互联网模拟数据，不是官方试机号。,是,200,是,
3D之家/3d178,福彩3D,2026146,2026-06-05,464,733,,https://www.3d178.cn/kaijiang/2026/2026146.shtml,3D之家页面所列试机号；与彩宝网口径可能不同，原样独立保留。,否,200,是,
彩宝网/8200,福彩3D,2026146,2026-06-05,464,512,134,https://www.8200.cn/kjh/3d/2026146.htm,福彩3D页面口径：同时列出开机号与试机号。,否,200,是,
彩宝网/8200,排列三,2026147,2026-06-06,590,638,,https://www.8200.cn/kjh/p3/2026147.htm,排列三页面所列三位试机号；排列三与排列五共用同一期体彩摇奖流程。,否,200,是,
一定牛/ydniu,排列五,2026147,2026-06-06,59053,24140,,https://m.ydniu.com/kaijiang/pl5/sjh/2026147.html,页面明确标注为排列五五位模拟试机号，属于互联网模拟数据，不是官方试机号。,是,200,是,
3D之家/3d178,福彩3D,2026147,2026-06-06,712,729,,https://www.3d178.cn/kaijiang/2026/2026147.shtml,3D之家页面所列试机号；与彩宝网口径可能不同，原样独立保留。,否,200,是,
彩宝网/8200,福彩3D,2026147,2026-06-06,712,308,607,https://www.8200.cn/kjh/3d/2026147.htm,福彩3D页面口径：同时列出开机号与试机号。,否,200,是,
彩宝网/8200,排列三,2026148,2026-06-07,065,309,,https://www.8200.cn/kjh/p3/2026148.htm,排列三页面所列三位试机号；排列三与排列五共用同一期体彩摇奖流程。,否,200,是,
一定牛/ydniu,排列五,2026148,2026-06-07,06562,64121,,https://m.ydniu.com/kaijiang/pl5/sjh/2026148.html,页面明确标注为排列五五位模拟试机号，属于互联网模拟数据，不是官方试机号。,是,200,是,
3D之家/3d178,福彩3D,2026148,2026-06-07,408,896,,https://www.3d178.cn/kaijiang/2026/2026148.shtml,3D之家页面所列试机号；与彩宝网口径可能不同，原样独立保留。,否,200,是,
彩宝网/8200,福彩3D,2026148,2026-06-07,408,941,250,https://www.8200.cn/kjh/3d/2026148.htm,福彩3D页面口径：同时列出开机号与试机号。,否,200,是,
彩宝网/8200,排列三,2026149,2026-06-08,325,796,,https://www.8200.cn/kjh/p3/2026149.htm,排列三页面所列三位试机号；排列三与排列五共用同一期体彩摇奖流程。,否,200,是,
一定牛/ydniu,排列五,2026149,2026-06-08,32533,58906,,https://m.ydniu.com/kaijiang/pl5/sjh/2026149.html,页面明确标注为排列五五位模拟试机号，属于互联网模拟数据，不是官方试机号。,是,200,是,
3D之家/3d178,福彩3D,2026149,2026-06-08,696,012,,https://www.3d178.cn/kaijiang/2026/2026149.shtml,3D之家页面所列试机号；与彩宝网口径可能不同，原样独立保留。,否,200,是,
彩宝网/8200,福彩3D,2026149,2026-06-08,696,878,105,https://www.8200.cn/kjh/3d/2026149.htm,福彩3D页面口径：同时列出开机号与试机号。,否,200,是,
彩宝网/8200,排列三,2026150,2026-06-09,340,334,,https://www.8200.cn/kjh/p3/2026150.htm,排列三页面所列三位试机号；排列三与排列五共用同一期体彩摇奖流程。,否,200,是,
一定牛/ydniu,排列五,2026150,2026-06-09,34071,22833,,https://m.ydniu.com/kaijiang/pl5/sjh/2026150.html,页面明确标注为排列五五位模拟试机号，属于互联网模拟数据，不是官方试机号。,是,200,是,
3D之家/3d178,福彩3D,2026150,2026-06-09,720,156,,https://www.3d178.cn/kaijiang/2026/2026150.shtml,3D之家页面所列试机号；与彩宝网口径可能不同，原样独立保留。,否,200,是,
彩宝网/8200,福彩3D,2026150,2026-06-09,720,564,839,https://www.8200.cn/kjh/3d/2026150.htm,福彩3D页面口径：同时列出开机号与试机号。,否,200,是,
彩宝网/8200,排列三,2026151,2026-06-10,983,513,,https://www.8200.cn/kjh/p3/2026151.htm,排列三页面所列三位试机号；排列三与排列五共用同一期体彩摇奖流程。,否,200,是,
一定牛/ydniu,排列五,2026151,2026-06-10,98394,81185,,https://m.ydniu.com/kaijiang/pl5/sjh/2026151.html,页面明确标注为排列五五位模拟试机号，属于互联网模拟数据，不是官方试机号。,是,200,是,
3D之家/3d178,福彩3D,2026151,2026-06-10,631,707,,https://www.3d178.cn/kaijiang/2026/2026151.shtml,3D之家页面所列试机号；与彩宝网口径可能不同，原样独立保留。,否,200,是,
彩宝网/8200,福彩3D,2026151,2026-06-10,631,753,034,https://www.8200.cn/kjh/3d/2026151.htm,福彩3D页面口径：同时列出开机号与试机号。,否,200,是,
彩宝网/8200,排列三,2026152,2026-06-11,151,743,,https://www.8200.cn/kjh/p3/2026152.htm,排列三页面所列三位试机号；排列三与排列五共用同一期体彩摇奖流程。,否,200,是,
一定牛/ydniu,排列五,2026152,2026-06-11,15148,16887,,https://m.ydniu.com/kaijiang/pl5/sjh/2026152.html,页面明确标注为排列五五位模拟试机号，属于互联网模拟数据，不是官方试机号。,是,200,是,
3D之家/3d178,福彩3D,2026152,2026-06-11,220,585,,https://www.3d178.cn/kaijiang/2026/2026152.shtml,3D之家页面所列试机号；与彩宝网口径可能不同，原样独立保留。,否,200,是,
彩宝网/8200,福彩3D,2026152,2026-06-11,220,924,641,https://www.8200.cn/kjh/3d/2026152.htm,福彩3D页面口径：同时列出开机号与试机号。,否,200,是,
彩宝网/8200,排列三,2026153,2026-06-12,389,845,,https://www.8200.cn/kjh/p3/2026153.htm,排列三页面所列三位试机号；排列三与排列五共用同一期体彩摇奖流程。,否,200,是,
一定牛/ydniu,排列五,2026153,2026-06-12,38949,34429,,https://m.ydniu.com/kaijiang/pl5/sjh/2026153.html,页面明确标注为排列五五位模拟试机号，属于互联网模拟数据，不是官方试机号。,是,200,是,
3D之家/3d178,福彩3D,2026153,2026-06-12,887,797,,https://www.3d178.cn/kaijiang/2026/2026153.shtml,3D之家页面所列试机号；与彩宝网口径可能不同，原样独立保留。,否,200,是,
彩宝网/8200,福彩3D,2026153,2026-06-12,887,446,013,https://www.8200.cn/kjh/3d/2026153.htm,福彩3D页面口径：同时列出开机号与试机号。,否,200,是,
彩宝网/8200,排列三,2026154,2026-06-13,473,639,,https://www.8200.cn/kjh/p3/2026154.htm,排列三页面所列三位试机号；排列三与排列五共用同一期体彩摇奖流程。,否,200,是,
一定牛/ydniu,排列五,2026154,2026-06-13,47386,32610,,https://m.ydniu.com/kaijiang/pl5/sjh/2026154.html,页面明确标注为排列五五位模拟试机号，属于互联网模拟数据，不是官方试机号。,是,200,是,
3D之家/3d178,福彩3D,2026154,2026-06-13,377,699,,https://www.3d178.cn/kaijiang/2026/2026154.shtml,3D之家页面所列试机号；与彩宝网口径可能不同，原样独立保留。,否,200,是,
彩宝网/8200,福彩3D,2026154,2026-06-13,377,725,415,https://www.8200.cn/kjh/3d/2026154.htm,福彩3D页面口径：同时列出开机号与试机号。,否,200,是,
彩宝网/8200,排列三,2026155,2026-06-14,485,760,,https://www.8200.cn/kjh/p3/2026155.htm,排列三页面所列三位试机号；排列三与排列五共用同一期体彩摇奖流程。,否,200,是,
一定牛/ydniu,排列五,2026155,2026-06-14,48547,73370,,https://m.ydniu.com/kaijiang/pl5/sjh/2026155.html,页面明确标注为排列五五位模拟试机号，属于互联网模拟数据，不是官方试机号。,是,200,是,
3D之家/3d178,福彩3D,2026155,2026-06-14,409,903,,https://www.3d178.cn/kaijiang/2026/2026155.shtml,3D之家页面所列试机号；与彩宝网口径可能不同，原样独立保留。,否,200,是,
彩宝网/8200,福彩3D,2026155,2026-06-14,409,161,597,https://www.8200.cn/kjh/3d/2026155.htm,福彩3D页面口径：同时列出开机号与试机号。,否,200,是,
彩宝网/8200,排列三,2026156,2026-06-15,641,738,,https://www.8200.cn/kjh/p3/2026156.htm,排列三页面所列三位试机号；排列三与排列五共用同一期体彩摇奖流程。,否,200,是,
一定牛/ydniu,排列五,2026156,2026-06-15,64170,62645,,https://m.ydniu.com/kaijiang/pl5/sjh/2026156.html,页面明确标注为排列五五位模拟试机号，属于互联网模拟数据，不是官方试机号。,是,200,是,
3D之家/3d178,福彩3D,2026156,2026-06-15,162,162,,https://www.3d178.cn/kaijiang/2026/2026156.shtml,3D之家页面所列试机号；与彩宝网口径可能不同，原样独立保留。,否,200,是,
彩宝网/8200,福彩3D,2026156,2026-06-15,162,234,235,https://www.8200.cn/kjh/3d/2026156.htm,福彩3D页面口径：同时列出开机号与试机号。,否,200,是,
彩宝网/8200,排列三,2026157,2026-06-16,830,211,,https://www.8200.cn/kjh/p3/2026157.htm,排列三页面所列三位试机号；排列三与排列五共用同一期体彩摇奖流程。,否,200,是,
一定牛/ydniu,排列五,2026157,2026-06-16,83034,08550,,https://m.ydniu.com/kaijiang/pl5/sjh/2026157.html,页面明确标注为排列五五位模拟试机号，属于互联网模拟数据，不是官方试机号。,是,200,是,
3D之家/3d178,福彩3D,2026157,2026-06-16,327,634,,https://www.3d178.cn/kaijiang/2026/2026157.shtml,3D之家页面所列试机号；与彩宝网口径可能不同，原样独立保留。,否,200,是,
彩宝网/8200,福彩3D,2026157,2026-06-16,327,695,068,https://www.8200.cn/kjh/3d/2026157.htm,福彩3D页面口径：同时列出开机号与试机号。,否,200,是,
彩宝网/8200,排列三,2026158,2026-06-17,911,916,,https://www.8200.cn/kjh/p3/2026158.htm,排列三页面所列三位试机号；排列三与排列五共用同一期体彩摇奖流程。,否,200,是,
一定牛/ydniu,排列五,2026158,2026-06-17,91133,85322,,https://m.ydniu.com/kaijiang/pl5/sjh/2026158.html,页面明确标注为排列五五位模拟试机号，属于互联网模拟数据，不是官方试机号。,是,200,是,
3D之家/3d178,福彩3D,2026158,2026-06-17,178,834,,https://www.3d178.cn/kaijiang/2026/2026158.shtml,3D之家页面所列试机号；与彩宝网口径可能不同，原样独立保留。,否,200,是,
彩宝网/8200,福彩3D,2026158,2026-06-17,178,204,064,https://www.8200.cn/kjh/3d/2026158.htm,福彩3D页面口径：同时列出开机号与试机号。,否,200,是,
彩宝网/8200,排列三,2026159,2026-06-18,557,204,,https://www.8200.cn/kjh/p3/2026159.htm,排列三页面所列三位试机号；排列三与排列五共用同一期体彩摇奖流程。,否,200,是,
一定牛/ydniu,排列五,2026159,2026-06-18,55760,18767,,https://m.ydniu.com/kaijiang/pl5/sjh/2026159.html,页面明确标注为排列五五位模拟试机号，属于互联网模拟数据，不是官方试机号。,是,200,是,
3D之家/3d178,福彩3D,2026159,2026-06-18,995,508,,https://www.3d178.cn/kaijiang/2026/2026159.shtml,3D之家页面所列试机号；与彩宝网口径可能不同，原样独立保留。,否,200,是,
彩宝网/8200,福彩3D,2026159,2026-06-18,995,434,278,https://www.8200.cn/kjh/3d/2026159.htm,福彩3D页面口径：同时列出开机号与试机号。,否,200,是,
彩宝网/8200,排列三,2026160,2026-06-19,551,249,,https://www.8200.cn/kjh/p3/2026160.htm,排列三页面所列三位试机号；排列三与排列五共用同一期体彩摇奖流程。,否,200,是,
一定牛/ydniu,排列五,2026160,2026-06-19,55164,13490,,https://m.ydniu.com/kaijiang/pl5/sjh/2026160.html,页面明确标注为排列五五位模拟试机号，属于互联网模拟数据，不是官方试机号。,是,200,是,
3D之家/3d178,福彩3D,2026160,2026-06-19,332,895,,https://www.3d178.cn/kaijiang/2026/2026160.shtml,3D之家页面所列试机号；与彩宝网口径可能不同，原样独立保留。,否,200,是,
彩宝网/8200,福彩3D,2026160,2026-06-19,332,138,759,https://www.8200.cn/kjh/3d/2026160.htm,福彩3D页面口径：同时列出开机号与试机号。,否,200,是,
彩宝网/8200,排列三,2026161,2026-06-20,562,130,,https://www.8200.cn/kjh/p3/2026161.htm,排列三页面所列三位试机号；排列三与排列五共用同一期体彩摇奖流程。,否,200,是,
一定牛/ydniu,排列五,2026161,2026-06-20,56205,47994,,https://m.ydniu.com/kaijiang/pl5/sjh/2026161.html,页面明确标注为排列五五位模拟试机号，属于互联网模拟数据，不是官方试机号。,是,200,是,
3D之家/3d178,福彩3D,2026161,2026-06-20,529,114,,https://www.3d178.cn/kaijiang/2026/2026161.shtml,3D之家页面所列试机号；与彩宝网口径可能不同，原样独立保留。,否,200,是,
彩宝网/8200,福彩3D,2026161,2026-06-20,529,405,953,https://www.8200.cn/kjh/3d/2026161.htm,福彩3D页面口径：同时列出开机号与试机号。,否,200,是,
彩宝网/8200,排列三,2026162,2026-06-21,369,813,,https://www.8200.cn/kjh/p3/2026162.htm,排列三页面所列三位试机号；排列三与排列五共用同一期体彩摇奖流程。,否,200,是,
一定牛/ydniu,排列五,2026162,2026-06-21,36963,22500,,https://m.ydniu.com/kaijiang/pl5/sjh/2026162.html,页面明确标注为排列五五位模拟试机号，属于互联网模拟数据，不是官方试机号。,是,200,是,
3D之家/3d178,福彩3D,2026162,2026-06-21,585,289,,https://www.3d178.cn/kaijiang/2026/2026162.shtml,3D之家页面所列试机号；与彩宝网口径可能不同，原样独立保留。,否,200,是,
彩宝网/8200,福彩3D,2026162,2026-06-21,585,866,916,https://www.8200.cn/kjh/3d/2026162.htm,福彩3D页面口径：同时列出开机号与试机号。,否,200,是,
彩宝网/8200,排列三,2026163,2026-06-22,346,958,,https://www.8200.cn/kjh/p3/2026163.htm,排列三页面所列三位试机号；排列三与排列五共用同一期体彩摇奖流程。,否,200,是,
一定牛/ydniu,排列五,2026163,2026-06-22,34649,18901,,https://m.ydniu.com/kaijiang/pl5/sjh/2026163.html,页面明确标注为排列五五位模拟试机号，属于互联网模拟数据，不是官方试机号。,是,200,是,
3D之家/3d178,福彩3D,2026163,2026-06-22,537,466,,https://www.3d178.cn/kaijiang/2026/2026163.shtml,3D之家页面所列试机号；与彩宝网口径可能不同，原样独立保留。,否,200,是,
彩宝网/8200,福彩3D,2026163,2026-06-22,537,715,951,https://www.8200.cn/kjh/3d/2026163.htm,福彩3D页面口径：同时列出开机号与试机号。,否,200,是,
彩宝网/8200,排列三,2026164,2026-06-23,715,403,,https://www.8200.cn/kjh/p3/2026164.htm,排列三页面所列三位试机号；排列三与排列五共用同一期体彩摇奖流程。,否,200,是,
一定牛/ydniu,排列五,2026164,2026-06-23,71572,42381,,https://m.ydniu.com/kaijiang/pl5/sjh/2026164.html,页面明确标注为排列五五位模拟试机号，属于互联网模拟数据，不是官方试机号。,是,200,是,
3D之家/3d178,福彩3D,2026164,2026-06-23,690,620,,https://www.3d178.cn/kaijiang/2026/2026164.shtml,3D之家页面所列试机号；与彩宝网口径可能不同，原样独立保留。,否,200,是,
彩宝网/8200,福彩3D,2026164,2026-06-23,690,037,012,https://www.8200.cn/kjh/3d/2026164.htm,福彩3D页面口径：同时列出开机号与试机号。,否,200,是,
彩宝网/8200,排列三,2026165,2026-06-24,294,405,,https://www.8200.cn/kjh/p3/2026165.htm,排列三页面所列三位试机号；排列三与排列五共用同一期体彩摇奖流程。,否,200,是,
一定牛/ydniu,排列五,2026165,2026-06-24,29449,17636,,https://m.ydniu.com/kaijiang/pl5/sjh/2026165.html,页面明确标注为排列五五位模拟试机号，属于互联网模拟数据，不是官方试机号。,是,200,是,
3D之家/3d178,福彩3D,2026165,2026-06-24,424,894,,https://www.3d178.cn/kaijiang/2026/2026165.shtml,3D之家页面所列试机号；与彩宝网口径可能不同，原样独立保留。,否,200,是,
彩宝网/8200,福彩3D,2026165,2026-06-24,424,680,875,https://www.8200.cn/kjh/3d/2026165.htm,福彩3D页面口径：同时列出开机号与试机号。,否,200,是,
彩宝网/8200,排列三,2026166,2026-06-25,229,405,,https://www.8200.cn/kjh/p3/2026166.htm,排列三页面所列三位试机号；排列三与排列五共用同一期体彩摇奖流程。,否,200,是,
一定牛/ydniu,排列五,2026166,2026-06-25,22950,79717,,https://m.ydniu.com/kaijiang/pl5/sjh/2026166.html,页面明确标注为排列五五位模拟试机号，属于互联网模拟数据，不是官方试机号。,是,200,是,
3D之家/3d178,福彩3D,2026166,2026-06-25,900,394,,https://www.3d178.cn/kaijiang/2026/2026166.shtml,3D之家页面所列试机号；与彩宝网口径可能不同，原样独立保留。,否,200,是,
彩宝网/8200,福彩3D,2026166,2026-06-25,900,247,234,https://www.8200.cn/kjh/3d/2026166.htm,福彩3D页面口径：同时列出开机号与试机号。,否,200,是,
彩宝网/8200,排列三,2026167,2026-06-26,012,803,,https://www.8200.cn/kjh/p3/2026167.htm,排列三页面所列三位试机号；排列三与排列五共用同一期体彩摇奖流程。,否,200,是,
一定牛/ydniu,排列五,2026167,2026-06-26,01231,57102,,https://m.ydniu.com/kaijiang/pl5/sjh/2026167.html,页面明确标注为排列五五位模拟试机号，属于互联网模拟数据，不是官方试机号。,是,200,是,
3D之家/3d178,福彩3D,2026167,2026-06-26,631,638,,https://www.3d178.cn/kaijiang/2026/2026167.shtml,3D之家页面所列试机号；与彩宝网口径可能不同，原样独立保留。,否,200,是,
彩宝网/8200,福彩3D,2026167,2026-06-26,631,938,387,https://www.8200.cn/kjh/3d/2026167.htm,福彩3D页面口径：同时列出开机号与试机号。,否,200,是,
彩宝网/8200,排列三,2026168,2026-06-27,192,273,,https://www.8200.cn/kjh/p3/2026168.htm,排列三页面所列三位试机号；排列三与排列五共用同一期体彩摇奖流程。,否,200,是,
一定牛/ydniu,排列五,2026168,2026-06-27,19274,43240,,https://m.ydniu.com/kaijiang/pl5/sjh/2026168.html,页面明确标注为排列五五位模拟试机号，属于互联网模拟数据，不是官方试机号。,是,200,是,
3D之家/3d178,福彩3D,2026168,2026-06-27,130,460,,https://www.3d178.cn/kaijiang/2026/2026168.shtml,3D之家页面所列试机号；与彩宝网口径可能不同，原样独立保留。,否,200,是,
彩宝网/8200,福彩3D,2026168,2026-06-27,130,716,586,https://www.8200.cn/kjh/3d/2026168.htm,福彩3D页面口径：同时列出开机号与试机号。,否,200,是,
彩宝网/8200,排列三,2026169,2026-06-28,884,452,,https://www.8200.cn/kjh/p3/2026169.htm,排列三页面所列三位试机号；排列三与排列五共用同一期体彩摇奖流程。,否,200,是,
一定牛/ydniu,排列五,2026169,2026-06-28,88473,16520,,https://m.ydniu.com/kaijiang/pl5/sjh/2026169.html,页面明确标注为排列五五位模拟试机号，属于互联网模拟数据，不是官方试机号。,是,200,是,
3D之家/3d178,福彩3D,2026169,2026-06-28,832,342,,https://www.3d178.cn/kaijiang/2026/2026169.shtml,3D之家页面所列试机号；与彩宝网口径可能不同，原样独立保留。,否,200,是,
彩宝网/8200,福彩3D,2026169,2026-06-28,832,523,267,https://www.8200.cn/kjh/3d/2026169.htm,福彩3D页面口径：同时列出开机号与试机号。,否,200,是,
彩宝网/8200,排列三,2026170,2026-06-29,417,935,,https://www.8200.cn/kjh/p3/2026170.htm,排列三页面所列三位试机号；排列三与排列五共用同一期体彩摇奖流程。,否,200,是,
一定牛/ydniu,排列五,2026170,2026-06-29,41772,46932,,https://m.ydniu.com/kaijiang/pl5/sjh/2026170.html,页面明确标注为排列五五位模拟试机号，属于互联网模拟数据，不是官方试机号。,是,200,是,
3D之家/3d178,福彩3D,2026170,2026-06-29,805,861,,https://www.3d178.cn/kaijiang/2026/2026170.shtml,3D之家页面所列试机号；与彩宝网口径可能不同，原样独立保留。,否,200,是,
彩宝网/8200,福彩3D,2026170,2026-06-29,805,804,045,https://www.8200.cn/kjh/3d/2026170.htm,福彩3D页面口径：同时列出开机号与试机号。,否,200,是,
彩宝网/8200,排列三,2026171,2026-06-30,048,970,,https://www.8200.cn/kjh/p3/2026171.htm,排列三页面所列三位试机号；排列三与排列五共用同一期体彩摇奖流程。,否,200,是,
一定牛/ydniu,排列五,2026171,2026-06-30,04817,30579,,https://m.ydniu.com/kaijiang/pl5/sjh/2026171.html,页面明确标注为排列五五位模拟试机号，属于互联网模拟数据，不是官方试机号。,是,200,是,
3D之家/3d178,福彩3D,2026171,2026-06-30,134,844,,https://www.3d178.cn/kaijiang/2026/2026171.shtml,3D之家页面所列试机号；与彩宝网口径可能不同，原样独立保留。,否,200,是,
彩宝网/8200,福彩3D,2026171,2026-06-30,134,597,982,https://www.8200.cn/kjh/3d/2026171.htm,福彩3D页面口径：同时列出开机号与试机号。,否,200,是,
彩宝网/8200,排列三,2026172,2026-07-01,771,686,,https://www.8200.cn/kjh/p3/2026172.htm,排列三页面所列三位试机号；排列三与排列五共用同一期体彩摇奖流程。,否,200,是,
一定牛/ydniu,排列五,2026172,2026-07-01,77115,40291,,https://m.ydniu.com/kaijiang/pl5/sjh/2026172.html,页面明确标注为排列五五位模拟试机号，属于互联网模拟数据，不是官方试机号。,是,200,是,
3D之家/3d178,福彩3D,2026172,2026-07-01,445,357,,https://www.3d178.cn/kaijiang/2026/2026172.shtml,3D之家页面所列试机号；与彩宝网口径可能不同，原样独立保留。,否,200,是,
彩宝网/8200,福彩3D,2026172,2026-07-01,445,855,850,https://www.8200.cn/kjh/3d/2026172.htm,福彩3D页面口径：同时列出开机号与试机号。,否,200,是,
彩宝网/8200,排列三,2026173,2026-07-02,259,933,,https://www.8200.cn/kjh/p3/2026173.htm,排列三页面所列三位试机号；排列三与排列五共用同一期体彩摇奖流程。,否,200,是,
一定牛/ydniu,排列五,2026173,2026-07-02,25975,82844,,https://m.ydniu.com/kaijiang/pl5/sjh/2026173.html,页面明确标注为排列五五位模拟试机号，属于互联网模拟数据，不是官方试机号。,是,200,是,
3D之家/3d178,福彩3D,2026173,2026-07-02,677,433,,https://www.3d178.cn/kaijiang/2026/2026173.shtml,3D之家页面所列试机号；与彩宝网口径可能不同，原样独立保留。,否,200,是,
彩宝网/8200,福彩3D,2026173,2026-07-02,677,462,280,https://www.8200.cn/kjh/3d/2026173.htm,福彩3D页面口径：同时列出开机号与试机号。,否,200,是,
彩宝网/8200,排列三,2026174,2026-07-03,157,658,,https://www.8200.cn/kjh/p3/2026174.htm,排列三页面所列三位试机号；排列三与排列五共用同一期体彩摇奖流程。,否,200,是,
一定牛/ydniu,排列五,2026174,2026-07-03,15766,14087,,https://m.ydniu.com/kaijiang/pl5/sjh/2026174.html,页面明确标注为排列五五位模拟试机号，属于互联网模拟数据，不是官方试机号。,是,200,是,
3D之家/3d178,福彩3D,2026174,2026-07-03,618,012,,https://www.3d178.cn/kaijiang/2026/2026174.shtml,3D之家页面所列试机号；与彩宝网口径可能不同，原样独立保留。,否,200,是,
彩宝网/8200,福彩3D,2026174,2026-07-03,618,330,580,https://www.8200.cn/kjh/3d/2026174.htm,福彩3D页面口径：同时列出开机号与试机号。,否,200,是,
彩宝网/8200,排列三,2026175,2026-07-04,838,870,,https://www.8200.cn/kjh/p3/2026175.htm,排列三页面所列三位试机号；排列三与排列五共用同一期体彩摇奖流程。,否,200,是,
一定牛/ydniu,排列五,2026175,2026-07-04,83813,89920,,https://m.ydniu.com/kaijiang/pl5/sjh/2026175.html,页面明确标注为排列五五位模拟试机号，属于互联网模拟数据，不是官方试机号。,是,200,是,
3D之家/3d178,福彩3D,2026175,2026-07-04,421,980,,https://www.3d178.cn/kaijiang/2026/2026175.shtml,3D之家页面所列试机号；与彩宝网口径可能不同，原样独立保留。,否,200,是,
彩宝网/8200,福彩3D,2026175,2026-07-04,421,246,249,https://www.8200.cn/kjh/3d/2026175.htm,福彩3D页面口径：同时列出开机号与试机号。,否,200,是,
彩宝网/8200,排列三,2026176,2026-07-05,584,459,,https://www.8200.cn/kjh/p3/2026176.htm,排列三页面所列三位试机号；排列三与排列五共用同一期体彩摇奖流程。,否,200,是,
一定牛/ydniu,排列五,2026176,2026-07-05,58481,15074,,https://m.ydniu.com/kaijiang/pl5/sjh/2026176.html,页面明确标注为排列五五位模拟试机号，属于互联网模拟数据，不是官方试机号。,是,200,是,
3D之家/3d178,福彩3D,2026176,2026-07-05,269,547,,https://www.3d178.cn/kaijiang/2026/2026176.shtml,3D之家页面所列试机号；与彩宝网口径可能不同，原样独立保留。,否,200,是,
彩宝网/8200,福彩3D,2026176,2026-07-05,269,547,854,https://www.8200.cn/kjh/3d/2026176.htm,福彩3D页面口径：同时列出开机号与试机号。,否,200,是,
彩宝网/8200,排列三,2026177,2026-07-06,826,786,,https://www.8200.cn/kjh/p3/2026177.htm,排列三页面所列三位试机号；排列三与排列五共用同一期体彩摇奖流程。,否,200,是,
一定牛/ydniu,排列五,2026177,2026-07-06,82670,36226,,https://m.ydniu.com/kaijiang/pl5/sjh/2026177.html,页面明确标注为排列五五位模拟试机号，属于互联网模拟数据，不是官方试机号。,是,200,是,
3D之家/3d178,福彩3D,2026177,2026-07-06,808,892,,https://www.3d178.cn/kaijiang/2026/2026177.shtml,3D之家页面所列试机号；与彩宝网口径可能不同，原样独立保留。,否,200,是,
彩宝网/8200,福彩3D,2026177,2026-07-06,808,169,590,https://www.8200.cn/kjh/3d/2026177.htm,福彩3D页面口径：同时列出开机号与试机号。,否,200,是,
彩宝网/8200,排列三,2026178,2026-07-07,837,920,,https://www.8200.cn/kjh/p3/2026178.htm,排列三页面所列三位试机号；排列三与排列五共用同一期体彩摇奖流程。,否,200,是,
一定牛/ydniu,排列五,2026178,2026-07-07,83799,55503,,https://m.ydniu.com/kaijiang/pl5/sjh/2026178.html,页面明确标注为排列五五位模拟试机号，属于互联网模拟数据，不是官方试机号。,是,200,是,
3D之家/3d178,福彩3D,2026178,2026-07-07,266,192,,https://www.3d178.cn/kaijiang/2026/2026178.shtml,3D之家页面所列试机号；与彩宝网口径可能不同，原样独立保留。,否,200,是,
彩宝网/8200,福彩3D,2026178,2026-07-07,266,373,408,https://www.8200.cn/kjh/3d/2026178.htm,福彩3D页面口径：同时列出开机号与试机号。,否,200,是,
彩宝网/8200,排列三,2026179,2026-07-08,396,504,,https://www.8200.cn/kjh/p3/2026179.htm,排列三页面所列三位试机号；排列三与排列五共用同一期体彩摇奖流程。,否,200,是,
一定牛/ydniu,排列五,2026179,2026-07-08,39623,52659,,https://m.ydniu.com/kaijiang/pl5/sjh/2026179.html,页面明确标注为排列五五位模拟试机号，属于互联网模拟数据，不是官方试机号。,是,200,是,
3D之家/3d178,福彩3D,2026179,2026-07-08,993,283,,https://www.3d178.cn/kaijiang/2026/2026179.shtml,3D之家页面所列试机号；与彩宝网口径可能不同，原样独立保留。,否,200,是,
彩宝网/8200,福彩3D,2026179,2026-07-08,993,412,681,https://www.8200.cn/kjh/3d/2026179.htm,福彩3D页面口径：同时列出开机号与试机号。,否,200,是,
彩宝网/8200,排列三,2026180,2026-07-09,005,725,,https://www.8200.cn/kjh/p3/2026180.htm,排列三页面所列三位试机号；排列三与排列五共用同一期体彩摇奖流程。,否,200,是,
一定牛/ydniu,排列五,2026180,2026-07-09,00572,19775,,https://m.ydniu.com/kaijiang/pl5/sjh/2026180.html,页面明确标注为排列五五位模拟试机号，属于互联网模拟数据，不是官方试机号。,是,200,是,
3D之家/3d178,福彩3D,2026180,2026-07-09,520,930,,https://www.3d178.cn/kaijiang/2026/2026180.shtml,3D之家页面所列试机号；与彩宝网口径可能不同，原样独立保留。,否,200,是,
彩宝网/8200,福彩3D,2026180,2026-07-09,520,875,056,https://www.8200.cn/kjh/3d/2026180.htm,福彩3D页面口径：同时列出开机号与试机号。,否,200,是,
彩宝网/8200,排列三,2026181,2026-07-10,124,928,,https://www.8200.cn/kjh/p3/2026181.htm,排列三页面所列三位试机号；排列三与排列五共用同一期体彩摇奖流程。,否,200,是,
一定牛/ydniu,排列五,2026181,2026-07-10,12444,05108,,https://m.ydniu.com/kaijiang/pl5/sjh/2026181.html,页面明确标注为排列五五位模拟试机号，属于互联网模拟数据，不是官方试机号。,是,200,是,
3D之家/3d178,福彩3D,2026181,2026-07-10,818,149,,https://www.3d178.cn/kaijiang/2026/2026181.shtml,3D之家页面所列试机号；与彩宝网口径可能不同，原样独立保留。,否,200,是,
彩宝网/8200,福彩3D,2026181,2026-07-10,818,946,385,https://www.8200.cn/kjh/3d/2026181.htm,福彩3D页面口径：同时列出开机号与试机号。,否,200,是,
彩宝网/8200,排列三,2026182,2026-07-11,313,724,,https://www.8200.cn/kjh/p3/2026182.htm,排列三页面所列三位试机号；排列三与排列五共用同一期体彩摇奖流程。,否,200,是,
一定牛/ydniu,排列五,2026182,2026-07-11,31340,82952,,https://m.ydniu.com/kaijiang/pl5/sjh/2026182.html,页面明确标注为排列五五位模拟试机号，属于互联网模拟数据，不是官方试机号。,是,200,是,
3D之家/3d178,福彩3D,2026182,2026-07-11,662,087,,https://www.3d178.cn/kaijiang/2026/2026182.shtml,3D之家页面所列试机号；与彩宝网口径可能不同，原样独立保留。,否,200,是,
彩宝网/8200,福彩3D,2026182,2026-07-11,662,780,931,https://www.8200.cn/kjh/3d/2026182.htm,福彩3D页面口径：同时列出开机号与试机号。,否,200,是,
彩宝网/8200,排列三,2026183,2026-07-12,352,632,,https://www.8200.cn/kjh/p3/2026183.htm,排列三页面所列三位试机号；排列三与排列五共用同一期体彩摇奖流程。,否,200,是,
一定牛/ydniu,排列五,2026183,2026-07-12,35262,05305,,https://m.ydniu.com/kaijiang/pl5/sjh/2026183.html,页面明确标注为排列五五位模拟试机号，属于互联网模拟数据，不是官方试机号。,是,200,是,
3D之家/3d178,福彩3D,2026183,2026-07-12,923,297,,https://www.3d178.cn/kaijiang/2026/2026183.shtml,3D之家页面所列试机号；与彩宝网口径可能不同，原样独立保留。,否,200,是,
彩宝网/8200,福彩3D,2026183,2026-07-12,923,525,130,https://www.8200.cn/kjh/3d/2026183.htm,福彩3D页面口径：同时列出开机号与试机号。,否,200,是,
彩宝网/8200,排列三,2026184,2026-07-13,142,119,,https://www.8200.cn/kjh/p3/2026184.htm,排列三页面所列三位试机号；排列三与排列五共用同一期体彩摇奖流程。,否,200,是,
一定牛/ydniu,排列五,2026184,2026-07-13,14246,71123,,https://m.ydniu.com/kaijiang/pl5/sjh/2026184.html,页面明确标注为排列五五位模拟试机号，属于互联网模拟数据，不是官方试机号。,是,200,是,
3D之家/3d178,福彩3D,2026184,2026-07-13,902,351,,https://www.3d178.cn/kaijiang/2026/2026184.shtml,3D之家页面所列试机号；与彩宝网口径可能不同，原样独立保留。,否,200,是,
彩宝网/8200,福彩3D,2026184,2026-07-13,902,806,328,https://www.8200.cn/kjh/3d/2026184.htm,福彩3D页面口径：同时列出开机号与试机号。,否,200,是,
彩宝网/8200,排列三,2026185,2026-07-14,785,331,,https://www.8200.cn/kjh/p3/2026185.htm,排列三页面所列三位试机号；排列三与排列五共用同一期体彩摇奖流程。,否,200,是,
一定牛/ydniu,排列五,2026185,2026-07-14,78579,71628,,https://m.ydniu.com/kaijiang/pl5/sjh/2026185.html,页面明确标注为排列五五位模拟试机号，属于互联网模拟数据，不是官方试机号。,是,200,是,
3D之家/3d178,福彩3D,2026185,2026-07-14,397,999,,https://www.3d178.cn/kaijiang/2026/2026185.shtml,3D之家页面所列试机号；与彩宝网口径可能不同，原样独立保留。,否,200,是,
彩宝网/8200,福彩3D,2026185,2026-07-14,397,614,073,https://www.8200.cn/kjh/3d/2026185.htm,福彩3D页面口径：同时列出开机号与试机号。,否,200,是,
彩宝网/8200,排列三,2026186,2026-07-15,665,413,,https://www.8200.cn/kjh/p3/2026186.htm,排列三页面所列三位试机号；排列三与排列五共用同一期体彩摇奖流程。,否,200,是,
一定牛/ydniu,排列五,2026186,2026-07-15,66501,00249,,https://m.ydniu.com/kaijiang/pl5/sjh/2026186.html,页面明确标注为排列五五位模拟试机号，属于互联网模拟数据，不是官方试机号。,是,200,是,
3D之家/3d178,福彩3D,2026186,2026-07-15,045,960,,https://www.3d178.cn/kaijiang/2026/2026186.shtml,3D之家页面所列试机号；与彩宝网口径可能不同，原样独立保留。,否,200,是,
彩宝网/8200,福彩3D,2026186,2026-07-15,045,209,051,https://www.8200.cn/kjh/3d/2026186.htm,福彩3D页面口径：同时列出开机号与试机号。,否,200,是,
彩宝网/8200,排列三,2026187,2026-07-16,086,587,,https://www.8200.cn/kjh/p3/2026187.htm,排列三页面所列三位试机号；排列三与排列五共用同一期体彩摇奖流程。,否,200,是,
一定牛/ydniu,排列五,2026187,2026-07-16,08678,12921,,https://m.ydniu.com/kaijiang/pl5/sjh/2026187.html,页面明确标注为排列五五位模拟试机号，属于互联网模拟数据，不是官方试机号。,是,200,是,
3D之家/3d178,福彩3D,2026187,2026-07-16,023,452,,https://www.3d178.cn/kaijiang/2026/2026187.shtml,3D之家页面所列试机号；与彩宝网口径可能不同，原样独立保留。,否,200,是,
彩宝网/8200,福彩3D,2026187,2026-07-16,023,933,698,https://www.8200.cn/kjh/3d/2026187.htm,福彩3D页面口径：同时列出开机号与试机号。,否,200,是,
彩宝网/8200,排列三,2026188,2026-07-17,607,825,,https://www.8200.cn/kjh/p3/2026188.htm,排列三页面所列三位试机号；排列三与排列五共用同一期体彩摇奖流程。,否,200,是,
一定牛/ydniu,排列五,2026188,2026-07-17,60770,71110,,https://m.ydniu.com/kaijiang/pl5/sjh/2026188.html,页面明确标注为排列五五位模拟试机号，属于互联网模拟数据，不是官方试机号。,是,200,是,
3D之家/3d178,福彩3D,2026188,2026-07-17,969,660,,https://www.3d178.cn/kaijiang/2026/2026188.shtml,3D之家页面所列试机号；与彩宝网口径可能不同，原样独立保留。,否,200,是,
彩宝网/8200,福彩3D,2026188,2026-07-17,969,637,842,https://www.8200.cn/kjh/3d/2026188.htm,福彩3D页面口径：同时列出开机号与试机号。,否,200,是,
彩宝网/8200,排列三,2026189,2026-07-18,950,288,,https://www.8200.cn/kjh/p3/2026189.htm,排列三页面所列三位试机号；排列三与排列五共用同一期体彩摇奖流程。,否,200,是,
一定牛/ydniu,排列五,2026189,2026-07-18,95065,37868,,https://m.ydniu.com/kaijiang/pl5/sjh/2026189.html,页面明确标注为排列五五位模拟试机号，属于互联网模拟数据，不是官方试机号。,是,200,是,
3D之家/3d178,福彩3D,2026189,2026-07-18,558,640,,https://www.3d178.cn/kaijiang/2026/2026189.shtml,3D之家页面所列试机号；与彩宝网口径可能不同，原样独立保留。,否,200,是,
彩宝网/8200,福彩3D,2026189,2026-07-18,558,540,369,https://www.8200.cn/kjh/3d/2026189.htm,福彩3D页面口径：同时列出开机号与试机号。,否,200,是,
彩宝网/8200,排列三,2026190,2026-07-19,554,612,,https://www.8200.cn/kjh/p3/2026190.htm,排列三页面所列三位试机号；排列三与排列五共用同一期体彩摇奖流程。,否,200,是,
一定牛/ydniu,排列五,2026190,2026-07-19,55408,58852,,https://m.ydniu.com/kaijiang/pl5/sjh/2026190.html,页面明确标注为排列五五位模拟试机号，属于互联网模拟数据，不是官方试机号。,是,200,是,
3D之家/3d178,福彩3D,2026190,2026-07-19,026,928,,https://www.3d178.cn/kaijiang/2026/2026190.shtml,3D之家页面所列试机号；与彩宝网口径可能不同，原样独立保留。,否,200,是,
彩宝网/8200,福彩3D,2026190,2026-07-19,026,635,163,https://www.8200.cn/kjh/3d/2026190.htm,福彩3D页面口径：同时列出开机号与试机号。,否,200,是,
彩宝网/8200,排列三,2026191,2026-07-20,069,487,,https://www.8200.cn/kjh/p3/2026191.htm,排列三页面所列三位试机号；排列三与排列五共用同一期体彩摇奖流程。,否,200,是,
一定牛/ydniu,排列五,2026191,2026-07-20,06989,29151,,https://m.ydniu.com/kaijiang/pl5/sjh/2026191.html,页面明确标注为排列五五位模拟试机号，属于互联网模拟数据，不是官方试机号。,是,200,是,
3D之家/3d178,福彩3D,2026191,2026-07-20,906,948,,https://www.3d178.cn/kaijiang/2026/2026191.shtml,3D之家页面所列试机号；与彩宝网口径可能不同，原样独立保留。,否,200,是,
彩宝网/8200,福彩3D,2026191,2026-07-20,906,499,104,https://www.8200.cn/kjh/3d/2026191.htm,福彩3D页面口径：同时列出开机号与试机号。,否,200,是,
彩宝网/8200,排列三,2026192,2026-07-21,306,128,,https://www.8200.cn/kjh/p3/2026192.htm,排列三页面所列三位试机号；排列三与排列五共用同一期体彩摇奖流程。,否,200,是,
一定牛/ydniu,排列五,2026192,2026-07-21,30614,13780,,https://m.ydniu.com/kaijiang/pl5/sjh/2026192.html,页面明确标注为排列五五位模拟试机号，属于互联网模拟数据，不是官方试机号。,是,200,是,
3D之家/3d178,福彩3D,2026192,2026-07-21,425,419,,https://www.3d178.cn/kaijiang/2026/2026192.shtml,3D之家页面所列试机号；与彩宝网口径可能不同，原样独立保留。,否,200,是,
彩宝网/8200,福彩3D,2026192,2026-07-21,425,307,250,https://www.8200.cn/kjh/3d/2026192.htm,福彩3D页面口径：同时列出开机号与试机号。,否,200,是,
彩宝网/8200,排列三,2026193,2026-07-22,180,926,,https://www.8200.cn/kjh/p3/2026193.htm,排列三页面所列三位试机号；排列三与排列五共用同一期体彩摇奖流程。,否,200,是,
一定牛/ydniu,排列五,2026193,2026-07-22,18068,36269,,https://m.ydniu.com/kaijiang/pl5/sjh/2026193.html,页面明确标注为排列五五位模拟试机号，属于互联网模拟数据，不是官方试机号。,是,200,是,
3D之家/3d178,福彩3D,2026193,2026-07-22,254,035,,https://www.3d178.cn/kaijiang/2026/2026193.shtml,3D之家页面所列试机号；与彩宝网口径可能不同，原样独立保留。,否,200,是,
彩宝网/8200,福彩3D,2026193,2026-07-22,254,161,643,https://www.8200.cn/kjh/3d/2026193.htm,福彩3D页面口径：同时列出开机号与试机号。,否,200,是,
彩宝网/8200,排列三,2026194,2026-07-23,701,146,,https://www.8200.cn/kjh/p3/2026194.htm,排列三页面所列三位试机号；排列三与排列五共用同一期体彩摇奖流程。,否,200,是,
一定牛/ydniu,排列五,2026194,2026-07-23,70106,37805,,https://m.ydniu.com/kaijiang/pl5/sjh/2026194.html,页面明确标注为排列五五位模拟试机号，属于互联网模拟数据，不是官方试机号。,是,200,是,
3D之家/3d178,福彩3D,2026194,2026-07-23,283,655,,https://www.3d178.cn/kaijiang/2026/2026194.shtml,3D之家页面所列试机号；与彩宝网口径可能不同，原样独立保留。,否,200,是,
彩宝网/8200,福彩3D,2026194,2026-07-23,283,678,065,https://www.8200.cn/kjh/3d/2026194.htm,福彩3D页面口径：同时列出开机号与试机号。,否,200,是,
彩宝网/8200,排列三,2026195,2026-07-24,595,360,,https://www.8200.cn/kjh/p3/2026195.htm,排列三页面所列三位试机号；排列三与排列五共用同一期体彩摇奖流程。,否,200,是,
一定牛/ydniu,排列五,2026195,2026-07-24,59516,68258,,https://m.ydniu.com/kaijiang/pl5/sjh/2026195.html,页面明确标注为排列五五位模拟试机号，属于互联网模拟数据，不是官方试机号。,是,200,是,
3D之家/3d178,福彩3D,2026195,2026-07-24,275,814,,https://www.3d178.cn/kaijiang/2026/2026195.shtml,3D之家页面所列试机号；与彩宝网口径可能不同，原样独立保留。,否,200,是,
彩宝网/8200,福彩3D,2026195,2026-07-24,275,394,604,https://www.8200.cn/kjh/3d/2026195.htm,福彩3D页面口径：同时列出开机号与试机号。,否,200,是,
彩宝网/8200,排列三,2026196,2026-07-25,726,495,,https://www.8200.cn/kjh/p3/2026196.htm,排列三页面所列三位试机号；排列三与排列五共用同一期体彩摇奖流程。,否,200,是,
一定牛/ydniu,排列五,2026196,2026-07-25,72632,84006,,https://m.ydniu.com/kaijiang/pl5/sjh/2026196.html,页面明确标注为排列五五位模拟试机号，属于互联网模拟数据，不是官方试机号。,是,200,是,
3D之家/3d178,福彩3D,2026196,2026-07-25,419,988,,https://www.3d178.cn/kaijiang/2026/2026196.shtml,3D之家页面所列试机号；与彩宝网口径可能不同，原样独立保留。,否,200,是,
彩宝网/8200,福彩3D,2026196,2026-07-25,419,105,186,https://www.8200.cn/kjh/3d/2026196.htm,福彩3D页面口径：同时列出开机号与试机号。,否,200,是,
彩宝网/8200,排列三,2026197,2026-07-26,473,178,,https://www.8200.cn/kjh/p3/2026197.htm,排列三页面所列三位试机号；排列三与排列五共用同一期体彩摇奖流程。,否,200,是,
一定牛/ydniu,排列五,2026197,2026-07-26,47341,49446,,https://m.ydniu.com/kaijiang/pl5/sjh/2026197.html,页面明确标注为排列五五位模拟试机号，属于互联网模拟数据，不是官方试机号。,是,200,是,
3D之家/3d178,福彩3D,2026197,2026-07-26,232,102,,https://www.3d178.cn/kaijiang/2026/2026197.shtml,3D之家页面所列试机号；与彩宝网口径可能不同，原样独立保留。,否,200,是,
彩宝网/8200,福彩3D,2026197,2026-07-26,232,942,051,https://www.8200.cn/kjh/3d/2026197.htm,福彩3D页面口径：同时列出开机号与试机号。,否,200,是,
彩宝网/8200,排列三,2026198,2026-07-27,719,203,,https://www.8200.cn/kjh/p3/2026198.htm,排列三页面所列三位试机号；排列三与排列五共用同一期体彩摇奖流程。,否,200,是,
一定牛/ydniu,排列五,2026198,2026-07-27,71907,84778,,https://m.ydniu.com/kaijiang/pl5/sjh/2026198.html,页面明确标注为排列五五位模拟试机号，属于互联网模拟数据，不是官方试机号。,是,200,是,
3D之家/3d178,福彩3D,2026198,2026-07-27,685,869,,https://www.3d178.cn/kaijiang/2026/2026198.shtml,3D之家页面所列试机号；与彩宝网口径可能不同，原样独立保留。,否,200,是,
彩宝网/8200,福彩3D,2026198,2026-07-27,685,515,023,https://www.8200.cn/kjh/3d/2026198.htm,福彩3D页面口径：同时列出开机号与试机号。,否,200,是,
彩宝网/8200,排列三,2026199,2026-07-28,305,848,,https://www.8200.cn/kjh/p3/2026199.htm,排列三页面所列三位试机号；排列三与排列五共用同一期体彩摇奖流程。,否,200,是,
一定牛/ydniu,排列五,2026199,2026-07-28,30507,71195,,https://m.ydniu.com/kaijiang/pl5/sjh/2026199.html,页面明确标注为排列五五位模拟试机号，属于互联网模拟数据，不是官方试机号。,是,200,是,
3D之家/3d178,福彩3D,2026199,2026-07-28,591,766,,https://www.3d178.cn/kaijiang/2026/2026199.shtml,3D之家页面所列试机号；与彩宝网口径可能不同，原样独立保留。,否,200,是,
彩宝网/8200,福彩3D,2026199,2026-07-28,591,796,619,https://www.8200.cn/kjh/3d/2026199.htm,福彩3D页面口径：同时列出开机号与试机号。,否,200,是,
彩宝网/8200,排列三,2026200,2026-07-29,077,140,,https://www.8200.cn/kjh/p3/2026200.htm,排列三页面所列三位试机号；排列三与排列五共用同一期体彩摇奖流程。,否,200,是,
一定牛/ydniu,排列五,2026200,2026-07-29,07720,81867,,https://m.ydniu.com/kaijiang/pl5/sjh/2026200.html,页面明确标注为排列五五位模拟试机号，属于互联网模拟数据，不是官方试机号。,是,200,是,
3D之家/3d178,福彩3D,2026200,2026-07-29,912,281,,https://www.3d178.cn/kaijiang/2026/2026200.shtml,3D之家页面所列试机号；与彩宝网口径可能不同，原样独立保留。,否,200,是,
彩宝网/8200,福彩3D,2026200,2026-07-29,912,315,021,https://www.8200.cn/kjh/3d/2026200.htm,福彩3D页面口径：同时列出开机号与试机号。,否,200,是,
彩宝网/8200,排列三,2026201,2026-07-30,862,360,,https://www.8200.cn/kjh/p3/2026201.htm,排列三页面所列三位试机号；排列三与排列五共用同一期体彩摇奖流程。,否,200,是,
一定牛/ydniu,排列五,2026201,2026-07-30,86271,15746,,https://m.ydniu.com/kaijiang/pl5/sjh/2026201.html,页面明确标注为排列五五位模拟试机号，属于互联网模拟数据，不是官方试机号。,是,200,是,
3D之家/3d178,福彩3D,2026201,2026-07-30,321,687,,https://www.3d178.cn/kaijiang/2026/2026201.shtml,3D之家页面所列试机号；与彩宝网口径可能不同，原样独立保留。,否,200,是,
彩宝网/8200,福彩3D,2026201,2026-07-30,321,692,849,https://www.8200.cn/kjh/3d/2026201.htm,福彩3D页面口径：同时列出开机号与试机号。,否,200,是,
彩宝网/8200,排列三,2026202,2026-07-31,961,264,,https://www.8200.cn/kjh/p3/2026202.htm,排列三页面所列三位试机号；排列三与排列五共用同一期体彩摇奖流程。,否,200,是,
一定牛/ydniu,排列五,2026202,2026-07-31,96170,85244,,https://m.ydniu.com/kaijiang/pl5/sjh/2026202.html,页面明确标注为排列五五位模拟试机号，属于互联网模拟数据，不是官方试机号。,是,200,是,
3D之家/3d178,福彩3D,2026202,2026-07-31,988,932,,https://www.3d178.cn/kaijiang/2026/2026202.shtml,3D之家页面所列试机号；与彩宝网口径可能不同，原样独立保留。,否,200,是,
彩宝网/8200,福彩3D,2026202,2026-07-31,988,407,035,https://www.8200.cn/kjh/3d/2026202.htm,福彩3D页面口径：同时列出开机号与试机号。,否,200,是,
彩宝网/8200,排列三,2026203,2026-08-01,135,378,,https://www.8200.cn/kjh/p3/2026203.htm,排列三页面所列三位试机号；排列三与排列五共用同一期体彩摇奖流程。,否,200,是,
一定牛/ydniu,排列五,2026203,2026-08-01,13568,81125,,https://m.ydniu.com/kaijiang/pl5/sjh/2026203.html,页面明确标注为排列五五位模拟试机号，属于互联网模拟数据，不是官方试机号。,是,200,是,
3D之家/3d178,福彩3D,2026203,2026-08-01,435,975,,https://www.3d178.cn/kaijiang/2026/2026203.shtml,3D之家页面所列试机号；与彩宝网口径可能不同，原样独立保留。,否,200,是,
彩宝网/8200,福彩3D,2026203,2026-08-01,435,228,895,https://www.8200.cn/kjh/3d/2026203.htm,福彩3D页面口径：同时列出开机号与试机号。,否,200,是,
彩宝网/8200,排列三,2026204,2026-08-02,674,548,,https://www.8200.cn/kjh/p3/2026204.htm,排列三页面所列三位试机号；排列三与排列五共用同一期体彩摇奖流程。,否,200,是,
一定牛/ydniu,排列五,2026204,2026-08-02,67407,00169,,https://m.ydniu.com/kaijiang/pl5/sjh/2026204.html,页面明确标注为排列五五位模拟试机号，属于互联网模拟数据，不是官方试机号。,是,200,是,
3D之家/3d178,福彩3D,2026204,2026-08-02,978,845,,https://www.3d178.cn/kaijiang/2026/2026204.shtml,3D之家页面所列试机号；与彩宝网口径可能不同，原样独立保留。,否,200,是,
彩宝网/8200,福彩3D,2026204,2026-08-02,978,496,413,https://www.8200.cn/kjh/3d/2026204.htm,福彩3D页面口径：同时列出开机号与试机号。,否,200,是,
彩宝网/8200,排列三,2026205,2026-08-03,806,540,,https://www.8200.cn/kjh/p3/2026205.htm,排列三页面所列三位试机号；排列三与排列五共用同一期体彩摇奖流程。,否,200,是,
一定牛/ydniu,排列五,2026205,2026-08-03,80608,59620,,https://m.ydniu.com/kaijiang/pl5/sjh/2026205.html,页面明确标注为排列五五位模拟试机号，属于互联网模拟数据，不是官方试机号。,是,200,是,
3D之家/3d178,福彩3D,2026205,2026-08-03,814,030,,https://www.3d178.cn/kaijiang/2026/2026205.shtml,3D之家页面所列试机号；与彩宝网口径可能不同，原样独立保留。,否,200,是,
彩宝网/8200,福彩3D,2026205,2026-08-03,814,826,805,https://www.8200.cn/kjh/3d/2026205.htm,福彩3D页面口径：同时列出开机号与试机号。,否,200,是,
彩宝网/8200,排列三,2026206,2026-08-04,709,638,,https://www.8200.cn/kjh/p3/2026206.htm,排列三页面所列三位试机号；排列三与排列五共用同一期体彩摇奖流程。,否,200,是,
一定牛/ydniu,排列五,2026206,2026-08-04,70965,92840,,https://m.ydniu.com/kaijiang/pl5/sjh/2026206.html,页面明确标注为排列五五位模拟试机号，属于互联网模拟数据，不是官方试机号。,是,200,是,
3D之家/3d178,福彩3D,2026206,2026-08-04,942,106,,https://www.3d178.cn/kaijiang/2026/2026206.shtml,3D之家页面所列试机号；与彩宝网口径可能不同，原样独立保留。,否,200,是,
彩宝网/8200,福彩3D,2026206,2026-08-04,942,754,238,https://www.8200.cn/kjh/3d/2026206.htm,福彩3D页面口径：同时列出开机号与试机号。,否,200,是,
彩宝网/8200,排列三,2026207,2026-08-05,866,653,,https://www.8200.cn/kjh/p3/2026207.htm,排列三页面所列三位试机号；排列三与排列五共用同一期体彩摇奖流程。,否,200,是,
一定牛/ydniu,排列五,2026207,2026-08-05,86644,72329,,https://m.ydniu.com/kaijiang/pl5/sjh/2026207.html,页面明确标注为排列五五位模拟试机号，属于互联网模拟数据，不是官方试机号。,是,200,是,
3D之家/3d178,福彩3D,2026207,2026-08-05,415,570,,https://www.3d178.cn/kaijiang/2026/2026207.shtml,3D之家页面所列试机号；与彩宝网口径可能不同，原样独立保留。,否,200,是,
彩宝网/8200,福彩3D,2026207,2026-08-05,415,366,376,https://www.8200.cn/kjh/3d/2026207.htm,福彩3D页面口径：同时列出开机号与试机号。,否,200,是,
彩宝网/8200,排列三,2026208,2026-08-06,471,055,,https://www.8200.cn/kjh/p3/2026208.htm,排列三页面所列三位试机号；排列三与排列五共用同一期体彩摇奖流程。,否,200,是,
一定牛/ydniu,排列五,2026208,2026-08-06,47186,47117,,https://m.ydniu.com/kaijiang/pl5/sjh/2026208.html,页面明确标注为排列五五位模拟试机号，属于互联网模拟数据，不是官方试机号。,是,200,是,
3D之家/3d178,福彩3D,2026208,2026-08-06,632,614,,https://www.3d178.cn/kaijiang/2026/2026208.shtml,3D之家页面所列试机号；与彩宝网口径可能不同，原样独立保留。,否,200,是,
彩宝网/8200,福彩3D,2026208,2026-08-06,632,571,598,https://www.8200.cn/kjh/3d/2026208.htm,福彩3D页面口径：同时列出开机号与试机号。,否,200,是,
彩宝网/8200,排列三,2026209,2026-08-07,982,588,,https://www.8200.cn/kjh/p3/2026209.htm,排列三页面所列三位试机号；排列三与排列五共用同一期体彩摇奖流程。,否,200,是,
一定牛/ydniu,排列五,2026209,2026-08-07,98277,13016,,https://m.ydniu.com/kaijiang/pl5/sjh/2026209.html,页面明确标注为排列五五位模拟试机号，属于互联网模拟数据，不是官方试机号。,是,200,是,
3D之家/3d178,福彩3D,2026209,2026-08-07,289,477,,https://www.3d178.cn/kaijiang/2026/2026209.shtml,3D之家页面所列试机号；与彩宝网口径可能不同，原样独立保留。,否,200,是,
彩宝网/8200,福彩3D,2026209,2026-08-07,289,264,472,https://www.8200.cn/kjh/3d/2026209.htm,福彩3D页面口径：同时列出开机号与试机号。,否,200,是,
彩宝网/8200,排列三,2026210,2026-08-08,094,793,,https://www.8200.cn/kjh/p3/2026210.htm,排列三页面所列三位试机号；排列三与排列五共用同一期体彩摇奖流程。,否,200,是,
一定牛/ydniu,排列五,2026210,2026-08-08,09451,31222,,https://m.ydniu.com/kaijiang/pl5/sjh/2026210.html,页面明确标注为排列五五位模拟试机号，属于互联网模拟数据，不是官方试机号。,是,200,是,
3D之家/3d178,福彩3D,2026210,2026-08-08,755,090,,https://www.3d178.cn/kaijiang/2026/2026210.shtml,3D之家页面所列试机号；与彩宝网口径可能不同，原样独立保留。,否,200,是,
彩宝网/8200,福彩3D,2026210,2026-08-08,755,139,958,https://www.8200.cn/kjh/3d/2026210.htm,福彩3D页面口径：同时列出开机号与试机号。,否,200,是,
彩宝网/8200,排列三,2026211,2026-08-09,515,613,,https://www.8200.cn/kjh/p3/2026211.htm,排列三页面所列三位试机号；排列三与排列五共用同一期体彩摇奖流程。,否,200,是,
一定牛/ydniu,排列五,2026211,2026-08-09,51543,26823,,https://m.ydniu.com/kaijiang/pl5/sjh/2026211.html,页面明确标注为排列五五位模拟试机号，属于互联网模拟数据，不是官方试机号。,是,200,是,
3D之家/3d178,福彩3D,2026211,2026-08-09,708,520,,https://www.3d178.cn/kaijiang/2026/2026211.shtml,3D之家页面所列试机号；与彩宝网口径可能不同，原样独立保留。,否,200,是,
彩宝网/8200,福彩3D,2026211,2026-08-09,708,783,210,https://www.8200.cn/kjh/3d/2026211.htm,福彩3D页面口径：同时列出开机号与试机号。,否,200,是,
彩宝网/8200,排列三,2026212,2026-08-10,839,957,,https://www.8200.cn/kjh/p3/2026212.htm,排列三页面所列三位试机号；排列三与排列五共用同一期体彩摇奖流程。,否,200,是,
一定牛/ydniu,排列五,2026212,2026-08-10,83943,36680,,https://m.ydniu.com/kaijiang/pl5/sjh/2026212.html,页面明确标注为排列五五位模拟试机号，属于互联网模拟数据，不是官方试机号。,是,200,是,
3D之家/3d178,福彩3D,2026212,2026-08-10,561,576,,https://www.3d178.cn/kaijiang/2026/2026212.shtml,3D之家页面所列试机号；与彩宝网口径可能不同，原样独立保留。,否,200,是,
彩宝网/8200,福彩3D,2026212,2026-08-10,561,516,294,https://www.8200.cn/kjh/3d/2026212.htm,福彩3D页面口径：同时列出开机号与试机号。,否,200,是,
彩宝网/8200,排列三,2026213,2026-08-11,740,734,,https://www.8200.cn/kjh/p3/2026213.htm,排列三页面所列三位试机号；排列三与排列五共用同一期体彩摇奖流程。,否,200,是,
一定牛/ydniu,排列五,2026213,2026-08-11,74071,60093,,https://m.ydniu.com/kaijiang/pl5/sjh/2026213.html,页面明确标注为排列五五位模拟试机号，属于互联网模拟数据，不是官方试机号。,是,200,是,
3D之家/3d178,福彩3D,2026213,2026-08-11,872,291,,https://www.3d178.cn/kaijiang/2026/2026213.shtml,3D之家页面所列试机号；与彩宝网口径可能不同，原样独立保留。,否,200,是,
彩宝网/8200,福彩3D,2026213,2026-08-11,872,804,728,https://www.8200.cn/kjh/3d/2026213.htm,福彩3D页面口径：同时列出开机号与试机号。,否,200,是,
彩宝网/8200,排列三,2026214,2026-08-12,014,480,,https://www.8200.cn/kjh/p3/2026214.htm,排列三页面所列三位试机号；排列三与排列五共用同一期体彩摇奖流程。,否,200,是,
一定牛/ydniu,排列五,2026214,2026-08-12,01490,43705,,https://m.ydniu.com/kaijiang/pl5/sjh/2026214.html,页面明确标注为排列五五位模拟试机号，属于互联网模拟数据，不是官方试机号。,是,200,是,
3D之家/3d178,福彩3D,2026214,2026-08-12,545,758,,https://www.3d178.cn/kaijiang/2026/2026214.shtml,3D之家页面所列试机号；与彩宝网口径可能不同，原样独立保留。,否,200,是,
彩宝网/8200,福彩3D,2026214,2026-08-12,545,249,061,https://www.8200.cn/kjh/3d/2026214.htm,福彩3D页面口径：同时列出开机号与试机号。,否,200,是,
彩宝网/8200,排列三,2026215,2026-08-13,927,778,,https://www.8200.cn/kjh/p3/2026215.htm,排列三页面所列三位试机号；排列三与排列五共用同一期体彩摇奖流程。,否,200,是,
一定牛/ydniu,排列五,2026215,2026-08-13,92738,45103,,https://m.ydniu.com/kaijiang/pl5/sjh/2026215.html,页面明确标注为排列五五位模拟试机号，属于互联网模拟数据，不是官方试机号。,是,200,是,
3D之家/3d178,福彩3D,2026215,2026-08-13,172,584,,https://www.3d178.cn/kaijiang/2026/2026215.shtml,3D之家页面所列试机号；与彩宝网口径可能不同，原样独立保留。,否,200,是,
彩宝网/8200,福彩3D,2026215,2026-08-13,172,818,163,https://www.8200.cn/kjh/3d/2026215.htm,福彩3D页面口径：同时列出开机号与试机号。,否,200,是,
