开奖日期,期号,开奖号,开奖号_彩宝网,开奖号_3D之家,开机号_彩宝网,试机号_彩宝网,试机号_3D之家,两来源开奖号校验,两来源日期校验,彩宝网来源,3D之家来源
2023-08-13,2023215,308,308,308,802,162,162,一致,一致,https://www.8200.cn/kjh/3d/2023215.htm,https://www.3d178.cn/kaijiang/2023/2023215.shtml
2023-08-14,2023216,187,187,187,395,196,196,一致,一致,https://www.8200.cn/kjh/3d/2023216.htm,https://www.3d178.cn/kaijiang/2023/2023216.shtml
2023-08-15,2023217,811,811,811,071,836,836,一致,一致,https://www.8200.cn/kjh/3d/2023217.htm,https://www.3d178.cn/kaijiang/2023/2023217.shtml
2023-08-16,2023218,071,071,071,304,510,510,一致,一致,https://www.8200.cn/kjh/3d/2023218.htm,https://www.3d178.cn/kaijiang/2023/2023218.shtml
2023-08-17,2023219,348,348,348,509,373,373,一致,一致,https://www.8200.cn/kjh/3d/2023219.htm,https://www.3d178.cn/kaijiang/2023/2023219.shtml
2023-08-18,2023220,587,587,587,658,963,963,一致,一致,https://www.8200.cn/kjh/3d/2023220.htm,https://www.3d178.cn/kaijiang/2023/2023220.shtml
2023-08-19,2023221,503,503,503,574,473,473,一致,一致,https://www.8200.cn/kjh/3d/2023221.htm,https://www.3d178.cn/kaijiang/2023/2023221.shtml
2023-08-20,2023222,265,265,265,190,463,463,一致,一致,https://www.8200.cn/kjh/3d/2023222.htm,https://www.3d178.cn/kaijiang/2023/2023222.shtml
2023-08-21,2023223,309,309,309,508,914,914,一致,一致,https://www.8200.cn/kjh/3d/2023223.htm,https://www.3d178.cn/kaijiang/2023/2023223.shtml
2023-08-22,2023224,447,447,447,539,061,061,一致,一致,https://www.8200.cn/kjh/3d/2023224.htm,https://www.3d178.cn/kaijiang/2023/2023224.shtml
2023-08-23,2023225,798,798,798,259,996,996,一致,一致,https://www.8200.cn/kjh/3d/2023225.htm,https://www.3d178.cn/kaijiang/2023/2023225.shtml
2023-08-24,2023226,182,182,182,012,966,966,一致,一致,https://www.8200.cn/kjh/3d/2023226.htm,https://www.3d178.cn/kaijiang/2023/2023226.shtml
2023-08-25,2023227,206,206,206,053,802,802,一致,一致,https://www.8200.cn/kjh/3d/2023227.htm,https://www.3d178.cn/kaijiang/2023/2023227.shtml
2023-08-26,2023228,985,985,985,240,610,610,一致,一致,https://www.8200.cn/kjh/3d/2023228.htm,https://www.3d178.cn/kaijiang/2023/2023228.shtml
2023-08-27,2023229,142,142,142,463,650,650,一致,一致,https://www.8200.cn/kjh/3d/2023229.htm,https://www.3d178.cn/kaijiang/2023/2023229.shtml
2023-08-28,2023230,787,787,787,942,769,769,一致,一致,https://www.8200.cn/kjh/3d/2023230.htm,https://www.3d178.cn/kaijiang/2023/2023230.shtml
2023-08-29,2023231,049,049,049,076,762,762,一致,一致,https://www.8200.cn/kjh/3d/2023231.htm,https://www.3d178.cn/kaijiang/2023/2023231.shtml
2023-08-30,2023232,133,133,133,502,031,031,一致,一致,https://www.8200.cn/kjh/3d/2023232.htm,https://www.3d178.cn/kaijiang/2023/2023232.shtml
2023-08-31,2023233,928,928,928,184,793,793,一致,一致,https://www.8200.cn/kjh/3d/2023233.htm,https://www.3d178.cn/kaijiang/2023/2023233.shtml
2023-09-01,2023234,109,109,109,625,546,546,一致,一致,https://www.8200.cn/kjh/3d/2023234.htm,https://www.3d178.cn/kaijiang/2023/2023234.shtml
2023-09-02,2023235,480,480,480,059,688,688,一致,一致,https://www.8200.cn/kjh/3d/2023235.htm,https://www.3d178.cn/kaijiang/2023/2023235.shtml
2023-09-03,2023236,680,680,680,538,333,333,一致,一致,https://www.8200.cn/kjh/3d/2023236.htm,https://www.3d178.cn/kaijiang/2023/2023236.shtml
2023-09-04,2023237,096,096,096,304,033,033,一致,一致,https://www.8200.cn/kjh/3d/2023237.htm,https://www.3d178.cn/kaijiang/2023/2023237.shtml
2023-09-05,2023238,455,455,455,469,899,899,一致,一致,https://www.8200.cn/kjh/3d/2023238.htm,https://www.3d178.cn/kaijiang/2023/2023238.shtml
2023-09-06,2023239,731,731,731,317,517,517,一致,一致,https://www.8200.cn/kjh/3d/2023239.htm,https://www.3d178.cn/kaijiang/2023/2023239.shtml
2023-09-07,2023240,232,232,232,639,751,751,一致,一致,https://www.8200.cn/kjh/3d/2023240.htm,https://www.3d178.cn/kaijiang/2023/2023240.shtml
2023-09-08,2023241,495,495,495,350,700,700,一致,一致,https://www.8200.cn/kjh/3d/2023241.htm,https://www.3d178.cn/kaijiang/2023/2023241.shtml
2023-09-09,2023242,486,486,486,927,299,299,一致,一致,https://www.8200.cn/kjh/3d/2023242.htm,https://www.3d178.cn/kaijiang/2023/2023242.shtml
2023-09-10,2023243,848,848,848,928,582,582,一致,一致,https://www.8200.cn/kjh/3d/2023243.htm,https://www.3d178.cn/kaijiang/2023/2023243.shtml
2023-09-11,2023244,377,377,377,465,848,848,一致,一致,https://www.8200.cn/kjh/3d/2023244.htm,https://www.3d178.cn/kaijiang/2023/2023244.shtml
2023-09-12,2023245,768,768,768,402,406,406,一致,一致,https://www.8200.cn/kjh/3d/2023245.htm,https://www.3d178.cn/kaijiang/2023/2023245.shtml
2023-09-13,2023246,779,779,779,278,874,874,一致,一致,https://www.8200.cn/kjh/3d/2023246.htm,https://www.3d178.cn/kaijiang/2023/2023246.shtml
2023-09-14,2023247,569,569,569,680,796,796,一致,一致,https://www.8200.cn/kjh/3d/2023247.htm,https://www.3d178.cn/kaijiang/2023/2023247.shtml
2023-09-15,2023248,049,049,049,427,678,678,一致,一致,https://www.8200.cn/kjh/3d/2023248.htm,https://www.3d178.cn/kaijiang/2023/2023248.shtml
2023-09-16,2023249,076,076,076,149,685,685,一致,一致,https://www.8200.cn/kjh/3d/2023249.htm,https://www.3d178.cn/kaijiang/2023/2023249.shtml
2023-09-17,2023250,968,968,968,510,329,329,一致,一致,https://www.8200.cn/kjh/3d/2023250.htm,https://www.3d178.cn/kaijiang/2023/2023250.shtml
2023-09-18,2023251,503,503,503,793,320,320,一致,一致,https://www.8200.cn/kjh/3d/2023251.htm,https://www.3d178.cn/kaijiang/2023/2023251.shtml
2023-09-19,2023252,213,213,213,680,234,234,一致,一致,https://www.8200.cn/kjh/3d/2023252.htm,https://www.3d178.cn/kaijiang/2023/2023252.shtml
2023-09-20,2023253,721,721,721,206,309,309,一致,一致,https://www.8200.cn/kjh/3d/2023253.htm,https://www.3d178.cn/kaijiang/2023/2023253.shtml
2023-09-21,2023254,283,283,283,594,904,904,一致,一致,https://www.8200.cn/kjh/3d/2023254.htm,https://www.3d178.cn/kaijiang/2023/2023254.shtml
2023-09-22,2023255,564,564,564,870,000,000,一致,一致,https://www.8200.cn/kjh/3d/2023255.htm,https://www.3d178.cn/kaijiang/2023/2023255.shtml
2023-09-23,2023256,474,474,474,673,474,474,一致,一致,https://www.8200.cn/kjh/3d/2023256.htm,https://www.3d178.cn/kaijiang/2023/2023256.shtml
2023-09-24,2023257,694,694,694,508,412,412,一致,一致,https://www.8200.cn/kjh/3d/2023257.htm,https://www.3d178.cn/kaijiang/2023/2023257.shtml
2023-09-25,2023258,927,927,927,359,627,627,一致,一致,https://www.8200.cn/kjh/3d/2023258.htm,https://www.3d178.cn/kaijiang/2023/2023258.shtml
2023-09-26,2023259,086,086,086,983,425,425,一致,一致,https://www.8200.cn/kjh/3d/2023259.htm,https://www.3d178.cn/kaijiang/2023/2023259.shtml
2023-09-27,2023260,547,547,547,129,089,089,一致,一致,https://www.8200.cn/kjh/3d/2023260.htm,https://www.3d178.cn/kaijiang/2023/2023260.shtml
2023-09-28,2023261,723,723,723,795,180,180,一致,一致,https://www.8200.cn/kjh/3d/2023261.htm,https://www.3d178.cn/kaijiang/2023/2023261.shtml
2023-09-29,2023262,220,220,220,986,803,803,一致,一致,https://www.8200.cn/kjh/3d/2023262.htm,https://www.3d178.cn/kaijiang/2023/2023262.shtml
2023-09-30,2023263,335,335,335,216,979,979,一致,一致,https://www.8200.cn/kjh/3d/2023263.htm,https://www.3d178.cn/kaijiang/2023/2023263.shtml
2023-10-01,2023264,638,638,638,834,412,412,一致,不一致,https://www.8200.cn/kjh/3d/2023264.htm,https://www.3d178.cn/kaijiang/2023/2023264.shtml
2023-10-06,2023265,356,356,356,705,520,520,一致,一致,https://www.8200.cn/kjh/3d/2023265.htm,https://www.3d178.cn/kaijiang/2023/2023265.shtml
2023-10-07,2023266,113,113,113,947,766,766,一致,一致,https://www.8200.cn/kjh/3d/2023266.htm,https://www.3d178.cn/kaijiang/2023/2023266.shtml
2023-10-08,2023267,478,478,478,824,550,550,一致,一致,https://www.8200.cn/kjh/3d/2023267.htm,https://www.3d178.cn/kaijiang/2023/2023267.shtml
2023-10-09,2023268,067,067,067,548,830,830,一致,一致,https://www.8200.cn/kjh/3d/2023268.htm,https://www.3d178.cn/kaijiang/2023/2023268.shtml
2023-10-10,2023269,665,665,665,513,495,495,一致,一致,https://www.8200.cn/kjh/3d/2023269.htm,https://www.3d178.cn/kaijiang/2023/2023269.shtml
2023-10-11,2023270,457,457,457,241,462,462,一致,一致,https://www.8200.cn/kjh/3d/2023270.htm,https://www.3d178.cn/kaijiang/2023/2023270.shtml
2023-10-12,2023271,179,179,179,068,678,678,一致,一致,https://www.8200.cn/kjh/3d/2023271.htm,https://www.3d178.cn/kaijiang/2023/2023271.shtml
2023-10-13,2023272,058,058,058,109,738,738,一致,一致,https://www.8200.cn/kjh/3d/2023272.htm,https://www.3d178.cn/kaijiang/2023/2023272.shtml
2023-10-14,2023273,475,475,475,630,765,765,一致,一致,https://www.8200.cn/kjh/3d/2023273.htm,https://www.3d178.cn/kaijiang/2023/2023273.shtml
2023-10-15,2023274,995,995,995,137,221,221,一致,一致,https://www.8200.cn/kjh/3d/2023274.htm,https://www.3d178.cn/kaijiang/2023/2023274.shtml
2023-10-16,2023275,739,739,739,856,676,676,一致,一致,https://www.8200.cn/kjh/3d/2023275.htm,https://www.3d178.cn/kaijiang/2023/2023275.shtml
2023-10-17,2023276,441,441,441,021,172,172,一致,一致,https://www.8200.cn/kjh/3d/2023276.htm,https://www.3d178.cn/kaijiang/2023/2023276.shtml
2023-10-18,2023277,920,920,920,745,938,938,一致,一致,https://www.8200.cn/kjh/3d/2023277.htm,https://www.3d178.cn/kaijiang/2023/2023277.shtml
2023-10-19,2023278,809,809,809,180,262,262,一致,一致,https://www.8200.cn/kjh/3d/2023278.htm,https://www.3d178.cn/kaijiang/2023/2023278.shtml
2023-10-20,2023279,792,792,792,941,519,519,一致,一致,https://www.8200.cn/kjh/3d/2023279.htm,https://www.3d178.cn/kaijiang/2023/2023279.shtml
2023-10-21,2023280,278,278,278,497,953,953,一致,一致,https://www.8200.cn/kjh/3d/2023280.htm,https://www.3d178.cn/kaijiang/2023/2023280.shtml
2023-10-22,2023281,684,684,684,769,768,768,一致,一致,https://www.8200.cn/kjh/3d/2023281.htm,https://www.3d178.cn/kaijiang/2023/2023281.shtml
2023-10-23,2023282,104,104,104,134,340,340,一致,一致,https://www.8200.cn/kjh/3d/2023282.htm,https://www.3d178.cn/kaijiang/2023/2023282.shtml
2023-10-24,2023283,948,948,948,930,376,376,一致,一致,https://www.8200.cn/kjh/3d/2023283.htm,https://www.3d178.cn/kaijiang/2023/2023283.shtml
2023-10-25,2023284,393,393,393,290,064,064,一致,一致,https://www.8200.cn/kjh/3d/2023284.htm,https://www.3d178.cn/kaijiang/2023/2023284.shtml
2023-10-26,2023285,591,591,591,351,980,980,一致,一致,https://www.8200.cn/kjh/3d/2023285.htm,https://www.3d178.cn/kaijiang/2023/2023285.shtml
2023-10-27,2023286,205,205,205,401,854,854,一致,一致,https://www.8200.cn/kjh/3d/2023286.htm,https://www.3d178.cn/kaijiang/2023/2023286.shtml
2023-10-28,2023287,309,309,309,680,777,777,一致,一致,https://www.8200.cn/kjh/3d/2023287.htm,https://www.3d178.cn/kaijiang/2023/2023287.shtml
2023-10-29,2023288,550,550,550,230,962,962,一致,一致,https://www.8200.cn/kjh/3d/2023288.htm,https://www.3d178.cn/kaijiang/2023/2023288.shtml
2023-10-30,2023289,866,866,866,635,396,396,一致,一致,https://www.8200.cn/kjh/3d/2023289.htm,https://www.3d178.cn/kaijiang/2023/2023289.shtml
2023-10-31,2023290,833,833,833,746,858,858,一致,一致,https://www.8200.cn/kjh/3d/2023290.htm,https://www.3d178.cn/kaijiang/2023/2023290.shtml
2023-11-01,2023291,583,583,583,896,041,041,一致,一致,https://www.8200.cn/kjh/3d/2023291.htm,https://www.3d178.cn/kaijiang/2023/2023291.shtml
2023-11-02,2023292,689,689,689,085,384,384,一致,一致,https://www.8200.cn/kjh/3d/2023292.htm,https://www.3d178.cn/kaijiang/2023/2023292.shtml
2023-11-03,2023293,810,810,810,281,814,814,一致,一致,https://www.8200.cn/kjh/3d/2023293.htm,https://www.3d178.cn/kaijiang/2023/2023293.shtml
2023-11-04,2023294,591,591,591,687,688,688,一致,一致,https://www.8200.cn/kjh/3d/2023294.htm,https://www.3d178.cn/kaijiang/2023/2023294.shtml
2023-11-05,2023295,795,795,795,468,501,501,一致,一致,https://www.8200.cn/kjh/3d/2023295.htm,https://www.3d178.cn/kaijiang/2023/2023295.shtml
2023-11-06,2023296,491,491,491,763,538,538,一致,一致,https://www.8200.cn/kjh/3d/2023296.htm,https://www.3d178.cn/kaijiang/2023/2023296.shtml
2023-11-07,2023297,226,226,226,806,059,059,一致,一致,https://www.8200.cn/kjh/3d/2023297.htm,https://www.3d178.cn/kaijiang/2023/2023297.shtml
2023-11-08,2023298,047,047,047,431,710,710,一致,一致,https://www.8200.cn/kjh/3d/2023298.htm,https://www.3d178.cn/kaijiang/2023/2023298.shtml
2023-11-09,2023299,920,920,920,094,483,483,一致,一致,https://www.8200.cn/kjh/3d/2023299.htm,https://www.3d178.cn/kaijiang/2023/2023299.shtml
2023-11-10,2023300,090,090,090,786,179,179,一致,一致,https://www.8200.cn/kjh/3d/2023300.htm,https://www.3d178.cn/kaijiang/2023/2023300.shtml
2023-11-11,2023301,580,580,580,174,277,277,一致,一致,https://www.8200.cn/kjh/3d/2023301.htm,https://www.3d178.cn/kaijiang/2023/2023301.shtml
2023-11-12,2023302,618,618,618,362,233,233,一致,一致,https://www.8200.cn/kjh/3d/2023302.htm,https://www.3d178.cn/kaijiang/2023/2023302.shtml
2023-11-13,2023303,721,721,721,697,610,610,一致,一致,https://www.8200.cn/kjh/3d/2023303.htm,https://www.3d178.cn/kaijiang/2023/2023303.shtml
2023-11-14,2023304,480,480,480,253,532,532,一致,一致,https://www.8200.cn/kjh/3d/2023304.htm,https://www.3d178.cn/kaijiang/2023/2023304.shtml
2023-11-15,2023305,682,682,682,930,666,666,一致,一致,https://www.8200.cn/kjh/3d/2023305.htm,https://www.3d178.cn/kaijiang/2023/2023305.shtml
2023-11-16,2023306,888,888,888,807,366,366,一致,一致,https://www.8200.cn/kjh/3d/2023306.htm,https://www.3d178.cn/kaijiang/2023/2023306.shtml
2023-11-17,2023307,937,937,937,608,376,376,一致,一致,https://www.8200.cn/kjh/3d/2023307.htm,https://www.3d178.cn/kaijiang/2023/2023307.shtml
2023-11-18,2023308,594,594,594,478,322,322,一致,一致,https://www.8200.cn/kjh/3d/2023308.htm,https://www.3d178.cn/kaijiang/2023/2023308.shtml
2023-11-19,2023309,202,202,202,750,148,148,一致,一致,https://www.8200.cn/kjh/3d/2023309.htm,https://www.3d178.cn/kaijiang/2023/2023309.shtml
2023-11-20,2023310,956,956,956,271,664,664,一致,一致,https://www.8200.cn/kjh/3d/2023310.htm,https://www.3d178.cn/kaijiang/2023/2023310.shtml
2023-11-21,2023311,271,271,271,760,798,798,一致,一致,https://www.8200.cn/kjh/3d/2023311.htm,https://www.3d178.cn/kaijiang/2023/2023311.shtml
2023-11-22,2023312,791,791,791,805,522,522,一致,一致,https://www.8200.cn/kjh/3d/2023312.htm,https://www.3d178.cn/kaijiang/2023/2023312.shtml
2023-11-23,2023313,989,989,989,657,226,226,一致,一致,https://www.8200.cn/kjh/3d/2023313.htm,https://www.3d178.cn/kaijiang/2023/2023313.shtml
2023-11-24,2023314,228,228,228,498,079,079,一致,一致,https://www.8200.cn/kjh/3d/2023314.htm,https://www.3d178.cn/kaijiang/2023/2023314.shtml
2023-11-25,2023315,618,618,618,657,526,526,一致,一致,https://www.8200.cn/kjh/3d/2023315.htm,https://www.3d178.cn/kaijiang/2023/2023315.shtml
2023-11-26,2023316,483,483,483,678,415,415,一致,一致,https://www.8200.cn/kjh/3d/2023316.htm,https://www.3d178.cn/kaijiang/2023/2023316.shtml
2023-11-27,2023317,131,131,131,174,361,361,一致,一致,https://www.8200.cn/kjh/3d/2023317.htm,https://www.3d178.cn/kaijiang/2023/2023317.shtml
2023-11-28,2023318,014,014,014,572,972,972,一致,一致,https://www.8200.cn/kjh/3d/2023318.htm,https://www.3d178.cn/kaijiang/2023/2023318.shtml
2023-11-29,2023319,727,727,727,834,274,274,一致,一致,https://www.8200.cn/kjh/3d/2023319.htm,https://www.3d178.cn/kaijiang/2023/2023319.shtml
2023-11-30,2023320,375,375,375,791,179,179,一致,一致,https://www.8200.cn/kjh/3d/2023320.htm,https://www.3d178.cn/kaijiang/2023/2023320.shtml
2023-12-01,2023321,752,752,752,190,278,278,一致,一致,https://www.8200.cn/kjh/3d/2023321.htm,https://www.3d178.cn/kaijiang/2023/2023321.shtml
2023-12-02,2023322,804,804,804,594,178,178,一致,一致,https://www.8200.cn/kjh/3d/2023322.htm,https://www.3d178.cn/kaijiang/2023/2023322.shtml
2023-12-03,2023323,269,269,269,457,900,900,一致,一致,https://www.8200.cn/kjh/3d/2023323.htm,https://www.3d178.cn/kaijiang/2023/2023323.shtml
2023-12-04,2023324,495,495,495,189,286,286,一致,一致,https://www.8200.cn/kjh/3d/2023324.htm,https://www.3d178.cn/kaijiang/2023/2023324.shtml
2023-12-05,2023325,490,490,490,456,104,104,一致,一致,https://www.8200.cn/kjh/3d/2023325.htm,https://www.3d178.cn/kaijiang/2023/2023325.shtml
2023-12-06,2023326,371,371,371,072,081,081,一致,一致,https://www.8200.cn/kjh/3d/2023326.htm,https://www.3d178.cn/kaijiang/2023/2023326.shtml
2023-12-07,2023327,014,014,014,218,357,357,一致,一致,https://www.8200.cn/kjh/3d/2023327.htm,https://www.3d178.cn/kaijiang/2023/2023327.shtml
2023-12-08,2023328,169,169,169,459,525,525,一致,一致,https://www.8200.cn/kjh/3d/2023328.htm,https://www.3d178.cn/kaijiang/2023/2023328.shtml
2023-12-09,2023329,573,573,573,614,799,799,一致,一致,https://www.8200.cn/kjh/3d/2023329.htm,https://www.3d178.cn/kaijiang/2023/2023329.shtml
2023-12-10,2023330,376,376,376,892,378,378,一致,一致,https://www.8200.cn/kjh/3d/2023330.htm,https://www.3d178.cn/kaijiang/2023/2023330.shtml
2023-12-11,2023331,241,241,241,537,957,957,一致,一致,https://www.8200.cn/kjh/3d/2023331.htm,https://www.3d178.cn/kaijiang/2023/2023331.shtml
2023-12-12,2023332,161,161,161,452,721,721,一致,一致,https://www.8200.cn/kjh/3d/2023332.htm,https://www.3d178.cn/kaijiang/2023/2023332.shtml
2023-12-13,2023333,188,188,188,059,019,019,一致,一致,https://www.8200.cn/kjh/3d/2023333.htm,https://www.3d178.cn/kaijiang/2023/2023333.shtml
2023-12-14,2023334,900,900,900,713,594,594,一致,一致,https://www.8200.cn/kjh/3d/2023334.htm,https://www.3d178.cn/kaijiang/2023/2023334.shtml
2023-12-15,2023335,111,111,111,875,480,480,一致,一致,https://www.8200.cn/kjh/3d/2023335.htm,https://www.3d178.cn/kaijiang/2023/2023335.shtml
2023-12-16,2023336,188,188,188,269,743,743,一致,一致,https://www.8200.cn/kjh/3d/2023336.htm,https://www.3d178.cn/kaijiang/2023/2023336.shtml
2023-12-17,2023337,862,862,862,269,494,494,一致,一致,https://www.8200.cn/kjh/3d/2023337.htm,https://www.3d178.cn/kaijiang/2023/2023337.shtml
2023-12-18,2023338,477,477,477,504,153,153,一致,一致,https://www.8200.cn/kjh/3d/2023338.htm,https://www.3d178.cn/kaijiang/2023/2023338.shtml
2023-12-19,2023339,847,847,847,467,187,187,一致,一致,https://www.8200.cn/kjh/3d/2023339.htm,https://www.3d178.cn/kaijiang/2023/2023339.shtml
2023-12-20,2023340,138,138,138,407,406,406,一致,一致,https://www.8200.cn/kjh/3d/2023340.htm,https://www.3d178.cn/kaijiang/2023/2023340.shtml
2023-12-21,2023341,227,227,227,026,195,195,一致,一致,https://www.8200.cn/kjh/3d/2023341.htm,https://www.3d178.cn/kaijiang/2023/2023341.shtml
2023-12-22,2023342,769,769,769,501,657,657,一致,一致,https://www.8200.cn/kjh/3d/2023342.htm,https://www.3d178.cn/kaijiang/2023/2023342.shtml
2023-12-23,2023343,848,848,848,145,639,639,一致,一致,https://www.8200.cn/kjh/3d/2023343.htm,https://www.3d178.cn/kaijiang/2023/2023343.shtml
2023-12-24,2023344,968,968,968,063,916,916,一致,一致,https://www.8200.cn/kjh/3d/2023344.htm,https://www.3d178.cn/kaijiang/2023/2023344.shtml
2023-12-25,2023345,436,436,436,013,562,562,一致,一致,https://www.8200.cn/kjh/3d/2023345.htm,https://www.3d178.cn/kaijiang/2023/2023345.shtml
2023-12-26,2023346,491,491,491,614,821,821,一致,一致,https://www.8200.cn/kjh/3d/2023346.htm,https://www.3d178.cn/kaijiang/2023/2023346.shtml
2023-12-27,2023347,560,560,560,184,788,788,一致,一致,https://www.8200.cn/kjh/3d/2023347.htm,https://www.3d178.cn/kaijiang/2023/2023347.shtml
2023-12-28,2023348,653,653,653,905,228,228,一致,一致,https://www.8200.cn/kjh/3d/2023348.htm,https://www.3d178.cn/kaijiang/2023/2023348.shtml
2023-12-29,2023349,514,514,514,082,971,971,一致,一致,https://www.8200.cn/kjh/3d/2023349.htm,https://www.3d178.cn/kaijiang/2023/2023349.shtml
2023-12-30,2023350,771,771,771,214,680,680,一致,一致,https://www.8200.cn/kjh/3d/2023350.htm,https://www.3d178.cn/kaijiang/2023/2023350.shtml
2023-12-31,2023351,490,490,490,809,870,870,一致,一致,https://www.8200.cn/kjh/3d/2023351.htm,https://www.3d178.cn/kaijiang/2023/2023351.shtml
2024-01-01,2024001,218,218,218,892,239,239,一致,一致,https://www.8200.cn/kjh/3d/2024001.htm,https://www.3d178.cn/kaijiang/2024/2024001.shtml
2024-01-02,2024002,669,669,669,102,884,884,一致,一致,https://www.8200.cn/kjh/3d/2024002.htm,https://www.3d178.cn/kaijiang/2024/2024002.shtml
2024-01-03,2024003,729,729,729,578,369,369,一致,一致,https://www.8200.cn/kjh/3d/2024003.htm,https://www.3d178.cn/kaijiang/2024/2024003.shtml
2024-01-04,2024004,705,705,705,519,491,491,一致,一致,https://www.8200.cn/kjh/3d/2024004.htm,https://www.3d178.cn/kaijiang/2024/2024004.shtml
2024-01-05,2024005,806,806,806,157,189,189,一致,一致,https://www.8200.cn/kjh/3d/2024005.htm,https://www.3d178.cn/kaijiang/2024/2024005.shtml
2024-01-06,2024006,212,212,212,902,265,265,一致,一致,https://www.8200.cn/kjh/3d/2024006.htm,https://www.3d178.cn/kaijiang/2024/2024006.shtml
2024-01-07,2024007,633,633,633,728,465,465,一致,一致,https://www.8200.cn/kjh/3d/2024007.htm,https://www.3d178.cn/kaijiang/2024/2024007.shtml
2024-01-08,2024008,423,423,423,402,388,388,一致,一致,https://www.8200.cn/kjh/3d/2024008.htm,https://www.3d178.cn/kaijiang/2024/2024008.shtml
2024-01-09,2024009,265,265,265,903,655,655,一致,一致,https://www.8200.cn/kjh/3d/2024009.htm,https://www.3d178.cn/kaijiang/2024/2024009.shtml
2024-01-10,2024010,437,437,437,489,533,533,一致,一致,https://www.8200.cn/kjh/3d/2024010.htm,https://www.3d178.cn/kaijiang/2024/2024010.shtml
2024-01-11,2024011,927,927,927,853,160,160,一致,一致,https://www.8200.cn/kjh/3d/2024011.htm,https://www.3d178.cn/kaijiang/2024/2024011.shtml
2024-01-12,2024012,590,590,590,367,546,546,一致,一致,https://www.8200.cn/kjh/3d/2024012.htm,https://www.3d178.cn/kaijiang/2024/2024012.shtml
2024-01-13,2024013,468,468,468,095,409,409,一致,一致,https://www.8200.cn/kjh/3d/2024013.htm,https://www.3d178.cn/kaijiang/2024/2024013.shtml
2024-01-14,2024014,251,251,251,962,162,162,一致,一致,https://www.8200.cn/kjh/3d/2024014.htm,https://www.3d178.cn/kaijiang/2024/2024014.shtml
2024-01-15,2024015,438,438,438,369,208,208,一致,一致,https://www.8200.cn/kjh/3d/2024015.htm,https://www.3d178.cn/kaijiang/2024/2024015.shtml
2024-01-16,2024016,920,920,920,283,080,080,一致,一致,https://www.8200.cn/kjh/3d/2024016.htm,https://www.3d178.cn/kaijiang/2024/2024016.shtml
2024-01-17,2024017,659,659,659,657,002,002,一致,一致,https://www.8200.cn/kjh/3d/2024017.htm,https://www.3d178.cn/kaijiang/2024/2024017.shtml
2024-01-18,2024018,430,430,430,634,515,515,一致,一致,https://www.8200.cn/kjh/3d/2024018.htm,https://www.3d178.cn/kaijiang/2024/2024018.shtml
2024-01-19,2024019,953,953,953,697,457,457,一致,一致,https://www.8200.cn/kjh/3d/2024019.htm,https://www.3d178.cn/kaijiang/2024/2024019.shtml
2024-01-20,2024020,868,868,868,195,166,166,一致,一致,https://www.8200.cn/kjh/3d/2024020.htm,https://www.3d178.cn/kaijiang/2024/2024020.shtml
2024-01-21,2024021,446,446,446,649,354,354,一致,一致,https://www.8200.cn/kjh/3d/2024021.htm,https://www.3d178.cn/kaijiang/2024/2024021.shtml
2024-01-22,2024022,285,285,285,094,786,786,一致,一致,https://www.8200.cn/kjh/3d/2024022.htm,https://www.3d178.cn/kaijiang/2024/2024022.shtml
2024-01-23,2024023,247,247,247,971,369,369,一致,一致,https://www.8200.cn/kjh/3d/2024023.htm,https://www.3d178.cn/kaijiang/2024/2024023.shtml
2024-01-24,2024024,473,473,473,128,987,987,一致,一致,https://www.8200.cn/kjh/3d/2024024.htm,https://www.3d178.cn/kaijiang/2024/2024024.shtml
2024-01-25,2024025,749,749,749,072,474,474,一致,一致,https://www.8200.cn/kjh/3d/2024025.htm,https://www.3d178.cn/kaijiang/2024/2024025.shtml
2024-01-26,2024026,149,149,149,437,252,252,一致,一致,https://www.8200.cn/kjh/3d/2024026.htm,https://www.3d178.cn/kaijiang/2024/2024026.shtml
2024-01-27,2024027,849,849,849,230,737,737,一致,一致,https://www.8200.cn/kjh/3d/2024027.htm,https://www.3d178.cn/kaijiang/2024/2024027.shtml
2024-01-28,2024028,662,662,662,873,688,688,一致,一致,https://www.8200.cn/kjh/3d/2024028.htm,https://www.3d178.cn/kaijiang/2024/2024028.shtml
2024-01-29,2024029,094,094,094,692,081,081,一致,一致,https://www.8200.cn/kjh/3d/2024029.htm,https://www.3d178.cn/kaijiang/2024/2024029.shtml
2024-01-30,2024030,935,935,935,864,209,209,一致,一致,https://www.8200.cn/kjh/3d/2024030.htm,https://www.3d178.cn/kaijiang/2024/2024030.shtml
2024-01-31,2024031,060,060,060,637,274,274,一致,一致,https://www.8200.cn/kjh/3d/2024031.htm,https://www.3d178.cn/kaijiang/2024/2024031.shtml
2024-02-01,2024032,995,995,995,483,083,083,一致,一致,https://www.8200.cn/kjh/3d/2024032.htm,https://www.3d178.cn/kaijiang/2024/2024032.shtml
2024-02-02,2024033,945,945,945,957,406,406,一致,一致,https://www.8200.cn/kjh/3d/2024033.htm,https://www.3d178.cn/kaijiang/2024/2024033.shtml
2024-02-03,2024034,856,856,856,840,814,814,一致,一致,https://www.8200.cn/kjh/3d/2024034.htm,https://www.3d178.cn/kaijiang/2024/2024034.shtml
2024-02-04,2024035,045,045,045,502,769,769,一致,一致,https://www.8200.cn/kjh/3d/2024035.htm,https://www.3d178.cn/kaijiang/2024/2024035.shtml
2024-02-05,2024036,265,265,265,168,441,441,一致,一致,https://www.8200.cn/kjh/3d/2024036.htm,https://www.3d178.cn/kaijiang/2024/2024036.shtml
2024-02-06,2024037,460,460,460,158,119,119,一致,一致,https://www.8200.cn/kjh/3d/2024037.htm,https://www.3d178.cn/kaijiang/2024/2024037.shtml
2024-02-07,2024038,676,676,676,162,447,447,一致,一致,https://www.8200.cn/kjh/3d/2024038.htm,https://www.3d178.cn/kaijiang/2024/2024038.shtml
2024-02-18,2024039,228,228,228,097,260,260,一致,一致,https://www.8200.cn/kjh/3d/2024039.htm,https://www.3d178.cn/kaijiang/2024/2024039.shtml
2024-02-19,2024040,736,736,736,837,182,182,一致,一致,https://www.8200.cn/kjh/3d/2024040.htm,https://www.3d178.cn/kaijiang/2024/2024040.shtml
2024-02-20,2024041,315,315,315,153,065,065,一致,一致,https://www.8200.cn/kjh/3d/2024041.htm,https://www.3d178.cn/kaijiang/2024/2024041.shtml
2024-02-21,2024042,086,086,086,126,887,887,一致,一致,https://www.8200.cn/kjh/3d/2024042.htm,https://www.3d178.cn/kaijiang/2024/2024042.shtml
2024-02-22,2024043,257,257,257,853,025,025,一致,一致,https://www.8200.cn/kjh/3d/2024043.htm,https://www.3d178.cn/kaijiang/2024/2024043.shtml
2024-02-23,2024044,363,363,363,247,722,722,一致,一致,https://www.8200.cn/kjh/3d/2024044.htm,https://www.3d178.cn/kaijiang/2024/2024044.shtml
2024-02-24,2024045,406,406,406,397,551,551,一致,一致,https://www.8200.cn/kjh/3d/2024045.htm,https://www.3d178.cn/kaijiang/2024/2024045.shtml
2024-02-25,2024046,730,730,730,618,752,752,一致,一致,https://www.8200.cn/kjh/3d/2024046.htm,https://www.3d178.cn/kaijiang/2024/2024046.shtml
2024-02-26,2024047,420,420,420,678,412,412,一致,一致,https://www.8200.cn/kjh/3d/2024047.htm,https://www.3d178.cn/kaijiang/2024/2024047.shtml
2024-02-27,2024048,128,128,128,802,556,556,一致,一致,https://www.8200.cn/kjh/3d/2024048.htm,https://www.3d178.cn/kaijiang/2024/2024048.shtml
2024-02-28,2024049,811,811,811,394,759,759,一致,一致,https://www.8200.cn/kjh/3d/2024049.htm,https://www.3d178.cn/kaijiang/2024/2024049.shtml
2024-02-29,2024050,634,634,634,305,689,689,一致,一致,https://www.8200.cn/kjh/3d/2024050.htm,https://www.3d178.cn/kaijiang/2024/2024050.shtml
2024-03-01,2024051,340,340,340,584,144,144,一致,一致,https://www.8200.cn/kjh/3d/2024051.htm,https://www.3d178.cn/kaijiang/2024/2024051.shtml
2024-03-02,2024052,310,310,310,713,812,812,一致,一致,https://www.8200.cn/kjh/3d/2024052.htm,https://www.3d178.cn/kaijiang/2024/2024052.shtml
2024-03-03,2024053,478,478,478,690,502,502,一致,一致,https://www.8200.cn/kjh/3d/2024053.htm,https://www.3d178.cn/kaijiang/2024/2024053.shtml
2024-03-04,2024054,192,192,192,730,646,646,一致,一致,https://www.8200.cn/kjh/3d/2024054.htm,https://www.3d178.cn/kaijiang/2024/2024054.shtml
2024-03-05,2024055,589,589,589,304,247,247,一致,一致,https://www.8200.cn/kjh/3d/2024055.htm,https://www.3d178.cn/kaijiang/2024/2024055.shtml
2024-03-06,2024056,542,542,542,549,707,707,一致,一致,https://www.8200.cn/kjh/3d/2024056.htm,https://www.3d178.cn/kaijiang/2024/2024056.shtml
2024-03-07,2024057,805,805,805,396,429,429,一致,一致,https://www.8200.cn/kjh/3d/2024057.htm,https://www.3d178.cn/kaijiang/2024/2024057.shtml
2024-03-08,2024058,469,469,469,571,664,664,一致,一致,https://www.8200.cn/kjh/3d/2024058.htm,https://www.3d178.cn/kaijiang/2024/2024058.shtml
2024-03-09,2024059,758,758,758,492,320,320,一致,一致,https://www.8200.cn/kjh/3d/2024059.htm,https://www.3d178.cn/kaijiang/2024/2024059.shtml
2024-03-10,2024060,897,897,897,916,685,685,一致,一致,https://www.8200.cn/kjh/3d/2024060.htm,https://www.3d178.cn/kaijiang/2024/2024060.shtml
2024-03-11,2024061,406,406,406,816,146,146,一致,一致,https://www.8200.cn/kjh/3d/2024061.htm,https://www.3d178.cn/kaijiang/2024/2024061.shtml
2024-03-12,2024062,377,377,377,216,046,046,一致,一致,https://www.8200.cn/kjh/3d/2024062.htm,https://www.3d178.cn/kaijiang/2024/2024062.shtml
2024-03-13,2024063,349,349,349,438,843,843,一致,一致,https://www.8200.cn/kjh/3d/2024063.htm,https://www.3d178.cn/kaijiang/2024/2024063.shtml
2024-03-14,2024064,009,009,009,051,025,025,一致,一致,https://www.8200.cn/kjh/3d/2024064.htm,https://www.3d178.cn/kaijiang/2024/2024064.shtml
2024-03-15,2024065,469,469,469,092,254,254,一致,一致,https://www.8200.cn/kjh/3d/2024065.htm,https://www.3d178.cn/kaijiang/2024/2024065.shtml
2024-03-16,2024066,198,198,198,735,028,028,一致,一致,https://www.8200.cn/kjh/3d/2024066.htm,https://www.3d178.cn/kaijiang/2024/2024066.shtml
2024-03-17,2024067,709,709,709,894,448,448,一致,一致,https://www.8200.cn/kjh/3d/2024067.htm,https://www.3d178.cn/kaijiang/2024/2024067.shtml
2024-03-18,2024068,642,642,642,628,983,983,一致,一致,https://www.8200.cn/kjh/3d/2024068.htm,https://www.3d178.cn/kaijiang/2024/2024068.shtml
2024-03-19,2024069,451,451,451,451,688,688,一致,一致,https://www.8200.cn/kjh/3d/2024069.htm,https://www.3d178.cn/kaijiang/2024/2024069.shtml
2024-03-20,2024070,671,671,671,386,882,882,一致,一致,https://www.8200.cn/kjh/3d/2024070.htm,https://www.3d178.cn/kaijiang/2024/2024070.shtml
2024-03-21,2024071,213,213,213,368,941,941,一致,一致,https://www.8200.cn/kjh/3d/2024071.htm,https://www.3d178.cn/kaijiang/2024/2024071.shtml
2024-03-22,2024072,977,977,977,134,841,841,一致,一致,https://www.8200.cn/kjh/3d/2024072.htm,https://www.3d178.cn/kaijiang/2024/2024072.shtml
2024-03-23,2024073,258,258,258,275,984,984,一致,一致,https://www.8200.cn/kjh/3d/2024073.htm,https://www.3d178.cn/kaijiang/2024/2024073.shtml
2024-03-24,2024074,041,041,041,487,658,658,一致,一致,https://www.8200.cn/kjh/3d/2024074.htm,https://www.3d178.cn/kaijiang/2024/2024074.shtml
2024-03-25,2024075,254,254,254,380,566,566,一致,一致,https://www.8200.cn/kjh/3d/2024075.htm,https://www.3d178.cn/kaijiang/2024/2024075.shtml
2024-03-26,2024076,655,655,655,850,780,780,一致,一致,https://www.8200.cn/kjh/3d/2024076.htm,https://www.3d178.cn/kaijiang/2024/2024076.shtml
2024-03-27,2024077,336,336,336,859,458,458,一致,一致,https://www.8200.cn/kjh/3d/2024077.htm,https://www.3d178.cn/kaijiang/2024/2024077.shtml
2024-03-28,2024078,397,397,397,830,224,224,一致,一致,https://www.8200.cn/kjh/3d/2024078.htm,https://www.3d178.cn/kaijiang/2024/2024078.shtml
2024-03-29,2024079,931,931,931,129,033,033,一致,一致,https://www.8200.cn/kjh/3d/2024079.htm,https://www.3d178.cn/kaijiang/2024/2024079.shtml
2024-03-30,2024080,775,775,775,670,769,769,一致,一致,https://www.8200.cn/kjh/3d/2024080.htm,https://www.3d178.cn/kaijiang/2024/2024080.shtml
2024-03-31,2024081,108,108,108,459,529,529,一致,一致,https://www.8200.cn/kjh/3d/2024081.htm,https://www.3d178.cn/kaijiang/2024/2024081.shtml
2024-04-01,2024082,920,920,920,769,434,434,一致,一致,https://www.8200.cn/kjh/3d/2024082.htm,https://www.3d178.cn/kaijiang/2024/2024082.shtml
2024-04-02,2024083,899,899,899,438,103,103,一致,一致,https://www.8200.cn/kjh/3d/2024083.htm,https://www.3d178.cn/kaijiang/2024/2024083.shtml
2024-04-03,2024084,219,219,219,620,514,514,一致,一致,https://www.8200.cn/kjh/3d/2024084.htm,https://www.3d178.cn/kaijiang/2024/2024084.shtml
2024-04-04,2024085,490,490,490,593,537,537,一致,一致,https://www.8200.cn/kjh/3d/2024085.htm,https://www.3d178.cn/kaijiang/2024/2024085.shtml
2024-04-05,2024086,532,532,532,780,830,830,一致,一致,https://www.8200.cn/kjh/3d/2024086.htm,https://www.3d178.cn/kaijiang/2024/2024086.shtml
2024-04-06,2024087,797,797,797,652,983,983,一致,一致,https://www.8200.cn/kjh/3d/2024087.htm,https://www.3d178.cn/kaijiang/2024/2024087.shtml
2024-04-07,2024088,761,761,761,408,396,396,一致,一致,https://www.8200.cn/kjh/3d/2024088.htm,https://www.3d178.cn/kaijiang/2024/2024088.shtml
2024-04-08,2024089,457,457,457,472,654,654,一致,一致,https://www.8200.cn/kjh/3d/2024089.htm,https://www.3d178.cn/kaijiang/2024/2024089.shtml
2024-04-09,2024090,890,890,890,087,017,017,一致,一致,https://www.8200.cn/kjh/3d/2024090.htm,https://www.3d178.cn/kaijiang/2024/2024090.shtml
2024-04-10,2024091,564,564,564,728,266,266,一致,一致,https://www.8200.cn/kjh/3d/2024091.htm,https://www.3d178.cn/kaijiang/2024/2024091.shtml
2024-04-11,2024092,071,071,071,924,843,843,一致,一致,https://www.8200.cn/kjh/3d/2024092.htm,https://www.3d178.cn/kaijiang/2024/2024092.shtml
2024-04-12,2024093,647,647,647,253,738,738,一致,一致,https://www.8200.cn/kjh/3d/2024093.htm,https://www.3d178.cn/kaijiang/2024/2024093.shtml
2024-04-13,2024094,679,679,679,537,815,815,一致,一致,https://www.8200.cn/kjh/3d/2024094.htm,https://www.3d178.cn/kaijiang/2024/2024094.shtml
2024-04-14,2024095,257,257,257,280,015,015,一致,一致,https://www.8200.cn/kjh/3d/2024095.htm,https://www.3d178.cn/kaijiang/2024/2024095.shtml
2024-04-15,2024096,129,129,129,563,092,092,一致,一致,https://www.8200.cn/kjh/3d/2024096.htm,https://www.3d178.cn/kaijiang/2024/2024096.shtml
2024-04-16,2024097,389,389,389,910,962,962,一致,一致,https://www.8200.cn/kjh/3d/2024097.htm,https://www.3d178.cn/kaijiang/2024/2024097.shtml
2024-04-17,2024098,620,620,620,827,019,019,一致,一致,https://www.8200.cn/kjh/3d/2024098.htm,https://www.3d178.cn/kaijiang/2024/2024098.shtml
2024-04-18,2024099,190,190,190,057,154,154,一致,一致,https://www.8200.cn/kjh/3d/2024099.htm,https://www.3d178.cn/kaijiang/2024/2024099.shtml
2024-04-19,2024100,936,936,936,495,304,304,一致,一致,https://www.8200.cn/kjh/3d/2024100.htm,https://www.3d178.cn/kaijiang/2024/2024100.shtml
2024-04-20,2024101,594,594,594,927,124,124,一致,一致,https://www.8200.cn/kjh/3d/2024101.htm,https://www.3d178.cn/kaijiang/2024/2024101.shtml
2024-04-21,2024102,339,339,339,597,162,162,一致,一致,https://www.8200.cn/kjh/3d/2024102.htm,https://www.3d178.cn/kaijiang/2024/2024102.shtml
2024-04-22,2024103,984,984,984,765,830,830,一致,一致,https://www.8200.cn/kjh/3d/2024103.htm,https://www.3d178.cn/kaijiang/2024/2024103.shtml
2024-04-23,2024104,579,579,579,247,581,581,一致,一致,https://www.8200.cn/kjh/3d/2024104.htm,https://www.3d178.cn/kaijiang/2024/2024104.shtml
2024-04-24,2024105,976,976,976,724,682,682,一致,一致,https://www.8200.cn/kjh/3d/2024105.htm,https://www.3d178.cn/kaijiang/2024/2024105.shtml
2024-04-25,2024106,127,127,127,347,930,930,一致,一致,https://www.8200.cn/kjh/3d/2024106.htm,https://www.3d178.cn/kaijiang/2024/2024106.shtml
2024-04-26,2024107,062,062,062,625,858,858,一致,一致,https://www.8200.cn/kjh/3d/2024107.htm,https://www.3d178.cn/kaijiang/2024/2024107.shtml
2024-04-27,2024108,432,432,432,952,606,606,一致,一致,https://www.8200.cn/kjh/3d/2024108.htm,https://www.3d178.cn/kaijiang/2024/2024108.shtml
2024-04-28,2024109,181,181,181,162,670,670,一致,一致,https://www.8200.cn/kjh/3d/2024109.htm,https://www.3d178.cn/kaijiang/2024/2024109.shtml
2024-04-29,2024110,506,506,506,046,845,845,一致,一致,https://www.8200.cn/kjh/3d/2024110.htm,https://www.3d178.cn/kaijiang/2024/2024110.shtml
2024-04-30,2024111,206,206,206,736,642,642,一致,一致,https://www.8200.cn/kjh/3d/2024111.htm,https://www.3d178.cn/kaijiang/2024/2024111.shtml
2024-05-01,2024112,630,630,630,138,962,962,一致,一致,https://www.8200.cn/kjh/3d/2024112.htm,https://www.3d178.cn/kaijiang/2024/2024112.shtml
2024-05-02,2024113,242,242,242,043,016,016,一致,一致,https://www.8200.cn/kjh/3d/2024113.htm,https://www.3d178.cn/kaijiang/2024/2024113.shtml
2024-05-03,2024114,075,075,075,287,160,160,一致,一致,https://www.8200.cn/kjh/3d/2024114.htm,https://www.3d178.cn/kaijiang/2024/2024114.shtml
2024-05-04,2024115,099,099,099,351,111,111,一致,一致,https://www.8200.cn/kjh/3d/2024115.htm,https://www.3d178.cn/kaijiang/2024/2024115.shtml
2024-05-05,2024116,851,851,851,021,547,547,一致,一致,https://www.8200.cn/kjh/3d/2024116.htm,https://www.3d178.cn/kaijiang/2024/2024116.shtml
2024-05-06,2024117,989,989,989,305,726,726,一致,一致,https://www.8200.cn/kjh/3d/2024117.htm,https://www.3d178.cn/kaijiang/2024/2024117.shtml
2024-05-07,2024118,343,343,343,038,709,709,一致,一致,https://www.8200.cn/kjh/3d/2024118.htm,https://www.3d178.cn/kaijiang/2024/2024118.shtml
2024-05-08,2024119,508,508,508,058,308,308,一致,一致,https://www.8200.cn/kjh/3d/2024119.htm,https://www.3d178.cn/kaijiang/2024/2024119.shtml
2024-05-09,2024120,549,549,549,178,737,737,一致,一致,https://www.8200.cn/kjh/3d/2024120.htm,https://www.3d178.cn/kaijiang/2024/2024120.shtml
2024-05-10,2024121,289,289,289,915,099,099,一致,一致,https://www.8200.cn/kjh/3d/2024121.htm,https://www.3d178.cn/kaijiang/2024/2024121.shtml
2024-05-11,2024122,708,708,708,136,184,184,一致,一致,https://www.8200.cn/kjh/3d/2024122.htm,https://www.3d178.cn/kaijiang/2024/2024122.shtml
2024-05-12,2024123,183,183,183,681,653,653,一致,一致,https://www.8200.cn/kjh/3d/2024123.htm,https://www.3d178.cn/kaijiang/2024/2024123.shtml
2024-05-13,2024124,787,787,787,346,831,831,一致,一致,https://www.8200.cn/kjh/3d/2024124.htm,https://www.3d178.cn/kaijiang/2024/2024124.shtml
2024-05-14,2024125,649,649,649,853,685,685,一致,一致,https://www.8200.cn/kjh/3d/2024125.htm,https://www.3d178.cn/kaijiang/2024/2024125.shtml
2024-05-15,2024126,323,323,323,549,781,781,一致,一致,https://www.8200.cn/kjh/3d/2024126.htm,https://www.3d178.cn/kaijiang/2024/2024126.shtml
2024-05-16,2024127,214,214,214,598,122,122,一致,一致,https://www.8200.cn/kjh/3d/2024127.htm,https://www.3d178.cn/kaijiang/2024/2024127.shtml
2024-05-17,2024128,573,573,573,780,778,778,一致,一致,https://www.8200.cn/kjh/3d/2024128.htm,https://www.3d178.cn/kaijiang/2024/2024128.shtml
2024-05-18,2024129,067,067,067,860,085,085,一致,一致,https://www.8200.cn/kjh/3d/2024129.htm,https://www.3d178.cn/kaijiang/2024/2024129.shtml
2024-05-19,2024130,066,066,066,983,537,537,一致,一致,https://www.8200.cn/kjh/3d/2024130.htm,https://www.3d178.cn/kaijiang/2024/2024130.shtml
2024-05-20,2024131,069,069,069,012,298,298,一致,一致,https://www.8200.cn/kjh/3d/2024131.htm,https://www.3d178.cn/kaijiang/2024/2024131.shtml
2024-05-21,2024132,652,652,652,501,463,463,一致,一致,https://www.8200.cn/kjh/3d/2024132.htm,https://www.3d178.cn/kaijiang/2024/2024132.shtml
2024-05-22,2024133,741,741,741,496,643,643,一致,一致,https://www.8200.cn/kjh/3d/2024133.htm,https://www.3d178.cn/kaijiang/2024/2024133.shtml
2024-05-23,2024134,640,640,640,603,722,722,一致,一致,https://www.8200.cn/kjh/3d/2024134.htm,https://www.3d178.cn/kaijiang/2024/2024134.shtml
2024-05-24,2024135,035,035,035,628,025,025,一致,一致,https://www.8200.cn/kjh/3d/2024135.htm,https://www.3d178.cn/kaijiang/2024/2024135.shtml
2024-05-25,2024136,227,227,227,195,553,553,一致,一致,https://www.8200.cn/kjh/3d/2024136.htm,https://www.3d178.cn/kaijiang/2024/2024136.shtml
2024-05-26,2024137,982,982,982,348,485,485,一致,一致,https://www.8200.cn/kjh/3d/2024137.htm,https://www.3d178.cn/kaijiang/2024/2024137.shtml
2024-05-27,2024138,955,955,955,970,916,916,一致,一致,https://www.8200.cn/kjh/3d/2024138.htm,https://www.3d178.cn/kaijiang/2024/2024138.shtml
2024-05-28,2024139,748,748,748,098,126,126,一致,一致,https://www.8200.cn/kjh/3d/2024139.htm,https://www.3d178.cn/kaijiang/2024/2024139.shtml
2024-05-29,2024140,536,536,536,850,019,019,一致,一致,https://www.8200.cn/kjh/3d/2024140.htm,https://www.3d178.cn/kaijiang/2024/2024140.shtml
2024-05-30,2024141,256,256,256,283,653,653,一致,一致,https://www.8200.cn/kjh/3d/2024141.htm,https://www.3d178.cn/kaijiang/2024/2024141.shtml
2024-05-31,2024142,813,813,813,682,200,200,一致,一致,https://www.8200.cn/kjh/3d/2024142.htm,https://www.3d178.cn/kaijiang/2024/2024142.shtml
2024-06-01,2024143,955,955,955,725,829,829,一致,一致,https://www.8200.cn/kjh/3d/2024143.htm,https://www.3d178.cn/kaijiang/2024/2024143.shtml
2024-06-02,2024144,816,816,816,425,205,205,一致,一致,https://www.8200.cn/kjh/3d/2024144.htm,https://www.3d178.cn/kaijiang/2024/2024144.shtml
2024-06-03,2024145,756,756,756,728,855,855,一致,一致,https://www.8200.cn/kjh/3d/2024145.htm,https://www.3d178.cn/kaijiang/2024/2024145.shtml
2024-06-04,2024146,180,180,180,273,168,168,一致,一致,https://www.8200.cn/kjh/3d/2024146.htm,https://www.3d178.cn/kaijiang/2024/2024146.shtml
2024-06-05,2024147,225,225,225,143,461,461,一致,一致,https://www.8200.cn/kjh/3d/2024147.htm,https://www.3d178.cn/kaijiang/2024/2024147.shtml
2024-06-06,2024148,426,426,426,254,661,661,一致,一致,https://www.8200.cn/kjh/3d/2024148.htm,https://www.3d178.cn/kaijiang/2024/2024148.shtml
2024-06-07,2024149,153,153,153,758,945,945,一致,一致,https://www.8200.cn/kjh/3d/2024149.htm,https://www.3d178.cn/kaijiang/2024/2024149.shtml
2024-06-08,2024150,356,356,356,765,332,332,一致,一致,https://www.8200.cn/kjh/3d/2024150.htm,https://www.3d178.cn/kaijiang/2024/2024150.shtml
2024-06-09,2024151,765,765,765,635,393,393,一致,一致,https://www.8200.cn/kjh/3d/2024151.htm,https://www.3d178.cn/kaijiang/2024/2024151.shtml
2024-06-10,2024152,848,848,848,427,203,203,一致,一致,https://www.8200.cn/kjh/3d/2024152.htm,https://www.3d178.cn/kaijiang/2024/2024152.shtml
2024-06-11,2024153,287,287,287,528,700,700,一致,一致,https://www.8200.cn/kjh/3d/2024153.htm,https://www.3d178.cn/kaijiang/2024/2024153.shtml
2024-06-12,2024154,834,834,834,063,248,248,一致,一致,https://www.8200.cn/kjh/3d/2024154.htm,https://www.3d178.cn/kaijiang/2024/2024154.shtml
2024-06-13,2024155,411,411,411,937,162,162,一致,一致,https://www.8200.cn/kjh/3d/2024155.htm,https://www.3d178.cn/kaijiang/2024/2024155.shtml
2024-06-14,2024156,180,180,180,284,967,967,一致,一致,https://www.8200.cn/kjh/3d/2024156.htm,https://www.3d178.cn/kaijiang/2024/2024156.shtml
2024-06-15,2024157,126,126,126,751,878,878,一致,一致,https://www.8200.cn/kjh/3d/2024157.htm,https://www.3d178.cn/kaijiang/2024/2024157.shtml
2024-06-16,2024158,821,821,821,156,752,752,一致,一致,https://www.8200.cn/kjh/3d/2024158.htm,https://www.3d178.cn/kaijiang/2024/2024158.shtml
2024-06-17,2024159,212,212,212,610,169,169,一致,一致,https://www.8200.cn/kjh/3d/2024159.htm,https://www.3d178.cn/kaijiang/2024/2024159.shtml
2024-06-18,2024160,690,690,690,145,267,267,一致,一致,https://www.8200.cn/kjh/3d/2024160.htm,https://www.3d178.cn/kaijiang/2024/2024160.shtml
2024-06-19,2024161,468,468,468,951,171,171,一致,一致,https://www.8200.cn/kjh/3d/2024161.htm,https://www.3d178.cn/kaijiang/2024/2024161.shtml
2024-06-20,2024162,164,164,164,497,812,812,一致,一致,https://www.8200.cn/kjh/3d/2024162.htm,https://www.3d178.cn/kaijiang/2024/2024162.shtml
2024-06-21,2024163,304,304,304,694,080,080,一致,一致,https://www.8200.cn/kjh/3d/2024163.htm,https://www.3d178.cn/kaijiang/2024/2024163.shtml
2024-06-22,2024164,354,354,354,327,833,833,一致,一致,https://www.8200.cn/kjh/3d/2024164.htm,https://www.3d178.cn/kaijiang/2024/2024164.shtml
2024-06-23,2024165,145,145,145,850,503,503,一致,一致,https://www.8200.cn/kjh/3d/2024165.htm,https://www.3d178.cn/kaijiang/2024/2024165.shtml
2024-06-24,2024166,397,397,397,360,611,611,一致,一致,https://www.8200.cn/kjh/3d/2024166.htm,https://www.3d178.cn/kaijiang/2024/2024166.shtml
2024-06-25,2024167,220,220,220,026,546,546,一致,一致,https://www.8200.cn/kjh/3d/2024167.htm,https://www.3d178.cn/kaijiang/2024/2024167.shtml
2024-06-26,2024168,752,752,752,854,696,696,一致,一致,https://www.8200.cn/kjh/3d/2024168.htm,https://www.3d178.cn/kaijiang/2024/2024168.shtml
2024-06-27,2024169,402,402,402,038,518,518,一致,一致,https://www.8200.cn/kjh/3d/2024169.htm,https://www.3d178.cn/kaijiang/2024/2024169.shtml
2024-06-28,2024170,225,225,225,809,655,655,一致,一致,https://www.8200.cn/kjh/3d/2024170.htm,https://www.3d178.cn/kaijiang/2024/2024170.shtml
2024-06-29,2024171,480,480,480,948,986,986,一致,一致,https://www.8200.cn/kjh/3d/2024171.htm,https://www.3d178.cn/kaijiang/2024/2024171.shtml
2024-06-30,2024172,908,908,908,591,824,824,一致,一致,https://www.8200.cn/kjh/3d/2024172.htm,https://www.3d178.cn/kaijiang/2024/2024172.shtml
2024-07-01,2024173,449,449,449,283,735,735,一致,一致,https://www.8200.cn/kjh/3d/2024173.htm,https://www.3d178.cn/kaijiang/2024/2024173.shtml
2024-07-02,2024174,236,236,236,857,015,015,一致,一致,https://www.8200.cn/kjh/3d/2024174.htm,https://www.3d178.cn/kaijiang/2024/2024174.shtml
2024-07-03,2024175,488,488,488,376,224,224,一致,一致,https://www.8200.cn/kjh/3d/2024175.htm,https://www.3d178.cn/kaijiang/2024/2024175.shtml
2024-07-04,2024176,108,108,108,265,391,391,一致,一致,https://www.8200.cn/kjh/3d/2024176.htm,https://www.3d178.cn/kaijiang/2024/2024176.shtml
2024-07-05,2024177,460,460,460,987,747,747,一致,一致,https://www.8200.cn/kjh/3d/2024177.htm,https://www.3d178.cn/kaijiang/2024/2024177.shtml
2024-07-06,2024178,581,581,581,641,391,391,一致,一致,https://www.8200.cn/kjh/3d/2024178.htm,https://www.3d178.cn/kaijiang/2024/2024178.shtml
2024-07-07,2024179,005,005,005,230,931,931,一致,一致,https://www.8200.cn/kjh/3d/2024179.htm,https://www.3d178.cn/kaijiang/2024/2024179.shtml
2024-07-08,2024180,918,918,918,497,886,886,一致,一致,https://www.8200.cn/kjh/3d/2024180.htm,https://www.3d178.cn/kaijiang/2024/2024180.shtml
2024-07-09,2024181,230,230,230,490,120,120,一致,一致,https://www.8200.cn/kjh/3d/2024181.htm,https://www.3d178.cn/kaijiang/2024/2024181.shtml
2024-07-10,2024182,884,884,884,823,895,895,一致,一致,https://www.8200.cn/kjh/3d/2024182.htm,https://www.3d178.cn/kaijiang/2024/2024182.shtml
2024-07-11,2024183,443,443,443,175,193,193,一致,一致,https://www.8200.cn/kjh/3d/2024183.htm,https://www.3d178.cn/kaijiang/2024/2024183.shtml
2024-07-12,2024184,933,933,933,418,287,287,一致,一致,https://www.8200.cn/kjh/3d/2024184.htm,https://www.3d178.cn/kaijiang/2024/2024184.shtml
2024-07-13,2024185,306,306,306,960,186,186,一致,一致,https://www.8200.cn/kjh/3d/2024185.htm,https://www.3d178.cn/kaijiang/2024/2024185.shtml
2024-07-14,2024186,579,579,579,087,571,571,一致,一致,https://www.8200.cn/kjh/3d/2024186.htm,https://www.3d178.cn/kaijiang/2024/2024186.shtml
2024-07-15,2024187,380,380,380,281,100,100,一致,一致,https://www.8200.cn/kjh/3d/2024187.htm,https://www.3d178.cn/kaijiang/2024/2024187.shtml
2024-07-16,2024188,956,956,956,052,677,677,一致,一致,https://www.8200.cn/kjh/3d/2024188.htm,https://www.3d178.cn/kaijiang/2024/2024188.shtml
2024-07-17,2024189,530,530,530,509,699,699,一致,一致,https://www.8200.cn/kjh/3d/2024189.htm,https://www.3d178.cn/kaijiang/2024/2024189.shtml
2024-07-18,2024190,410,410,410,916,916,916,一致,一致,https://www.8200.cn/kjh/3d/2024190.htm,https://www.3d178.cn/kaijiang/2024/2024190.shtml
2024-07-19,2024191,382,382,382,315,271,271,一致,一致,https://www.8200.cn/kjh/3d/2024191.htm,https://www.3d178.cn/kaijiang/2024/2024191.shtml
2024-07-20,2024192,676,676,676,895,557,557,一致,一致,https://www.8200.cn/kjh/3d/2024192.htm,https://www.3d178.cn/kaijiang/2024/2024192.shtml
2024-07-21,2024193,681,681,681,120,177,177,一致,一致,https://www.8200.cn/kjh/3d/2024193.htm,https://www.3d178.cn/kaijiang/2024/2024193.shtml
2024-07-22,2024194,137,137,137,602,385,385,一致,一致,https://www.8200.cn/kjh/3d/2024194.htm,https://www.3d178.cn/kaijiang/2024/2024194.shtml
2024-07-23,2024195,725,725,725,809,651,651,一致,一致,https://www.8200.cn/kjh/3d/2024195.htm,https://www.3d178.cn/kaijiang/2024/2024195.shtml
2024-07-24,2024196,056,056,056,435,828,828,一致,一致,https://www.8200.cn/kjh/3d/2024196.htm,https://www.3d178.cn/kaijiang/2024/2024196.shtml
2024-07-25,2024197,224,224,224,597,497,497,一致,一致,https://www.8200.cn/kjh/3d/2024197.htm,https://www.3d178.cn/kaijiang/2024/2024197.shtml
2024-07-26,2024198,710,710,710,062,484,484,一致,一致,https://www.8200.cn/kjh/3d/2024198.htm,https://www.3d178.cn/kaijiang/2024/2024198.shtml
2024-07-27,2024199,147,147,147,297,441,441,一致,一致,https://www.8200.cn/kjh/3d/2024199.htm,https://www.3d178.cn/kaijiang/2024/2024199.shtml
2024-07-28,2024200,309,309,309,761,164,164,一致,一致,https://www.8200.cn/kjh/3d/2024200.htm,https://www.3d178.cn/kaijiang/2024/2024200.shtml
2024-07-29,2024201,843,843,843,506,378,378,一致,一致,https://www.8200.cn/kjh/3d/2024201.htm,https://www.3d178.cn/kaijiang/2024/2024201.shtml
2024-07-30,2024202,552,552,552,542,798,798,一致,一致,https://www.8200.cn/kjh/3d/2024202.htm,https://www.3d178.cn/kaijiang/2024/2024202.shtml
2024-07-31,2024203,172,172,172,947,902,902,一致,一致,https://www.8200.cn/kjh/3d/2024203.htm,https://www.3d178.cn/kaijiang/2024/2024203.shtml
2024-08-01,2024204,390,390,390,174,863,863,一致,一致,https://www.8200.cn/kjh/3d/2024204.htm,https://www.3d178.cn/kaijiang/2024/2024204.shtml
2024-08-02,2024205,651,651,651,251,470,470,一致,一致,https://www.8200.cn/kjh/3d/2024205.htm,https://www.3d178.cn/kaijiang/2024/2024205.shtml
2024-08-03,2024206,818,818,818,079,404,404,一致,一致,https://www.8200.cn/kjh/3d/2024206.htm,https://www.3d178.cn/kaijiang/2024/2024206.shtml
2024-08-04,2024207,892,892,892,670,762,762,一致,一致,https://www.8200.cn/kjh/3d/2024207.htm,https://www.3d178.cn/kaijiang/2024/2024207.shtml
2024-08-05,2024208,281,281,281,415,565,565,一致,一致,https://www.8200.cn/kjh/3d/2024208.htm,https://www.3d178.cn/kaijiang/2024/2024208.shtml
2024-08-06,2024209,676,676,676,204,492,492,一致,一致,https://www.8200.cn/kjh/3d/2024209.htm,https://www.3d178.cn/kaijiang/2024/2024209.shtml
2024-08-07,2024210,449,449,449,412,570,570,一致,一致,https://www.8200.cn/kjh/3d/2024210.htm,https://www.3d178.cn/kaijiang/2024/2024210.shtml
2024-08-08,2024211,054,054,054,031,008,008,一致,一致,https://www.8200.cn/kjh/3d/2024211.htm,https://www.3d178.cn/kaijiang/2024/2024211.shtml
2024-08-09,2024212,089,089,089,561,187,187,一致,一致,https://www.8200.cn/kjh/3d/2024212.htm,https://www.3d178.cn/kaijiang/2024/2024212.shtml
2024-08-10,2024213,009,009,009,746,456,456,一致,一致,https://www.8200.cn/kjh/3d/2024213.htm,https://www.3d178.cn/kaijiang/2024/2024213.shtml
2024-08-11,2024214,365,365,365,602,841,841,一致,一致,https://www.8200.cn/kjh/3d/2024214.htm,https://www.3d178.cn/kaijiang/2024/2024214.shtml
2024-08-12,2024215,483,483,483,569,770,770,一致,一致,https://www.8200.cn/kjh/3d/2024215.htm,https://www.3d178.cn/kaijiang/2024/2024215.shtml
2024-08-13,2024216,444,444,444,074,274,274,一致,一致,https://www.8200.cn/kjh/3d/2024216.htm,https://www.3d178.cn/kaijiang/2024/2024216.shtml
2024-08-14,2024217,405,405,405,569,845,845,一致,一致,https://www.8200.cn/kjh/3d/2024217.htm,https://www.3d178.cn/kaijiang/2024/2024217.shtml
2024-08-15,2024218,467,467,467,614,033,033,一致,一致,https://www.8200.cn/kjh/3d/2024218.htm,https://www.3d178.cn/kaijiang/2024/2024218.shtml
2024-08-16,2024219,305,305,305,742,539,539,一致,一致,https://www.8200.cn/kjh/3d/2024219.htm,https://www.3d178.cn/kaijiang/2024/2024219.shtml
2024-08-17,2024220,414,414,414,408,246,246,一致,一致,https://www.8200.cn/kjh/3d/2024220.htm,https://www.3d178.cn/kaijiang/2024/2024220.shtml
2024-08-18,2024221,103,103,103,195,872,872,一致,一致,https://www.8200.cn/kjh/3d/2024221.htm,https://www.3d178.cn/kaijiang/2024/2024221.shtml
2024-08-19,2024222,564,564,564,123,339,339,一致,一致,https://www.8200.cn/kjh/3d/2024222.htm,https://www.3d178.cn/kaijiang/2024/2024222.shtml
2024-08-20,2024223,773,773,773,362,923,923,一致,一致,https://www.8200.cn/kjh/3d/2024223.htm,https://www.3d178.cn/kaijiang/2024/2024223.shtml
2024-08-21,2024224,560,560,560,675,099,099,一致,一致,https://www.8200.cn/kjh/3d/2024224.htm,https://www.3d178.cn/kaijiang/2024/2024224.shtml
2024-08-22,2024225,884,884,884,381,619,619,一致,一致,https://www.8200.cn/kjh/3d/2024225.htm,https://www.3d178.cn/kaijiang/2024/2024225.shtml
2024-08-23,2024226,380,380,380,571,243,243,一致,一致,https://www.8200.cn/kjh/3d/2024226.htm,https://www.3d178.cn/kaijiang/2024/2024226.shtml
2024-08-24,2024227,312,312,312,935,295,295,一致,一致,https://www.8200.cn/kjh/3d/2024227.htm,https://www.3d178.cn/kaijiang/2024/2024227.shtml
2024-08-25,2024228,298,298,298,109,027,027,一致,一致,https://www.8200.cn/kjh/3d/2024228.htm,https://www.3d178.cn/kaijiang/2024/2024228.shtml
2024-08-26,2024229,911,911,911,915,870,870,一致,一致,https://www.8200.cn/kjh/3d/2024229.htm,https://www.3d178.cn/kaijiang/2024/2024229.shtml
2024-08-27,2024230,497,497,497,631,241,241,一致,一致,https://www.8200.cn/kjh/3d/2024230.htm,https://www.3d178.cn/kaijiang/2024/2024230.shtml
2024-08-28,2024231,938,938,938,850,347,347,一致,一致,https://www.8200.cn/kjh/3d/2024231.htm,https://www.3d178.cn/kaijiang/2024/2024231.shtml
2024-08-29,2024232,012,012,012,615,898,898,一致,一致,https://www.8200.cn/kjh/3d/2024232.htm,https://www.3d178.cn/kaijiang/2024/2024232.shtml
2024-08-30,2024233,397,397,397,921,594,594,一致,一致,https://www.8200.cn/kjh/3d/2024233.htm,https://www.3d178.cn/kaijiang/2024/2024233.shtml
2024-08-31,2024234,715,715,715,730,112,112,一致,一致,https://www.8200.cn/kjh/3d/2024234.htm,https://www.3d178.cn/kaijiang/2024/2024234.shtml
2024-09-01,2024235,492,492,492,842,673,673,一致,一致,https://www.8200.cn/kjh/3d/2024235.htm,https://www.3d178.cn/kaijiang/2024/2024235.shtml
2024-09-02,2024236,512,512,512,640,591,591,一致,一致,https://www.8200.cn/kjh/3d/2024236.htm,https://www.3d178.cn/kaijiang/2024/2024236.shtml
2024-09-03,2024237,274,274,274,943,115,115,一致,一致,https://www.8200.cn/kjh/3d/2024237.htm,https://www.3d178.cn/kaijiang/2024/2024237.shtml
2024-09-04,2024238,469,469,469,960,679,679,一致,一致,https://www.8200.cn/kjh/3d/2024238.htm,https://www.3d178.cn/kaijiang/2024/2024238.shtml
2024-09-05,2024239,524,524,524,107,002,002,一致,一致,https://www.8200.cn/kjh/3d/2024239.htm,https://www.3d178.cn/kaijiang/2024/2024239.shtml
2024-09-06,2024240,065,065,065,621,758,758,一致,一致,https://www.8200.cn/kjh/3d/2024240.htm,https://www.3d178.cn/kaijiang/2024/2024240.shtml
2024-09-07,2024241,470,470,470,163,477,477,一致,一致,https://www.8200.cn/kjh/3d/2024241.htm,https://www.3d178.cn/kaijiang/2024/2024241.shtml
2024-09-08,2024242,623,623,623,130,413,413,一致,一致,https://www.8200.cn/kjh/3d/2024242.htm,https://www.3d178.cn/kaijiang/2024/2024242.shtml
2024-09-09,2024243,955,955,955,674,633,633,一致,一致,https://www.8200.cn/kjh/3d/2024243.htm,https://www.3d178.cn/kaijiang/2024/2024243.shtml
2024-09-10,2024244,863,863,863,786,555,555,一致,一致,https://www.8200.cn/kjh/3d/2024244.htm,https://www.3d178.cn/kaijiang/2024/2024244.shtml
2024-09-11,2024245,741,741,741,940,797,797,一致,一致,https://www.8200.cn/kjh/3d/2024245.htm,https://www.3d178.cn/kaijiang/2024/2024245.shtml
2024-09-12,2024246,710,710,710,465,951,951,一致,一致,https://www.8200.cn/kjh/3d/2024246.htm,https://www.3d178.cn/kaijiang/2024/2024246.shtml
2024-09-13,2024247,783,783,783,593,429,429,一致,一致,https://www.8200.cn/kjh/3d/2024247.htm,https://www.3d178.cn/kaijiang/2024/2024247.shtml
2024-09-14,2024248,861,861,861,045,930,930,一致,一致,https://www.8200.cn/kjh/3d/2024248.htm,https://www.3d178.cn/kaijiang/2024/2024248.shtml
2024-09-15,2024249,449,449,449,928,574,574,一致,一致,https://www.8200.cn/kjh/3d/2024249.htm,https://www.3d178.cn/kaijiang/2024/2024249.shtml
2024-09-16,2024250,253,253,253,165,721,721,一致,一致,https://www.8200.cn/kjh/3d/2024250.htm,https://www.3d178.cn/kaijiang/2024/2024250.shtml
2024-09-17,2024251,156,156,156,943,537,537,一致,一致,https://www.8200.cn/kjh/3d/2024251.htm,https://www.3d178.cn/kaijiang/2024/2024251.shtml
2024-09-18,2024252,086,086,086,063,380,380,一致,一致,https://www.8200.cn/kjh/3d/2024252.htm,https://www.3d178.cn/kaijiang/2024/2024252.shtml
2024-09-19,2024253,274,274,274,125,724,724,一致,一致,https://www.8200.cn/kjh/3d/2024253.htm,https://www.3d178.cn/kaijiang/2024/2024253.shtml
2024-09-20,2024254,409,409,409,942,380,523,一致,一致,https://www.8200.cn/kjh/3d/2024254.htm,https://www.3d178.cn/kaijiang/2024/2024254.shtml
2024-09-21,2024255,096,096,096,580,265,265,一致,一致,https://www.8200.cn/kjh/3d/2024255.htm,https://www.3d178.cn/kaijiang/2024/2024255.shtml
2024-09-22,2024256,749,749,749,253,223,223,一致,一致,https://www.8200.cn/kjh/3d/2024256.htm,https://www.3d178.cn/kaijiang/2024/2024256.shtml
2024-09-23,2024257,199,199,199,462,189,189,一致,一致,https://www.8200.cn/kjh/3d/2024257.htm,https://www.3d178.cn/kaijiang/2024/2024257.shtml
2024-09-24,2024258,077,077,077,256,606,606,一致,一致,https://www.8200.cn/kjh/3d/2024258.htm,https://www.3d178.cn/kaijiang/2024/2024258.shtml
2024-09-25,2024259,249,249,249,790,057,057,一致,一致,https://www.8200.cn/kjh/3d/2024259.htm,https://www.3d178.cn/kaijiang/2024/2024259.shtml
2024-09-26,2024260,926,926,926,472,832,832,一致,一致,https://www.8200.cn/kjh/3d/2024260.htm,https://www.3d178.cn/kaijiang/2024/2024260.shtml
2024-09-27,2024261,766,766,766,246,361,361,一致,一致,https://www.8200.cn/kjh/3d/2024261.htm,https://www.3d178.cn/kaijiang/2024/2024261.shtml
2024-09-28,2024262,465,465,465,894,754,754,一致,一致,https://www.8200.cn/kjh/3d/2024262.htm,https://www.3d178.cn/kaijiang/2024/2024262.shtml
2024-09-29,2024263,292,292,292,805,594,219,一致,一致,https://www.8200.cn/kjh/3d/2024263.htm,https://www.3d178.cn/kaijiang/2024/2024263.shtml
2024-09-30,2024264,710,710,710,590,909,561,一致,一致,https://www.8200.cn/kjh/3d/2024264.htm,https://www.3d178.cn/kaijiang/2024/2024264.shtml
2024-10-05,2024265,245,245,245,930,114,703,一致,一致,https://www.8200.cn/kjh/3d/2024265.htm,https://www.3d178.cn/kaijiang/2024/2024265.shtml
2024-10-06,2024266,390,390,390,182,981,135,一致,一致,https://www.8200.cn/kjh/3d/2024266.htm,https://www.3d178.cn/kaijiang/2024/2024266.shtml
2024-10-07,2024267,227,227,227,249,782,276,一致,一致,https://www.8200.cn/kjh/3d/2024267.htm,https://www.3d178.cn/kaijiang/2024/2024267.shtml
2024-10-08,2024268,931,931,931,621,808,396,一致,一致,https://www.8200.cn/kjh/3d/2024268.htm,https://www.3d178.cn/kaijiang/2024/2024268.shtml
2024-10-09,2024269,388,388,388,975,174,871,一致,一致,https://www.8200.cn/kjh/3d/2024269.htm,https://www.3d178.cn/kaijiang/2024/2024269.shtml
2024-10-10,2024270,699,699,699,638,313,974,一致,一致,https://www.8200.cn/kjh/3d/2024270.htm,https://www.3d178.cn/kaijiang/2024/2024270.shtml
2024-10-11,2024271,795,795,795,275,850,793,一致,一致,https://www.8200.cn/kjh/3d/2024271.htm,https://www.3d178.cn/kaijiang/2024/2024271.shtml
2024-10-12,2024272,275,275,275,859,717,566,一致,一致,https://www.8200.cn/kjh/3d/2024272.htm,https://www.3d178.cn/kaijiang/2024/2024272.shtml
2024-10-13,2024273,833,833,833,749,463,088,一致,一致,https://www.8200.cn/kjh/3d/2024273.htm,https://www.3d178.cn/kaijiang/2024/2024273.shtml
2024-10-14,2024274,172,172,172,326,672,960,一致,一致,https://www.8200.cn/kjh/3d/2024274.htm,https://www.3d178.cn/kaijiang/2024/2024274.shtml
2024-10-15,2024275,827,827,827,157,241,438,一致,一致,https://www.8200.cn/kjh/3d/2024275.htm,https://www.3d178.cn/kaijiang/2024/2024275.shtml
2024-10-16,2024276,086,086,086,982,764,609,一致,一致,https://www.8200.cn/kjh/3d/2024276.htm,https://www.3d178.cn/kaijiang/2024/2024276.shtml
2024-10-17,2024277,684,684,684,152,108,812,一致,一致,https://www.8200.cn/kjh/3d/2024277.htm,https://www.3d178.cn/kaijiang/2024/2024277.shtml
2024-10-18,2024278,221,221,221,648,974,601,一致,一致,https://www.8200.cn/kjh/3d/2024278.htm,https://www.3d178.cn/kaijiang/2024/2024278.shtml
2024-10-19,2024279,060,060,060,514,393,430,一致,一致,https://www.8200.cn/kjh/3d/2024279.htm,https://www.3d178.cn/kaijiang/2024/2024279.shtml
2024-10-20,2024280,248,248,248,604,918,605,一致,一致,https://www.8200.cn/kjh/3d/2024280.htm,https://www.3d178.cn/kaijiang/2024/2024280.shtml
2024-10-21,2024281,900,900,900,328,672,132,一致,一致,https://www.8200.cn/kjh/3d/2024281.htm,https://www.3d178.cn/kaijiang/2024/2024281.shtml
2024-10-22,2024282,983,983,983,154,196,675,一致,一致,https://www.8200.cn/kjh/3d/2024282.htm,https://www.3d178.cn/kaijiang/2024/2024282.shtml
2024-10-23,2024283,419,419,419,710,626,626,一致,一致,https://www.8200.cn/kjh/3d/2024283.htm,https://www.3d178.cn/kaijiang/2024/2024283.shtml
2024-10-24,2024284,342,342,342,248,502,766,一致,一致,https://www.8200.cn/kjh/3d/2024284.htm,https://www.3d178.cn/kaijiang/2024/2024284.shtml
2024-10-25,2024285,718,718,718,341,337,846,一致,一致,https://www.8200.cn/kjh/3d/2024285.htm,https://www.3d178.cn/kaijiang/2024/2024285.shtml
2024-10-26,2024286,621,621,621,287,063,684,一致,一致,https://www.8200.cn/kjh/3d/2024286.htm,https://www.3d178.cn/kaijiang/2024/2024286.shtml
2024-10-27,2024287,192,192,192,310,372,024,一致,一致,https://www.8200.cn/kjh/3d/2024287.htm,https://www.3d178.cn/kaijiang/2024/2024287.shtml
2024-10-28,2024288,839,839,839,986,784,823,一致,一致,https://www.8200.cn/kjh/3d/2024288.htm,https://www.3d178.cn/kaijiang/2024/2024288.shtml
2024-10-29,2024289,989,989,989,734,611,434,一致,一致,https://www.8200.cn/kjh/3d/2024289.htm,https://www.3d178.cn/kaijiang/2024/2024289.shtml
2024-10-30,2024290,911,911,911,593,583,229,一致,一致,https://www.8200.cn/kjh/3d/2024290.htm,https://www.3d178.cn/kaijiang/2024/2024290.shtml
2024-10-31,2024291,426,426,426,296,542,841,一致,一致,https://www.8200.cn/kjh/3d/2024291.htm,https://www.3d178.cn/kaijiang/2024/2024291.shtml
2024-11-01,2024292,462,462,462,305,830,907,一致,一致,https://www.8200.cn/kjh/3d/2024292.htm,https://www.3d178.cn/kaijiang/2024/2024292.shtml
2024-11-02,2024293,521,521,521,849,822,458,一致,一致,https://www.8200.cn/kjh/3d/2024293.htm,https://www.3d178.cn/kaijiang/2024/2024293.shtml
2024-11-03,2024294,364,364,364,947,305,169,一致,一致,https://www.8200.cn/kjh/3d/2024294.htm,https://www.3d178.cn/kaijiang/2024/2024294.shtml
2024-11-04,2024295,571,571,571,763,950,897,一致,一致,https://www.8200.cn/kjh/3d/2024295.htm,https://www.3d178.cn/kaijiang/2024/2024295.shtml
2024-11-05,2024296,816,816,816,704,473,528,一致,一致,https://www.8200.cn/kjh/3d/2024296.htm,https://www.3d178.cn/kaijiang/2024/2024296.shtml
2024-11-06,2024297,372,372,372,680,058,971,一致,一致,https://www.8200.cn/kjh/3d/2024297.htm,https://www.3d178.cn/kaijiang/2024/2024297.shtml
2024-11-07,2024298,055,055,055,231,913,928,一致,一致,https://www.8200.cn/kjh/3d/2024298.htm,https://www.3d178.cn/kaijiang/2024/2024298.shtml
2024-11-08,2024299,949,949,949,982,807,606,一致,一致,https://www.8200.cn/kjh/3d/2024299.htm,https://www.3d178.cn/kaijiang/2024/2024299.shtml
2024-11-09,2024300,666,666,666,231,023,420,一致,一致,https://www.8200.cn/kjh/3d/2024300.htm,https://www.3d178.cn/kaijiang/2024/2024300.shtml
2024-11-10,2024301,435,435,435,139,607,161,一致,一致,https://www.8200.cn/kjh/3d/2024301.htm,https://www.3d178.cn/kaijiang/2024/2024301.shtml
2024-11-11,2024302,516,516,516,830,519,260,一致,一致,https://www.8200.cn/kjh/3d/2024302.htm,https://www.3d178.cn/kaijiang/2024/2024302.shtml
2024-11-12,2024303,336,336,336,321,220,149,一致,一致,https://www.8200.cn/kjh/3d/2024303.htm,https://www.3d178.cn/kaijiang/2024/2024303.shtml
2024-11-13,2024304,169,169,169,916,674,637,一致,一致,https://www.8200.cn/kjh/3d/2024304.htm,https://www.3d178.cn/kaijiang/2024/2024304.shtml
2024-11-14,2024305,966,966,966,106,653,238,一致,一致,https://www.8200.cn/kjh/3d/2024305.htm,https://www.3d178.cn/kaijiang/2024/2024305.shtml
2024-11-15,2024306,296,296,296,849,349,675,一致,一致,https://www.8200.cn/kjh/3d/2024306.htm,https://www.3d178.cn/kaijiang/2024/2024306.shtml
2024-11-16,2024307,579,579,579,652,844,806,一致,一致,https://www.8200.cn/kjh/3d/2024307.htm,https://www.3d178.cn/kaijiang/2024/2024307.shtml
2024-11-17,2024308,654,654,654,471,617,069,一致,一致,https://www.8200.cn/kjh/3d/2024308.htm,https://www.3d178.cn/kaijiang/2024/2024308.shtml
2024-11-18,2024309,539,539,539,820,873,243,一致,一致,https://www.8200.cn/kjh/3d/2024309.htm,https://www.3d178.cn/kaijiang/2024/2024309.shtml
2024-11-19,2024310,603,603,603,735,763,486,一致,一致,https://www.8200.cn/kjh/3d/2024310.htm,https://www.3d178.cn/kaijiang/2024/2024310.shtml
2024-11-20,2024311,067,067,067,870,493,515,一致,一致,https://www.8200.cn/kjh/3d/2024311.htm,https://www.3d178.cn/kaijiang/2024/2024311.shtml
2024-11-21,2024312,754,754,754,408,371,668,一致,一致,https://www.8200.cn/kjh/3d/2024312.htm,https://www.3d178.cn/kaijiang/2024/2024312.shtml
2024-11-22,2024313,095,095,095,291,948,927,一致,一致,https://www.8200.cn/kjh/3d/2024313.htm,https://www.3d178.cn/kaijiang/2024/2024313.shtml
2024-11-23,2024314,672,672,672,718,133,025,一致,一致,https://www.8200.cn/kjh/3d/2024314.htm,https://www.3d178.cn/kaijiang/2024/2024314.shtml
2024-11-24,2024315,802,802,802,358,914,127,一致,一致,https://www.8200.cn/kjh/3d/2024315.htm,https://www.3d178.cn/kaijiang/2024/2024315.shtml
2024-11-25,2024316,789,789,789,159,430,069,一致,一致,https://www.8200.cn/kjh/3d/2024316.htm,https://www.3d178.cn/kaijiang/2024/2024316.shtml
2024-11-26,2024317,386,386,386,478,812,438,一致,一致,https://www.8200.cn/kjh/3d/2024317.htm,https://www.3d178.cn/kaijiang/2024/2024317.shtml
2024-11-27,2024318,525,525,525,073,375,237,一致,一致,https://www.8200.cn/kjh/3d/2024318.htm,https://www.3d178.cn/kaijiang/2024/2024318.shtml
2024-11-28,2024319,726,726,726,034,062,156,一致,一致,https://www.8200.cn/kjh/3d/2024319.htm,https://www.3d178.cn/kaijiang/2024/2024319.shtml
2024-11-29,2024320,778,778,778,251,438,228,一致,一致,https://www.8200.cn/kjh/3d/2024320.htm,https://www.3d178.cn/kaijiang/2024/2024320.shtml
2024-11-30,2024321,542,542,542,218,976,502,一致,一致,https://www.8200.cn/kjh/3d/2024321.htm,https://www.3d178.cn/kaijiang/2024/2024321.shtml
2024-12-01,2024322,867,867,867,206,415,699,一致,一致,https://www.8200.cn/kjh/3d/2024322.htm,https://www.3d178.cn/kaijiang/2024/2024322.shtml
2024-12-02,2024323,536,536,536,164,877,014,一致,一致,https://www.8200.cn/kjh/3d/2024323.htm,https://www.3d178.cn/kaijiang/2024/2024323.shtml
2024-12-03,2024324,384,384,384,926,750,662,一致,一致,https://www.8200.cn/kjh/3d/2024324.htm,https://www.3d178.cn/kaijiang/2024/2024324.shtml
2024-12-04,2024325,158,158,158,721,469,062,一致,一致,https://www.8200.cn/kjh/3d/2024325.htm,https://www.3d178.cn/kaijiang/2024/2024325.shtml
2024-12-05,2024326,722,722,722,468,214,460,一致,一致,https://www.8200.cn/kjh/3d/2024326.htm,https://www.3d178.cn/kaijiang/2024/2024326.shtml
2024-12-06,2024327,280,280,280,530,835,283,一致,一致,https://www.8200.cn/kjh/3d/2024327.htm,https://www.3d178.cn/kaijiang/2024/2024327.shtml
2024-12-07,2024328,306,306,306,126,169,153,一致,一致,https://www.8200.cn/kjh/3d/2024328.htm,https://www.3d178.cn/kaijiang/2024/2024328.shtml
2024-12-08,2024329,910,910,910,862,418,722,一致,一致,https://www.8200.cn/kjh/3d/2024329.htm,https://www.3d178.cn/kaijiang/2024/2024329.shtml
2024-12-09,2024330,167,167,167,235,962,666,一致,一致,https://www.8200.cn/kjh/3d/2024330.htm,https://www.3d178.cn/kaijiang/2024/2024330.shtml
2024-12-10,2024331,964,964,964,649,539,973,一致,一致,https://www.8200.cn/kjh/3d/2024331.htm,https://www.3d178.cn/kaijiang/2024/2024331.shtml
2024-12-11,2024332,765,765,765,539,768,505,一致,一致,https://www.8200.cn/kjh/3d/2024332.htm,https://www.3d178.cn/kaijiang/2024/2024332.shtml
2024-12-12,2024333,951,951,951,839,257,757,一致,一致,https://www.8200.cn/kjh/3d/2024333.htm,https://www.3d178.cn/kaijiang/2024/2024333.shtml
2024-12-13,2024334,541,541,541,918,612,568,一致,一致,https://www.8200.cn/kjh/3d/2024334.htm,https://www.3d178.cn/kaijiang/2024/2024334.shtml
2024-12-14,2024335,593,593,593,458,454,921,一致,一致,https://www.8200.cn/kjh/3d/2024335.htm,https://www.3d178.cn/kaijiang/2024/2024335.shtml
2024-12-15,2024336,964,964,964,840,037,903,一致,一致,https://www.8200.cn/kjh/3d/2024336.htm,https://www.3d178.cn/kaijiang/2024/2024336.shtml
2024-12-16,2024337,843,843,843,059,325,811,一致,一致,https://www.8200.cn/kjh/3d/2024337.htm,https://www.3d178.cn/kaijiang/2024/2024337.shtml
2024-12-17,2024338,977,977,977,308,716,720,一致,一致,https://www.8200.cn/kjh/3d/2024338.htm,https://www.3d178.cn/kaijiang/2024/2024338.shtml
2024-12-18,2024339,509,509,509,610,273,247,一致,一致,https://www.8200.cn/kjh/3d/2024339.htm,https://www.3d178.cn/kaijiang/2024/2024339.shtml
2024-12-19,2024340,278,278,278,971,139,834,一致,一致,https://www.8200.cn/kjh/3d/2024340.htm,https://www.3d178.cn/kaijiang/2024/2024340.shtml
2024-12-20,2024341,371,371,371,708,594,584,一致,一致,https://www.8200.cn/kjh/3d/2024341.htm,https://www.3d178.cn/kaijiang/2024/2024341.shtml
2024-12-21,2024342,483,483,483,342,738,313,一致,一致,https://www.8200.cn/kjh/3d/2024342.htm,https://www.3d178.cn/kaijiang/2024/2024342.shtml
2024-12-22,2024343,214,214,214,632,542,346,一致,一致,https://www.8200.cn/kjh/3d/2024343.htm,https://www.3d178.cn/kaijiang/2024/2024343.shtml
2024-12-23,2024344,305,305,305,132,568,085,一致,一致,https://www.8200.cn/kjh/3d/2024344.htm,https://www.3d178.cn/kaijiang/2024/2024344.shtml
2024-12-24,2024345,317,317,317,103,408,068,一致,一致,https://www.8200.cn/kjh/3d/2024345.htm,https://www.3d178.cn/kaijiang/2024/2024345.shtml
2024-12-25,2024346,056,056,056,645,143,464,一致,一致,https://www.8200.cn/kjh/3d/2024346.htm,https://www.3d178.cn/kaijiang/2024/2024346.shtml
2024-12-26,2024347,392,392,392,306,638,917,一致,一致,https://www.8200.cn/kjh/3d/2024347.htm,https://www.3d178.cn/kaijiang/2024/2024347.shtml
2024-12-27,2024348,928,928,928,876,591,298,一致,一致,https://www.8200.cn/kjh/3d/2024348.htm,https://www.3d178.cn/kaijiang/2024/2024348.shtml
2024-12-28,2024349,108,108,108,851,146,274,一致,一致,https://www.8200.cn/kjh/3d/2024349.htm,https://www.3d178.cn/kaijiang/2024/2024349.shtml
2024-12-29,2024350,672,672,672,875,975,149,一致,一致,https://www.8200.cn/kjh/3d/2024350.htm,https://www.3d178.cn/kaijiang/2024/2024350.shtml
2024-12-30,2024351,657,657,657,983,671,658,一致,一致,https://www.8200.cn/kjh/3d/2024351.htm,https://www.3d178.cn/kaijiang/2024/2024351.shtml
2024-12-31,2024352,292,292,292,769,735,226,一致,一致,https://www.8200.cn/kjh/3d/2024352.htm,https://www.3d178.cn/kaijiang/2024/2024352.shtml
2025-01-01,2025001,703,703,703,315,068,971,一致,一致,https://www.8200.cn/kjh/3d/2025001.htm,https://www.3d178.cn/kaijiang/2025/2025001.shtml
2025-01-02,2025002,916,916,916,206,421,438,一致,一致,https://www.8200.cn/kjh/3d/2025002.htm,https://www.3d178.cn/kaijiang/2025/2025002.shtml
2025-01-03,2025003,214,214,214,194,568,042,一致,一致,https://www.8200.cn/kjh/3d/2025003.htm,https://www.3d178.cn/kaijiang/2025/2025003.shtml
2025-01-04,2025004,634,634,634,810,925,278,一致,一致,https://www.8200.cn/kjh/3d/2025004.htm,https://www.3d178.cn/kaijiang/2025/2025004.shtml
2025-01-05,2025005,085,085,085,850,892,488,一致,一致,https://www.8200.cn/kjh/3d/2025005.htm,https://www.3d178.cn/kaijiang/2025/2025005.shtml
2025-01-06,2025006,898,898,898,569,238,554,一致,一致,https://www.8200.cn/kjh/3d/2025006.htm,https://www.3d178.cn/kaijiang/2025/2025006.shtml
2025-01-07,2025007,141,141,141,560,354,819,一致,一致,https://www.8200.cn/kjh/3d/2025007.htm,https://www.3d178.cn/kaijiang/2025/2025007.shtml
2025-01-08,2025008,260,260,260,265,702,679,一致,一致,https://www.8200.cn/kjh/3d/2025008.htm,https://www.3d178.cn/kaijiang/2025/2025008.shtml
2025-01-09,2025009,416,416,416,147,152,365,一致,一致,https://www.8200.cn/kjh/3d/2025009.htm,https://www.3d178.cn/kaijiang/2025/2025009.shtml
2025-01-10,2025010,333,333,333,219,738,901,一致,一致,https://www.8200.cn/kjh/3d/2025010.htm,https://www.3d178.cn/kaijiang/2025/2025010.shtml
2025-01-11,2025011,518,518,518,321,569,369,一致,一致,https://www.8200.cn/kjh/3d/2025011.htm,https://www.3d178.cn/kaijiang/2025/2025011.shtml
2025-01-12,2025012,487,487,487,379,467,786,一致,一致,https://www.8200.cn/kjh/3d/2025012.htm,https://www.3d178.cn/kaijiang/2025/2025012.shtml
2025-01-13,2025013,606,606,606,085,325,642,一致,一致,https://www.8200.cn/kjh/3d/2025013.htm,https://www.3d178.cn/kaijiang/2025/2025013.shtml
2025-01-14,2025014,679,679,679,204,926,214,一致,一致,https://www.8200.cn/kjh/3d/2025014.htm,https://www.3d178.cn/kaijiang/2025/2025014.shtml
2025-01-15,2025015,942,942,942,302,146,427,一致,一致,https://www.8200.cn/kjh/3d/2025015.htm,https://www.3d178.cn/kaijiang/2025/2025015.shtml
2025-01-16,2025016,104,104,104,126,374,578,一致,一致,https://www.8200.cn/kjh/3d/2025016.htm,https://www.3d178.cn/kaijiang/2025/2025016.shtml
2025-01-17,2025017,027,027,027,604,852,002,一致,一致,https://www.8200.cn/kjh/3d/2025017.htm,https://www.3d178.cn/kaijiang/2025/2025017.shtml
2025-01-18,2025018,836,836,836,514,209,735,一致,一致,https://www.8200.cn/kjh/3d/2025018.htm,https://www.3d178.cn/kaijiang/2025/2025018.shtml
2025-01-19,2025019,710,710,710,356,342,005,一致,一致,https://www.8200.cn/kjh/3d/2025019.htm,https://www.3d178.cn/kaijiang/2025/2025019.shtml
2025-01-20,2025020,056,056,056,457,173,164,一致,一致,https://www.8200.cn/kjh/3d/2025020.htm,https://www.3d178.cn/kaijiang/2025/2025020.shtml
2025-01-21,2025021,468,468,468,965,408,526,一致,一致,https://www.8200.cn/kjh/3d/2025021.htm,https://www.3d178.cn/kaijiang/2025/2025021.shtml
2025-01-22,2025022,638,638,638,219,935,960,一致,一致,https://www.8200.cn/kjh/3d/2025022.htm,https://www.3d178.cn/kaijiang/2025/2025022.shtml
2025-01-23,2025023,591,591,591,326,279,022,一致,一致,https://www.8200.cn/kjh/3d/2025023.htm,https://www.3d178.cn/kaijiang/2025/2025023.shtml
2025-01-24,2025024,762,762,762,182,106,275,一致,一致,https://www.8200.cn/kjh/3d/2025024.htm,https://www.3d178.cn/kaijiang/2025/2025024.shtml
2025-01-25,2025025,486,486,486,283,249,781,一致,一致,https://www.8200.cn/kjh/3d/2025025.htm,https://www.3d178.cn/kaijiang/2025/2025025.shtml
2025-01-26,2025026,588,588,588,784,375,072,一致,一致,https://www.8200.cn/kjh/3d/2025026.htm,https://www.3d178.cn/kaijiang/2025/2025026.shtml
2025-02-06,2025027,383,383,383,749,413,357,一致,一致,https://www.8200.cn/kjh/3d/2025027.htm,https://www.3d178.cn/kaijiang/2025/2025027.shtml
2025-02-07,2025028,409,409,409,652,735,687,一致,一致,https://www.8200.cn/kjh/3d/2025028.htm,https://www.3d178.cn/kaijiang/2025/2025028.shtml
2025-02-08,2025029,096,096,096,201,987,483,一致,一致,https://www.8200.cn/kjh/3d/2025029.htm,https://www.3d178.cn/kaijiang/2025/2025029.shtml
2025-02-09,2025030,302,302,302,253,261,217,一致,一致,https://www.8200.cn/kjh/3d/2025030.htm,https://www.3d178.cn/kaijiang/2025/2025030.shtml
2025-02-10,2025031,379,379,379,469,438,012,一致,一致,https://www.8200.cn/kjh/3d/2025031.htm,https://www.3d178.cn/kaijiang/2025/2025031.shtml
2025-02-11,2025032,499,499,499,614,562,625,一致,一致,https://www.8200.cn/kjh/3d/2025032.htm,https://www.3d178.cn/kaijiang/2025/2025032.shtml
2025-02-12,2025033,606,606,606,270,895,672,一致,一致,https://www.8200.cn/kjh/3d/2025033.htm,https://www.3d178.cn/kaijiang/2025/2025033.shtml
2025-02-13,2025034,261,261,261,598,537,091,一致,一致,https://www.8200.cn/kjh/3d/2025034.htm,https://www.3d178.cn/kaijiang/2025/2025034.shtml
2025-02-14,2025035,778,778,778,039,407,073,一致,一致,https://www.8200.cn/kjh/3d/2025035.htm,https://www.3d178.cn/kaijiang/2025/2025035.shtml
2025-02-15,2025036,617,617,617,683,934,322,一致,一致,https://www.8200.cn/kjh/3d/2025036.htm,https://www.3d178.cn/kaijiang/2025/2025036.shtml
2025-02-16,2025037,131,131,131,053,208,797,一致,一致,https://www.8200.cn/kjh/3d/2025037.htm,https://www.3d178.cn/kaijiang/2025/2025037.shtml
2025-02-17,2025038,847,847,847,390,761,968,一致,一致,https://www.8200.cn/kjh/3d/2025038.htm,https://www.3d178.cn/kaijiang/2025/2025038.shtml
2025-02-18,2025039,932,932,932,568,405,613,一致,一致,https://www.8200.cn/kjh/3d/2025039.htm,https://www.3d178.cn/kaijiang/2025/2025039.shtml
2025-02-19,2025040,428,428,428,014,853,123,一致,一致,https://www.8200.cn/kjh/3d/2025040.htm,https://www.3d178.cn/kaijiang/2025/2025040.shtml
2025-02-20,2025041,401,401,401,530,394,961,一致,一致,https://www.8200.cn/kjh/3d/2025041.htm,https://www.3d178.cn/kaijiang/2025/2025041.shtml
2025-02-21,2025042,775,775,775,428,237,335,一致,一致,https://www.8200.cn/kjh/3d/2025042.htm,https://www.3d178.cn/kaijiang/2025/2025042.shtml
2025-02-22,2025043,475,475,475,497,940,547,一致,一致,https://www.8200.cn/kjh/3d/2025043.htm,https://www.3d178.cn/kaijiang/2025/2025043.shtml
2025-02-23,2025044,912,912,912,741,629,140,一致,一致,https://www.8200.cn/kjh/3d/2025044.htm,https://www.3d178.cn/kaijiang/2025/2025044.shtml
2025-02-24,2025045,554,554,554,872,816,311,一致,一致,https://www.8200.cn/kjh/3d/2025045.htm,https://www.3d178.cn/kaijiang/2025/2025045.shtml
2025-02-25,2025046,490,490,490,412,379,865,一致,一致,https://www.8200.cn/kjh/3d/2025046.htm,https://www.3d178.cn/kaijiang/2025/2025046.shtml
2025-02-26,2025047,248,248,248,164,289,391,一致,一致,https://www.8200.cn/kjh/3d/2025047.htm,https://www.3d178.cn/kaijiang/2025/2025047.shtml
2025-02-27,2025048,640,640,640,034,374,457,一致,一致,https://www.8200.cn/kjh/3d/2025048.htm,https://www.3d178.cn/kaijiang/2025/2025048.shtml
2025-02-28,2025049,004,004,004,568,215,982,一致,一致,https://www.8200.cn/kjh/3d/2025049.htm,https://www.3d178.cn/kaijiang/2025/2025049.shtml
2025-03-01,2025050,806,806,806,169,892,223,一致,一致,https://www.8200.cn/kjh/3d/2025050.htm,https://www.3d178.cn/kaijiang/2025/2025050.shtml
2025-03-02,2025051,905,905,905,098,674,994,一致,一致,https://www.8200.cn/kjh/3d/2025051.htm,https://www.3d178.cn/kaijiang/2025/2025051.shtml
2025-03-03,2025052,585,585,585,547,519,238,一致,一致,https://www.8200.cn/kjh/3d/2025052.htm,https://www.3d178.cn/kaijiang/2025/2025052.shtml
2025-03-04,2025053,895,895,895,958,408,036,一致,一致,https://www.8200.cn/kjh/3d/2025053.htm,https://www.3d178.cn/kaijiang/2025/2025053.shtml
2025-03-05,2025054,497,497,497,062,712,332,一致,一致,https://www.8200.cn/kjh/3d/2025054.htm,https://www.3d178.cn/kaijiang/2025/2025054.shtml
2025-03-06,2025055,368,368,368,620,413,405,一致,一致,https://www.8200.cn/kjh/3d/2025055.htm,https://www.3d178.cn/kaijiang/2025/2025055.shtml
2025-03-07,2025056,492,492,492,261,192,365,一致,一致,https://www.8200.cn/kjh/3d/2025056.htm,https://www.3d178.cn/kaijiang/2025/2025056.shtml
2025-03-08,2025057,397,397,397,392,268,005,一致,一致,https://www.8200.cn/kjh/3d/2025057.htm,https://www.3d178.cn/kaijiang/2025/2025057.shtml
2025-03-09,2025058,405,405,405,285,491,851,一致,一致,https://www.8200.cn/kjh/3d/2025058.htm,https://www.3d178.cn/kaijiang/2025/2025058.shtml
2025-03-10,2025059,847,847,847,743,746,896,一致,一致,https://www.8200.cn/kjh/3d/2025059.htm,https://www.3d178.cn/kaijiang/2025/2025059.shtml
2025-03-11,2025060,938,938,938,319,913,139,一致,一致,https://www.8200.cn/kjh/3d/2025060.htm,https://www.3d178.cn/kaijiang/2025/2025060.shtml
2025-03-12,2025061,476,476,476,139,835,580,一致,一致,https://www.8200.cn/kjh/3d/2025061.htm,https://www.3d178.cn/kaijiang/2025/2025061.shtml
2025-03-13,2025062,810,810,810,308,468,827,一致,一致,https://www.8200.cn/kjh/3d/2025062.htm,https://www.3d178.cn/kaijiang/2025/2025062.shtml
2025-03-14,2025063,405,405,405,498,549,088,一致,一致,https://www.8200.cn/kjh/3d/2025063.htm,https://www.3d178.cn/kaijiang/2025/2025063.shtml
2025-03-15,2025064,928,928,928,320,502,734,一致,一致,https://www.8200.cn/kjh/3d/2025064.htm,https://www.3d178.cn/kaijiang/2025/2025064.shtml
2025-03-16,2025065,538,538,538,603,862,081,一致,一致,https://www.8200.cn/kjh/3d/2025065.htm,https://www.3d178.cn/kaijiang/2025/2025065.shtml
2025-03-17,2025066,720,720,720,925,973,315,一致,一致,https://www.8200.cn/kjh/3d/2025066.htm,https://www.3d178.cn/kaijiang/2025/2025066.shtml
2025-03-18,2025067,385,385,385,705,561,218,一致,一致,https://www.8200.cn/kjh/3d/2025067.htm,https://www.3d178.cn/kaijiang/2025/2025067.shtml
2025-03-19,2025068,555,555,555,978,923,794,一致,一致,https://www.8200.cn/kjh/3d/2025068.htm,https://www.3d178.cn/kaijiang/2025/2025068.shtml
2025-03-20,2025069,906,906,906,308,450,564,一致,一致,https://www.8200.cn/kjh/3d/2025069.htm,https://www.3d178.cn/kaijiang/2025/2025069.shtml
2025-03-21,2025070,748,748,748,310,872,874,一致,一致,https://www.8200.cn/kjh/3d/2025070.htm,https://www.3d178.cn/kaijiang/2025/2025070.shtml
2025-03-22,2025071,434,434,434,908,483,053,一致,一致,https://www.8200.cn/kjh/3d/2025071.htm,https://www.3d178.cn/kaijiang/2025/2025071.shtml
2025-03-23,2025072,272,272,272,576,537,787,一致,一致,https://www.8200.cn/kjh/3d/2025072.htm,https://www.3d178.cn/kaijiang/2025/2025072.shtml
2025-03-24,2025073,778,778,778,821,819,422,一致,一致,https://www.8200.cn/kjh/3d/2025073.htm,https://www.3d178.cn/kaijiang/2025/2025073.shtml
2025-03-25,2025074,419,419,419,810,651,215,一致,一致,https://www.8200.cn/kjh/3d/2025074.htm,https://www.3d178.cn/kaijiang/2025/2025074.shtml
2025-03-26,2025075,709,709,709,867,840,214,一致,一致,https://www.8200.cn/kjh/3d/2025075.htm,https://www.3d178.cn/kaijiang/2025/2025075.shtml
2025-03-27,2025076,781,781,781,538,514,843,一致,一致,https://www.8200.cn/kjh/3d/2025076.htm,https://www.3d178.cn/kaijiang/2025/2025076.shtml
2025-03-28,2025077,625,625,625,147,463,866,一致,一致,https://www.8200.cn/kjh/3d/2025077.htm,https://www.3d178.cn/kaijiang/2025/2025077.shtml
2025-03-29,2025078,000,000,000,016,251,737,一致,一致,https://www.8200.cn/kjh/3d/2025078.htm,https://www.3d178.cn/kaijiang/2025/2025078.shtml
2025-03-30,2025079,657,657,657,153,685,310,一致,一致,https://www.8200.cn/kjh/3d/2025079.htm,https://www.3d178.cn/kaijiang/2025/2025079.shtml
2025-03-31,2025080,500,500,500,850,983,757,一致,一致,https://www.8200.cn/kjh/3d/2025080.htm,https://www.3d178.cn/kaijiang/2025/2025080.shtml
2025-04-01,2025081,403,403,403,807,607,388,一致,一致,https://www.8200.cn/kjh/3d/2025081.htm,https://www.3d178.cn/kaijiang/2025/2025081.shtml
2025-04-02,2025082,417,417,417,417,418,753,一致,一致,https://www.8200.cn/kjh/3d/2025082.htm,https://www.3d178.cn/kaijiang/2025/2025082.shtml
2025-04-03,2025083,915,915,915,096,703,353,一致,一致,https://www.8200.cn/kjh/3d/2025083.htm,https://www.3d178.cn/kaijiang/2025/2025083.shtml
2025-04-04,2025084,030,030,030,846,927,273,一致,一致,https://www.8200.cn/kjh/3d/2025084.htm,https://www.3d178.cn/kaijiang/2025/2025084.shtml
2025-04-05,2025085,338,338,338,639,759,241,一致,一致,https://www.8200.cn/kjh/3d/2025085.htm,https://www.3d178.cn/kaijiang/2025/2025085.shtml
2025-04-06,2025086,388,388,388,163,288,778,一致,一致,https://www.8200.cn/kjh/3d/2025086.htm,https://www.3d178.cn/kaijiang/2025/2025086.shtml
2025-04-07,2025087,826,826,826,472,164,968,一致,一致,https://www.8200.cn/kjh/3d/2025087.htm,https://www.3d178.cn/kaijiang/2025/2025087.shtml
2025-04-08,2025088,022,022,022,386,598,980,一致,一致,https://www.8200.cn/kjh/3d/2025088.htm,https://www.3d178.cn/kaijiang/2025/2025088.shtml
2025-04-09,2025089,658,658,658,651,730,969,一致,一致,https://www.8200.cn/kjh/3d/2025089.htm,https://www.3d178.cn/kaijiang/2025/2025089.shtml
2025-04-10,2025090,159,159,159,318,924,116,一致,一致,https://www.8200.cn/kjh/3d/2025090.htm,https://www.3d178.cn/kaijiang/2025/2025090.shtml
2025-04-11,2025091,135,135,135,719,553,659,一致,一致,https://www.8200.cn/kjh/3d/2025091.htm,https://www.3d178.cn/kaijiang/2025/2025091.shtml
2025-04-12,2025092,317,317,317,901,934,156,一致,一致,https://www.8200.cn/kjh/3d/2025092.htm,https://www.3d178.cn/kaijiang/2025/2025092.shtml
2025-04-13,2025093,545,545,545,540,486,115,一致,一致,https://www.8200.cn/kjh/3d/2025093.htm,https://www.3d178.cn/kaijiang/2025/2025093.shtml
2025-04-14,2025094,649,649,649,684,701,739,一致,一致,https://www.8200.cn/kjh/3d/2025094.htm,https://www.3d178.cn/kaijiang/2025/2025094.shtml
2025-04-15,2025095,068,068,068,834,942,218,一致,一致,https://www.8200.cn/kjh/3d/2025095.htm,https://www.3d178.cn/kaijiang/2025/2025095.shtml
2025-04-16,2025096,385,385,385,034,513,043,一致,一致,https://www.8200.cn/kjh/3d/2025096.htm,https://www.3d178.cn/kaijiang/2025/2025096.shtml
2025-04-17,2025097,542,542,542,761,429,703,一致,一致,https://www.8200.cn/kjh/3d/2025097.htm,https://www.3d178.cn/kaijiang/2025/2025097.shtml
2025-04-18,2025098,714,714,714,365,651,698,一致,一致,https://www.8200.cn/kjh/3d/2025098.htm,https://www.3d178.cn/kaijiang/2025/2025098.shtml
2025-04-19,2025099,707,707,707,213,738,004,一致,一致,https://www.8200.cn/kjh/3d/2025099.htm,https://www.3d178.cn/kaijiang/2025/2025099.shtml
2025-04-20,2025100,953,953,953,892,599,877,一致,一致,https://www.8200.cn/kjh/3d/2025100.htm,https://www.3d178.cn/kaijiang/2025/2025100.shtml
2025-04-21,2025101,016,016,016,034,657,817,一致,一致,https://www.8200.cn/kjh/3d/2025101.htm,https://www.3d178.cn/kaijiang/2025/2025101.shtml
2025-04-22,2025102,161,161,161,270,204,148,一致,一致,https://www.8200.cn/kjh/3d/2025102.htm,https://www.3d178.cn/kaijiang/2025/2025102.shtml
2025-04-23,2025103,370,370,370,641,492,373,一致,一致,https://www.8200.cn/kjh/3d/2025103.htm,https://www.3d178.cn/kaijiang/2025/2025103.shtml
2025-04-24,2025104,877,877,877,167,817,061,一致,一致,https://www.8200.cn/kjh/3d/2025104.htm,https://www.3d178.cn/kaijiang/2025/2025104.shtml
2025-04-25,2025105,015,015,015,754,968,295,一致,一致,https://www.8200.cn/kjh/3d/2025105.htm,https://www.3d178.cn/kaijiang/2025/2025105.shtml
2025-04-26,2025106,752,752,752,157,473,684,一致,一致,https://www.8200.cn/kjh/3d/2025106.htm,https://www.3d178.cn/kaijiang/2025/2025106.shtml
2025-04-27,2025107,027,027,027,381,895,357,一致,一致,https://www.8200.cn/kjh/3d/2025107.htm,https://www.3d178.cn/kaijiang/2025/2025107.shtml
2025-04-28,2025108,407,407,407,496,431,219,一致,一致,https://www.8200.cn/kjh/3d/2025108.htm,https://www.3d178.cn/kaijiang/2025/2025108.shtml
2025-04-29,2025109,841,841,841,196,287,056,一致,一致,https://www.8200.cn/kjh/3d/2025109.htm,https://www.3d178.cn/kaijiang/2025/2025109.shtml
2025-04-30,2025110,914,914,914,165,589,506,一致,一致,https://www.8200.cn/kjh/3d/2025110.htm,https://www.3d178.cn/kaijiang/2025/2025110.shtml
2025-05-01,2025111,270,270,270,564,917,275,一致,一致,https://www.8200.cn/kjh/3d/2025111.htm,https://www.3d178.cn/kaijiang/2025/2025111.shtml
2025-05-02,2025112,954,954,954,765,085,735,一致,一致,https://www.8200.cn/kjh/3d/2025112.htm,https://www.3d178.cn/kaijiang/2025/2025112.shtml
2025-05-03,2025113,635,635,635,081,374,572,一致,一致,https://www.8200.cn/kjh/3d/2025113.htm,https://www.3d178.cn/kaijiang/2025/2025113.shtml
2025-05-04,2025114,375,375,375,843,971,962,一致,一致,https://www.8200.cn/kjh/3d/2025114.htm,https://www.3d178.cn/kaijiang/2025/2025114.shtml
2025-05-05,2025115,206,206,206,130,892,057,一致,一致,https://www.8200.cn/kjh/3d/2025115.htm,https://www.3d178.cn/kaijiang/2025/2025115.shtml
2025-05-06,2025116,320,320,320,381,431,724,一致,一致,https://www.8200.cn/kjh/3d/2025116.htm,https://www.3d178.cn/kaijiang/2025/2025116.shtml
2025-05-07,2025117,849,849,849,732,365,451,一致,一致,https://www.8200.cn/kjh/3d/2025117.htm,https://www.3d178.cn/kaijiang/2025/2025117.shtml
2025-05-08,2025118,621,621,621,864,760,735,一致,一致,https://www.8200.cn/kjh/3d/2025118.htm,https://www.3d178.cn/kaijiang/2025/2025118.shtml
2025-05-09,2025119,315,315,315,923,513,392,一致,一致,https://www.8200.cn/kjh/3d/2025119.htm,https://www.3d178.cn/kaijiang/2025/2025119.shtml
2025-05-10,2025120,912,912,912,751,712,281,一致,一致,https://www.8200.cn/kjh/3d/2025120.htm,https://www.3d178.cn/kaijiang/2025/2025120.shtml
2025-05-11,2025121,120,120,120,306,476,030,一致,一致,https://www.8200.cn/kjh/3d/2025121.htm,https://www.3d178.cn/kaijiang/2025/2025121.shtml
2025-05-12,2025122,488,488,488,627,154,256,一致,一致,https://www.8200.cn/kjh/3d/2025122.htm,https://www.3d178.cn/kaijiang/2025/2025122.shtml
2025-05-13,2025123,725,725,725,514,847,396,一致,一致,https://www.8200.cn/kjh/3d/2025123.htm,https://www.3d178.cn/kaijiang/2025/2025123.shtml
2025-05-14,2025124,809,809,809,307,605,766,一致,一致,https://www.8200.cn/kjh/3d/2025124.htm,https://www.3d178.cn/kaijiang/2025/2025124.shtml
2025-05-15,2025125,351,351,351,380,923,565,一致,一致,https://www.8200.cn/kjh/3d/2025125.htm,https://www.3d178.cn/kaijiang/2025/2025125.shtml
2025-05-16,2025126,320,320,320,791,853,439,一致,一致,https://www.8200.cn/kjh/3d/2025126.htm,https://www.3d178.cn/kaijiang/2025/2025126.shtml
2025-05-17,2025127,431,431,431,431,964,521,一致,一致,https://www.8200.cn/kjh/3d/2025127.htm,https://www.3d178.cn/kaijiang/2025/2025127.shtml
2025-05-18,2025128,814,814,814,862,279,902,一致,一致,https://www.8200.cn/kjh/3d/2025128.htm,https://www.3d178.cn/kaijiang/2025/2025128.shtml
2025-05-19,2025129,915,915,915,375,563,128,一致,一致,https://www.8200.cn/kjh/3d/2025129.htm,https://www.3d178.cn/kaijiang/2025/2025129.shtml
2025-05-20,2025130,204,204,204,653,817,696,一致,一致,https://www.8200.cn/kjh/3d/2025130.htm,https://www.3d178.cn/kaijiang/2025/2025130.shtml
2025-05-21,2025131,203,203,203,728,328,837,一致,一致,https://www.8200.cn/kjh/3d/2025131.htm,https://www.3d178.cn/kaijiang/2025/2025131.shtml
2025-05-22,2025132,689,689,689,371,407,867,一致,一致,https://www.8200.cn/kjh/3d/2025132.htm,https://www.3d178.cn/kaijiang/2025/2025132.shtml
2025-05-23,2025133,645,645,645,349,618,276,一致,一致,https://www.8200.cn/kjh/3d/2025133.htm,https://www.3d178.cn/kaijiang/2025/2025133.shtml
2025-05-24,2025134,748,748,748,619,530,006,一致,一致,https://www.8200.cn/kjh/3d/2025134.htm,https://www.3d178.cn/kaijiang/2025/2025134.shtml
2025-05-25,2025135,458,458,458,210,238,478,一致,一致,https://www.8200.cn/kjh/3d/2025135.htm,https://www.3d178.cn/kaijiang/2025/2025135.shtml
2025-05-26,2025136,113,113,113,465,691,439,一致,一致,https://www.8200.cn/kjh/3d/2025136.htm,https://www.3d178.cn/kaijiang/2025/2025136.shtml
2025-05-27,2025137,838,838,838,718,843,934,一致,一致,https://www.8200.cn/kjh/3d/2025137.htm,https://www.3d178.cn/kaijiang/2025/2025137.shtml
2025-05-28,2025138,296,296,296,975,261,349,一致,一致,https://www.8200.cn/kjh/3d/2025138.htm,https://www.3d178.cn/kaijiang/2025/2025138.shtml
2025-05-29,2025139,598,598,598,742,873,168,一致,一致,https://www.8200.cn/kjh/3d/2025139.htm,https://www.3d178.cn/kaijiang/2025/2025139.shtml
2025-05-30,2025140,149,149,149,317,584,837,一致,一致,https://www.8200.cn/kjh/3d/2025140.htm,https://www.3d178.cn/kaijiang/2025/2025140.shtml
2025-05-31,2025141,202,202,202,547,590,540,一致,一致,https://www.8200.cn/kjh/3d/2025141.htm,https://www.3d178.cn/kaijiang/2025/2025141.shtml
2025-06-01,2025142,916,916,916,027,435,066,一致,一致,https://www.8200.cn/kjh/3d/2025142.htm,https://www.3d178.cn/kaijiang/2025/2025142.shtml
2025-06-02,2025143,256,256,256,569,793,985,一致,一致,https://www.8200.cn/kjh/3d/2025143.htm,https://www.3d178.cn/kaijiang/2025/2025143.shtml
2025-06-03,2025144,666,666,666,783,708,304,一致,一致,https://www.8200.cn/kjh/3d/2025144.htm,https://www.3d178.cn/kaijiang/2025/2025144.shtml
2025-06-04,2025145,267,267,267,017,642,297,一致,一致,https://www.8200.cn/kjh/3d/2025145.htm,https://www.3d178.cn/kaijiang/2025/2025145.shtml
2025-06-05,2025146,897,897,897,692,947,322,一致,一致,https://www.8200.cn/kjh/3d/2025146.htm,https://www.3d178.cn/kaijiang/2025/2025146.shtml
2025-06-06,2025147,321,321,321,150,315,475,一致,一致,https://www.8200.cn/kjh/3d/2025147.htm,https://www.3d178.cn/kaijiang/2025/2025147.shtml
2025-06-07,2025148,838,838,838,940,679,176,一致,一致,https://www.8200.cn/kjh/3d/2025148.htm,https://www.3d178.cn/kaijiang/2025/2025148.shtml
2025-06-08,2025149,734,734,734,864,204,856,一致,一致,https://www.8200.cn/kjh/3d/2025149.htm,https://www.3d178.cn/kaijiang/2025/2025149.shtml
2025-06-09,2025150,321,321,321,694,538,809,一致,一致,https://www.8200.cn/kjh/3d/2025150.htm,https://www.3d178.cn/kaijiang/2025/2025150.shtml
2025-06-10,2025151,718,718,718,910,926,610,一致,一致,https://www.8200.cn/kjh/3d/2025151.htm,https://www.3d178.cn/kaijiang/2025/2025151.shtml
2025-06-11,2025152,210,210,210,073,508,604,一致,一致,https://www.8200.cn/kjh/3d/2025152.htm,https://www.3d178.cn/kaijiang/2025/2025152.shtml
2025-06-12,2025153,069,069,069,173,241,031,一致,一致,https://www.8200.cn/kjh/3d/2025153.htm,https://www.3d178.cn/kaijiang/2025/2025153.shtml
2025-06-13,2025154,923,923,923,426,857,276,一致,一致,https://www.8200.cn/kjh/3d/2025154.htm,https://www.3d178.cn/kaijiang/2025/2025154.shtml
2025-06-14,2025155,499,499,499,657,926,191,一致,一致,https://www.8200.cn/kjh/3d/2025155.htm,https://www.3d178.cn/kaijiang/2025/2025155.shtml
2025-06-15,2025156,775,775,775,328,352,511,一致,一致,https://www.8200.cn/kjh/3d/2025156.htm,https://www.3d178.cn/kaijiang/2025/2025156.shtml
2025-06-16,2025157,969,969,969,047,470,868,一致,一致,https://www.8200.cn/kjh/3d/2025157.htm,https://www.3d178.cn/kaijiang/2025/2025157.shtml
2025-06-17,2025158,701,701,701,835,316,425,一致,一致,https://www.8200.cn/kjh/3d/2025158.htm,https://www.3d178.cn/kaijiang/2025/2025158.shtml
2025-06-18,2025159,073,073,073,648,405,091,一致,一致,https://www.8200.cn/kjh/3d/2025159.htm,https://www.3d178.cn/kaijiang/2025/2025159.shtml
2025-06-19,2025160,503,503,503,628,916,579,一致,一致,https://www.8200.cn/kjh/3d/2025160.htm,https://www.3d178.cn/kaijiang/2025/2025160.shtml
2025-06-20,2025161,748,748,748,785,843,189,一致,一致,https://www.8200.cn/kjh/3d/2025161.htm,https://www.3d178.cn/kaijiang/2025/2025161.shtml
2025-06-21,2025162,275,275,275,936,720,746,一致,一致,https://www.8200.cn/kjh/3d/2025162.htm,https://www.3d178.cn/kaijiang/2025/2025162.shtml
2025-06-22,2025163,636,636,636,706,698,744,一致,一致,https://www.8200.cn/kjh/3d/2025163.htm,https://www.3d178.cn/kaijiang/2025/2025163.shtml
2025-06-23,2025164,337,337,337,214,271,983,一致,一致,https://www.8200.cn/kjh/3d/2025164.htm,https://www.3d178.cn/kaijiang/2025/2025164.shtml
2025-06-24,2025165,609,609,609,469,783,450,一致,一致,https://www.8200.cn/kjh/3d/2025165.htm,https://www.3d178.cn/kaijiang/2025/2025165.shtml
2025-06-25,2025166,808,808,808,640,249,694,一致,一致,https://www.8200.cn/kjh/3d/2025166.htm,https://www.3d178.cn/kaijiang/2025/2025166.shtml
2025-06-26,2025167,702,702,702,408,056,275,一致,一致,https://www.8200.cn/kjh/3d/2025167.htm,https://www.3d178.cn/kaijiang/2025/2025167.shtml
2025-06-27,2025168,514,514,514,794,539,914,一致,一致,https://www.8200.cn/kjh/3d/2025168.htm,https://www.3d178.cn/kaijiang/2025/2025168.shtml
2025-06-28,2025169,978,978,978,506,634,563,一致,一致,https://www.8200.cn/kjh/3d/2025169.htm,https://www.3d178.cn/kaijiang/2025/2025169.shtml
2025-06-29,2025170,475,475,475,608,745,603,一致,一致,https://www.8200.cn/kjh/3d/2025170.htm,https://www.3d178.cn/kaijiang/2025/2025170.shtml
2025-06-30,2025171,113,113,113,075,283,823,一致,一致,https://www.8200.cn/kjh/3d/2025171.htm,https://www.3d178.cn/kaijiang/2025/2025171.shtml
2025-07-01,2025172,406,406,406,167,970,919,一致,一致,https://www.8200.cn/kjh/3d/2025172.htm,https://www.3d178.cn/kaijiang/2025/2025172.shtml
2025-07-02,2025173,092,092,092,654,849,998,一致,一致,https://www.8200.cn/kjh/3d/2025173.htm,https://www.3d178.cn/kaijiang/2025/2025173.shtml
2025-07-03,2025174,533,533,533,168,351,296,一致,一致,https://www.8200.cn/kjh/3d/2025174.htm,https://www.3d178.cn/kaijiang/2025/2025174.shtml
2025-07-04,2025175,616,616,616,615,101,373,一致,一致,https://www.8200.cn/kjh/3d/2025175.htm,https://www.3d178.cn/kaijiang/2025/2025175.shtml
2025-07-05,2025176,122,122,122,875,842,462,一致,一致,https://www.8200.cn/kjh/3d/2025176.htm,https://www.3d178.cn/kaijiang/2025/2025176.shtml
2025-07-06,2025177,497,497,497,892,635,633,一致,一致,https://www.8200.cn/kjh/3d/2025177.htm,https://www.3d178.cn/kaijiang/2025/2025177.shtml
2025-07-07,2025178,728,728,728,905,452,748,一致,一致,https://www.8200.cn/kjh/3d/2025178.htm,https://www.3d178.cn/kaijiang/2025/2025178.shtml
2025-07-08,2025179,280,280,280,642,601,087,一致,一致,https://www.8200.cn/kjh/3d/2025179.htm,https://www.3d178.cn/kaijiang/2025/2025179.shtml
2025-07-09,2025180,260,260,260,374,238,450,一致,一致,https://www.8200.cn/kjh/3d/2025180.htm,https://www.3d178.cn/kaijiang/2025/2025180.shtml
2025-07-10,2025181,886,886,886,142,975,400,一致,一致,https://www.8200.cn/kjh/3d/2025181.htm,https://www.3d178.cn/kaijiang/2025/2025181.shtml
2025-07-11,2025182,708,708,708,283,308,910,一致,一致,https://www.8200.cn/kjh/3d/2025182.htm,https://www.3d178.cn/kaijiang/2025/2025182.shtml
2025-07-12,2025183,744,744,744,268,658,694,一致,一致,https://www.8200.cn/kjh/3d/2025183.htm,https://www.3d178.cn/kaijiang/2025/2025183.shtml
2025-07-13,2025184,799,799,799,865,172,633,一致,一致,https://www.8200.cn/kjh/3d/2025184.htm,https://www.3d178.cn/kaijiang/2025/2025184.shtml
2025-07-14,2025185,164,164,164,239,619,055,一致,一致,https://www.8200.cn/kjh/3d/2025185.htm,https://www.3d178.cn/kaijiang/2025/2025185.shtml
2025-07-15,2025186,227,227,227,980,495,137,一致,一致,https://www.8200.cn/kjh/3d/2025186.htm,https://www.3d178.cn/kaijiang/2025/2025186.shtml
2025-07-16,2025187,761,761,761,346,830,005,一致,一致,https://www.8200.cn/kjh/3d/2025187.htm,https://www.3d178.cn/kaijiang/2025/2025187.shtml
2025-07-17,2025188,018,018,018,087,529,060,一致,一致,https://www.8200.cn/kjh/3d/2025188.htm,https://www.3d178.cn/kaijiang/2025/2025188.shtml
2025-07-18,2025189,907,907,907,951,671,325,一致,一致,https://www.8200.cn/kjh/3d/2025189.htm,https://www.3d178.cn/kaijiang/2025/2025189.shtml
2025-07-19,2025190,402,402,402,493,412,546,一致,一致,https://www.8200.cn/kjh/3d/2025190.htm,https://www.3d178.cn/kaijiang/2025/2025190.shtml
2025-07-20,2025191,202,202,202,745,835,229,一致,一致,https://www.8200.cn/kjh/3d/2025191.htm,https://www.3d178.cn/kaijiang/2025/2025191.shtml
2025-07-21,2025192,691,691,691,708,709,053,一致,一致,https://www.8200.cn/kjh/3d/2025192.htm,https://www.3d178.cn/kaijiang/2025/2025192.shtml
2025-07-22,2025193,876,876,876,829,948,784,一致,一致,https://www.8200.cn/kjh/3d/2025193.htm,https://www.3d178.cn/kaijiang/2025/2025193.shtml
2025-07-23,2025194,726,726,726,867,563,637,一致,一致,https://www.8200.cn/kjh/3d/2025194.htm,https://www.3d178.cn/kaijiang/2025/2025194.shtml
2025-07-24,2025195,980,980,980,186,819,820,一致,一致,https://www.8200.cn/kjh/3d/2025195.htm,https://www.3d178.cn/kaijiang/2025/2025195.shtml
2025-07-25,2025196,734,734,734,951,365,385,一致,一致,https://www.8200.cn/kjh/3d/2025196.htm,https://www.3d178.cn/kaijiang/2025/2025196.shtml
2025-07-26,2025197,057,057,057,742,602,346,一致,一致,https://www.8200.cn/kjh/3d/2025197.htm,https://www.3d178.cn/kaijiang/2025/2025197.shtml
2025-07-27,2025198,898,898,898,750,753,184,一致,一致,https://www.8200.cn/kjh/3d/2025198.htm,https://www.3d178.cn/kaijiang/2025/2025198.shtml
2025-07-28,2025199,943,943,943,962,806,337,一致,一致,https://www.8200.cn/kjh/3d/2025199.htm,https://www.3d178.cn/kaijiang/2025/2025199.shtml
2025-07-29,2025200,015,015,015,034,137,748,一致,一致,https://www.8200.cn/kjh/3d/2025200.htm,https://www.3d178.cn/kaijiang/2025/2025200.shtml
2025-07-30,2025201,846,846,846,689,645,647,一致,一致,https://www.8200.cn/kjh/3d/2025201.htm,https://www.3d178.cn/kaijiang/2025/2025201.shtml
2025-07-31,2025202,953,953,953,402,938,394,一致,一致,https://www.8200.cn/kjh/3d/2025202.htm,https://www.3d178.cn/kaijiang/2025/2025202.shtml
2025-08-01,2025203,013,013,013,839,760,289,一致,一致,https://www.8200.cn/kjh/3d/2025203.htm,https://www.3d178.cn/kaijiang/2025/2025203.shtml
2025-08-02,2025204,007,007,007,027,958,197,一致,一致,https://www.8200.cn/kjh/3d/2025204.htm,https://www.3d178.cn/kaijiang/2025/2025204.shtml
2025-08-03,2025205,920,920,920,178,217,614,一致,一致,https://www.8200.cn/kjh/3d/2025205.htm,https://www.3d178.cn/kaijiang/2025/2025205.shtml
2025-08-04,2025206,444,444,444,703,796,180,一致,一致,https://www.8200.cn/kjh/3d/2025206.htm,https://www.3d178.cn/kaijiang/2025/2025206.shtml
2025-08-05,2025207,255,255,255,192,952,864,一致,一致,https://www.8200.cn/kjh/3d/2025207.htm,https://www.3d178.cn/kaijiang/2025/2025207.shtml
2025-08-06,2025208,432,432,432,291,836,283,一致,一致,https://www.8200.cn/kjh/3d/2025208.htm,https://www.3d178.cn/kaijiang/2025/2025208.shtml
2025-08-07,2025209,387,387,387,571,254,754,一致,一致,https://www.8200.cn/kjh/3d/2025209.htm,https://www.3d178.cn/kaijiang/2025/2025209.shtml
2025-08-08,2025210,520,520,520,083,389,203,一致,一致,https://www.8200.cn/kjh/3d/2025210.htm,https://www.3d178.cn/kaijiang/2025/2025210.shtml
2025-08-09,2025211,897,897,897,106,927,656,一致,一致,https://www.8200.cn/kjh/3d/2025211.htm,https://www.3d178.cn/kaijiang/2025/2025211.shtml
2025-08-10,2025212,456,456,456,021,065,439,一致,一致,https://www.8200.cn/kjh/3d/2025212.htm,https://www.3d178.cn/kaijiang/2025/2025212.shtml
2025-08-11,2025213,381,381,381,456,487,485,一致,一致,https://www.8200.cn/kjh/3d/2025213.htm,https://www.3d178.cn/kaijiang/2025/2025213.shtml
2025-08-12,2025214,920,920,920,470,160,441,一致,一致,https://www.8200.cn/kjh/3d/2025214.htm,https://www.3d178.cn/kaijiang/2025/2025214.shtml
2025-08-13,2025215,853,853,853,276,463,779,一致,一致,https://www.8200.cn/kjh/3d/2025215.htm,https://www.3d178.cn/kaijiang/2025/2025215.shtml
2025-08-14,2025216,625,625,625,026,159,084,一致,一致,https://www.8200.cn/kjh/3d/2025216.htm,https://www.3d178.cn/kaijiang/2025/2025216.shtml
2025-08-15,2025217,894,894,894,197,540,466,一致,一致,https://www.8200.cn/kjh/3d/2025217.htm,https://www.3d178.cn/kaijiang/2025/2025217.shtml
2025-08-16,2025218,526,526,526,987,762,071,一致,一致,https://www.8200.cn/kjh/3d/2025218.htm,https://www.3d178.cn/kaijiang/2025/2025218.shtml
2025-08-17,2025219,900,900,900,268,635,750,一致,一致,https://www.8200.cn/kjh/3d/2025219.htm,https://www.3d178.cn/kaijiang/2025/2025219.shtml
2025-08-18,2025220,536,536,536,691,783,902,一致,一致,https://www.8200.cn/kjh/3d/2025220.htm,https://www.3d178.cn/kaijiang/2025/2025220.shtml
2025-08-19,2025221,296,296,296,305,726,168,一致,一致,https://www.8200.cn/kjh/3d/2025221.htm,https://www.3d178.cn/kaijiang/2025/2025221.shtml
2025-08-20,2025222,010,010,010,214,391,772,一致,一致,https://www.8200.cn/kjh/3d/2025222.htm,https://www.3d178.cn/kaijiang/2025/2025222.shtml
2025-08-21,2025223,736,736,736,907,125,505,一致,一致,https://www.8200.cn/kjh/3d/2025223.htm,https://www.3d178.cn/kaijiang/2025/2025223.shtml
2025-08-22,2025224,990,990,990,902,680,911,一致,一致,https://www.8200.cn/kjh/3d/2025224.htm,https://www.3d178.cn/kaijiang/2025/2025224.shtml
2025-08-23,2025225,806,806,806,921,318,193,一致,一致,https://www.8200.cn/kjh/3d/2025225.htm,https://www.3d178.cn/kaijiang/2025/2025225.shtml
2025-08-24,2025226,180,180,180,694,892,601,一致,一致,https://www.8200.cn/kjh/3d/2025226.htm,https://www.3d178.cn/kaijiang/2025/2025226.shtml
2025-08-25,2025227,611,611,611,215,364,802,一致,一致,https://www.8200.cn/kjh/3d/2025227.htm,https://www.3d178.cn/kaijiang/2025/2025227.shtml
2025-08-26,2025228,465,465,465,248,937,162,一致,一致,https://www.8200.cn/kjh/3d/2025228.htm,https://www.3d178.cn/kaijiang/2025/2025228.shtml
2025-08-27,2025229,108,108,108,260,562,579,一致,一致,https://www.8200.cn/kjh/3d/2025229.htm,https://www.3d178.cn/kaijiang/2025/2025229.shtml
2025-08-28,2025230,439,439,439,297,894,364,一致,一致,https://www.8200.cn/kjh/3d/2025230.htm,https://www.3d178.cn/kaijiang/2025/2025230.shtml
2025-08-29,2025231,732,732,732,603,637,393,一致,一致,https://www.8200.cn/kjh/3d/2025231.htm,https://www.3d178.cn/kaijiang/2025/2025231.shtml
2025-08-30,2025232,044,044,044,267,904,615,一致,一致,https://www.8200.cn/kjh/3d/2025232.htm,https://www.3d178.cn/kaijiang/2025/2025232.shtml
2025-08-31,2025233,259,259,259,623,278,999,一致,一致,https://www.8200.cn/kjh/3d/2025233.htm,https://www.3d178.cn/kaijiang/2025/2025233.shtml
2025-09-01,2025234,620,620,620,731,329,927,一致,一致,https://www.8200.cn/kjh/3d/2025234.htm,https://www.3d178.cn/kaijiang/2025/2025234.shtml
2025-09-02,2025235,969,969,969,536,816,968,一致,一致,https://www.8200.cn/kjh/3d/2025235.htm,https://www.3d178.cn/kaijiang/2025/2025235.shtml
2025-09-03,2025236,355,355,355,610,458,122,一致,一致,https://www.8200.cn/kjh/3d/2025236.htm,https://www.3d178.cn/kaijiang/2025/2025236.shtml
2025-09-04,2025237,590,590,590,197,538,712,一致,一致,https://www.8200.cn/kjh/3d/2025237.htm,https://www.3d178.cn/kaijiang/2025/2025237.shtml
2025-09-05,2025238,860,860,860,864,643,831,一致,一致,https://www.8200.cn/kjh/3d/2025238.htm,https://www.3d178.cn/kaijiang/2025/2025238.shtml
2025-09-06,2025239,125,125,125,035,405,765,一致,一致,https://www.8200.cn/kjh/3d/2025239.htm,https://www.3d178.cn/kaijiang/2025/2025239.shtml
2025-09-07,2025240,419,419,419,713,972,227,一致,一致,https://www.8200.cn/kjh/3d/2025240.htm,https://www.3d178.cn/kaijiang/2025/2025240.shtml
2025-09-08,2025241,160,160,160,642,765,157,一致,一致,https://www.8200.cn/kjh/3d/2025241.htm,https://www.3d178.cn/kaijiang/2025/2025241.shtml
2025-09-09,2025242,990,990,990,926,239,325,一致,一致,https://www.8200.cn/kjh/3d/2025242.htm,https://www.3d178.cn/kaijiang/2025/2025242.shtml
2025-09-10,2025243,176,176,176,908,782,088,一致,一致,https://www.8200.cn/kjh/3d/2025243.htm,https://www.3d178.cn/kaijiang/2025/2025243.shtml
2025-09-11,2025244,673,673,673,967,615,348,一致,一致,https://www.8200.cn/kjh/3d/2025244.htm,https://www.3d178.cn/kaijiang/2025/2025244.shtml
2025-09-12,2025245,848,848,848,985,352,096,一致,一致,https://www.8200.cn/kjh/3d/2025245.htm,https://www.3d178.cn/kaijiang/2025/2025245.shtml
2025-09-13,2025246,997,997,997,326,517,295,一致,一致,https://www.8200.cn/kjh/3d/2025246.htm,https://www.3d178.cn/kaijiang/2025/2025246.shtml
2025-09-14,2025247,262,262,262,714,249,317,一致,一致,https://www.8200.cn/kjh/3d/2025247.htm,https://www.3d178.cn/kaijiang/2025/2025247.shtml
2025-09-15,2025248,526,526,526,394,736,609,一致,一致,https://www.8200.cn/kjh/3d/2025248.htm,https://www.3d178.cn/kaijiang/2025/2025248.shtml
2025-09-16,2025249,952,952,952,062,415,815,一致,一致,https://www.8200.cn/kjh/3d/2025249.htm,https://www.3d178.cn/kaijiang/2025/2025249.shtml
2025-09-17,2025250,902,902,902,135,326,511,一致,一致,https://www.8200.cn/kjh/3d/2025250.htm,https://www.3d178.cn/kaijiang/2025/2025250.shtml
2025-09-18,2025251,868,868,868,680,967,990,一致,一致,https://www.8200.cn/kjh/3d/2025251.htm,https://www.3d178.cn/kaijiang/2025/2025251.shtml
2025-09-19,2025252,792,792,792,945,418,889,一致,一致,https://www.8200.cn/kjh/3d/2025252.htm,https://www.3d178.cn/kaijiang/2025/2025252.shtml
2025-09-20,2025253,457,457,457,310,597,682,一致,一致,https://www.8200.cn/kjh/3d/2025253.htm,https://www.3d178.cn/kaijiang/2025/2025253.shtml
2025-09-21,2025254,072,072,072,463,308,764,一致,一致,https://www.8200.cn/kjh/3d/2025254.htm,https://www.3d178.cn/kaijiang/2025/2025254.shtml
2025-09-22,2025255,264,264,264,253,065,865,一致,一致,https://www.8200.cn/kjh/3d/2025255.htm,https://www.3d178.cn/kaijiang/2025/2025255.shtml
2025-09-23,2025256,406,406,406,243,394,861,一致,一致,https://www.8200.cn/kjh/3d/2025256.htm,https://www.3d178.cn/kaijiang/2025/2025256.shtml
2025-09-24,2025257,860,860,860,196,621,297,一致,一致,https://www.8200.cn/kjh/3d/2025257.htm,https://www.3d178.cn/kaijiang/2025/2025257.shtml
2025-09-25,2025258,626,626,626,642,853,393,一致,一致,https://www.8200.cn/kjh/3d/2025258.htm,https://www.3d178.cn/kaijiang/2025/2025258.shtml
2025-09-26,2025259,625,625,625,784,609,129,一致,一致,https://www.8200.cn/kjh/3d/2025259.htm,https://www.3d178.cn/kaijiang/2025/2025259.shtml
2025-09-27,2025260,199,199,199,971,342,789,一致,一致,https://www.8200.cn/kjh/3d/2025260.htm,https://www.3d178.cn/kaijiang/2025/2025260.shtml
2025-09-28,2025261,751,751,751,361,505,058,一致,一致,https://www.8200.cn/kjh/3d/2025261.htm,https://www.3d178.cn/kaijiang/2025/2025261.shtml
2025-09-29,2025262,914,914,914,096,611,325,一致,一致,https://www.8200.cn/kjh/3d/2025262.htm,https://www.3d178.cn/kaijiang/2025/2025262.shtml
2025-09-30,2025263,399,399,399,305,745,937,一致,一致,https://www.8200.cn/kjh/3d/2025263.htm,https://www.3d178.cn/kaijiang/2025/2025263.shtml
2025-10-04,2025264,734,734,734,508,296,389,一致,不一致,https://www.8200.cn/kjh/3d/2025264.htm,https://www.3d178.cn/kaijiang/2025/2025264.shtml
2025-10-06,2025265,546,546,546,850,340,365,一致,一致,https://www.8200.cn/kjh/3d/2025265.htm,https://www.3d178.cn/kaijiang/2025/2025265.shtml
2025-10-07,2025266,723,723,723,483,218,672,一致,一致,https://www.8200.cn/kjh/3d/2025266.htm,https://www.3d178.cn/kaijiang/2025/2025266.shtml
2025-10-08,2025267,391,391,391,689,924,427,一致,一致,https://www.8200.cn/kjh/3d/2025267.htm,https://www.3d178.cn/kaijiang/2025/2025267.shtml
2025-10-09,2025268,674,674,674,790,671,385,一致,一致,https://www.8200.cn/kjh/3d/2025268.htm,https://www.3d178.cn/kaijiang/2025/2025268.shtml
2025-10-10,2025269,055,055,055,872,025,475,一致,一致,https://www.8200.cn/kjh/3d/2025269.htm,https://www.3d178.cn/kaijiang/2025/2025269.shtml
2025-10-11,2025270,408,408,408,031,879,804,一致,一致,https://www.8200.cn/kjh/3d/2025270.htm,https://www.3d178.cn/kaijiang/2025/2025270.shtml
2025-10-12,2025271,727,727,727,568,625,833,一致,一致,https://www.8200.cn/kjh/3d/2025271.htm,https://www.3d178.cn/kaijiang/2025/2025271.shtml
2025-10-13,2025272,967,967,967,069,374,365,一致,一致,https://www.8200.cn/kjh/3d/2025272.htm,https://www.3d178.cn/kaijiang/2025/2025272.shtml
2025-10-14,2025273,045,045,045,587,429,575,一致,一致,https://www.8200.cn/kjh/3d/2025273.htm,https://www.3d178.cn/kaijiang/2025/2025273.shtml
2025-10-15,2025274,596,596,596,109,785,970,一致,一致,https://www.8200.cn/kjh/3d/2025274.htm,https://www.3d178.cn/kaijiang/2025/2025274.shtml
2025-10-16,2025275,203,203,203,341,183,305,一致,一致,https://www.8200.cn/kjh/3d/2025275.htm,https://www.3d178.cn/kaijiang/2025/2025275.shtml
2025-10-17,2025276,714,714,714,192,425,305,一致,一致,https://www.8200.cn/kjh/3d/2025276.htm,https://www.3d178.cn/kaijiang/2025/2025276.shtml
2025-10-18,2025277,061,061,061,619,815,081,一致,一致,https://www.8200.cn/kjh/3d/2025277.htm,https://www.3d178.cn/kaijiang/2025/2025277.shtml
2025-10-19,2025278,629,629,629,901,472,370,一致,一致,https://www.8200.cn/kjh/3d/2025278.htm,https://www.3d178.cn/kaijiang/2025/2025278.shtml
2025-10-20,2025279,752,752,752,062,763,010,一致,一致,https://www.8200.cn/kjh/3d/2025279.htm,https://www.3d178.cn/kaijiang/2025/2025279.shtml
2025-10-21,2025280,411,411,411,197,804,629,一致,一致,https://www.8200.cn/kjh/3d/2025280.htm,https://www.3d178.cn/kaijiang/2025/2025280.shtml
2025-10-22,2025281,897,897,897,135,596,035,一致,一致,https://www.8200.cn/kjh/3d/2025281.htm,https://www.3d178.cn/kaijiang/2025/2025281.shtml
2025-10-23,2025282,416,416,416,574,179,319,一致,一致,https://www.8200.cn/kjh/3d/2025282.htm,https://www.3d178.cn/kaijiang/2025/2025282.shtml
2025-10-24,2025283,664,664,664,694,673,076,一致,一致,https://www.8200.cn/kjh/3d/2025283.htm,https://www.3d178.cn/kaijiang/2025/2025283.shtml
2025-10-25,2025284,844,844,844,639,568,964,一致,一致,https://www.8200.cn/kjh/3d/2025284.htm,https://www.3d178.cn/kaijiang/2025/2025284.shtml
2025-10-26,2025285,172,172,172,973,120,936,一致,一致,https://www.8200.cn/kjh/3d/2025285.htm,https://www.3d178.cn/kaijiang/2025/2025285.shtml
2025-10-27,2025286,827,827,827,372,294,694,一致,一致,https://www.8200.cn/kjh/3d/2025286.htm,https://www.3d178.cn/kaijiang/2025/2025286.shtml
2025-10-28,2025287,805,805,805,604,506,116,一致,一致,https://www.8200.cn/kjh/3d/2025287.htm,https://www.3d178.cn/kaijiang/2025/2025287.shtml
2025-10-29,2025288,767,767,767,298,491,219,一致,一致,https://www.8200.cn/kjh/3d/2025288.htm,https://www.3d178.cn/kaijiang/2025/2025288.shtml
2025-10-30,2025289,473,473,473,213,289,284,一致,一致,https://www.8200.cn/kjh/3d/2025289.htm,https://www.3d178.cn/kaijiang/2025/2025289.shtml
2025-10-31,2025290,332,332,332,847,348,528,一致,一致,https://www.8200.cn/kjh/3d/2025290.htm,https://www.3d178.cn/kaijiang/2025/2025290.shtml
2025-11-01,2025291,794,794,794,169,976,259,一致,一致,https://www.8200.cn/kjh/3d/2025291.htm,https://www.3d178.cn/kaijiang/2025/2025291.shtml
2025-11-02,2025292,117,117,117,821,510,870,一致,一致,https://www.8200.cn/kjh/3d/2025292.htm,https://www.3d178.cn/kaijiang/2025/2025292.shtml
2025-11-03,2025293,154,154,154,683,724,282,一致,一致,https://www.8200.cn/kjh/3d/2025293.htm,https://www.3d178.cn/kaijiang/2025/2025293.shtml
2025-11-04,2025294,513,513,513,705,315,845,一致,一致,https://www.8200.cn/kjh/3d/2025294.htm,https://www.3d178.cn/kaijiang/2025/2025294.shtml
2025-11-05,2025295,273,273,273,064,967,130,一致,一致,https://www.8200.cn/kjh/3d/2025295.htm,https://www.3d178.cn/kaijiang/2025/2025295.shtml
2025-11-06,2025296,537,537,537,275,287,074,一致,一致,https://www.8200.cn/kjh/3d/2025296.htm,https://www.3d178.cn/kaijiang/2025/2025296.shtml
2025-11-07,2025297,051,051,051,832,438,398,一致,一致,https://www.8200.cn/kjh/3d/2025297.htm,https://www.3d178.cn/kaijiang/2025/2025297.shtml
2025-11-08,2025298,544,544,544,186,531,810,一致,一致,https://www.8200.cn/kjh/3d/2025298.htm,https://www.3d178.cn/kaijiang/2025/2025298.shtml
2025-11-09,2025299,385,385,385,269,562,437,一致,一致,https://www.8200.cn/kjh/3d/2025299.htm,https://www.3d178.cn/kaijiang/2025/2025299.shtml
2025-11-10,2025300,867,867,867,632,894,169,一致,一致,https://www.8200.cn/kjh/3d/2025300.htm,https://www.3d178.cn/kaijiang/2025/2025300.shtml
2025-11-11,2025301,755,755,755,960,902,812,一致,一致,https://www.8200.cn/kjh/3d/2025301.htm,https://www.3d178.cn/kaijiang/2025/2025301.shtml
2025-11-12,2025302,715,715,715,103,317,986,一致,一致,https://www.8200.cn/kjh/3d/2025302.htm,https://www.3d178.cn/kaijiang/2025/2025302.shtml
2025-11-13,2025303,933,933,933,715,695,719,一致,一致,https://www.8200.cn/kjh/3d/2025303.htm,https://www.3d178.cn/kaijiang/2025/2025303.shtml
2025-11-14,2025304,471,471,471,218,128,988,一致,一致,https://www.8200.cn/kjh/3d/2025304.htm,https://www.3d178.cn/kaijiang/2025/2025304.shtml
2025-11-15,2025305,310,310,310,534,436,106,一致,一致,https://www.8200.cn/kjh/3d/2025305.htm,https://www.3d178.cn/kaijiang/2025/2025305.shtml
2025-11-16,2025306,697,697,697,487,392,087,一致,一致,https://www.8200.cn/kjh/3d/2025306.htm,https://www.3d178.cn/kaijiang/2025/2025306.shtml
2025-11-17,2025307,164,164,164,472,732,821,一致,一致,https://www.8200.cn/kjh/3d/2025307.htm,https://www.3d178.cn/kaijiang/2025/2025307.shtml
2025-11-18,2025308,448,448,448,638,365,774,一致,一致,https://www.8200.cn/kjh/3d/2025308.htm,https://www.3d178.cn/kaijiang/2025/2025308.shtml
2025-11-19,2025309,190,190,190,629,610,790,一致,一致,https://www.8200.cn/kjh/3d/2025309.htm,https://www.3d178.cn/kaijiang/2025/2025309.shtml
2025-11-20,2025310,169,169,169,084,837,036,一致,一致,https://www.8200.cn/kjh/3d/2025310.htm,https://www.3d178.cn/kaijiang/2025/2025310.shtml
2025-11-21,2025311,640,640,640,239,596,109,一致,一致,https://www.8200.cn/kjh/3d/2025311.htm,https://www.3d178.cn/kaijiang/2025/2025311.shtml
2025-11-22,2025312,689,689,689,890,759,258,一致,一致,https://www.8200.cn/kjh/3d/2025312.htm,https://www.3d178.cn/kaijiang/2025/2025312.shtml
2025-11-23,2025313,664,664,664,781,271,746,一致,一致,https://www.8200.cn/kjh/3d/2025313.htm,https://www.3d178.cn/kaijiang/2025/2025313.shtml
2025-11-24,2025314,917,917,917,732,650,392,一致,一致,https://www.8200.cn/kjh/3d/2025314.htm,https://www.3d178.cn/kaijiang/2025/2025314.shtml
2025-11-25,2025315,729,729,729,648,148,489,一致,一致,https://www.8200.cn/kjh/3d/2025315.htm,https://www.3d178.cn/kaijiang/2025/2025315.shtml
2025-11-26,2025316,775,775,775,590,942,530,一致,一致,https://www.8200.cn/kjh/3d/2025316.htm,https://www.3d178.cn/kaijiang/2025/2025316.shtml
2025-11-27,2025317,301,301,301,417,516,126,一致,一致,https://www.8200.cn/kjh/3d/2025317.htm,https://www.3d178.cn/kaijiang/2025/2025317.shtml
2025-11-28,2025318,430,430,430,134,720,081,一致,一致,https://www.8200.cn/kjh/3d/2025318.htm,https://www.3d178.cn/kaijiang/2025/2025318.shtml
2025-11-29,2025319,294,294,294,819,318,887,一致,一致,https://www.8200.cn/kjh/3d/2025319.htm,https://www.3d178.cn/kaijiang/2025/2025319.shtml
2025-11-30,2025320,121,121,121,239,645,095,一致,一致,https://www.8200.cn/kjh/3d/2025320.htm,https://www.3d178.cn/kaijiang/2025/2025320.shtml
2025-12-01,2025321,847,847,847,934,735,303,一致,一致,https://www.8200.cn/kjh/3d/2025321.htm,https://www.3d178.cn/kaijiang/2025/2025321.shtml
2025-12-02,2025322,226,226,226,174,594,243,一致,一致,https://www.8200.cn/kjh/3d/2025322.htm,https://www.3d178.cn/kaijiang/2025/2025322.shtml
2025-12-03,2025323,551,551,551,957,787,828,一致,一致,https://www.8200.cn/kjh/3d/2025323.htm,https://www.3d178.cn/kaijiang/2025/2025323.shtml
2025-12-04,2025324,661,661,661,136,619,225,一致,一致,https://www.8200.cn/kjh/3d/2025324.htm,https://www.3d178.cn/kaijiang/2025/2025324.shtml
2025-12-05,2025325,165,165,165,135,207,838,一致,一致,https://www.8200.cn/kjh/3d/2025325.htm,https://www.3d178.cn/kaijiang/2025/2025325.shtml
2025-12-06,2025326,185,185,185,823,643,981,一致,一致,https://www.8200.cn/kjh/3d/2025326.htm,https://www.3d178.cn/kaijiang/2025/2025326.shtml
2025-12-07,2025327,789,789,789,286,328,561,一致,一致,https://www.8200.cn/kjh/3d/2025327.htm,https://www.3d178.cn/kaijiang/2025/2025327.shtml
2025-12-08,2025328,040,040,040,597,109,172,一致,一致,https://www.8200.cn/kjh/3d/2025328.htm,https://www.3d178.cn/kaijiang/2025/2025328.shtml
2025-12-09,2025329,564,564,564,264,415,680,一致,一致,https://www.8200.cn/kjh/3d/2025329.htm,https://www.3d178.cn/kaijiang/2025/2025329.shtml
2025-12-10,2025330,062,062,062,387,362,793,一致,一致,https://www.8200.cn/kjh/3d/2025330.htm,https://www.3d178.cn/kaijiang/2025/2025330.shtml
2025-12-11,2025331,050,050,050,951,289,102,一致,一致,https://www.8200.cn/kjh/3d/2025331.htm,https://www.3d178.cn/kaijiang/2025/2025331.shtml
2025-12-12,2025332,885,885,885,238,754,490,一致,一致,https://www.8200.cn/kjh/3d/2025332.htm,https://www.3d178.cn/kaijiang/2025/2025332.shtml
2025-12-13,2025333,273,273,273,701,168,160,一致,一致,https://www.8200.cn/kjh/3d/2025333.htm,https://www.3d178.cn/kaijiang/2025/2025333.shtml
2025-12-14,2025334,198,198,198,831,905,336,一致,一致,https://www.8200.cn/kjh/3d/2025334.htm,https://www.3d178.cn/kaijiang/2025/2025334.shtml
2025-12-15,2025335,051,051,051,468,836,096,一致,一致,https://www.8200.cn/kjh/3d/2025335.htm,https://www.3d178.cn/kaijiang/2025/2025335.shtml
2025-12-16,2025336,641,641,641,489,274,888,一致,一致,https://www.8200.cn/kjh/3d/2025336.htm,https://www.3d178.cn/kaijiang/2025/2025336.shtml
2025-12-17,2025337,876,876,876,462,438,178,一致,一致,https://www.8200.cn/kjh/3d/2025337.htm,https://www.3d178.cn/kaijiang/2025/2025337.shtml
2025-12-18,2025338,689,689,689,246,601,459,一致,一致,https://www.8200.cn/kjh/3d/2025338.htm,https://www.3d178.cn/kaijiang/2025/2025338.shtml
2025-12-19,2025339,676,676,676,412,549,368,一致,一致,https://www.8200.cn/kjh/3d/2025339.htm,https://www.3d178.cn/kaijiang/2025/2025339.shtml
2025-12-20,2025340,130,130,130,621,481,198,一致,一致,https://www.8200.cn/kjh/3d/2025340.htm,https://www.3d178.cn/kaijiang/2025/2025340.shtml
2025-12-21,2025341,996,996,996,871,267,598,一致,一致,https://www.8200.cn/kjh/3d/2025341.htm,https://www.3d178.cn/kaijiang/2025/2025341.shtml
2025-12-22,2025342,681,681,681,249,536,961,一致,一致,https://www.8200.cn/kjh/3d/2025342.htm,https://www.3d178.cn/kaijiang/2025/2025342.shtml
2025-12-23,2025343,645,645,645,876,108,667,一致,一致,https://www.8200.cn/kjh/3d/2025343.htm,https://www.3d178.cn/kaijiang/2025/2025343.shtml
2025-12-24,2025344,622,622,622,042,590,684,一致,一致,https://www.8200.cn/kjh/3d/2025344.htm,https://www.3d178.cn/kaijiang/2025/2025344.shtml
2025-12-25,2025345,630,630,630,725,389,852,一致,一致,https://www.8200.cn/kjh/3d/2025345.htm,https://www.3d178.cn/kaijiang/2025/2025345.shtml
2025-12-26,2025346,897,897,897,651,542,467,一致,一致,https://www.8200.cn/kjh/3d/2025346.htm,https://www.3d178.cn/kaijiang/2025/2025346.shtml
2025-12-27,2025347,192,192,192,684,680,815,一致,一致,https://www.8200.cn/kjh/3d/2025347.htm,https://www.3d178.cn/kaijiang/2025/2025347.shtml
2025-12-28,2025348,278,278,278,840,753,736,一致,一致,https://www.8200.cn/kjh/3d/2025348.htm,https://www.3d178.cn/kaijiang/2025/2025348.shtml
2025-12-29,2025349,743,743,743,960,643,353,一致,一致,https://www.8200.cn/kjh/3d/2025349.htm,https://www.3d178.cn/kaijiang/2025/2025349.shtml
2025-12-30,2025350,580,580,580,709,895,702,一致,一致,https://www.8200.cn/kjh/3d/2025350.htm,https://www.3d178.cn/kaijiang/2025/2025350.shtml
2025-12-31,2025351,452,452,452,629,306,649,一致,一致,https://www.8200.cn/kjh/3d/2025351.htm,https://www.3d178.cn/kaijiang/2025/2025351.shtml
2026-01-01,2026001,298,298,298,307,372,578,一致,一致,https://www.8200.cn/kjh/3d/2026001.htm,https://www.3d178.cn/kaijiang/2026/2026001.shtml
2026-01-02,2026002,520,520,520,350,196,674,一致,一致,https://www.8200.cn/kjh/3d/2026002.htm,https://www.3d178.cn/kaijiang/2026/2026002.shtml
2026-01-03,2026003,601,601,601,917,564,631,一致,一致,https://www.8200.cn/kjh/3d/2026003.htm,https://www.3d178.cn/kaijiang/2026/2026003.shtml
2026-01-04,2026004,019,019,019,105,399,734,一致,一致,https://www.8200.cn/kjh/3d/2026004.htm,https://www.3d178.cn/kaijiang/2026/2026004.shtml
2026-01-05,2026005,476,476,476,045,067,195,一致,一致,https://www.8200.cn/kjh/3d/2026005.htm,https://www.3d178.cn/kaijiang/2026/2026005.shtml
2026-01-06,2026006,244,244,244,201,335,824,一致,一致,https://www.8200.cn/kjh/3d/2026006.htm,https://www.3d178.cn/kaijiang/2026/2026006.shtml
2026-01-07,2026007,353,353,353,680,814,979,一致,一致,https://www.8200.cn/kjh/3d/2026007.htm,https://www.3d178.cn/kaijiang/2026/2026007.shtml
2026-01-08,2026008,252,252,252,635,457,070,一致,一致,https://www.8200.cn/kjh/3d/2026008.htm,https://www.3d178.cn/kaijiang/2026/2026008.shtml
2026-01-09,2026009,265,265,265,851,626,252,一致,一致,https://www.8200.cn/kjh/3d/2026009.htm,https://www.3d178.cn/kaijiang/2026/2026009.shtml
2026-01-10,2026010,667,667,667,859,813,621,一致,一致,https://www.8200.cn/kjh/3d/2026010.htm,https://www.3d178.cn/kaijiang/2026/2026010.shtml
2026-01-11,2026011,647,647,647,243,925,848,一致,一致,https://www.8200.cn/kjh/3d/2026011.htm,https://www.3d178.cn/kaijiang/2026/2026011.shtml
2026-01-12,2026012,241,241,241,261,417,346,一致,一致,https://www.8200.cn/kjh/3d/2026012.htm,https://www.3d178.cn/kaijiang/2026/2026012.shtml
2026-01-13,2026013,513,513,513,065,206,195,一致,一致,https://www.8200.cn/kjh/3d/2026013.htm,https://www.3d178.cn/kaijiang/2026/2026013.shtml
2026-01-14,2026014,050,050,050,691,833,715,一致,一致,https://www.8200.cn/kjh/3d/2026014.htm,https://www.3d178.cn/kaijiang/2026/2026014.shtml
2026-01-15,2026015,532,532,532,290,276,060,一致,一致,https://www.8200.cn/kjh/3d/2026015.htm,https://www.3d178.cn/kaijiang/2026/2026015.shtml
2026-01-16,2026016,582,582,582,726,483,275,一致,一致,https://www.8200.cn/kjh/3d/2026016.htm,https://www.3d178.cn/kaijiang/2026/2026016.shtml
2026-01-17,2026017,945,945,945,918,572,905,一致,一致,https://www.8200.cn/kjh/3d/2026017.htm,https://www.3d178.cn/kaijiang/2026/2026017.shtml
2026-01-18,2026018,494,494,494,104,163,375,一致,一致,https://www.8200.cn/kjh/3d/2026018.htm,https://www.3d178.cn/kaijiang/2026/2026018.shtml
2026-01-19,2026019,223,223,223,834,802,956,一致,一致,https://www.8200.cn/kjh/3d/2026019.htm,https://www.3d178.cn/kaijiang/2026/2026019.shtml
2026-01-20,2026020,676,676,676,961,979,184,一致,一致,https://www.8200.cn/kjh/3d/2026020.htm,https://www.3d178.cn/kaijiang/2026/2026020.shtml
2026-01-21,2026021,559,559,559,583,364,288,一致,一致,https://www.8200.cn/kjh/3d/2026021.htm,https://www.3d178.cn/kaijiang/2026/2026021.shtml
2026-01-22,2026022,678,678,678,263,657,526,一致,一致,https://www.8200.cn/kjh/3d/2026022.htm,https://www.3d178.cn/kaijiang/2026/2026022.shtml
2026-01-23,2026023,784,784,784,687,192,781,一致,一致,https://www.8200.cn/kjh/3d/2026023.htm,https://www.3d178.cn/kaijiang/2026/2026023.shtml
2026-01-24,2026024,911,911,911,385,368,093,一致,一致,https://www.8200.cn/kjh/3d/2026024.htm,https://www.3d178.cn/kaijiang/2026/2026024.shtml
2026-01-25,2026025,029,029,029,402,274,064,一致,一致,https://www.8200.cn/kjh/3d/2026025.htm,https://www.3d178.cn/kaijiang/2026/2026025.shtml
2026-01-26,2026026,099,099,099,104,519,323,一致,一致,https://www.8200.cn/kjh/3d/2026026.htm,https://www.3d178.cn/kaijiang/2026/2026026.shtml
2026-01-27,2026027,126,126,126,095,262,861,一致,一致,https://www.8200.cn/kjh/3d/2026027.htm,https://www.3d178.cn/kaijiang/2026/2026027.shtml
2026-01-28,2026028,270,270,270,782,393,084,一致,一致,https://www.8200.cn/kjh/3d/2026028.htm,https://www.3d178.cn/kaijiang/2026/2026028.shtml
2026-01-29,2026029,003,003,003,738,408,156,一致,一致,https://www.8200.cn/kjh/3d/2026029.htm,https://www.3d178.cn/kaijiang/2026/2026029.shtml
2026-01-30,2026030,134,134,134,934,673,271,一致,一致,https://www.8200.cn/kjh/3d/2026030.htm,https://www.3d178.cn/kaijiang/2026/2026030.shtml
2026-01-31,2026031,142,142,142,351,945,740,一致,一致,https://www.8200.cn/kjh/3d/2026031.htm,https://www.3d178.cn/kaijiang/2026/2026031.shtml
2026-02-01,2026032,452,452,452,475,114,891,一致,一致,https://www.8200.cn/kjh/3d/2026032.htm,https://www.3d178.cn/kaijiang/2026/2026032.shtml
2026-02-02,2026033,119,119,119,273,992,597,一致,一致,https://www.8200.cn/kjh/3d/2026033.htm,https://www.3d178.cn/kaijiang/2026/2026033.shtml
2026-02-03,2026034,052,052,052,642,687,557,一致,一致,https://www.8200.cn/kjh/3d/2026034.htm,https://www.3d178.cn/kaijiang/2026/2026034.shtml
2026-02-04,2026035,213,213,213,705,930,980,一致,一致,https://www.8200.cn/kjh/3d/2026035.htm,https://www.3d178.cn/kaijiang/2026/2026035.shtml
2026-02-05,2026036,762,762,762,015,851,015,一致,一致,https://www.8200.cn/kjh/3d/2026036.htm,https://www.3d178.cn/kaijiang/2026/2026036.shtml
2026-02-06,2026037,420,420,420,251,624,695,一致,一致,https://www.8200.cn/kjh/3d/2026037.htm,https://www.3d178.cn/kaijiang/2026/2026037.shtml
2026-02-07,2026038,467,467,467,950,531,981,一致,一致,https://www.8200.cn/kjh/3d/2026038.htm,https://www.3d178.cn/kaijiang/2026/2026038.shtml
2026-02-08,2026039,450,450,450,170,337,567,一致,一致,https://www.8200.cn/kjh/3d/2026039.htm,https://www.3d178.cn/kaijiang/2026/2026039.shtml
2026-02-09,2026040,425,425,425,930,469,600,一致,一致,https://www.8200.cn/kjh/3d/2026040.htm,https://www.3d178.cn/kaijiang/2026/2026040.shtml
2026-02-10,2026041,901,901,901,706,138,542,一致,一致,https://www.8200.cn/kjh/3d/2026041.htm,https://www.3d178.cn/kaijiang/2026/2026041.shtml
2026-02-11,2026042,854,854,854,528,795,577,一致,一致,https://www.8200.cn/kjh/3d/2026042.htm,https://www.3d178.cn/kaijiang/2026/2026042.shtml
2026-02-12,2026043,765,765,765,406,308,402,一致,一致,https://www.8200.cn/kjh/3d/2026043.htm,https://www.3d178.cn/kaijiang/2026/2026043.shtml
2026-02-13,2026044,589,589,589,604,426,773,一致,一致,https://www.8200.cn/kjh/3d/2026044.htm,https://www.3d178.cn/kaijiang/2026/2026044.shtml
2026-02-14,2026045,181,181,181,830,970,287,一致,不一致,https://www.8200.cn/kjh/3d/2026045.htm,https://www.3d178.cn/kaijiang/2026/2026045.shtml
2026-02-25,2026046,291,291,291,645,213,334,一致,一致,https://www.8200.cn/kjh/3d/2026046.htm,https://www.3d178.cn/kaijiang/2026/2026046.shtml
2026-02-26,2026047,936,936,936,605,988,980,一致,一致,https://www.8200.cn/kjh/3d/2026047.htm,https://www.3d178.cn/kaijiang/2026/2026047.shtml
2026-02-27,2026048,612,612,612,812,065,159,一致,一致,https://www.8200.cn/kjh/3d/2026048.htm,https://www.3d178.cn/kaijiang/2026/2026048.shtml
2026-02-28,2026049,110,110,110,378,472,752,一致,一致,https://www.8200.cn/kjh/3d/2026049.htm,https://www.3d178.cn/kaijiang/2026/2026049.shtml
2026-03-01,2026050,689,689,689,098,318,168,一致,一致,https://www.8200.cn/kjh/3d/2026050.htm,https://www.3d178.cn/kaijiang/2026/2026050.shtml
2026-03-02,2026051,302,302,302,528,756,975,一致,一致,https://www.8200.cn/kjh/3d/2026051.htm,https://www.3d178.cn/kaijiang/2026/2026051.shtml
2026-03-03,2026052,277,277,277,073,927,046,一致,一致,https://www.8200.cn/kjh/3d/2026052.htm,https://www.3d178.cn/kaijiang/2026/2026052.shtml
2026-03-04,2026053,755,755,755,578,116,137,一致,一致,https://www.8200.cn/kjh/3d/2026053.htm,https://www.3d178.cn/kaijiang/2026/2026053.shtml
2026-03-05,2026054,217,217,217,163,875,895,一致,一致,https://www.8200.cn/kjh/3d/2026054.htm,https://www.3d178.cn/kaijiang/2026/2026054.shtml
2026-03-06,2026055,107,107,107,820,912,278,一致,一致,https://www.8200.cn/kjh/3d/2026055.htm,https://www.3d178.cn/kaijiang/2026/2026055.shtml
2026-03-07,2026056,477,477,477,781,403,328,一致,一致,https://www.8200.cn/kjh/3d/2026056.htm,https://www.3d178.cn/kaijiang/2026/2026056.shtml
2026-03-08,2026057,264,264,264,182,574,766,一致,一致,https://www.8200.cn/kjh/3d/2026057.htm,https://www.3d178.cn/kaijiang/2026/2026057.shtml
2026-03-09,2026058,543,543,543,614,961,923,一致,一致,https://www.8200.cn/kjh/3d/2026058.htm,https://www.3d178.cn/kaijiang/2026/2026058.shtml
2026-03-10,2026059,794,794,794,897,702,795,一致,一致,https://www.8200.cn/kjh/3d/2026059.htm,https://www.3d178.cn/kaijiang/2026/2026059.shtml
2026-03-11,2026060,943,943,943,310,434,849,一致,一致,https://www.8200.cn/kjh/3d/2026060.htm,https://www.3d178.cn/kaijiang/2026/2026060.shtml
2026-03-12,2026061,429,429,429,314,879,781,一致,一致,https://www.8200.cn/kjh/3d/2026061.htm,https://www.3d178.cn/kaijiang/2026/2026061.shtml
2026-03-13,2026062,294,294,294,750,388,631,一致,一致,https://www.8200.cn/kjh/3d/2026062.htm,https://www.3d178.cn/kaijiang/2026/2026062.shtml
2026-03-14,2026063,517,517,517,809,561,764,一致,一致,https://www.8200.cn/kjh/3d/2026063.htm,https://www.3d178.cn/kaijiang/2026/2026063.shtml
2026-03-15,2026064,604,604,604,819,194,272,一致,一致,https://www.8200.cn/kjh/3d/2026064.htm,https://www.3d178.cn/kaijiang/2026/2026064.shtml
2026-03-16,2026065,057,057,057,861,684,211,一致,一致,https://www.8200.cn/kjh/3d/2026065.htm,https://www.3d178.cn/kaijiang/2026/2026065.shtml
2026-03-17,2026066,934,934,934,614,773,745,一致,一致,https://www.8200.cn/kjh/3d/2026066.htm,https://www.3d178.cn/kaijiang/2026/2026066.shtml
2026-03-18,2026067,695,695,695,793,140,550,一致,一致,https://www.8200.cn/kjh/3d/2026067.htm,https://www.3d178.cn/kaijiang/2026/2026067.shtml
2026-03-19,2026068,706,706,706,571,298,781,一致,一致,https://www.8200.cn/kjh/3d/2026068.htm,https://www.3d178.cn/kaijiang/2026/2026068.shtml
2026-03-20,2026069,908,908,908,897,736,075,一致,一致,https://www.8200.cn/kjh/3d/2026069.htm,https://www.3d178.cn/kaijiang/2026/2026069.shtml
2026-03-21,2026070,484,484,484,526,658,793,一致,一致,https://www.8200.cn/kjh/3d/2026070.htm,https://www.3d178.cn/kaijiang/2026/2026070.shtml
2026-03-22,2026071,261,261,261,346,422,520,一致,一致,https://www.8200.cn/kjh/3d/2026071.htm,https://www.3d178.cn/kaijiang/2026/2026071.shtml
2026-03-23,2026072,245,245,245,756,783,353,一致,一致,https://www.8200.cn/kjh/3d/2026072.htm,https://www.3d178.cn/kaijiang/2026/2026072.shtml
2026-03-24,2026073,504,504,504,248,105,634,一致,一致,https://www.8200.cn/kjh/3d/2026073.htm,https://www.3d178.cn/kaijiang/2026/2026073.shtml
2026-03-25,2026074,487,487,487,256,659,159,一致,一致,https://www.8200.cn/kjh/3d/2026074.htm,https://www.3d178.cn/kaijiang/2026/2026074.shtml
2026-03-26,2026075,816,816,816,453,432,410,一致,一致,https://www.8200.cn/kjh/3d/2026075.htm,https://www.3d178.cn/kaijiang/2026/2026075.shtml
2026-03-27,2026076,863,863,863,418,811,646,一致,一致,https://www.8200.cn/kjh/3d/2026076.htm,https://www.3d178.cn/kaijiang/2026/2026076.shtml
2026-03-28,2026077,112,112,112,763,245,491,一致,一致,https://www.8200.cn/kjh/3d/2026077.htm,https://www.3d178.cn/kaijiang/2026/2026077.shtml
2026-03-29,2026078,049,049,049,187,989,814,一致,一致,https://www.8200.cn/kjh/3d/2026078.htm,https://www.3d178.cn/kaijiang/2026/2026078.shtml
2026-03-30,2026079,233,233,233,539,406,312,一致,一致,https://www.8200.cn/kjh/3d/2026079.htm,https://www.3d178.cn/kaijiang/2026/2026079.shtml
2026-03-31,2026080,802,802,802,984,151,272,一致,一致,https://www.8200.cn/kjh/3d/2026080.htm,https://www.3d178.cn/kaijiang/2026/2026080.shtml
2026-04-01,2026081,827,827,827,301,730,234,一致,一致,https://www.8200.cn/kjh/3d/2026081.htm,https://www.3d178.cn/kaijiang/2026/2026081.shtml
2026-04-02,2026082,942,942,942,620,468,886,一致,一致,https://www.8200.cn/kjh/3d/2026082.htm,https://www.3d178.cn/kaijiang/2026/2026082.shtml
2026-04-03,2026083,506,506,506,318,189,316,一致,一致,https://www.8200.cn/kjh/3d/2026083.htm,https://www.3d178.cn/kaijiang/2026/2026083.shtml
2026-04-04,2026084,456,456,456,753,837,180,一致,一致,https://www.8200.cn/kjh/3d/2026084.htm,https://www.3d178.cn/kaijiang/2026/2026084.shtml
2026-04-05,2026085,118,118,118,204,902,885,一致,一致,https://www.8200.cn/kjh/3d/2026085.htm,https://www.3d178.cn/kaijiang/2026/2026085.shtml
2026-04-06,2026086,382,382,382,325,463,554,一致,一致,https://www.8200.cn/kjh/3d/2026086.htm,https://www.3d178.cn/kaijiang/2026/2026086.shtml
2026-04-07,2026087,911,911,911,480,208,905,一致,一致,https://www.8200.cn/kjh/3d/2026087.htm,https://www.3d178.cn/kaijiang/2026/2026087.shtml
2026-04-08,2026088,608,608,608,248,795,563,一致,一致,https://www.8200.cn/kjh/3d/2026088.htm,https://www.3d178.cn/kaijiang/2026/2026088.shtml
2026-04-09,2026089,922,922,922,758,261,116,一致,一致,https://www.8200.cn/kjh/3d/2026089.htm,https://www.3d178.cn/kaijiang/2026/2026089.shtml
2026-04-10,2026090,816,816,816,426,485,369,一致,一致,https://www.8200.cn/kjh/3d/2026090.htm,https://www.3d178.cn/kaijiang/2026/2026090.shtml
2026-04-11,2026091,537,537,537,839,909,406,一致,一致,https://www.8200.cn/kjh/3d/2026091.htm,https://www.3d178.cn/kaijiang/2026/2026091.shtml
2026-04-12,2026092,870,870,870,987,768,460,一致,一致,https://www.8200.cn/kjh/3d/2026092.htm,https://www.3d178.cn/kaijiang/2026/2026092.shtml
2026-04-13,2026093,518,518,518,395,155,248,一致,一致,https://www.8200.cn/kjh/3d/2026093.htm,https://www.3d178.cn/kaijiang/2026/2026093.shtml
2026-04-14,2026094,418,418,418,218,632,736,一致,一致,https://www.8200.cn/kjh/3d/2026094.htm,https://www.3d178.cn/kaijiang/2026/2026094.shtml
2026-04-15,2026095,022,022,022,630,407,519,一致,一致,https://www.8200.cn/kjh/3d/2026095.htm,https://www.3d178.cn/kaijiang/2026/2026095.shtml
2026-04-16,2026096,689,689,689,764,382,354,一致,一致,https://www.8200.cn/kjh/3d/2026096.htm,https://www.3d178.cn/kaijiang/2026/2026096.shtml
2026-04-17,2026097,818,818,818,965,143,545,一致,一致,https://www.8200.cn/kjh/3d/2026097.htm,https://www.3d178.cn/kaijiang/2026/2026097.shtml
2026-04-18,2026098,513,513,513,048,545,461,一致,一致,https://www.8200.cn/kjh/3d/2026098.htm,https://www.3d178.cn/kaijiang/2026/2026098.shtml
2026-04-19,2026099,877,877,877,729,727,987,一致,一致,https://www.8200.cn/kjh/3d/2026099.htm,https://www.3d178.cn/kaijiang/2026/2026099.shtml
2026-04-20,2026100,414,414,414,479,921,817,一致,一致,https://www.8200.cn/kjh/3d/2026100.htm,https://www.3d178.cn/kaijiang/2026/2026100.shtml
2026-04-21,2026101,584,584,584,201,674,629,一致,一致,https://www.8200.cn/kjh/3d/2026101.htm,https://www.3d178.cn/kaijiang/2026/2026101.shtml
2026-04-22,2026102,420,420,420,639,669,985,一致,一致,https://www.8200.cn/kjh/3d/2026102.htm,https://www.3d178.cn/kaijiang/2026/2026102.shtml
2026-04-23,2026103,661,661,661,479,214,299,一致,一致,https://www.8200.cn/kjh/3d/2026103.htm,https://www.3d178.cn/kaijiang/2026/2026103.shtml
2026-04-24,2026104,482,482,482,038,508,192,一致,一致,https://www.8200.cn/kjh/3d/2026104.htm,https://www.3d178.cn/kaijiang/2026/2026104.shtml
2026-04-25,2026105,631,631,631,075,497,335,一致,一致,https://www.8200.cn/kjh/3d/2026105.htm,https://www.3d178.cn/kaijiang/2026/2026105.shtml
2026-04-26,2026106,928,928,928,813,803,422,一致,一致,https://www.8200.cn/kjh/3d/2026106.htm,https://www.3d178.cn/kaijiang/2026/2026106.shtml
2026-04-27,2026107,278,278,278,894,291,420,一致,一致,https://www.8200.cn/kjh/3d/2026107.htm,https://www.3d178.cn/kaijiang/2026/2026107.shtml
2026-04-28,2026108,671,671,671,524,171,536,一致,一致,https://www.8200.cn/kjh/3d/2026108.htm,https://www.3d178.cn/kaijiang/2026/2026108.shtml
2026-04-29,2026109,195,195,195,528,853,912,一致,一致,https://www.8200.cn/kjh/3d/2026109.htm,https://www.3d178.cn/kaijiang/2026/2026109.shtml
2026-04-30,2026110,379,379,379,317,647,488,一致,一致,https://www.8200.cn/kjh/3d/2026110.htm,https://www.3d178.cn/kaijiang/2026/2026110.shtml
2026-05-01,2026111,863,863,863,270,364,598,一致,一致,https://www.8200.cn/kjh/3d/2026111.htm,https://www.3d178.cn/kaijiang/2026/2026111.shtml
2026-05-02,2026112,065,065,065,398,175,377,一致,一致,https://www.8200.cn/kjh/3d/2026112.htm,https://www.3d178.cn/kaijiang/2026/2026112.shtml
2026-05-03,2026113,040,040,040,230,404,292,一致,一致,https://www.8200.cn/kjh/3d/2026113.htm,https://www.3d178.cn/kaijiang/2026/2026113.shtml
2026-05-04,2026114,864,864,864,928,387,969,一致,一致,https://www.8200.cn/kjh/3d/2026114.htm,https://www.3d178.cn/kaijiang/2026/2026114.shtml
2026-05-05,2026115,581,581,581,837,229,764,一致,一致,https://www.8200.cn/kjh/3d/2026115.htm,https://www.3d178.cn/kaijiang/2026/2026115.shtml
2026-05-06,2026116,020,020,020,574,851,600,一致,一致,https://www.8200.cn/kjh/3d/2026116.htm,https://www.3d178.cn/kaijiang/2026/2026116.shtml
2026-05-07,2026117,411,411,411,193,278,934,一致,一致,https://www.8200.cn/kjh/3d/2026117.htm,https://www.3d178.cn/kaijiang/2026/2026117.shtml
2026-05-08,2026118,132,132,132,234,869,826,一致,一致,https://www.8200.cn/kjh/3d/2026118.htm,https://www.3d178.cn/kaijiang/2026/2026118.shtml
2026-05-09,2026119,112,112,112,053,747,150,一致,一致,https://www.8200.cn/kjh/3d/2026119.htm,https://www.3d178.cn/kaijiang/2026/2026119.shtml
2026-05-10,2026120,734,734,734,963,425,820,一致,一致,https://www.8200.cn/kjh/3d/2026120.htm,https://www.3d178.cn/kaijiang/2026/2026120.shtml
2026-05-11,2026121,393,393,393,012,309,339,一致,一致,https://www.8200.cn/kjh/3d/2026121.htm,https://www.3d178.cn/kaijiang/2026/2026121.shtml
2026-05-12,2026122,346,346,346,295,918,299,一致,一致,https://www.8200.cn/kjh/3d/2026122.htm,https://www.3d178.cn/kaijiang/2026/2026122.shtml
2026-05-13,2026123,200,200,200,743,204,366,一致,一致,https://www.8200.cn/kjh/3d/2026123.htm,https://www.3d178.cn/kaijiang/2026/2026123.shtml
2026-05-14,2026124,280,280,280,624,376,617,一致,一致,https://www.8200.cn/kjh/3d/2026124.htm,https://www.3d178.cn/kaijiang/2026/2026124.shtml
2026-05-15,2026125,954,954,954,249,192,066,一致,一致,https://www.8200.cn/kjh/3d/2026125.htm,https://www.3d178.cn/kaijiang/2026/2026125.shtml
2026-05-16,2026126,846,846,846,142,807,601,一致,一致,https://www.8200.cn/kjh/3d/2026126.htm,https://www.3d178.cn/kaijiang/2026/2026126.shtml
2026-05-17,2026127,700,700,700,893,348,957,一致,一致,https://www.8200.cn/kjh/3d/2026127.htm,https://www.3d178.cn/kaijiang/2026/2026127.shtml
2026-05-18,2026128,776,776,776,927,782,924,一致,一致,https://www.8200.cn/kjh/3d/2026128.htm,https://www.3d178.cn/kaijiang/2026/2026128.shtml
2026-05-19,2026129,023,023,023,804,316,301,一致,一致,https://www.8200.cn/kjh/3d/2026129.htm,https://www.3d178.cn/kaijiang/2026/2026129.shtml
2026-05-20,2026130,267,267,267,648,189,865,一致,一致,https://www.8200.cn/kjh/3d/2026130.htm,https://www.3d178.cn/kaijiang/2026/2026130.shtml
2026-05-21,2026131,598,598,598,675,547,898,一致,一致,https://www.8200.cn/kjh/3d/2026131.htm,https://www.3d178.cn/kaijiang/2026/2026131.shtml
2026-05-22,2026132,756,756,756,419,690,899,一致,一致,https://www.8200.cn/kjh/3d/2026132.htm,https://www.3d178.cn/kaijiang/2026/2026132.shtml
2026-05-23,2026133,080,080,080,084,412,845,一致,一致,https://www.8200.cn/kjh/3d/2026133.htm,https://www.3d178.cn/kaijiang/2026/2026133.shtml
2026-05-24,2026134,654,654,654,573,577,077,一致,一致,https://www.8200.cn/kjh/3d/2026134.htm,https://www.3d178.cn/kaijiang/2026/2026134.shtml
2026-05-25,2026135,487,487,487,916,463,509,一致,一致,https://www.8200.cn/kjh/3d/2026135.htm,https://www.3d178.cn/kaijiang/2026/2026135.shtml
2026-05-26,2026136,889,889,889,206,299,222,一致,一致,https://www.8200.cn/kjh/3d/2026136.htm,https://www.3d178.cn/kaijiang/2026/2026136.shtml
2026-05-27,2026137,165,165,165,785,581,981,一致,一致,https://www.8200.cn/kjh/3d/2026137.htm,https://www.3d178.cn/kaijiang/2026/2026137.shtml
2026-05-28,2026138,790,790,790,894,396,814,一致,一致,https://www.8200.cn/kjh/3d/2026138.htm,https://www.3d178.cn/kaijiang/2026/2026138.shtml
2026-05-29,2026139,286,286,286,965,042,233,一致,一致,https://www.8200.cn/kjh/3d/2026139.htm,https://www.3d178.cn/kaijiang/2026/2026139.shtml
2026-05-30,2026140,285,285,285,045,745,834,一致,一致,https://www.8200.cn/kjh/3d/2026140.htm,https://www.3d178.cn/kaijiang/2026/2026140.shtml
2026-05-31,2026141,397,397,397,047,838,843,一致,一致,https://www.8200.cn/kjh/3d/2026141.htm,https://www.3d178.cn/kaijiang/2026/2026141.shtml
2026-06-01,2026142,894,894,894,089,934,033,一致,一致,https://www.8200.cn/kjh/3d/2026142.htm,https://www.3d178.cn/kaijiang/2026/2026142.shtml
2026-06-02,2026143,376,376,376,813,105,823,一致,一致,https://www.8200.cn/kjh/3d/2026143.htm,https://www.3d178.cn/kaijiang/2026/2026143.shtml
2026-06-03,2026144,726,726,726,198,337,680,一致,一致,https://www.8200.cn/kjh/3d/2026144.htm,https://www.3d178.cn/kaijiang/2026/2026144.shtml
2026-06-04,2026145,279,279,279,762,769,210,一致,一致,https://www.8200.cn/kjh/3d/2026145.htm,https://www.3d178.cn/kaijiang/2026/2026145.shtml
2026-06-05,2026146,464,464,464,134,512,733,一致,一致,https://www.8200.cn/kjh/3d/2026146.htm,https://www.3d178.cn/kaijiang/2026/2026146.shtml
2026-06-06,2026147,712,712,712,607,308,729,一致,一致,https://www.8200.cn/kjh/3d/2026147.htm,https://www.3d178.cn/kaijiang/2026/2026147.shtml
2026-06-07,2026148,408,408,408,250,941,896,一致,一致,https://www.8200.cn/kjh/3d/2026148.htm,https://www.3d178.cn/kaijiang/2026/2026148.shtml
2026-06-08,2026149,696,696,696,105,878,012,一致,一致,https://www.8200.cn/kjh/3d/2026149.htm,https://www.3d178.cn/kaijiang/2026/2026149.shtml
2026-06-09,2026150,720,720,720,839,564,156,一致,一致,https://www.8200.cn/kjh/3d/2026150.htm,https://www.3d178.cn/kaijiang/2026/2026150.shtml
2026-06-10,2026151,631,631,631,034,753,707,一致,一致,https://www.8200.cn/kjh/3d/2026151.htm,https://www.3d178.cn/kaijiang/2026/2026151.shtml
2026-06-11,2026152,220,220,220,641,924,585,一致,一致,https://www.8200.cn/kjh/3d/2026152.htm,https://www.3d178.cn/kaijiang/2026/2026152.shtml
2026-06-12,2026153,887,887,887,013,446,797,一致,一致,https://www.8200.cn/kjh/3d/2026153.htm,https://www.3d178.cn/kaijiang/2026/2026153.shtml
2026-06-13,2026154,377,377,377,415,725,699,一致,一致,https://www.8200.cn/kjh/3d/2026154.htm,https://www.3d178.cn/kaijiang/2026/2026154.shtml
2026-06-14,2026155,409,409,409,597,161,903,一致,一致,https://www.8200.cn/kjh/3d/2026155.htm,https://www.3d178.cn/kaijiang/2026/2026155.shtml
2026-06-15,2026156,162,162,162,235,234,162,一致,一致,https://www.8200.cn/kjh/3d/2026156.htm,https://www.3d178.cn/kaijiang/2026/2026156.shtml
2026-06-16,2026157,327,327,327,068,695,634,一致,一致,https://www.8200.cn/kjh/3d/2026157.htm,https://www.3d178.cn/kaijiang/2026/2026157.shtml
2026-06-17,2026158,178,178,178,064,204,834,一致,一致,https://www.8200.cn/kjh/3d/2026158.htm,https://www.3d178.cn/kaijiang/2026/2026158.shtml
2026-06-18,2026159,995,995,995,278,434,508,一致,一致,https://www.8200.cn/kjh/3d/2026159.htm,https://www.3d178.cn/kaijiang/2026/2026159.shtml
2026-06-19,2026160,332,332,332,759,138,895,一致,一致,https://www.8200.cn/kjh/3d/2026160.htm,https://www.3d178.cn/kaijiang/2026/2026160.shtml
2026-06-20,2026161,529,529,529,953,405,114,一致,一致,https://www.8200.cn/kjh/3d/2026161.htm,https://www.3d178.cn/kaijiang/2026/2026161.shtml
2026-06-21,2026162,585,585,585,916,866,289,一致,一致,https://www.8200.cn/kjh/3d/2026162.htm,https://www.3d178.cn/kaijiang/2026/2026162.shtml
2026-06-22,2026163,537,537,537,951,715,466,一致,一致,https://www.8200.cn/kjh/3d/2026163.htm,https://www.3d178.cn/kaijiang/2026/2026163.shtml
2026-06-23,2026164,690,690,690,012,037,620,一致,一致,https://www.8200.cn/kjh/3d/2026164.htm,https://www.3d178.cn/kaijiang/2026/2026164.shtml
2026-06-24,2026165,424,424,424,875,680,894,一致,一致,https://www.8200.cn/kjh/3d/2026165.htm,https://www.3d178.cn/kaijiang/2026/2026165.shtml
2026-06-25,2026166,900,900,900,234,247,394,一致,一致,https://www.8200.cn/kjh/3d/2026166.htm,https://www.3d178.cn/kaijiang/2026/2026166.shtml
2026-06-26,2026167,631,631,631,387,938,638,一致,一致,https://www.8200.cn/kjh/3d/2026167.htm,https://www.3d178.cn/kaijiang/2026/2026167.shtml
2026-06-27,2026168,130,130,130,586,716,460,一致,一致,https://www.8200.cn/kjh/3d/2026168.htm,https://www.3d178.cn/kaijiang/2026/2026168.shtml
2026-06-28,2026169,832,832,832,267,523,342,一致,一致,https://www.8200.cn/kjh/3d/2026169.htm,https://www.3d178.cn/kaijiang/2026/2026169.shtml
2026-06-29,2026170,805,805,805,045,804,861,一致,一致,https://www.8200.cn/kjh/3d/2026170.htm,https://www.3d178.cn/kaijiang/2026/2026170.shtml
2026-06-30,2026171,134,134,134,982,597,844,一致,一致,https://www.8200.cn/kjh/3d/2026171.htm,https://www.3d178.cn/kaijiang/2026/2026171.shtml
2026-07-01,2026172,445,445,445,850,855,357,一致,一致,https://www.8200.cn/kjh/3d/2026172.htm,https://www.3d178.cn/kaijiang/2026/2026172.shtml
2026-07-02,2026173,677,677,677,280,462,433,一致,一致,https://www.8200.cn/kjh/3d/2026173.htm,https://www.3d178.cn/kaijiang/2026/2026173.shtml
2026-07-03,2026174,618,618,618,580,330,012,一致,一致,https://www.8200.cn/kjh/3d/2026174.htm,https://www.3d178.cn/kaijiang/2026/2026174.shtml
2026-07-04,2026175,421,421,421,249,246,980,一致,一致,https://www.8200.cn/kjh/3d/2026175.htm,https://www.3d178.cn/kaijiang/2026/2026175.shtml
2026-07-05,2026176,269,269,269,854,547,547,一致,一致,https://www.8200.cn/kjh/3d/2026176.htm,https://www.3d178.cn/kaijiang/2026/2026176.shtml
2026-07-06,2026177,808,808,808,590,169,892,一致,一致,https://www.8200.cn/kjh/3d/2026177.htm,https://www.3d178.cn/kaijiang/2026/2026177.shtml
2026-07-07,2026178,266,266,266,408,373,192,一致,一致,https://www.8200.cn/kjh/3d/2026178.htm,https://www.3d178.cn/kaijiang/2026/2026178.shtml
2026-07-08,2026179,993,993,993,681,412,283,一致,一致,https://www.8200.cn/kjh/3d/2026179.htm,https://www.3d178.cn/kaijiang/2026/2026179.shtml
2026-07-09,2026180,520,520,520,056,875,930,一致,一致,https://www.8200.cn/kjh/3d/2026180.htm,https://www.3d178.cn/kaijiang/2026/2026180.shtml
2026-07-10,2026181,818,818,818,385,946,149,一致,一致,https://www.8200.cn/kjh/3d/2026181.htm,https://www.3d178.cn/kaijiang/2026/2026181.shtml
2026-07-11,2026182,662,662,662,931,780,087,一致,一致,https://www.8200.cn/kjh/3d/2026182.htm,https://www.3d178.cn/kaijiang/2026/2026182.shtml
2026-07-12,2026183,923,923,923,130,525,297,一致,一致,https://www.8200.cn/kjh/3d/2026183.htm,https://www.3d178.cn/kaijiang/2026/2026183.shtml
2026-07-13,2026184,902,902,902,328,806,351,一致,一致,https://www.8200.cn/kjh/3d/2026184.htm,https://www.3d178.cn/kaijiang/2026/2026184.shtml
2026-07-14,2026185,397,397,397,073,614,999,一致,一致,https://www.8200.cn/kjh/3d/2026185.htm,https://www.3d178.cn/kaijiang/2026/2026185.shtml
2026-07-15,2026186,045,045,045,051,209,960,一致,一致,https://www.8200.cn/kjh/3d/2026186.htm,https://www.3d178.cn/kaijiang/2026/2026186.shtml
2026-07-16,2026187,023,023,023,698,933,452,一致,一致,https://www.8200.cn/kjh/3d/2026187.htm,https://www.3d178.cn/kaijiang/2026/2026187.shtml
2026-07-17,2026188,969,969,969,842,637,660,一致,一致,https://www.8200.cn/kjh/3d/2026188.htm,https://www.3d178.cn/kaijiang/2026/2026188.shtml
2026-07-18,2026189,558,558,558,369,540,640,一致,一致,https://www.8200.cn/kjh/3d/2026189.htm,https://www.3d178.cn/kaijiang/2026/2026189.shtml
2026-07-19,2026190,026,026,026,163,635,928,一致,一致,https://www.8200.cn/kjh/3d/2026190.htm,https://www.3d178.cn/kaijiang/2026/2026190.shtml
2026-07-20,2026191,906,906,906,104,499,948,一致,一致,https://www.8200.cn/kjh/3d/2026191.htm,https://www.3d178.cn/kaijiang/2026/2026191.shtml
2026-07-21,2026192,425,425,425,250,307,419,一致,一致,https://www.8200.cn/kjh/3d/2026192.htm,https://www.3d178.cn/kaijiang/2026/2026192.shtml
2026-07-22,2026193,254,254,254,643,161,035,一致,一致,https://www.8200.cn/kjh/3d/2026193.htm,https://www.3d178.cn/kaijiang/2026/2026193.shtml
2026-07-23,2026194,283,283,283,065,678,655,一致,一致,https://www.8200.cn/kjh/3d/2026194.htm,https://www.3d178.cn/kaijiang/2026/2026194.shtml
2026-07-24,2026195,275,275,275,604,394,814,一致,一致,https://www.8200.cn/kjh/3d/2026195.htm,https://www.3d178.cn/kaijiang/2026/2026195.shtml
2026-07-25,2026196,419,419,419,186,105,988,一致,一致,https://www.8200.cn/kjh/3d/2026196.htm,https://www.3d178.cn/kaijiang/2026/2026196.shtml
2026-07-26,2026197,232,232,232,051,942,102,一致,一致,https://www.8200.cn/kjh/3d/2026197.htm,https://www.3d178.cn/kaijiang/2026/2026197.shtml
2026-07-27,2026198,685,685,685,023,515,869,一致,一致,https://www.8200.cn/kjh/3d/2026198.htm,https://www.3d178.cn/kaijiang/2026/2026198.shtml
2026-07-28,2026199,591,591,591,619,796,766,一致,一致,https://www.8200.cn/kjh/3d/2026199.htm,https://www.3d178.cn/kaijiang/2026/2026199.shtml
2026-07-29,2026200,912,912,912,021,315,281,一致,一致,https://www.8200.cn/kjh/3d/2026200.htm,https://www.3d178.cn/kaijiang/2026/2026200.shtml
2026-07-30,2026201,321,321,321,849,692,687,一致,一致,https://www.8200.cn/kjh/3d/2026201.htm,https://www.3d178.cn/kaijiang/2026/2026201.shtml
2026-07-31,2026202,988,988,988,035,407,932,一致,一致,https://www.8200.cn/kjh/3d/2026202.htm,https://www.3d178.cn/kaijiang/2026/2026202.shtml
2026-08-01,2026203,435,435,435,895,228,975,一致,一致,https://www.8200.cn/kjh/3d/2026203.htm,https://www.3d178.cn/kaijiang/2026/2026203.shtml
2026-08-02,2026204,978,978,978,413,496,845,一致,一致,https://www.8200.cn/kjh/3d/2026204.htm,https://www.3d178.cn/kaijiang/2026/2026204.shtml
2026-08-03,2026205,814,814,814,805,826,030,一致,一致,https://www.8200.cn/kjh/3d/2026205.htm,https://www.3d178.cn/kaijiang/2026/2026205.shtml
2026-08-04,2026206,942,942,942,238,754,106,一致,一致,https://www.8200.cn/kjh/3d/2026206.htm,https://www.3d178.cn/kaijiang/2026/2026206.shtml
2026-08-05,2026207,415,415,415,376,366,570,一致,一致,https://www.8200.cn/kjh/3d/2026207.htm,https://www.3d178.cn/kaijiang/2026/2026207.shtml
2026-08-06,2026208,632,632,632,598,571,614,一致,一致,https://www.8200.cn/kjh/3d/2026208.htm,https://www.3d178.cn/kaijiang/2026/2026208.shtml
2026-08-07,2026209,289,289,289,472,264,477,一致,一致,https://www.8200.cn/kjh/3d/2026209.htm,https://www.3d178.cn/kaijiang/2026/2026209.shtml
2026-08-08,2026210,755,755,755,958,139,090,一致,一致,https://www.8200.cn/kjh/3d/2026210.htm,https://www.3d178.cn/kaijiang/2026/2026210.shtml
2026-08-09,2026211,708,708,708,210,783,520,一致,一致,https://www.8200.cn/kjh/3d/2026211.htm,https://www.3d178.cn/kaijiang/2026/2026211.shtml
2026-08-10,2026212,561,561,561,294,516,576,一致,一致,https://www.8200.cn/kjh/3d/2026212.htm,https://www.3d178.cn/kaijiang/2026/2026212.shtml
2026-08-11,2026213,872,872,872,728,804,291,一致,一致,https://www.8200.cn/kjh/3d/2026213.htm,https://www.3d178.cn/kaijiang/2026/2026213.shtml
2026-08-12,2026214,545,545,545,061,249,758,一致,一致,https://www.8200.cn/kjh/3d/2026214.htm,https://www.3d178.cn/kaijiang/2026/2026214.shtml
2026-08-13,2026215,172,172,172,163,818,584,一致,一致,https://www.8200.cn/kjh/3d/2026215.htm,https://www.3d178.cn/kaijiang/2026/2026215.shtml
