开奖日期,期号,开奖号,前三位开奖号,共享三位试机号_取自排列三彩宝网,五位模拟试机号_一定牛,模拟号是否非官方,一定牛来源,排列三来源
2023-08-13,2023215,48032,480,738,07920,是,https://m.ydniu.com/kaijiang/pl5/sjh/2023215.html,https://www.8200.cn/kjh/p3/2023215.htm
2023-08-14,2023216,13897,138,987,11379,是,https://m.ydniu.com/kaijiang/pl5/sjh/2023216.html,https://www.8200.cn/kjh/p3/2023216.htm
2023-08-15,2023217,74883,748,531,75394,是,https://m.ydniu.com/kaijiang/pl5/sjh/2023217.html,https://www.8200.cn/kjh/p3/2023217.htm
2023-08-16,2023218,94288,942,168,42706,是,https://m.ydniu.com/kaijiang/pl5/sjh/2023218.html,https://www.8200.cn/kjh/p3/2023218.htm
2023-08-17,2023219,73832,738,236,29098,是,https://m.ydniu.com/kaijiang/pl5/sjh/2023219.html,https://www.8200.cn/kjh/p3/2023219.htm
2023-08-18,2023220,03564,035,214,88030,是,https://m.ydniu.com/kaijiang/pl5/sjh/2023220.html,https://www.8200.cn/kjh/p3/2023220.htm
2023-08-19,2023221,64995,649,472,39095,是,https://m.ydniu.com/kaijiang/pl5/sjh/2023221.html,https://www.8200.cn/kjh/p3/2023221.htm
2023-08-20,2023222,97718,977,194,38181,是,https://m.ydniu.com/kaijiang/pl5/sjh/2023222.html,https://www.8200.cn/kjh/p3/2023222.htm
2023-08-21,2023223,74039,740,259,83123,是,https://m.ydniu.com/kaijiang/pl5/sjh/2023223.html,https://www.8200.cn/kjh/p3/2023223.htm
2023-08-22,2023224,37478,374,972,97712,是,https://m.ydniu.com/kaijiang/pl5/sjh/2023224.html,https://www.8200.cn/kjh/p3/2023224.htm
2023-08-23,2023225,11878,118,425,91305,是,https://m.ydniu.com/kaijiang/pl5/sjh/2023225.html,https://www.8200.cn/kjh/p3/2023225.htm
2023-08-24,2023226,53581,535,958,88378,是,https://m.ydniu.com/kaijiang/pl5/sjh/2023226.html,https://www.8200.cn/kjh/p3/2023226.htm
2023-08-25,2023227,90178,901,570,71922,是,https://m.ydniu.com/kaijiang/pl5/sjh/2023227.html,https://www.8200.cn/kjh/p3/2023227.htm
2023-08-26,2023228,77317,773,689,52825,是,https://m.ydniu.com/kaijiang/pl5/sjh/2023228.html,https://www.8200.cn/kjh/p3/2023228.htm
2023-08-27,2023229,67890,678,619,56819,是,https://m.ydniu.com/kaijiang/pl5/sjh/2023229.html,https://www.8200.cn/kjh/p3/2023229.htm
2023-08-28,2023230,94974,949,317,68680,是,https://m.ydniu.com/kaijiang/pl5/sjh/2023230.html,https://www.8200.cn/kjh/p3/2023230.htm
2023-08-29,2023231,36575,365,681,67943,是,https://m.ydniu.com/kaijiang/pl5/sjh/2023231.html,https://www.8200.cn/kjh/p3/2023231.htm
2023-08-30,2023232,86069,860,326,94777,是,https://m.ydniu.com/kaijiang/pl5/sjh/2023232.html,https://www.8200.cn/kjh/p3/2023232.htm
2023-08-31,2023233,12406,124,483,71063,是,https://m.ydniu.com/kaijiang/pl5/sjh/2023233.html,https://www.8200.cn/kjh/p3/2023233.htm
2023-09-01,2023234,80537,805,520,46409,是,https://m.ydniu.com/kaijiang/pl5/sjh/2023234.html,https://www.8200.cn/kjh/p3/2023234.htm
2023-09-02,2023235,42485,424,620,60530,是,https://m.ydniu.com/kaijiang/pl5/sjh/2023235.html,https://www.8200.cn/kjh/p3/2023235.htm
2023-09-03,2023236,27066,270,549,25159,是,https://m.ydniu.com/kaijiang/pl5/sjh/2023236.html,https://www.8200.cn/kjh/p3/2023236.htm
2023-09-04,2023237,79886,798,670,95013,是,https://m.ydniu.com/kaijiang/pl5/sjh/2023237.html,https://www.8200.cn/kjh/p3/2023237.htm
2023-09-05,2023238,56231,562,851,81640,是,https://m.ydniu.com/kaijiang/pl5/sjh/2023238.html,https://www.8200.cn/kjh/p3/2023238.htm
2023-09-06,2023239,44008,440,968,43464,是,https://m.ydniu.com/kaijiang/pl5/sjh/2023239.html,https://www.8200.cn/kjh/p3/2023239.htm
2023-09-07,2023240,70212,702,198,66800,是,https://m.ydniu.com/kaijiang/pl5/sjh/2023240.html,https://www.8200.cn/kjh/p3/2023240.htm
2023-09-08,2023241,93514,935,259,61716,是,https://m.ydniu.com/kaijiang/pl5/sjh/2023241.html,https://www.8200.cn/kjh/p3/2023241.htm
2023-09-09,2023242,98798,987,816,21678,是,https://m.ydniu.com/kaijiang/pl5/sjh/2023242.html,https://www.8200.cn/kjh/p3/2023242.htm
2023-09-10,2023243,96606,966,480,49945,是,https://m.ydniu.com/kaijiang/pl5/sjh/2023243.html,https://www.8200.cn/kjh/p3/2023243.htm
2023-09-11,2023244,31524,315,792,76551,是,https://m.ydniu.com/kaijiang/pl5/sjh/2023244.html,https://www.8200.cn/kjh/p3/2023244.htm
2023-09-12,2023245,48081,480,718,32327,是,https://m.ydniu.com/kaijiang/pl5/sjh/2023245.html,https://www.8200.cn/kjh/p3/2023245.htm
2023-09-13,2023246,42275,422,975,79134,是,https://m.ydniu.com/kaijiang/pl5/sjh/2023246.html,https://www.8200.cn/kjh/p3/2023246.htm
2023-09-14,2023247,93726,937,978,71325,是,https://m.ydniu.com/kaijiang/pl5/sjh/2023247.html,https://www.8200.cn/kjh/p3/2023247.htm
2023-09-15,2023248,69645,696,786,59651,是,https://m.ydniu.com/kaijiang/pl5/sjh/2023248.html,https://www.8200.cn/kjh/p3/2023248.htm
2023-09-16,2023249,03969,039,541,60246,是,https://m.ydniu.com/kaijiang/pl5/sjh/2023249.html,https://www.8200.cn/kjh/p3/2023249.htm
2023-09-17,2023250,18096,180,236,24643,是,https://m.ydniu.com/kaijiang/pl5/sjh/2023250.html,https://www.8200.cn/kjh/p3/2023250.htm
2023-09-18,2023251,73636,736,710,23791,是,https://m.ydniu.com/kaijiang/pl5/sjh/2023251.html,https://www.8200.cn/kjh/p3/2023251.htm
2023-09-19,2023252,96109,961,925,15197,是,https://m.ydniu.com/kaijiang/pl5/sjh/2023252.html,https://www.8200.cn/kjh/p3/2023252.htm
2023-09-20,2023253,98641,986,841,22602,是,https://m.ydniu.com/kaijiang/pl5/sjh/2023253.html,https://www.8200.cn/kjh/p3/2023253.htm
2023-09-21,2023254,99171,991,518,82209,是,https://m.ydniu.com/kaijiang/pl5/sjh/2023254.html,https://www.8200.cn/kjh/p3/2023254.htm
2023-09-22,2023255,05637,056,613,91668,是,https://m.ydniu.com/kaijiang/pl5/sjh/2023255.html,https://www.8200.cn/kjh/p3/2023255.htm
2023-09-23,2023256,84071,840,709,39299,是,https://m.ydniu.com/kaijiang/pl5/sjh/2023256.html,https://www.8200.cn/kjh/p3/2023256.htm
2023-09-24,2023257,90877,908,981,32963,是,https://m.ydniu.com/kaijiang/pl5/sjh/2023257.html,https://www.8200.cn/kjh/p3/2023257.htm
2023-09-25,2023258,91531,915,716,54423,是,https://m.ydniu.com/kaijiang/pl5/sjh/2023258.html,https://www.8200.cn/kjh/p3/2023258.htm
2023-09-26,2023259,08886,088,264,34236,是,https://m.ydniu.com/kaijiang/pl5/sjh/2023259.html,https://www.8200.cn/kjh/p3/2023259.htm
2023-09-27,2023260,24794,247,539,00621,是,https://m.ydniu.com/kaijiang/pl5/sjh/2023260.html,https://www.8200.cn/kjh/p3/2023260.htm
2023-09-28,2023261,93070,930,495,09797,是,https://m.ydniu.com/kaijiang/pl5/sjh/2023261.html,https://www.8200.cn/kjh/p3/2023261.htm
2023-09-29,2023262,71737,717,213,72076,是,https://m.ydniu.com/kaijiang/pl5/sjh/2023262.html,https://www.8200.cn/kjh/p3/2023262.htm
2023-09-30,2023263,99302,993,702,89723,是,https://m.ydniu.com/kaijiang/pl5/sjh/2023263.html,https://www.8200.cn/kjh/p3/2023263.htm
2023-10-05,2023264,92547,925,932,32918,是,https://m.ydniu.com/kaijiang/pl5/sjh/2023264.html,https://www.8200.cn/kjh/p3/2023264.htm
2023-10-06,2023265,22402,224,312,43830,是,https://m.ydniu.com/kaijiang/pl5/sjh/2023265.html,https://www.8200.cn/kjh/p3/2023265.htm
2023-10-07,2023266,13367,133,287,68309,是,https://m.ydniu.com/kaijiang/pl5/sjh/2023266.html,https://www.8200.cn/kjh/p3/2023266.htm
2023-10-08,2023267,55455,554,584,46723,是,https://m.ydniu.com/kaijiang/pl5/sjh/2023267.html,https://www.8200.cn/kjh/p3/2023267.htm
2023-10-09,2023268,97531,975,491,74756,是,https://m.ydniu.com/kaijiang/pl5/sjh/2023268.html,https://www.8200.cn/kjh/p3/2023268.htm
2023-10-10,2023269,23415,234,695,41224,是,https://m.ydniu.com/kaijiang/pl5/sjh/2023269.html,https://www.8200.cn/kjh/p3/2023269.htm
2023-10-11,2023270,35536,355,834,37914,是,https://m.ydniu.com/kaijiang/pl5/sjh/2023270.html,https://www.8200.cn/kjh/p3/2023270.htm
2023-10-12,2023271,09675,096,276,59532,是,https://m.ydniu.com/kaijiang/pl5/sjh/2023271.html,https://www.8200.cn/kjh/p3/2023271.htm
2023-10-13,2023272,41900,419,420,65519,是,https://m.ydniu.com/kaijiang/pl5/sjh/2023272.html,https://www.8200.cn/kjh/p3/2023272.htm
2023-10-14,2023273,12149,121,520,68278,是,https://m.ydniu.com/kaijiang/pl5/sjh/2023273.html,https://www.8200.cn/kjh/p3/2023273.htm
2023-10-15,2023274,66993,669,137,13807,是,https://m.ydniu.com/kaijiang/pl5/sjh/2023274.html,https://www.8200.cn/kjh/p3/2023274.htm
2023-10-16,2023275,98427,984,673,59380,是,https://m.ydniu.com/kaijiang/pl5/sjh/2023275.html,https://www.8200.cn/kjh/p3/2023275.htm
2023-10-17,2023276,60624,606,245,08985,是,https://m.ydniu.com/kaijiang/pl5/sjh/2023276.html,https://www.8200.cn/kjh/p3/2023276.htm
2023-10-18,2023277,02813,028,701,85594,是,https://m.ydniu.com/kaijiang/pl5/sjh/2023277.html,https://www.8200.cn/kjh/p3/2023277.htm
2023-10-19,2023278,07053,070,492,17967,是,https://m.ydniu.com/kaijiang/pl5/sjh/2023278.html,https://www.8200.cn/kjh/p3/2023278.htm
2023-10-20,2023279,39116,391,639,43621,是,https://m.ydniu.com/kaijiang/pl5/sjh/2023279.html,https://www.8200.cn/kjh/p3/2023279.htm
2023-10-21,2023280,60133,601,841,87163,是,https://m.ydniu.com/kaijiang/pl5/sjh/2023280.html,https://www.8200.cn/kjh/p3/2023280.htm
2023-10-22,2023281,34478,344,254,68548,是,https://m.ydniu.com/kaijiang/pl5/sjh/2023281.html,https://www.8200.cn/kjh/p3/2023281.htm
2023-10-23,2023282,30835,308,907,25723,是,https://m.ydniu.com/kaijiang/pl5/sjh/2023282.html,https://www.8200.cn/kjh/p3/2023282.htm
2023-10-24,2023283,02952,029,621,29392,是,https://m.ydniu.com/kaijiang/pl5/sjh/2023283.html,https://www.8200.cn/kjh/p3/2023283.htm
2023-10-25,2023284,38269,382,519,98033,是,https://m.ydniu.com/kaijiang/pl5/sjh/2023284.html,https://www.8200.cn/kjh/p3/2023284.htm
2023-10-26,2023285,71631,716,479,89744,是,https://m.ydniu.com/kaijiang/pl5/sjh/2023285.html,https://www.8200.cn/kjh/p3/2023285.htm
2023-10-27,2023286,11604,116,251,77188,是,https://m.ydniu.com/kaijiang/pl5/sjh/2023286.html,https://www.8200.cn/kjh/p3/2023286.htm
2023-10-28,2023287,89481,894,726,69427,是,https://m.ydniu.com/kaijiang/pl5/sjh/2023287.html,https://www.8200.cn/kjh/p3/2023287.htm
2023-10-29,2023288,31426,314,639,87920,是,https://m.ydniu.com/kaijiang/pl5/sjh/2023288.html,https://www.8200.cn/kjh/p3/2023288.htm
2023-10-30,2023289,99893,998,340,31326,是,https://m.ydniu.com/kaijiang/pl5/sjh/2023289.html,https://www.8200.cn/kjh/p3/2023289.htm
2023-10-31,2023290,15472,154,413,77546,是,https://m.ydniu.com/kaijiang/pl5/sjh/2023290.html,https://www.8200.cn/kjh/p3/2023290.htm
2023-11-01,2023291,15010,150,503,95726,是,https://m.ydniu.com/kaijiang/pl5/sjh/2023291.html,https://www.8200.cn/kjh/p3/2023291.htm
2023-11-02,2023292,96888,968,890,30157,是,https://m.ydniu.com/kaijiang/pl5/sjh/2023292.html,https://www.8200.cn/kjh/p3/2023292.htm
2023-11-03,2023293,43411,434,938,73178,是,https://m.ydniu.com/kaijiang/pl5/sjh/2023293.html,https://www.8200.cn/kjh/p3/2023293.htm
2023-11-04,2023294,66767,667,160,60582,是,https://m.ydniu.com/kaijiang/pl5/sjh/2023294.html,https://www.8200.cn/kjh/p3/2023294.htm
2023-11-05,2023295,88285,882,546,43524,是,https://m.ydniu.com/kaijiang/pl5/sjh/2023295.html,https://www.8200.cn/kjh/p3/2023295.htm
2023-11-06,2023296,80745,807,802,45586,是,https://m.ydniu.com/kaijiang/pl5/sjh/2023296.html,https://www.8200.cn/kjh/p3/2023296.htm
2023-11-07,2023297,76157,761,871,97524,是,https://m.ydniu.com/kaijiang/pl5/sjh/2023297.html,https://www.8200.cn/kjh/p3/2023297.htm
2023-11-08,2023298,36591,365,679,62781,是,https://m.ydniu.com/kaijiang/pl5/sjh/2023298.html,https://www.8200.cn/kjh/p3/2023298.htm
2023-11-09,2023299,80839,808,437,40085,是,https://m.ydniu.com/kaijiang/pl5/sjh/2023299.html,https://www.8200.cn/kjh/p3/2023299.htm
2023-11-10,2023300,29657,296,105,09670,是,https://m.ydniu.com/kaijiang/pl5/sjh/2023300.html,https://www.8200.cn/kjh/p3/2023300.htm
2023-11-11,2023301,04186,041,713,19591,是,https://m.ydniu.com/kaijiang/pl5/sjh/2023301.html,https://www.8200.cn/kjh/p3/2023301.htm
2023-11-12,2023302,16160,161,876,15068,是,https://m.ydniu.com/kaijiang/pl5/sjh/2023302.html,https://www.8200.cn/kjh/p3/2023302.htm
2023-11-13,2023303,57289,572,902,52811,是,https://m.ydniu.com/kaijiang/pl5/sjh/2023303.html,https://www.8200.cn/kjh/p3/2023303.htm
2023-11-14,2023304,72845,728,814,44990,是,https://m.ydniu.com/kaijiang/pl5/sjh/2023304.html,https://www.8200.cn/kjh/p3/2023304.htm
2023-11-15,2023305,67918,679,468,58376,是,https://m.ydniu.com/kaijiang/pl5/sjh/2023305.html,https://www.8200.cn/kjh/p3/2023305.htm
2023-11-16,2023306,33087,330,578,28376,是,https://m.ydniu.com/kaijiang/pl5/sjh/2023306.html,https://www.8200.cn/kjh/p3/2023306.htm
2023-11-17,2023307,93692,936,529,29429,是,https://m.ydniu.com/kaijiang/pl5/sjh/2023307.html,https://www.8200.cn/kjh/p3/2023307.htm
2023-11-18,2023308,61950,619,928,23966,是,https://m.ydniu.com/kaijiang/pl5/sjh/2023308.html,https://www.8200.cn/kjh/p3/2023308.htm
2023-11-19,2023309,32997,329,385,06540,是,https://m.ydniu.com/kaijiang/pl5/sjh/2023309.html,https://www.8200.cn/kjh/p3/2023309.htm
2023-11-20,2023310,41768,417,910,58197,是,https://m.ydniu.com/kaijiang/pl5/sjh/2023310.html,https://www.8200.cn/kjh/p3/2023310.htm
2023-11-21,2023311,58399,583,704,71531,是,https://m.ydniu.com/kaijiang/pl5/sjh/2023311.html,https://www.8200.cn/kjh/p3/2023311.htm
2023-11-22,2023312,44263,442,278,43953,是,https://m.ydniu.com/kaijiang/pl5/sjh/2023312.html,https://www.8200.cn/kjh/p3/2023312.htm
2023-11-23,2023313,41435,414,192,14444,是,https://m.ydniu.com/kaijiang/pl5/sjh/2023313.html,https://www.8200.cn/kjh/p3/2023313.htm
2023-11-24,2023314,35508,355,716,99525,是,https://m.ydniu.com/kaijiang/pl5/sjh/2023314.html,https://www.8200.cn/kjh/p3/2023314.htm
2023-11-25,2023315,74754,747,329,44329,是,https://m.ydniu.com/kaijiang/pl5/sjh/2023315.html,https://www.8200.cn/kjh/p3/2023315.htm
2023-11-26,2023316,23417,234,639,33299,是,https://m.ydniu.com/kaijiang/pl5/sjh/2023316.html,https://www.8200.cn/kjh/p3/2023316.htm
2023-11-27,2023317,39708,397,912,27961,是,https://m.ydniu.com/kaijiang/pl5/sjh/2023317.html,https://www.8200.cn/kjh/p3/2023317.htm
2023-11-28,2023318,79005,790,642,88909,是,https://m.ydniu.com/kaijiang/pl5/sjh/2023318.html,https://www.8200.cn/kjh/p3/2023318.htm
2023-11-29,2023319,96598,965,498,19216,是,https://m.ydniu.com/kaijiang/pl5/sjh/2023319.html,https://www.8200.cn/kjh/p3/2023319.htm
2023-11-30,2023320,69771,697,240,09665,是,https://m.ydniu.com/kaijiang/pl5/sjh/2023320.html,https://www.8200.cn/kjh/p3/2023320.htm
2023-12-01,2023321,21113,211,746,19564,是,https://m.ydniu.com/kaijiang/pl5/sjh/2023321.html,https://www.8200.cn/kjh/p3/2023321.htm
2023-12-02,2023322,17428,174,972,09521,是,https://m.ydniu.com/kaijiang/pl5/sjh/2023322.html,https://www.8200.cn/kjh/p3/2023322.htm
2023-12-03,2023323,94550,945,809,81751,是,https://m.ydniu.com/kaijiang/pl5/sjh/2023323.html,https://www.8200.cn/kjh/p3/2023323.htm
2023-12-04,2023324,60246,602,583,20326,是,https://m.ydniu.com/kaijiang/pl5/sjh/2023324.html,https://www.8200.cn/kjh/p3/2023324.htm
2023-12-05,2023325,71793,717,537,02181,是,https://m.ydniu.com/kaijiang/pl5/sjh/2023325.html,https://www.8200.cn/kjh/p3/2023325.htm
2023-12-06,2023326,79018,790,318,99869,是,https://m.ydniu.com/kaijiang/pl5/sjh/2023326.html,https://www.8200.cn/kjh/p3/2023326.htm
2023-12-07,2023327,31472,314,267,27545,是,https://m.ydniu.com/kaijiang/pl5/sjh/2023327.html,https://www.8200.cn/kjh/p3/2023327.htm
2023-12-08,2023328,88212,882,478,44254,是,https://m.ydniu.com/kaijiang/pl5/sjh/2023328.html,https://www.8200.cn/kjh/p3/2023328.htm
2023-12-09,2023329,28959,289,254,71680,是,https://m.ydniu.com/kaijiang/pl5/sjh/2023329.html,https://www.8200.cn/kjh/p3/2023329.htm
2023-12-10,2023330,53185,531,529,29567,是,https://m.ydniu.com/kaijiang/pl5/sjh/2023330.html,https://www.8200.cn/kjh/p3/2023330.htm
2023-12-11,2023331,40215,402,783,87515,是,https://m.ydniu.com/kaijiang/pl5/sjh/2023331.html,https://www.8200.cn/kjh/p3/2023331.htm
2023-12-12,2023332,66726,667,524,63876,是,https://m.ydniu.com/kaijiang/pl5/sjh/2023332.html,https://www.8200.cn/kjh/p3/2023332.htm
2023-12-13,2023333,98940,989,106,93551,是,https://m.ydniu.com/kaijiang/pl5/sjh/2023333.html,https://www.8200.cn/kjh/p3/2023333.htm
2023-12-14,2023334,58793,587,695,51257,是,https://m.ydniu.com/kaijiang/pl5/sjh/2023334.html,https://www.8200.cn/kjh/p3/2023334.htm
2023-12-15,2023335,04739,047,652,39804,是,https://m.ydniu.com/kaijiang/pl5/sjh/2023335.html,https://www.8200.cn/kjh/p3/2023335.htm
2023-12-16,2023336,82162,821,830,66091,是,https://m.ydniu.com/kaijiang/pl5/sjh/2023336.html,https://www.8200.cn/kjh/p3/2023336.htm
2023-12-17,2023337,84654,846,407,41164,是,https://m.ydniu.com/kaijiang/pl5/sjh/2023337.html,https://www.8200.cn/kjh/p3/2023337.htm
2023-12-18,2023338,38019,380,827,07098,是,https://m.ydniu.com/kaijiang/pl5/sjh/2023338.html,https://www.8200.cn/kjh/p3/2023338.htm
2023-12-19,2023339,48286,482,571,10414,是,https://m.ydniu.com/kaijiang/pl5/sjh/2023339.html,https://www.8200.cn/kjh/p3/2023339.htm
2023-12-20,2023340,08996,089,651,32310,是,https://m.ydniu.com/kaijiang/pl5/sjh/2023340.html,https://www.8200.cn/kjh/p3/2023340.htm
2023-12-21,2023341,34158,341,730,11253,是,https://m.ydniu.com/kaijiang/pl5/sjh/2023341.html,https://www.8200.cn/kjh/p3/2023341.htm
2023-12-22,2023342,97815,978,981,57406,是,https://m.ydniu.com/kaijiang/pl5/sjh/2023342.html,https://www.8200.cn/kjh/p3/2023342.htm
2023-12-23,2023343,73061,730,140,55619,是,https://m.ydniu.com/kaijiang/pl5/sjh/2023343.html,https://www.8200.cn/kjh/p3/2023343.htm
2023-12-24,2023344,80173,801,253,83356,是,https://m.ydniu.com/kaijiang/pl5/sjh/2023344.html,https://www.8200.cn/kjh/p3/2023344.htm
2023-12-25,2023345,67878,678,579,47968,是,https://m.ydniu.com/kaijiang/pl5/sjh/2023345.html,https://www.8200.cn/kjh/p3/2023345.htm
2023-12-26,2023346,25803,258,837,73802,是,https://m.ydniu.com/kaijiang/pl5/sjh/2023346.html,https://www.8200.cn/kjh/p3/2023346.htm
2023-12-27,2023347,74216,742,279,70534,是,https://m.ydniu.com/kaijiang/pl5/sjh/2023347.html,https://www.8200.cn/kjh/p3/2023347.htm
2023-12-28,2023348,59716,597,638,14695,是,https://m.ydniu.com/kaijiang/pl5/sjh/2023348.html,https://www.8200.cn/kjh/p3/2023348.htm
2023-12-29,2023349,92321,923,768,88872,是,https://m.ydniu.com/kaijiang/pl5/sjh/2023349.html,https://www.8200.cn/kjh/p3/2023349.htm
2023-12-30,2023350,19794,197,935,59857,是,https://m.ydniu.com/kaijiang/pl5/sjh/2023350.html,https://www.8200.cn/kjh/p3/2023350.htm
2023-12-31,2023351,57180,571,786,78784,是,https://m.ydniu.com/kaijiang/pl5/sjh/2023351.html,https://www.8200.cn/kjh/p3/2023351.htm
2026-08-13,2023352,92738,927,,45103,是,https://m.ydniu.com/kaijiang/pl5/sjh/2023352.html,https://www.8200.cn/kjh/p3/2023352.htm
2026-08-13,2023353,92738,927,,45103,是,https://m.ydniu.com/kaijiang/pl5/sjh/2023353.html,https://www.8200.cn/kjh/p3/2023353.htm
2026-08-13,2023354,92738,927,,45103,是,https://m.ydniu.com/kaijiang/pl5/sjh/2023354.html,https://www.8200.cn/kjh/p3/2023354.htm
2026-08-13,2023355,92738,927,,45103,是,https://m.ydniu.com/kaijiang/pl5/sjh/2023355.html,https://www.8200.cn/kjh/p3/2023355.htm
2026-08-13,2023356,92738,927,,45103,是,https://m.ydniu.com/kaijiang/pl5/sjh/2023356.html,https://www.8200.cn/kjh/p3/2023356.htm
2026-08-13,2023357,92738,927,,45103,是,https://m.ydniu.com/kaijiang/pl5/sjh/2023357.html,https://www.8200.cn/kjh/p3/2023357.htm
2026-08-13,2023358,92738,927,,45103,是,https://m.ydniu.com/kaijiang/pl5/sjh/2023358.html,https://www.8200.cn/kjh/p3/2023358.htm
2026-08-13,2023359,92738,927,,45103,是,https://m.ydniu.com/kaijiang/pl5/sjh/2023359.html,https://www.8200.cn/kjh/p3/2023359.htm
2026-08-13,2023360,92738,927,,45103,是,https://m.ydniu.com/kaijiang/pl5/sjh/2023360.html,https://www.8200.cn/kjh/p3/2023360.htm
2026-08-13,2023361,92738,927,,45103,是,https://m.ydniu.com/kaijiang/pl5/sjh/2023361.html,https://www.8200.cn/kjh/p3/2023361.htm
2026-08-13,2023362,92738,927,,45103,是,https://m.ydniu.com/kaijiang/pl5/sjh/2023362.html,https://www.8200.cn/kjh/p3/2023362.htm
2026-08-13,2023363,92738,927,,45103,是,https://m.ydniu.com/kaijiang/pl5/sjh/2023363.html,https://www.8200.cn/kjh/p3/2023363.htm
2026-08-13,2023364,92738,927,,45103,是,https://m.ydniu.com/kaijiang/pl5/sjh/2023364.html,https://www.8200.cn/kjh/p3/2023364.htm
2026-08-13,2023365,92738,927,,45103,是,https://m.ydniu.com/kaijiang/pl5/sjh/2023365.html,https://www.8200.cn/kjh/p3/2023365.htm
2026-08-13,2023366,92738,927,,45103,是,https://m.ydniu.com/kaijiang/pl5/sjh/2023366.html,https://www.8200.cn/kjh/p3/2023366.htm
2024-01-01,2024001,40339,403,047,15600,是,https://m.ydniu.com/kaijiang/pl5/sjh/2024001.html,https://www.8200.cn/kjh/p3/2024001.htm
2024-01-02,2024002,54444,544,894,80144,是,https://m.ydniu.com/kaijiang/pl5/sjh/2024002.html,https://www.8200.cn/kjh/p3/2024002.htm
2024-01-03,2024003,66633,666,918,28655,是,https://m.ydniu.com/kaijiang/pl5/sjh/2024003.html,https://www.8200.cn/kjh/p3/2024003.htm
2024-01-04,2024004,66596,665,954,40805,是,https://m.ydniu.com/kaijiang/pl5/sjh/2024004.html,https://www.8200.cn/kjh/p3/2024004.htm
2024-01-05,2024005,25946,259,138,10625,是,https://m.ydniu.com/kaijiang/pl5/sjh/2024005.html,https://www.8200.cn/kjh/p3/2024005.htm
2024-01-06,2024006,28477,284,937,18290,是,https://m.ydniu.com/kaijiang/pl5/sjh/2024006.html,https://www.8200.cn/kjh/p3/2024006.htm
2024-01-07,2024007,88898,888,829,38216,是,https://m.ydniu.com/kaijiang/pl5/sjh/2024007.html,https://www.8200.cn/kjh/p3/2024007.htm
2024-01-08,2024008,40505,405,276,30651,是,https://m.ydniu.com/kaijiang/pl5/sjh/2024008.html,https://www.8200.cn/kjh/p3/2024008.htm
2024-01-09,2024009,81503,815,843,57369,是,https://m.ydniu.com/kaijiang/pl5/sjh/2024009.html,https://www.8200.cn/kjh/p3/2024009.htm
2024-01-10,2024010,28132,281,947,45022,是,https://m.ydniu.com/kaijiang/pl5/sjh/2024010.html,https://www.8200.cn/kjh/p3/2024010.htm
2024-01-11,2024011,08088,080,524,07812,是,https://m.ydniu.com/kaijiang/pl5/sjh/2024011.html,https://www.8200.cn/kjh/p3/2024011.htm
2024-01-12,2024012,08152,081,613,46395,是,https://m.ydniu.com/kaijiang/pl5/sjh/2024012.html,https://www.8200.cn/kjh/p3/2024012.htm
2024-01-13,2024013,98575,985,038,32763,是,https://m.ydniu.com/kaijiang/pl5/sjh/2024013.html,https://www.8200.cn/kjh/p3/2024013.htm
2024-01-14,2024014,18776,187,950,07948,是,https://m.ydniu.com/kaijiang/pl5/sjh/2024014.html,https://www.8200.cn/kjh/p3/2024014.htm
2024-01-15,2024015,47565,475,628,12513,是,https://m.ydniu.com/kaijiang/pl5/sjh/2024015.html,https://www.8200.cn/kjh/p3/2024015.htm
2024-01-16,2024016,70253,702,169,99633,是,https://m.ydniu.com/kaijiang/pl5/sjh/2024016.html,https://www.8200.cn/kjh/p3/2024016.htm
2024-01-17,2024017,55555,555,739,91880,是,https://m.ydniu.com/kaijiang/pl5/sjh/2024017.html,https://www.8200.cn/kjh/p3/2024017.htm
2024-01-18,2024018,85942,859,513,43242,是,https://m.ydniu.com/kaijiang/pl5/sjh/2024018.html,https://www.8200.cn/kjh/p3/2024018.htm
2024-01-19,2024019,31384,313,548,37453,是,https://m.ydniu.com/kaijiang/pl5/sjh/2024019.html,https://www.8200.cn/kjh/p3/2024019.htm
2024-01-20,2024020,40657,406,405,08342,是,https://m.ydniu.com/kaijiang/pl5/sjh/2024020.html,https://www.8200.cn/kjh/p3/2024020.htm
2024-01-21,2024021,37072,370,218,27123,是,https://m.ydniu.com/kaijiang/pl5/sjh/2024021.html,https://www.8200.cn/kjh/p3/2024021.htm
2024-01-22,2024022,12406,124,403,70329,是,https://m.ydniu.com/kaijiang/pl5/sjh/2024022.html,https://www.8200.cn/kjh/p3/2024022.htm
2024-01-23,2024023,79348,793,384,28681,是,https://m.ydniu.com/kaijiang/pl5/sjh/2024023.html,https://www.8200.cn/kjh/p3/2024023.htm
2024-01-24,2024024,19979,199,904,90428,是,https://m.ydniu.com/kaijiang/pl5/sjh/2024024.html,https://www.8200.cn/kjh/p3/2024024.htm
2024-01-25,2024025,31497,314,968,39209,是,https://m.ydniu.com/kaijiang/pl5/sjh/2024025.html,https://www.8200.cn/kjh/p3/2024025.htm
2024-01-26,2024026,75102,751,402,16908,是,https://m.ydniu.com/kaijiang/pl5/sjh/2024026.html,https://www.8200.cn/kjh/p3/2024026.htm
2024-01-27,2024027,50242,502,814,65439,是,https://m.ydniu.com/kaijiang/pl5/sjh/2024027.html,https://www.8200.cn/kjh/p3/2024027.htm
2024-01-28,2024028,25939,259,703,60533,是,https://m.ydniu.com/kaijiang/pl5/sjh/2024028.html,https://www.8200.cn/kjh/p3/2024028.htm
2024-01-29,2024029,57548,575,413,99762,是,https://m.ydniu.com/kaijiang/pl5/sjh/2024029.html,https://www.8200.cn/kjh/p3/2024029.htm
2024-01-30,2024030,95147,951,902,12679,是,https://m.ydniu.com/kaijiang/pl5/sjh/2024030.html,https://www.8200.cn/kjh/p3/2024030.htm
2024-01-31,2024031,68240,682,549,19225,是,https://m.ydniu.com/kaijiang/pl5/sjh/2024031.html,https://www.8200.cn/kjh/p3/2024031.htm
2024-02-01,2024032,80526,805,908,00022,是,https://m.ydniu.com/kaijiang/pl5/sjh/2024032.html,https://www.8200.cn/kjh/p3/2024032.htm
2024-02-02,2024033,73936,739,713,32460,是,https://m.ydniu.com/kaijiang/pl5/sjh/2024033.html,https://www.8200.cn/kjh/p3/2024033.htm
2024-02-03,2024034,01733,017,576,73119,是,https://m.ydniu.com/kaijiang/pl5/sjh/2024034.html,https://www.8200.cn/kjh/p3/2024034.htm
2024-02-04,2024035,30653,306,408,68764,是,https://m.ydniu.com/kaijiang/pl5/sjh/2024035.html,https://www.8200.cn/kjh/p3/2024035.htm
2024-02-05,2024036,54791,547,261,35808,是,https://m.ydniu.com/kaijiang/pl5/sjh/2024036.html,https://www.8200.cn/kjh/p3/2024036.htm
2024-02-06,2024037,91076,910,298,03718,是,https://m.ydniu.com/kaijiang/pl5/sjh/2024037.html,https://www.8200.cn/kjh/p3/2024037.htm
2024-02-07,2024038,52946,529,823,36431,是,https://m.ydniu.com/kaijiang/pl5/sjh/2024038.html,https://www.8200.cn/kjh/p3/2024038.htm
2024-02-18,2024039,50868,508,624,17702,是,https://m.ydniu.com/kaijiang/pl5/sjh/2024039.html,https://www.8200.cn/kjh/p3/2024039.htm
2024-02-19,2024040,51477,514,802,09981,是,https://m.ydniu.com/kaijiang/pl5/sjh/2024040.html,https://www.8200.cn/kjh/p3/2024040.htm
2024-02-20,2024041,90558,905,847,98149,是,https://m.ydniu.com/kaijiang/pl5/sjh/2024041.html,https://www.8200.cn/kjh/p3/2024041.htm
2024-02-21,2024042,34276,342,948,80591,是,https://m.ydniu.com/kaijiang/pl5/sjh/2024042.html,https://www.8200.cn/kjh/p3/2024042.htm
2024-02-22,2024043,29608,296,609,94203,是,https://m.ydniu.com/kaijiang/pl5/sjh/2024043.html,https://www.8200.cn/kjh/p3/2024043.htm
2024-02-23,2024044,88528,885,517,63976,是,https://m.ydniu.com/kaijiang/pl5/sjh/2024044.html,https://www.8200.cn/kjh/p3/2024044.htm
2024-02-24,2024045,75783,757,801,46918,是,https://m.ydniu.com/kaijiang/pl5/sjh/2024045.html,https://www.8200.cn/kjh/p3/2024045.htm
2024-02-25,2024046,70263,702,924,66924,是,https://m.ydniu.com/kaijiang/pl5/sjh/2024046.html,https://www.8200.cn/kjh/p3/2024046.htm
2024-02-26,2024047,76088,760,627,32949,是,https://m.ydniu.com/kaijiang/pl5/sjh/2024047.html,https://www.8200.cn/kjh/p3/2024047.htm
2024-02-27,2024048,39635,396,628,47331,是,https://m.ydniu.com/kaijiang/pl5/sjh/2024048.html,https://www.8200.cn/kjh/p3/2024048.htm
2024-02-28,2024049,63101,631,174,67614,是,https://m.ydniu.com/kaijiang/pl5/sjh/2024049.html,https://www.8200.cn/kjh/p3/2024049.htm
2024-02-29,2024050,49595,495,917,60696,是,https://m.ydniu.com/kaijiang/pl5/sjh/2024050.html,https://www.8200.cn/kjh/p3/2024050.htm
2024-03-01,2024051,67475,674,524,06171,是,https://m.ydniu.com/kaijiang/pl5/sjh/2024051.html,https://www.8200.cn/kjh/p3/2024051.htm
2024-03-02,2024052,99505,995,547,73048,是,https://m.ydniu.com/kaijiang/pl5/sjh/2024052.html,https://www.8200.cn/kjh/p3/2024052.htm
2024-03-03,2024053,95828,958,217,42052,是,https://m.ydniu.com/kaijiang/pl5/sjh/2024053.html,https://www.8200.cn/kjh/p3/2024053.htm
2024-03-04,2024054,22187,221,348,56354,是,https://m.ydniu.com/kaijiang/pl5/sjh/2024054.html,https://www.8200.cn/kjh/p3/2024054.htm
2024-03-05,2024055,17333,173,310,16485,是,https://m.ydniu.com/kaijiang/pl5/sjh/2024055.html,https://www.8200.cn/kjh/p3/2024055.htm
2024-03-06,2024056,78830,788,267,62417,是,https://m.ydniu.com/kaijiang/pl5/sjh/2024056.html,https://www.8200.cn/kjh/p3/2024056.htm
2024-03-07,2024057,76585,765,612,34695,是,https://m.ydniu.com/kaijiang/pl5/sjh/2024057.html,https://www.8200.cn/kjh/p3/2024057.htm
2024-03-08,2024058,06548,065,183,58157,是,https://m.ydniu.com/kaijiang/pl5/sjh/2024058.html,https://www.8200.cn/kjh/p3/2024058.htm
2024-03-09,2024059,62979,629,984,23715,是,https://m.ydniu.com/kaijiang/pl5/sjh/2024059.html,https://www.8200.cn/kjh/p3/2024059.htm
2024-03-10,2024060,35726,357,307,60204,是,https://m.ydniu.com/kaijiang/pl5/sjh/2024060.html,https://www.8200.cn/kjh/p3/2024060.htm
2024-03-11,2024061,25070,250,824,06398,是,https://m.ydniu.com/kaijiang/pl5/sjh/2024061.html,https://www.8200.cn/kjh/p3/2024061.htm
2024-03-12,2024062,78455,784,713,96207,是,https://m.ydniu.com/kaijiang/pl5/sjh/2024062.html,https://www.8200.cn/kjh/p3/2024062.htm
2024-03-13,2024063,65190,651,640,76113,是,https://m.ydniu.com/kaijiang/pl5/sjh/2024063.html,https://www.8200.cn/kjh/p3/2024063.htm
2024-03-14,2024064,13228,132,473,94212,是,https://m.ydniu.com/kaijiang/pl5/sjh/2024064.html,https://www.8200.cn/kjh/p3/2024064.htm
2024-03-15,2024065,90376,903,267,17264,是,https://m.ydniu.com/kaijiang/pl5/sjh/2024065.html,https://www.8200.cn/kjh/p3/2024065.htm
2024-03-16,2024066,80383,803,568,94466,是,https://m.ydniu.com/kaijiang/pl5/sjh/2024066.html,https://www.8200.cn/kjh/p3/2024066.htm
2024-03-17,2024067,54969,549,682,36524,是,https://m.ydniu.com/kaijiang/pl5/sjh/2024067.html,https://www.8200.cn/kjh/p3/2024067.htm
2024-03-18,2024068,23981,239,580,90019,是,https://m.ydniu.com/kaijiang/pl5/sjh/2024068.html,https://www.8200.cn/kjh/p3/2024068.htm
2024-03-19,2024069,41109,411,712,60558,是,https://m.ydniu.com/kaijiang/pl5/sjh/2024069.html,https://www.8200.cn/kjh/p3/2024069.htm
2024-03-20,2024070,89103,891,812,79946,是,https://m.ydniu.com/kaijiang/pl5/sjh/2024070.html,https://www.8200.cn/kjh/p3/2024070.htm
2024-03-21,2024071,25820,258,826,85845,是,https://m.ydniu.com/kaijiang/pl5/sjh/2024071.html,https://www.8200.cn/kjh/p3/2024071.htm
2024-03-22,2024072,34153,341,947,75915,是,https://m.ydniu.com/kaijiang/pl5/sjh/2024072.html,https://www.8200.cn/kjh/p3/2024072.htm
2024-03-23,2024073,59043,590,951,90142,是,https://m.ydniu.com/kaijiang/pl5/sjh/2024073.html,https://www.8200.cn/kjh/p3/2024073.htm
2024-03-24,2024074,62952,629,604,57602,是,https://m.ydniu.com/kaijiang/pl5/sjh/2024074.html,https://www.8200.cn/kjh/p3/2024074.htm
2024-03-25,2024075,28508,285,703,48442,是,https://m.ydniu.com/kaijiang/pl5/sjh/2024075.html,https://www.8200.cn/kjh/p3/2024075.htm
2024-03-26,2024076,96875,968,493,69794,是,https://m.ydniu.com/kaijiang/pl5/sjh/2024076.html,https://www.8200.cn/kjh/p3/2024076.htm
2024-03-27,2024077,62685,626,624,37586,是,https://m.ydniu.com/kaijiang/pl5/sjh/2024077.html,https://www.8200.cn/kjh/p3/2024077.htm
2024-03-28,2024078,12680,126,954,14115,是,https://m.ydniu.com/kaijiang/pl5/sjh/2024078.html,https://www.8200.cn/kjh/p3/2024078.htm
2024-03-29,2024079,88908,889,893,95002,是,https://m.ydniu.com/kaijiang/pl5/sjh/2024079.html,https://www.8200.cn/kjh/p3/2024079.htm
2024-03-30,2024080,01264,012,927,68710,是,https://m.ydniu.com/kaijiang/pl5/sjh/2024080.html,https://www.8200.cn/kjh/p3/2024080.htm
2024-03-31,2024081,92851,928,930,44638,是,https://m.ydniu.com/kaijiang/pl5/sjh/2024081.html,https://www.8200.cn/kjh/p3/2024081.htm
2024-04-01,2024082,57154,571,719,35185,是,https://m.ydniu.com/kaijiang/pl5/sjh/2024082.html,https://www.8200.cn/kjh/p3/2024082.htm
2024-04-02,2024083,23219,232,371,02094,是,https://m.ydniu.com/kaijiang/pl5/sjh/2024083.html,https://www.8200.cn/kjh/p3/2024083.htm
2024-04-03,2024084,54947,549,513,43101,是,https://m.ydniu.com/kaijiang/pl5/sjh/2024084.html,https://www.8200.cn/kjh/p3/2024084.htm
2024-04-04,2024085,49361,493,620,45426,是,https://m.ydniu.com/kaijiang/pl5/sjh/2024085.html,https://www.8200.cn/kjh/p3/2024085.htm
2024-04-05,2024086,27835,278,917,74704,是,https://m.ydniu.com/kaijiang/pl5/sjh/2024086.html,https://www.8200.cn/kjh/p3/2024086.htm
2024-04-06,2024087,16107,161,256,90098,是,https://m.ydniu.com/kaijiang/pl5/sjh/2024087.html,https://www.8200.cn/kjh/p3/2024087.htm
2024-04-07,2024088,81952,819,350,31336,是,https://m.ydniu.com/kaijiang/pl5/sjh/2024088.html,https://www.8200.cn/kjh/p3/2024088.htm
2024-04-08,2024089,11704,117,268,57195,是,https://m.ydniu.com/kaijiang/pl5/sjh/2024089.html,https://www.8200.cn/kjh/p3/2024089.htm
2024-04-09,2024090,20626,206,875,93360,是,https://m.ydniu.com/kaijiang/pl5/sjh/2024090.html,https://www.8200.cn/kjh/p3/2024090.htm
2024-04-10,2024091,19651,196,950,18305,是,https://m.ydniu.com/kaijiang/pl5/sjh/2024091.html,https://www.8200.cn/kjh/p3/2024091.htm
2024-04-11,2024092,15044,150,148,76133,是,https://m.ydniu.com/kaijiang/pl5/sjh/2024092.html,https://www.8200.cn/kjh/p3/2024092.htm
2024-04-12,2024093,93538,935,934,65589,是,https://m.ydniu.com/kaijiang/pl5/sjh/2024093.html,https://www.8200.cn/kjh/p3/2024093.htm
2024-04-13,2024094,27176,271,824,73354,是,https://m.ydniu.com/kaijiang/pl5/sjh/2024094.html,https://www.8200.cn/kjh/p3/2024094.htm
2024-04-14,2024095,17543,175,386,93141,是,https://m.ydniu.com/kaijiang/pl5/sjh/2024095.html,https://www.8200.cn/kjh/p3/2024095.htm
2024-04-15,2024096,46352,463,986,00969,是,https://m.ydniu.com/kaijiang/pl5/sjh/2024096.html,https://www.8200.cn/kjh/p3/2024096.htm
2024-04-16,2024097,86372,863,509,87927,是,https://m.ydniu.com/kaijiang/pl5/sjh/2024097.html,https://www.8200.cn/kjh/p3/2024097.htm
2024-04-17,2024098,24705,247,571,93587,是,https://m.ydniu.com/kaijiang/pl5/sjh/2024098.html,https://www.8200.cn/kjh/p3/2024098.htm
2024-04-18,2024099,10254,102,795,07273,是,https://m.ydniu.com/kaijiang/pl5/sjh/2024099.html,https://www.8200.cn/kjh/p3/2024099.htm
2024-04-19,2024100,15771,157,690,22123,是,https://m.ydniu.com/kaijiang/pl5/sjh/2024100.html,https://www.8200.cn/kjh/p3/2024100.htm
2024-04-20,2024101,03074,030,186,04266,是,https://m.ydniu.com/kaijiang/pl5/sjh/2024101.html,https://www.8200.cn/kjh/p3/2024101.htm
2024-04-21,2024102,21536,215,697,08069,是,https://m.ydniu.com/kaijiang/pl5/sjh/2024102.html,https://www.8200.cn/kjh/p3/2024102.htm
2024-04-22,2024103,55120,551,143,74712,是,https://m.ydniu.com/kaijiang/pl5/sjh/2024103.html,https://www.8200.cn/kjh/p3/2024103.htm
2024-04-23,2024104,47428,474,834,49852,是,https://m.ydniu.com/kaijiang/pl5/sjh/2024104.html,https://www.8200.cn/kjh/p3/2024104.htm
2024-04-24,2024105,21015,210,239,59900,是,https://m.ydniu.com/kaijiang/pl5/sjh/2024105.html,https://www.8200.cn/kjh/p3/2024105.htm
2024-04-25,2024106,53323,533,531,84883,是,https://m.ydniu.com/kaijiang/pl5/sjh/2024106.html,https://www.8200.cn/kjh/p3/2024106.htm
2024-04-26,2024107,49936,499,265,50351,是,https://m.ydniu.com/kaijiang/pl5/sjh/2024107.html,https://www.8200.cn/kjh/p3/2024107.htm
2024-04-27,2024108,25283,252,598,77486,是,https://m.ydniu.com/kaijiang/pl5/sjh/2024108.html,https://www.8200.cn/kjh/p3/2024108.htm
2024-04-28,2024109,24366,243,269,02397,是,https://m.ydniu.com/kaijiang/pl5/sjh/2024109.html,https://www.8200.cn/kjh/p3/2024109.htm
2024-04-29,2024110,62904,629,261,38016,是,https://m.ydniu.com/kaijiang/pl5/sjh/2024110.html,https://www.8200.cn/kjh/p3/2024110.htm
2024-04-30,2024111,33671,336,947,99187,是,https://m.ydniu.com/kaijiang/pl5/sjh/2024111.html,https://www.8200.cn/kjh/p3/2024111.htm
2024-05-01,2024112,21803,218,102,11349,是,https://m.ydniu.com/kaijiang/pl5/sjh/2024112.html,https://www.8200.cn/kjh/p3/2024112.htm
2024-05-02,2024113,34500,345,378,22463,是,https://m.ydniu.com/kaijiang/pl5/sjh/2024113.html,https://www.8200.cn/kjh/p3/2024113.htm
2024-05-03,2024114,54856,548,794,09541,是,https://m.ydniu.com/kaijiang/pl5/sjh/2024114.html,https://www.8200.cn/kjh/p3/2024114.htm
2024-05-04,2024115,62023,620,563,23611,是,https://m.ydniu.com/kaijiang/pl5/sjh/2024115.html,https://www.8200.cn/kjh/p3/2024115.htm
2024-05-05,2024116,34845,348,420,11142,是,https://m.ydniu.com/kaijiang/pl5/sjh/2024116.html,https://www.8200.cn/kjh/p3/2024116.htm
2024-05-06,2024117,18586,185,917,88743,是,https://m.ydniu.com/kaijiang/pl5/sjh/2024117.html,https://www.8200.cn/kjh/p3/2024117.htm
2024-05-07,2024118,73372,733,705,77164,是,https://m.ydniu.com/kaijiang/pl5/sjh/2024118.html,https://www.8200.cn/kjh/p3/2024118.htm
2024-05-08,2024119,25533,255,639,19125,是,https://m.ydniu.com/kaijiang/pl5/sjh/2024119.html,https://www.8200.cn/kjh/p3/2024119.htm
2024-05-09,2024120,52911,529,524,86347,是,https://m.ydniu.com/kaijiang/pl5/sjh/2024120.html,https://www.8200.cn/kjh/p3/2024120.htm
2024-05-10,2024121,51844,518,501,94024,是,https://m.ydniu.com/kaijiang/pl5/sjh/2024121.html,https://www.8200.cn/kjh/p3/2024121.htm
2024-05-11,2024122,24638,246,478,57534,是,https://m.ydniu.com/kaijiang/pl5/sjh/2024122.html,https://www.8200.cn/kjh/p3/2024122.htm
2024-05-12,2024123,53858,538,149,26250,是,https://m.ydniu.com/kaijiang/pl5/sjh/2024123.html,https://www.8200.cn/kjh/p3/2024123.htm
2024-05-13,2024124,83503,835,812,46284,是,https://m.ydniu.com/kaijiang/pl5/sjh/2024124.html,https://www.8200.cn/kjh/p3/2024124.htm
2024-05-14,2024125,70680,706,102,25738,是,https://m.ydniu.com/kaijiang/pl5/sjh/2024125.html,https://www.8200.cn/kjh/p3/2024125.htm
2024-05-15,2024126,37952,379,849,42129,是,https://m.ydniu.com/kaijiang/pl5/sjh/2024126.html,https://www.8200.cn/kjh/p3/2024126.htm
2024-05-16,2024127,74405,744,506,63482,是,https://m.ydniu.com/kaijiang/pl5/sjh/2024127.html,https://www.8200.cn/kjh/p3/2024127.htm
2024-05-17,2024128,01780,017,513,44733,是,https://m.ydniu.com/kaijiang/pl5/sjh/2024128.html,https://www.8200.cn/kjh/p3/2024128.htm
2024-05-18,2024129,27873,278,289,68545,是,https://m.ydniu.com/kaijiang/pl5/sjh/2024129.html,https://www.8200.cn/kjh/p3/2024129.htm
2024-05-19,2024130,12202,122,712,51214,是,https://m.ydniu.com/kaijiang/pl5/sjh/2024130.html,https://www.8200.cn/kjh/p3/2024130.htm
2024-05-20,2024131,57141,571,894,60480,是,https://m.ydniu.com/kaijiang/pl5/sjh/2024131.html,https://www.8200.cn/kjh/p3/2024131.htm
2024-05-21,2024132,60448,604,237,65549,是,https://m.ydniu.com/kaijiang/pl5/sjh/2024132.html,https://www.8200.cn/kjh/p3/2024132.htm
2024-05-22,2024133,28121,281,670,00638,是,https://m.ydniu.com/kaijiang/pl5/sjh/2024133.html,https://www.8200.cn/kjh/p3/2024133.htm
2024-05-23,2024134,66079,660,950,59087,是,https://m.ydniu.com/kaijiang/pl5/sjh/2024134.html,https://www.8200.cn/kjh/p3/2024134.htm
2024-05-24,2024135,89160,891,908,09456,是,https://m.ydniu.com/kaijiang/pl5/sjh/2024135.html,https://www.8200.cn/kjh/p3/2024135.htm
2024-05-25,2024136,06281,062,564,92870,是,https://m.ydniu.com/kaijiang/pl5/sjh/2024136.html,https://www.8200.cn/kjh/p3/2024136.htm
2024-05-26,2024137,12879,128,570,11389,是,https://m.ydniu.com/kaijiang/pl5/sjh/2024137.html,https://www.8200.cn/kjh/p3/2024137.htm
2024-05-27,2024138,99755,997,734,91877,是,https://m.ydniu.com/kaijiang/pl5/sjh/2024138.html,https://www.8200.cn/kjh/p3/2024138.htm
2024-05-28,2024139,53693,536,602,20316,是,https://m.ydniu.com/kaijiang/pl5/sjh/2024139.html,https://www.8200.cn/kjh/p3/2024139.htm
2024-05-29,2024140,52086,520,152,59815,是,https://m.ydniu.com/kaijiang/pl5/sjh/2024140.html,https://www.8200.cn/kjh/p3/2024140.htm
2024-05-30,2024141,80436,804,713,80898,是,https://m.ydniu.com/kaijiang/pl5/sjh/2024141.html,https://www.8200.cn/kjh/p3/2024141.htm
2024-05-31,2024142,42632,426,075,41016,是,https://m.ydniu.com/kaijiang/pl5/sjh/2024142.html,https://www.8200.cn/kjh/p3/2024142.htm
2024-06-01,2024143,18506,185,834,91075,是,https://m.ydniu.com/kaijiang/pl5/sjh/2024143.html,https://www.8200.cn/kjh/p3/2024143.htm
2024-06-02,2024144,14786,147,697,87481,是,https://m.ydniu.com/kaijiang/pl5/sjh/2024144.html,https://www.8200.cn/kjh/p3/2024144.htm
2024-06-03,2024145,20571,205,351,38658,是,https://m.ydniu.com/kaijiang/pl5/sjh/2024145.html,https://www.8200.cn/kjh/p3/2024145.htm
2024-06-04,2024146,99197,991,934,86686,是,https://m.ydniu.com/kaijiang/pl5/sjh/2024146.html,https://www.8200.cn/kjh/p3/2024146.htm
2024-06-05,2024147,55871,558,795,43070,是,https://m.ydniu.com/kaijiang/pl5/sjh/2024147.html,https://www.8200.cn/kjh/p3/2024147.htm
2024-06-06,2024148,34305,343,852,16471,是,https://m.ydniu.com/kaijiang/pl5/sjh/2024148.html,https://www.8200.cn/kjh/p3/2024148.htm
2024-06-07,2024149,67615,676,724,27542,是,https://m.ydniu.com/kaijiang/pl5/sjh/2024149.html,https://www.8200.cn/kjh/p3/2024149.htm
2024-06-08,2024150,12904,129,474,04904,是,https://m.ydniu.com/kaijiang/pl5/sjh/2024150.html,https://www.8200.cn/kjh/p3/2024150.htm
2024-06-09,2024151,90031,900,709,33436,是,https://m.ydniu.com/kaijiang/pl5/sjh/2024151.html,https://www.8200.cn/kjh/p3/2024151.htm
2024-06-10,2024152,93648,936,620,00484,是,https://m.ydniu.com/kaijiang/pl5/sjh/2024152.html,https://www.8200.cn/kjh/p3/2024152.htm
2024-06-11,2024153,38955,389,725,57263,是,https://m.ydniu.com/kaijiang/pl5/sjh/2024153.html,https://www.8200.cn/kjh/p3/2024153.htm
2024-06-12,2024154,98353,983,885,37266,是,https://m.ydniu.com/kaijiang/pl5/sjh/2024154.html,https://www.8200.cn/kjh/p3/2024154.htm
2024-06-13,2024155,88978,889,812,45421,是,https://m.ydniu.com/kaijiang/pl5/sjh/2024155.html,https://www.8200.cn/kjh/p3/2024155.htm
2024-06-14,2024156,17244,172,974,96788,是,https://m.ydniu.com/kaijiang/pl5/sjh/2024156.html,https://www.8200.cn/kjh/p3/2024156.htm
2024-06-15,2024157,21138,211,258,03250,是,https://m.ydniu.com/kaijiang/pl5/sjh/2024157.html,https://www.8200.cn/kjh/p3/2024157.htm
2024-06-16,2024158,60647,606,731,95290,是,https://m.ydniu.com/kaijiang/pl5/sjh/2024158.html,https://www.8200.cn/kjh/p3/2024158.htm
2024-06-17,2024159,43067,430,467,95791,是,https://m.ydniu.com/kaijiang/pl5/sjh/2024159.html,https://www.8200.cn/kjh/p3/2024159.htm
2024-06-18,2024160,42553,425,981,83527,是,https://m.ydniu.com/kaijiang/pl5/sjh/2024160.html,https://www.8200.cn/kjh/p3/2024160.htm
2024-06-19,2024161,64949,649,630,52758,是,https://m.ydniu.com/kaijiang/pl5/sjh/2024161.html,https://www.8200.cn/kjh/p3/2024161.htm
2024-06-20,2024162,32044,320,972,03129,是,https://m.ydniu.com/kaijiang/pl5/sjh/2024162.html,https://www.8200.cn/kjh/p3/2024162.htm
2024-06-21,2024163,51465,514,369,22470,是,https://m.ydniu.com/kaijiang/pl5/sjh/2024163.html,https://www.8200.cn/kjh/p3/2024163.htm
2024-06-22,2024164,00672,006,519,14827,是,https://m.ydniu.com/kaijiang/pl5/sjh/2024164.html,https://www.8200.cn/kjh/p3/2024164.htm
2024-06-23,2024165,93294,932,896,60716,是,https://m.ydniu.com/kaijiang/pl5/sjh/2024165.html,https://www.8200.cn/kjh/p3/2024165.htm
2024-06-24,2024166,47958,479,926,80565,是,https://m.ydniu.com/kaijiang/pl5/sjh/2024166.html,https://www.8200.cn/kjh/p3/2024166.htm
2024-06-25,2024167,50768,507,614,78733,是,https://m.ydniu.com/kaijiang/pl5/sjh/2024167.html,https://www.8200.cn/kjh/p3/2024167.htm
2024-06-26,2024168,54147,541,205,38396,是,https://m.ydniu.com/kaijiang/pl5/sjh/2024168.html,https://www.8200.cn/kjh/p3/2024168.htm
2024-06-27,2024169,75931,759,805,63984,是,https://m.ydniu.com/kaijiang/pl5/sjh/2024169.html,https://www.8200.cn/kjh/p3/2024169.htm
2024-06-28,2024170,03173,031,512,76962,是,https://m.ydniu.com/kaijiang/pl5/sjh/2024170.html,https://www.8200.cn/kjh/p3/2024170.htm
2024-06-29,2024171,07078,070,702,87115,是,https://m.ydniu.com/kaijiang/pl5/sjh/2024171.html,https://www.8200.cn/kjh/p3/2024171.htm
2024-06-30,2024172,40055,400,924,65667,是,https://m.ydniu.com/kaijiang/pl5/sjh/2024172.html,https://www.8200.cn/kjh/p3/2024172.htm
2024-07-01,2024173,65887,658,634,60359,是,https://m.ydniu.com/kaijiang/pl5/sjh/2024173.html,https://www.8200.cn/kjh/p3/2024173.htm
2024-07-02,2024174,19185,191,920,43846,是,https://m.ydniu.com/kaijiang/pl5/sjh/2024174.html,https://www.8200.cn/kjh/p3/2024174.htm
2024-07-03,2024175,19506,195,945,77491,是,https://m.ydniu.com/kaijiang/pl5/sjh/2024175.html,https://www.8200.cn/kjh/p3/2024175.htm
2024-07-04,2024176,93250,932,602,24364,是,https://m.ydniu.com/kaijiang/pl5/sjh/2024176.html,https://www.8200.cn/kjh/p3/2024176.htm
2024-07-05,2024177,57982,579,874,19365,是,https://m.ydniu.com/kaijiang/pl5/sjh/2024177.html,https://www.8200.cn/kjh/p3/2024177.htm
2024-07-06,2024178,66347,663,841,63791,是,https://m.ydniu.com/kaijiang/pl5/sjh/2024178.html,https://www.8200.cn/kjh/p3/2024178.htm
2024-07-07,2024179,53544,535,350,41476,是,https://m.ydniu.com/kaijiang/pl5/sjh/2024179.html,https://www.8200.cn/kjh/p3/2024179.htm
2024-07-08,2024180,21549,215,924,86381,是,https://m.ydniu.com/kaijiang/pl5/sjh/2024180.html,https://www.8200.cn/kjh/p3/2024180.htm
2024-07-09,2024181,32395,323,724,08004,是,https://m.ydniu.com/kaijiang/pl5/sjh/2024181.html,https://www.8200.cn/kjh/p3/2024181.htm
2024-07-10,2024182,28247,282,620,09337,是,https://m.ydniu.com/kaijiang/pl5/sjh/2024182.html,https://www.8200.cn/kjh/p3/2024182.htm
2024-07-11,2024183,50095,500,638,74633,是,https://m.ydniu.com/kaijiang/pl5/sjh/2024183.html,https://www.8200.cn/kjh/p3/2024183.htm
2024-07-12,2024184,73049,730,913,97249,是,https://m.ydniu.com/kaijiang/pl5/sjh/2024184.html,https://www.8200.cn/kjh/p3/2024184.htm
2024-07-13,2024185,88496,884,516,01956,是,https://m.ydniu.com/kaijiang/pl5/sjh/2024185.html,https://www.8200.cn/kjh/p3/2024185.htm
2024-07-14,2024186,36734,367,807,52779,是,https://m.ydniu.com/kaijiang/pl5/sjh/2024186.html,https://www.8200.cn/kjh/p3/2024186.htm
2024-07-15,2024187,88358,883,503,12779,是,https://m.ydniu.com/kaijiang/pl5/sjh/2024187.html,https://www.8200.cn/kjh/p3/2024187.htm
2024-07-16,2024188,02443,024,894,97629,是,https://m.ydniu.com/kaijiang/pl5/sjh/2024188.html,https://www.8200.cn/kjh/p3/2024188.htm
2024-07-17,2024189,79322,793,146,26416,是,https://m.ydniu.com/kaijiang/pl5/sjh/2024189.html,https://www.8200.cn/kjh/p3/2024189.htm
2024-07-18,2024190,64492,644,162,06463,是,https://m.ydniu.com/kaijiang/pl5/sjh/2024190.html,https://www.8200.cn/kjh/p3/2024190.htm
2024-07-19,2024191,43924,439,178,54829,是,https://m.ydniu.com/kaijiang/pl5/sjh/2024191.html,https://www.8200.cn/kjh/p3/2024191.htm
2024-07-20,2024192,34071,340,704,91603,是,https://m.ydniu.com/kaijiang/pl5/sjh/2024192.html,https://www.8200.cn/kjh/p3/2024192.htm
2024-07-21,2024193,00629,006,639,18870,是,https://m.ydniu.com/kaijiang/pl5/sjh/2024193.html,https://www.8200.cn/kjh/p3/2024193.htm
2024-07-22,2024194,07891,078,803,28373,是,https://m.ydniu.com/kaijiang/pl5/sjh/2024194.html,https://www.8200.cn/kjh/p3/2024194.htm
2024-07-23,2024195,51704,517,826,15216,是,https://m.ydniu.com/kaijiang/pl5/sjh/2024195.html,https://www.8200.cn/kjh/p3/2024195.htm
2024-07-24,2024196,53905,539,306,02894,是,https://m.ydniu.com/kaijiang/pl5/sjh/2024196.html,https://www.8200.cn/kjh/p3/2024196.htm
2024-07-25,2024197,10561,105,517,45528,是,https://m.ydniu.com/kaijiang/pl5/sjh/2024197.html,https://www.8200.cn/kjh/p3/2024197.htm
2024-07-26,2024198,55003,550,975,00987,是,https://m.ydniu.com/kaijiang/pl5/sjh/2024198.html,https://www.8200.cn/kjh/p3/2024198.htm
2024-07-27,2024199,55815,558,523,46432,是,https://m.ydniu.com/kaijiang/pl5/sjh/2024199.html,https://www.8200.cn/kjh/p3/2024199.htm
2024-07-28,2024200,38071,380,182,82710,是,https://m.ydniu.com/kaijiang/pl5/sjh/2024200.html,https://www.8200.cn/kjh/p3/2024200.htm
2024-07-29,2024201,51522,515,374,69742,是,https://m.ydniu.com/kaijiang/pl5/sjh/2024201.html,https://www.8200.cn/kjh/p3/2024201.htm
2024-07-30,2024202,18708,187,617,27788,是,https://m.ydniu.com/kaijiang/pl5/sjh/2024202.html,https://www.8200.cn/kjh/p3/2024202.htm
2024-07-31,2024203,59269,592,652,75507,是,https://m.ydniu.com/kaijiang/pl5/sjh/2024203.html,https://www.8200.cn/kjh/p3/2024203.htm
2024-08-01,2024204,04794,047,734,67630,是,https://m.ydniu.com/kaijiang/pl5/sjh/2024204.html,https://www.8200.cn/kjh/p3/2024204.htm
2024-08-02,2024205,24169,241,413,07671,是,https://m.ydniu.com/kaijiang/pl5/sjh/2024205.html,https://www.8200.cn/kjh/p3/2024205.htm
2024-08-03,2024206,44664,446,834,11386,是,https://m.ydniu.com/kaijiang/pl5/sjh/2024206.html,https://www.8200.cn/kjh/p3/2024206.htm
2024-08-04,2024207,98205,982,305,55928,是,https://m.ydniu.com/kaijiang/pl5/sjh/2024207.html,https://www.8200.cn/kjh/p3/2024207.htm
2024-08-05,2024208,97371,973,283,57379,是,https://m.ydniu.com/kaijiang/pl5/sjh/2024208.html,https://www.8200.cn/kjh/p3/2024208.htm
2024-08-06,2024209,53556,535,381,00292,是,https://m.ydniu.com/kaijiang/pl5/sjh/2024209.html,https://www.8200.cn/kjh/p3/2024209.htm
2024-08-07,2024210,28591,285,875,64613,是,https://m.ydniu.com/kaijiang/pl5/sjh/2024210.html,https://www.8200.cn/kjh/p3/2024210.htm
2024-08-08,2024211,64975,649,645,97256,是,https://m.ydniu.com/kaijiang/pl5/sjh/2024211.html,https://www.8200.cn/kjh/p3/2024211.htm
2024-08-09,2024212,72703,727,812,25228,是,https://m.ydniu.com/kaijiang/pl5/sjh/2024212.html,https://www.8200.cn/kjh/p3/2024212.htm
2024-08-10,2024213,73462,734,985,57625,是,https://m.ydniu.com/kaijiang/pl5/sjh/2024213.html,https://www.8200.cn/kjh/p3/2024213.htm
2024-08-11,2024214,14533,145,198,89607,是,https://m.ydniu.com/kaijiang/pl5/sjh/2024214.html,https://www.8200.cn/kjh/p3/2024214.htm
2024-08-12,2024215,87754,877,289,84073,是,https://m.ydniu.com/kaijiang/pl5/sjh/2024215.html,https://www.8200.cn/kjh/p3/2024215.htm
2024-08-13,2024216,84839,848,674,85240,是,https://m.ydniu.com/kaijiang/pl5/sjh/2024216.html,https://www.8200.cn/kjh/p3/2024216.htm
2024-08-14,2024217,11109,111,698,06370,是,https://m.ydniu.com/kaijiang/pl5/sjh/2024217.html,https://www.8200.cn/kjh/p3/2024217.htm
2024-08-15,2024218,29178,291,605,53293,是,https://m.ydniu.com/kaijiang/pl5/sjh/2024218.html,https://www.8200.cn/kjh/p3/2024218.htm
2024-08-16,2024219,97170,971,278,10205,是,https://m.ydniu.com/kaijiang/pl5/sjh/2024219.html,https://www.8200.cn/kjh/p3/2024219.htm
2024-08-17,2024220,72415,724,218,99865,是,https://m.ydniu.com/kaijiang/pl5/sjh/2024220.html,https://www.8200.cn/kjh/p3/2024220.htm
2024-08-18,2024221,50050,500,721,13684,是,https://m.ydniu.com/kaijiang/pl5/sjh/2024221.html,https://www.8200.cn/kjh/p3/2024221.htm
2024-08-19,2024222,99338,993,769,75951,是,https://m.ydniu.com/kaijiang/pl5/sjh/2024222.html,https://www.8200.cn/kjh/p3/2024222.htm
2024-08-20,2024223,54912,549,547,30244,是,https://m.ydniu.com/kaijiang/pl5/sjh/2024223.html,https://www.8200.cn/kjh/p3/2024223.htm
2024-08-21,2024224,83529,835,629,92539,是,https://m.ydniu.com/kaijiang/pl5/sjh/2024224.html,https://www.8200.cn/kjh/p3/2024224.htm
2024-08-22,2024225,75863,758,980,22345,是,https://m.ydniu.com/kaijiang/pl5/sjh/2024225.html,https://www.8200.cn/kjh/p3/2024225.htm
2024-08-23,2024226,23234,232,740,36266,是,https://m.ydniu.com/kaijiang/pl5/sjh/2024226.html,https://www.8200.cn/kjh/p3/2024226.htm
2024-08-24,2024227,99512,995,512,64157,是,https://m.ydniu.com/kaijiang/pl5/sjh/2024227.html,https://www.8200.cn/kjh/p3/2024227.htm
2024-08-25,2024228,27412,274,539,54598,是,https://m.ydniu.com/kaijiang/pl5/sjh/2024228.html,https://www.8200.cn/kjh/p3/2024228.htm
2024-08-26,2024229,92616,926,904,61887,是,https://m.ydniu.com/kaijiang/pl5/sjh/2024229.html,https://www.8200.cn/kjh/p3/2024229.htm
2024-08-27,2024230,08837,088,197,99394,是,https://m.ydniu.com/kaijiang/pl5/sjh/2024230.html,https://www.8200.cn/kjh/p3/2024230.htm
2024-08-28,2024231,69649,696,401,36619,是,https://m.ydniu.com/kaijiang/pl5/sjh/2024231.html,https://www.8200.cn/kjh/p3/2024231.htm
2024-08-29,2024232,29761,297,658,08969,是,https://m.ydniu.com/kaijiang/pl5/sjh/2024232.html,https://www.8200.cn/kjh/p3/2024232.htm
2024-08-30,2024233,49846,498,058,43607,是,https://m.ydniu.com/kaijiang/pl5/sjh/2024233.html,https://www.8200.cn/kjh/p3/2024233.htm
2024-08-31,2024234,27593,275,134,97927,是,https://m.ydniu.com/kaijiang/pl5/sjh/2024234.html,https://www.8200.cn/kjh/p3/2024234.htm
2024-09-01,2024235,95411,954,410,60336,是,https://m.ydniu.com/kaijiang/pl5/sjh/2024235.html,https://www.8200.cn/kjh/p3/2024235.htm
2024-09-02,2024236,37697,376,912,87268,是,https://m.ydniu.com/kaijiang/pl5/sjh/2024236.html,https://www.8200.cn/kjh/p3/2024236.htm
2024-09-03,2024237,35685,356,158,45708,是,https://m.ydniu.com/kaijiang/pl5/sjh/2024237.html,https://www.8200.cn/kjh/p3/2024237.htm
2024-09-04,2024238,43067,430,926,35825,是,https://m.ydniu.com/kaijiang/pl5/sjh/2024238.html,https://www.8200.cn/kjh/p3/2024238.htm
2024-09-05,2024239,16848,168,213,78975,是,https://m.ydniu.com/kaijiang/pl5/sjh/2024239.html,https://www.8200.cn/kjh/p3/2024239.htm
2024-09-06,2024240,81526,815,574,03903,是,https://m.ydniu.com/kaijiang/pl5/sjh/2024240.html,https://www.8200.cn/kjh/p3/2024240.htm
2024-09-07,2024241,06392,063,704,47270,是,https://m.ydniu.com/kaijiang/pl5/sjh/2024241.html,https://www.8200.cn/kjh/p3/2024241.htm
2024-09-08,2024242,18894,188,408,08361,是,https://m.ydniu.com/kaijiang/pl5/sjh/2024242.html,https://www.8200.cn/kjh/p3/2024242.htm
2024-09-09,2024243,91630,916,813,24397,是,https://m.ydniu.com/kaijiang/pl5/sjh/2024243.html,https://www.8200.cn/kjh/p3/2024243.htm
2024-09-10,2024244,36894,368,597,41918,是,https://m.ydniu.com/kaijiang/pl5/sjh/2024244.html,https://www.8200.cn/kjh/p3/2024244.htm
2024-09-11,2024245,18494,184,812,29521,是,https://m.ydniu.com/kaijiang/pl5/sjh/2024245.html,https://www.8200.cn/kjh/p3/2024245.htm
2024-09-12,2024246,81646,816,594,55954,是,https://m.ydniu.com/kaijiang/pl5/sjh/2024246.html,https://www.8200.cn/kjh/p3/2024246.htm
2024-09-13,2024247,43489,434,572,67366,是,https://m.ydniu.com/kaijiang/pl5/sjh/2024247.html,https://www.8200.cn/kjh/p3/2024247.htm
2024-09-14,2024248,95434,954,640,91126,是,https://m.ydniu.com/kaijiang/pl5/sjh/2024248.html,https://www.8200.cn/kjh/p3/2024248.htm
2024-09-15,2024249,19832,198,613,99906,是,https://m.ydniu.com/kaijiang/pl5/sjh/2024249.html,https://www.8200.cn/kjh/p3/2024249.htm
2024-09-16,2024250,60692,606,849,14467,是,https://m.ydniu.com/kaijiang/pl5/sjh/2024250.html,https://www.8200.cn/kjh/p3/2024250.htm
2024-09-17,2024251,35627,356,875,59771,是,https://m.ydniu.com/kaijiang/pl5/sjh/2024251.html,https://www.8200.cn/kjh/p3/2024251.htm
2024-09-18,2024252,70052,700,578,33742,是,https://m.ydniu.com/kaijiang/pl5/sjh/2024252.html,https://www.8200.cn/kjh/p3/2024252.htm
2024-09-19,2024253,14830,148,245,76276,是,https://m.ydniu.com/kaijiang/pl5/sjh/2024253.html,https://www.8200.cn/kjh/p3/2024253.htm
2024-09-20,2024254,42314,423,839,01076,是,https://m.ydniu.com/kaijiang/pl5/sjh/2024254.html,https://www.8200.cn/kjh/p3/2024254.htm
2024-09-21,2024255,15587,155,435,33077,是,https://m.ydniu.com/kaijiang/pl5/sjh/2024255.html,https://www.8200.cn/kjh/p3/2024255.htm
2024-09-22,2024256,54913,549,165,88067,是,https://m.ydniu.com/kaijiang/pl5/sjh/2024256.html,https://www.8200.cn/kjh/p3/2024256.htm
2024-09-23,2024257,00863,008,614,22740,是,https://m.ydniu.com/kaijiang/pl5/sjh/2024257.html,https://www.8200.cn/kjh/p3/2024257.htm
2024-09-24,2024258,69057,690,107,81887,是,https://m.ydniu.com/kaijiang/pl5/sjh/2024258.html,https://www.8200.cn/kjh/p3/2024258.htm
2024-09-25,2024259,44469,444,415,03080,是,https://m.ydniu.com/kaijiang/pl5/sjh/2024259.html,https://www.8200.cn/kjh/p3/2024259.htm
2024-09-26,2024260,52325,523,397,23927,是,https://m.ydniu.com/kaijiang/pl5/sjh/2024260.html,https://www.8200.cn/kjh/p3/2024260.htm
2024-09-27,2024261,19599,195,904,32579,是,https://m.ydniu.com/kaijiang/pl5/sjh/2024261.html,https://www.8200.cn/kjh/p3/2024261.htm
2024-09-28,2024262,21646,216,520,83423,是,https://m.ydniu.com/kaijiang/pl5/sjh/2024262.html,https://www.8200.cn/kjh/p3/2024262.htm
2024-09-29,2024263,40484,404,906,70359,是,https://m.ydniu.com/kaijiang/pl5/sjh/2024263.html,https://www.8200.cn/kjh/p3/2024263.htm
2024-09-30,2024264,34735,347,254,69392,是,https://m.ydniu.com/kaijiang/pl5/sjh/2024264.html,https://www.8200.cn/kjh/p3/2024264.htm
2024-10-05,2024265,70104,701,725,44877,是,https://m.ydniu.com/kaijiang/pl5/sjh/2024265.html,https://www.8200.cn/kjh/p3/2024265.htm
2024-10-06,2024266,14346,143,958,15306,是,https://m.ydniu.com/kaijiang/pl5/sjh/2024266.html,https://www.8200.cn/kjh/p3/2024266.htm
2024-10-07,2024267,84174,841,741,69993,是,https://m.ydniu.com/kaijiang/pl5/sjh/2024267.html,https://www.8200.cn/kjh/p3/2024267.htm
2024-10-08,2024268,83138,831,610,50666,是,https://m.ydniu.com/kaijiang/pl5/sjh/2024268.html,https://www.8200.cn/kjh/p3/2024268.htm
2024-10-09,2024269,32432,324,953,61501,是,https://m.ydniu.com/kaijiang/pl5/sjh/2024269.html,https://www.8200.cn/kjh/p3/2024269.htm
2024-10-10,2024270,80167,801,675,51665,是,https://m.ydniu.com/kaijiang/pl5/sjh/2024270.html,https://www.8200.cn/kjh/p3/2024270.htm
2024-10-11,2024271,39573,395,579,62045,是,https://m.ydniu.com/kaijiang/pl5/sjh/2024271.html,https://www.8200.cn/kjh/p3/2024271.htm
2024-10-12,2024272,43692,436,751,03364,是,https://m.ydniu.com/kaijiang/pl5/sjh/2024272.html,https://www.8200.cn/kjh/p3/2024272.htm
2024-10-13,2024273,81239,812,839,50676,是,https://m.ydniu.com/kaijiang/pl5/sjh/2024273.html,https://www.8200.cn/kjh/p3/2024273.htm
2024-10-14,2024274,27483,274,954,31360,是,https://m.ydniu.com/kaijiang/pl5/sjh/2024274.html,https://www.8200.cn/kjh/p3/2024274.htm
2024-10-15,2024275,68132,681,391,97085,是,https://m.ydniu.com/kaijiang/pl5/sjh/2024275.html,https://www.8200.cn/kjh/p3/2024275.htm
2024-10-16,2024276,08878,088,502,15279,是,https://m.ydniu.com/kaijiang/pl5/sjh/2024276.html,https://www.8200.cn/kjh/p3/2024276.htm
2024-10-17,2024277,62364,623,429,82636,是,https://m.ydniu.com/kaijiang/pl5/sjh/2024277.html,https://www.8200.cn/kjh/p3/2024277.htm
2024-10-18,2024278,13443,134,724,95380,是,https://m.ydniu.com/kaijiang/pl5/sjh/2024278.html,https://www.8200.cn/kjh/p3/2024278.htm
2024-10-19,2024279,88672,886,597,83713,是,https://m.ydniu.com/kaijiang/pl5/sjh/2024279.html,https://www.8200.cn/kjh/p3/2024279.htm
2024-10-20,2024280,85971,859,172,08715,是,https://m.ydniu.com/kaijiang/pl5/sjh/2024280.html,https://www.8200.cn/kjh/p3/2024280.htm
2024-10-21,2024281,46506,465,215,78468,是,https://m.ydniu.com/kaijiang/pl5/sjh/2024281.html,https://www.8200.cn/kjh/p3/2024281.htm
2024-10-22,2024282,90556,905,985,91258,是,https://m.ydniu.com/kaijiang/pl5/sjh/2024282.html,https://www.8200.cn/kjh/p3/2024282.htm
2024-10-23,2024283,28555,285,531,68322,是,https://m.ydniu.com/kaijiang/pl5/sjh/2024283.html,https://www.8200.cn/kjh/p3/2024283.htm
2024-10-24,2024284,03465,034,168,18679,是,https://m.ydniu.com/kaijiang/pl5/sjh/2024284.html,https://www.8200.cn/kjh/p3/2024284.htm
2024-10-25,2024285,34746,347,305,39868,是,https://m.ydniu.com/kaijiang/pl5/sjh/2024285.html,https://www.8200.cn/kjh/p3/2024285.htm
2024-10-26,2024286,15678,156,975,37388,是,https://m.ydniu.com/kaijiang/pl5/sjh/2024286.html,https://www.8200.cn/kjh/p3/2024286.htm
2024-10-27,2024287,94561,945,756,55902,是,https://m.ydniu.com/kaijiang/pl5/sjh/2024287.html,https://www.8200.cn/kjh/p3/2024287.htm
2024-10-28,2024288,81098,810,674,56276,是,https://m.ydniu.com/kaijiang/pl5/sjh/2024288.html,https://www.8200.cn/kjh/p3/2024288.htm
2024-10-29,2024289,00643,006,726,45698,是,https://m.ydniu.com/kaijiang/pl5/sjh/2024289.html,https://www.8200.cn/kjh/p3/2024289.htm
2024-10-30,2024290,00449,004,824,12891,是,https://m.ydniu.com/kaijiang/pl5/sjh/2024290.html,https://www.8200.cn/kjh/p3/2024290.htm
2024-10-31,2024291,34043,340,810,00242,是,https://m.ydniu.com/kaijiang/pl5/sjh/2024291.html,https://www.8200.cn/kjh/p3/2024291.htm
2024-11-01,2024292,03000,030,610,58011,是,https://m.ydniu.com/kaijiang/pl5/sjh/2024292.html,https://www.8200.cn/kjh/p3/2024292.htm
2024-11-02,2024293,04481,044,512,22059,是,https://m.ydniu.com/kaijiang/pl5/sjh/2024293.html,https://www.8200.cn/kjh/p3/2024293.htm
2024-11-03,2024294,70192,701,961,85661,是,https://m.ydniu.com/kaijiang/pl5/sjh/2024294.html,https://www.8200.cn/kjh/p3/2024294.htm
2024-11-04,2024295,55252,552,479,75457,是,https://m.ydniu.com/kaijiang/pl5/sjh/2024295.html,https://www.8200.cn/kjh/p3/2024295.htm
2024-11-05,2024296,89807,898,758,60882,是,https://m.ydniu.com/kaijiang/pl5/sjh/2024296.html,https://www.8200.cn/kjh/p3/2024296.htm
2024-11-06,2024297,03712,037,845,89118,是,https://m.ydniu.com/kaijiang/pl5/sjh/2024297.html,https://www.8200.cn/kjh/p3/2024297.htm
2024-11-07,2024298,68088,680,706,42855,是,https://m.ydniu.com/kaijiang/pl5/sjh/2024298.html,https://www.8200.cn/kjh/p3/2024298.htm
2024-11-08,2024299,58102,581,904,87797,是,https://m.ydniu.com/kaijiang/pl5/sjh/2024299.html,https://www.8200.cn/kjh/p3/2024299.htm
2024-11-09,2024300,93336,933,753,93382,是,https://m.ydniu.com/kaijiang/pl5/sjh/2024300.html,https://www.8200.cn/kjh/p3/2024300.htm
2024-11-10,2024301,87733,877,582,18600,是,https://m.ydniu.com/kaijiang/pl5/sjh/2024301.html,https://www.8200.cn/kjh/p3/2024301.htm
2024-11-11,2024302,39803,398,725,13516,是,https://m.ydniu.com/kaijiang/pl5/sjh/2024302.html,https://www.8200.cn/kjh/p3/2024302.htm
2024-11-12,2024303,20192,201,376,89748,是,https://m.ydniu.com/kaijiang/pl5/sjh/2024303.html,https://www.8200.cn/kjh/p3/2024303.htm
2024-11-13,2024304,42538,425,925,40360,是,https://m.ydniu.com/kaijiang/pl5/sjh/2024304.html,https://www.8200.cn/kjh/p3/2024304.htm
2024-11-14,2024305,84184,841,713,16461,是,https://m.ydniu.com/kaijiang/pl5/sjh/2024305.html,https://www.8200.cn/kjh/p3/2024305.htm
2024-11-15,2024306,50881,508,318,62668,是,https://m.ydniu.com/kaijiang/pl5/sjh/2024306.html,https://www.8200.cn/kjh/p3/2024306.htm
2024-11-16,2024307,58216,582,521,05627,是,https://m.ydniu.com/kaijiang/pl5/sjh/2024307.html,https://www.8200.cn/kjh/p3/2024307.htm
2024-11-17,2024308,84399,843,614,78654,是,https://m.ydniu.com/kaijiang/pl5/sjh/2024308.html,https://www.8200.cn/kjh/p3/2024308.htm
2024-11-18,2024309,48300,483,740,93950,是,https://m.ydniu.com/kaijiang/pl5/sjh/2024309.html,https://www.8200.cn/kjh/p3/2024309.htm
2024-11-19,2024310,71896,718,102,62400,是,https://m.ydniu.com/kaijiang/pl5/sjh/2024310.html,https://www.8200.cn/kjh/p3/2024310.htm
2024-11-20,2024311,53314,533,385,02536,是,https://m.ydniu.com/kaijiang/pl5/sjh/2024311.html,https://www.8200.cn/kjh/p3/2024311.htm
2024-11-21,2024312,41323,413,508,78585,是,https://m.ydniu.com/kaijiang/pl5/sjh/2024312.html,https://www.8200.cn/kjh/p3/2024312.htm
2024-11-22,2024313,47116,471,738,78875,是,https://m.ydniu.com/kaijiang/pl5/sjh/2024313.html,https://www.8200.cn/kjh/p3/2024313.htm
2024-11-23,2024314,08022,080,916,89484,是,https://m.ydniu.com/kaijiang/pl5/sjh/2024314.html,https://www.8200.cn/kjh/p3/2024314.htm
2024-11-24,2024315,07119,071,278,96617,是,https://m.ydniu.com/kaijiang/pl5/sjh/2024315.html,https://www.8200.cn/kjh/p3/2024315.htm
2024-11-25,2024316,33275,332,752,48947,是,https://m.ydniu.com/kaijiang/pl5/sjh/2024316.html,https://www.8200.cn/kjh/p3/2024316.htm
2024-11-26,2024317,35575,355,580,88487,是,https://m.ydniu.com/kaijiang/pl5/sjh/2024317.html,https://www.8200.cn/kjh/p3/2024317.htm
2024-11-27,2024318,24398,243,730,72913,是,https://m.ydniu.com/kaijiang/pl5/sjh/2024318.html,https://www.8200.cn/kjh/p3/2024318.htm
2024-11-28,2024319,79335,793,409,10467,是,https://m.ydniu.com/kaijiang/pl5/sjh/2024319.html,https://www.8200.cn/kjh/p3/2024319.htm
2024-11-29,2024320,86346,863,902,23963,是,https://m.ydniu.com/kaijiang/pl5/sjh/2024320.html,https://www.8200.cn/kjh/p3/2024320.htm
2024-11-30,2024321,05007,050,827,35983,是,https://m.ydniu.com/kaijiang/pl5/sjh/2024321.html,https://www.8200.cn/kjh/p3/2024321.htm
2024-12-01,2024322,67858,678,867,79319,是,https://m.ydniu.com/kaijiang/pl5/sjh/2024322.html,https://www.8200.cn/kjh/p3/2024322.htm
2024-12-02,2024323,91473,914,964,77336,是,https://m.ydniu.com/kaijiang/pl5/sjh/2024323.html,https://www.8200.cn/kjh/p3/2024323.htm
2024-12-03,2024324,63013,630,218,49863,是,https://m.ydniu.com/kaijiang/pl5/sjh/2024324.html,https://www.8200.cn/kjh/p3/2024324.htm
2024-12-04,2024325,02307,023,804,75535,是,https://m.ydniu.com/kaijiang/pl5/sjh/2024325.html,https://www.8200.cn/kjh/p3/2024325.htm
2024-12-05,2024326,25701,257,128,81414,是,https://m.ydniu.com/kaijiang/pl5/sjh/2024326.html,https://www.8200.cn/kjh/p3/2024326.htm
2024-12-06,2024327,13422,134,658,51515,是,https://m.ydniu.com/kaijiang/pl5/sjh/2024327.html,https://www.8200.cn/kjh/p3/2024327.htm
2024-12-07,2024328,12504,125,596,73088,是,https://m.ydniu.com/kaijiang/pl5/sjh/2024328.html,https://www.8200.cn/kjh/p3/2024328.htm
2024-12-08,2024329,14780,147,932,87055,是,https://m.ydniu.com/kaijiang/pl5/sjh/2024329.html,https://www.8200.cn/kjh/p3/2024329.htm
2024-12-09,2024330,81136,811,057,10426,是,https://m.ydniu.com/kaijiang/pl5/sjh/2024330.html,https://www.8200.cn/kjh/p3/2024330.htm
2024-12-10,2024331,71227,712,267,82088,是,https://m.ydniu.com/kaijiang/pl5/sjh/2024331.html,https://www.8200.cn/kjh/p3/2024331.htm
2024-12-11,2024332,67957,679,490,77484,是,https://m.ydniu.com/kaijiang/pl5/sjh/2024332.html,https://www.8200.cn/kjh/p3/2024332.htm
2024-12-12,2024333,84859,848,762,54479,是,https://m.ydniu.com/kaijiang/pl5/sjh/2024333.html,https://www.8200.cn/kjh/p3/2024333.htm
2024-12-13,2024334,74681,746,105,14365,是,https://m.ydniu.com/kaijiang/pl5/sjh/2024334.html,https://www.8200.cn/kjh/p3/2024334.htm
2024-12-14,2024335,49906,499,985,66801,是,https://m.ydniu.com/kaijiang/pl5/sjh/2024335.html,https://www.8200.cn/kjh/p3/2024335.htm
2024-12-15,2024336,24967,249,973,70479,是,https://m.ydniu.com/kaijiang/pl5/sjh/2024336.html,https://www.8200.cn/kjh/p3/2024336.htm
2024-12-16,2024337,17254,172,826,35598,是,https://m.ydniu.com/kaijiang/pl5/sjh/2024337.html,https://www.8200.cn/kjh/p3/2024337.htm
2024-12-17,2024338,15551,155,807,08191,是,https://m.ydniu.com/kaijiang/pl5/sjh/2024338.html,https://www.8200.cn/kjh/p3/2024338.htm
2024-12-18,2024339,91863,918,325,35728,是,https://m.ydniu.com/kaijiang/pl5/sjh/2024339.html,https://www.8200.cn/kjh/p3/2024339.htm
2024-12-19,2024340,03172,031,703,39629,是,https://m.ydniu.com/kaijiang/pl5/sjh/2024340.html,https://www.8200.cn/kjh/p3/2024340.htm
2024-12-20,2024341,65343,653,204,61441,是,https://m.ydniu.com/kaijiang/pl5/sjh/2024341.html,https://www.8200.cn/kjh/p3/2024341.htm
2024-12-21,2024342,08483,084,120,17936,是,https://m.ydniu.com/kaijiang/pl5/sjh/2024342.html,https://www.8200.cn/kjh/p3/2024342.htm
2024-12-22,2024343,48115,481,697,81177,是,https://m.ydniu.com/kaijiang/pl5/sjh/2024343.html,https://www.8200.cn/kjh/p3/2024343.htm
2024-12-23,2024344,54613,546,801,44274,是,https://m.ydniu.com/kaijiang/pl5/sjh/2024344.html,https://www.8200.cn/kjh/p3/2024344.htm
2024-12-24,2024345,62030,620,712,76795,是,https://m.ydniu.com/kaijiang/pl5/sjh/2024345.html,https://www.8200.cn/kjh/p3/2024345.htm
2024-12-25,2024346,67722,677,510,21868,是,https://m.ydniu.com/kaijiang/pl5/sjh/2024346.html,https://www.8200.cn/kjh/p3/2024346.htm
2024-12-26,2024347,89343,893,413,54830,是,https://m.ydniu.com/kaijiang/pl5/sjh/2024347.html,https://www.8200.cn/kjh/p3/2024347.htm
2024-12-27,2024348,19209,192,358,68211,是,https://m.ydniu.com/kaijiang/pl5/sjh/2024348.html,https://www.8200.cn/kjh/p3/2024348.htm
2024-12-28,2024349,90732,907,926,79947,是,https://m.ydniu.com/kaijiang/pl5/sjh/2024349.html,https://www.8200.cn/kjh/p3/2024349.htm
2024-12-29,2024350,22042,220,328,09665,是,https://m.ydniu.com/kaijiang/pl5/sjh/2024350.html,https://www.8200.cn/kjh/p3/2024350.htm
2024-12-30,2024351,78888,788,173,97065,是,https://m.ydniu.com/kaijiang/pl5/sjh/2024351.html,https://www.8200.cn/kjh/p3/2024351.htm
2024-12-31,2024352,69189,691,813,00966,是,https://m.ydniu.com/kaijiang/pl5/sjh/2024352.html,https://www.8200.cn/kjh/p3/2024352.htm
2026-08-13,2024353,92738,927,,45103,是,https://m.ydniu.com/kaijiang/pl5/sjh/2024353.html,https://www.8200.cn/kjh/p3/2024353.htm
2026-08-13,2024354,92738,927,,45103,是,https://m.ydniu.com/kaijiang/pl5/sjh/2024354.html,https://www.8200.cn/kjh/p3/2024354.htm
2026-08-13,2024355,92738,927,,45103,是,https://m.ydniu.com/kaijiang/pl5/sjh/2024355.html,https://www.8200.cn/kjh/p3/2024355.htm
2026-08-13,2024356,92738,927,,45103,是,https://m.ydniu.com/kaijiang/pl5/sjh/2024356.html,https://www.8200.cn/kjh/p3/2024356.htm
2026-08-13,2024357,92738,927,,45103,是,https://m.ydniu.com/kaijiang/pl5/sjh/2024357.html,https://www.8200.cn/kjh/p3/2024357.htm
2026-08-13,2024358,92738,927,,45103,是,https://m.ydniu.com/kaijiang/pl5/sjh/2024358.html,https://www.8200.cn/kjh/p3/2024358.htm
2026-08-13,2024359,92738,927,,45103,是,https://m.ydniu.com/kaijiang/pl5/sjh/2024359.html,https://www.8200.cn/kjh/p3/2024359.htm
2026-08-13,2024360,92738,927,,45103,是,https://m.ydniu.com/kaijiang/pl5/sjh/2024360.html,https://www.8200.cn/kjh/p3/2024360.htm
2026-08-13,2024361,92738,927,,45103,是,https://m.ydniu.com/kaijiang/pl5/sjh/2024361.html,https://www.8200.cn/kjh/p3/2024361.htm
2026-08-13,2024362,92738,927,,45103,是,https://m.ydniu.com/kaijiang/pl5/sjh/2024362.html,https://www.8200.cn/kjh/p3/2024362.htm
2026-08-13,2024363,92738,927,,45103,是,https://m.ydniu.com/kaijiang/pl5/sjh/2024363.html,https://www.8200.cn/kjh/p3/2024363.htm
2026-08-13,2024364,92738,927,,45103,是,https://m.ydniu.com/kaijiang/pl5/sjh/2024364.html,https://www.8200.cn/kjh/p3/2024364.htm
2026-08-13,2024365,92738,927,,45103,是,https://m.ydniu.com/kaijiang/pl5/sjh/2024365.html,https://www.8200.cn/kjh/p3/2024365.htm
2026-08-13,2024366,92738,927,,45103,是,https://m.ydniu.com/kaijiang/pl5/sjh/2024366.html,https://www.8200.cn/kjh/p3/2024366.htm
2025-01-01,2025001,12336,123,513,80628,是,https://m.ydniu.com/kaijiang/pl5/sjh/2025001.html,https://www.8200.cn/kjh/p3/2025001.htm
2025-01-02,2025002,90069,900,341,01147,是,https://m.ydniu.com/kaijiang/pl5/sjh/2025002.html,https://www.8200.cn/kjh/p3/2025002.htm
2025-01-03,2025003,16844,168,560,27731,是,https://m.ydniu.com/kaijiang/pl5/sjh/2025003.html,https://www.8200.cn/kjh/p3/2025003.htm
2025-01-04,2025004,35188,351,927,94850,是,https://m.ydniu.com/kaijiang/pl5/sjh/2025004.html,https://www.8200.cn/kjh/p3/2025004.htm
2025-01-05,2025005,61778,617,726,40210,是,https://m.ydniu.com/kaijiang/pl5/sjh/2025005.html,https://www.8200.cn/kjh/p3/2025005.htm
2025-01-06,2025006,65693,656,432,26896,是,https://m.ydniu.com/kaijiang/pl5/sjh/2025006.html,https://www.8200.cn/kjh/p3/2025006.htm
2025-01-07,2025007,36213,362,826,10302,是,https://m.ydniu.com/kaijiang/pl5/sjh/2025007.html,https://www.8200.cn/kjh/p3/2025007.htm
2025-01-08,2025008,12809,128,325,68253,是,https://m.ydniu.com/kaijiang/pl5/sjh/2025008.html,https://www.8200.cn/kjh/p3/2025008.htm
2025-01-09,2025009,80602,806,510,29734,是,https://m.ydniu.com/kaijiang/pl5/sjh/2025009.html,https://www.8200.cn/kjh/p3/2025009.htm
2025-01-10,2025010,14323,143,648,63882,是,https://m.ydniu.com/kaijiang/pl5/sjh/2025010.html,https://www.8200.cn/kjh/p3/2025010.htm
2025-01-11,2025011,02749,027,239,07146,是,https://m.ydniu.com/kaijiang/pl5/sjh/2025011.html,https://www.8200.cn/kjh/p3/2025011.htm
2025-01-12,2025012,47168,471,807,97106,是,https://m.ydniu.com/kaijiang/pl5/sjh/2025012.html,https://www.8200.cn/kjh/p3/2025012.htm
2025-01-13,2025013,97806,978,439,05259,是,https://m.ydniu.com/kaijiang/pl5/sjh/2025013.html,https://www.8200.cn/kjh/p3/2025013.htm
2025-01-14,2025014,50878,508,159,97308,是,https://m.ydniu.com/kaijiang/pl5/sjh/2025014.html,https://www.8200.cn/kjh/p3/2025014.htm
2025-01-15,2025015,39878,398,239,74976,是,https://m.ydniu.com/kaijiang/pl5/sjh/2025015.html,https://www.8200.cn/kjh/p3/2025015.htm
2025-01-16,2025016,96352,963,549,11900,是,https://m.ydniu.com/kaijiang/pl5/sjh/2025016.html,https://www.8200.cn/kjh/p3/2025016.htm
2025-01-17,2025017,95692,956,897,97655,是,https://m.ydniu.com/kaijiang/pl5/sjh/2025017.html,https://www.8200.cn/kjh/p3/2025017.htm
2025-01-18,2025018,29255,292,413,20899,是,https://m.ydniu.com/kaijiang/pl5/sjh/2025018.html,https://www.8200.cn/kjh/p3/2025018.htm
2025-01-19,2025019,73426,734,501,00407,是,https://m.ydniu.com/kaijiang/pl5/sjh/2025019.html,https://www.8200.cn/kjh/p3/2025019.htm
2025-01-20,2025020,15976,159,687,73460,是,https://m.ydniu.com/kaijiang/pl5/sjh/2025020.html,https://www.8200.cn/kjh/p3/2025020.htm
2025-01-21,2025021,34652,346,850,48267,是,https://m.ydniu.com/kaijiang/pl5/sjh/2025021.html,https://www.8200.cn/kjh/p3/2025021.htm
2025-01-22,2025022,48402,484,917,87741,是,https://m.ydniu.com/kaijiang/pl5/sjh/2025022.html,https://www.8200.cn/kjh/p3/2025022.htm
2025-01-23,2025023,78804,788,394,67193,是,https://m.ydniu.com/kaijiang/pl5/sjh/2025023.html,https://www.8200.cn/kjh/p3/2025023.htm
2025-01-24,2025024,22850,228,703,11460,是,https://m.ydniu.com/kaijiang/pl5/sjh/2025024.html,https://www.8200.cn/kjh/p3/2025024.htm
2025-01-25,2025025,67750,677,519,05437,是,https://m.ydniu.com/kaijiang/pl5/sjh/2025025.html,https://www.8200.cn/kjh/p3/2025025.htm
2025-01-26,2025026,34635,346,748,78555,是,https://m.ydniu.com/kaijiang/pl5/sjh/2025026.html,https://www.8200.cn/kjh/p3/2025026.htm
2025-02-06,2025027,04873,048,534,60424,是,https://m.ydniu.com/kaijiang/pl5/sjh/2025027.html,https://www.8200.cn/kjh/p3/2025027.htm
2025-02-07,2025028,82232,822,357,75775,是,https://m.ydniu.com/kaijiang/pl5/sjh/2025028.html,https://www.8200.cn/kjh/p3/2025028.htm
2025-02-08,2025029,48947,489,915,91274,是,https://m.ydniu.com/kaijiang/pl5/sjh/2025029.html,https://www.8200.cn/kjh/p3/2025029.htm
2025-02-09,2025030,29718,297,601,19887,是,https://m.ydniu.com/kaijiang/pl5/sjh/2025030.html,https://www.8200.cn/kjh/p3/2025030.htm
2025-02-10,2025031,51341,513,607,21761,是,https://m.ydniu.com/kaijiang/pl5/sjh/2025031.html,https://www.8200.cn/kjh/p3/2025031.htm
2025-02-11,2025032,39270,392,816,76126,是,https://m.ydniu.com/kaijiang/pl5/sjh/2025032.html,https://www.8200.cn/kjh/p3/2025032.htm
2025-02-12,2025033,93452,934,580,30138,是,https://m.ydniu.com/kaijiang/pl5/sjh/2025033.html,https://www.8200.cn/kjh/p3/2025033.htm
2025-02-13,2025034,30912,309,781,62745,是,https://m.ydniu.com/kaijiang/pl5/sjh/2025034.html,https://www.8200.cn/kjh/p3/2025034.htm
2025-02-14,2025035,84978,849,674,01879,是,https://m.ydniu.com/kaijiang/pl5/sjh/2025035.html,https://www.8200.cn/kjh/p3/2025035.htm
2025-02-15,2025036,52102,521,956,01871,是,https://m.ydniu.com/kaijiang/pl5/sjh/2025036.html,https://www.8200.cn/kjh/p3/2025036.htm
2025-02-16,2025037,57887,578,513,03216,是,https://m.ydniu.com/kaijiang/pl5/sjh/2025037.html,https://www.8200.cn/kjh/p3/2025037.htm
2025-02-17,2025038,36614,366,607,63372,是,https://m.ydniu.com/kaijiang/pl5/sjh/2025038.html,https://www.8200.cn/kjh/p3/2025038.htm
2025-02-18,2025039,58866,588,264,54640,是,https://m.ydniu.com/kaijiang/pl5/sjh/2025039.html,https://www.8200.cn/kjh/p3/2025039.htm
2025-02-19,2025040,87521,875,234,10776,是,https://m.ydniu.com/kaijiang/pl5/sjh/2025040.html,https://www.8200.cn/kjh/p3/2025040.htm
2025-02-20,2025041,91621,916,972,44218,是,https://m.ydniu.com/kaijiang/pl5/sjh/2025041.html,https://www.8200.cn/kjh/p3/2025041.htm
2025-02-21,2025042,67553,675,641,89286,是,https://m.ydniu.com/kaijiang/pl5/sjh/2025042.html,https://www.8200.cn/kjh/p3/2025042.htm
2025-02-22,2025043,55225,552,817,17389,是,https://m.ydniu.com/kaijiang/pl5/sjh/2025043.html,https://www.8200.cn/kjh/p3/2025043.htm
2025-02-23,2025044,80573,805,908,07531,是,https://m.ydniu.com/kaijiang/pl5/sjh/2025044.html,https://www.8200.cn/kjh/p3/2025044.htm
2025-02-24,2025045,72292,722,629,87653,是,https://m.ydniu.com/kaijiang/pl5/sjh/2025045.html,https://www.8200.cn/kjh/p3/2025045.htm
2025-02-25,2025046,37257,372,527,51890,是,https://m.ydniu.com/kaijiang/pl5/sjh/2025046.html,https://www.8200.cn/kjh/p3/2025046.htm
2025-02-26,2025047,80621,806,913,01848,是,https://m.ydniu.com/kaijiang/pl5/sjh/2025047.html,https://www.8200.cn/kjh/p3/2025047.htm
2025-02-27,2025048,57043,570,952,20969,是,https://m.ydniu.com/kaijiang/pl5/sjh/2025048.html,https://www.8200.cn/kjh/p3/2025048.htm
2025-02-28,2025049,03730,037,965,84647,是,https://m.ydniu.com/kaijiang/pl5/sjh/2025049.html,https://www.8200.cn/kjh/p3/2025049.htm
2025-03-01,2025050,57057,570,815,63874,是,https://m.ydniu.com/kaijiang/pl5/sjh/2025050.html,https://www.8200.cn/kjh/p3/2025050.htm
2025-03-02,2025051,97361,973,692,30741,是,https://m.ydniu.com/kaijiang/pl5/sjh/2025051.html,https://www.8200.cn/kjh/p3/2025051.htm
2025-03-03,2025052,33726,337,126,73362,是,https://m.ydniu.com/kaijiang/pl5/sjh/2025052.html,https://www.8200.cn/kjh/p3/2025052.htm
2025-03-04,2025053,89930,899,617,70397,是,https://m.ydniu.com/kaijiang/pl5/sjh/2025053.html,https://www.8200.cn/kjh/p3/2025053.htm
2025-03-05,2025054,38440,384,527,67935,是,https://m.ydniu.com/kaijiang/pl5/sjh/2025054.html,https://www.8200.cn/kjh/p3/2025054.htm
2025-03-06,2025055,91645,916,578,54970,是,https://m.ydniu.com/kaijiang/pl5/sjh/2025055.html,https://www.8200.cn/kjh/p3/2025055.htm
2025-03-07,2025056,71612,716,724,79059,是,https://m.ydniu.com/kaijiang/pl5/sjh/2025056.html,https://www.8200.cn/kjh/p3/2025056.htm
2025-03-08,2025057,76544,765,518,58825,是,https://m.ydniu.com/kaijiang/pl5/sjh/2025057.html,https://www.8200.cn/kjh/p3/2025057.htm
2025-03-09,2025058,67291,672,438,93733,是,https://m.ydniu.com/kaijiang/pl5/sjh/2025058.html,https://www.8200.cn/kjh/p3/2025058.htm
2025-03-10,2025059,77128,771,285,39725,是,https://m.ydniu.com/kaijiang/pl5/sjh/2025059.html,https://www.8200.cn/kjh/p3/2025059.htm
2025-03-11,2025060,79333,793,179,75505,是,https://m.ydniu.com/kaijiang/pl5/sjh/2025060.html,https://www.8200.cn/kjh/p3/2025060.htm
2025-03-12,2025061,49045,490,762,49401,是,https://m.ydniu.com/kaijiang/pl5/sjh/2025061.html,https://www.8200.cn/kjh/p3/2025061.htm
2025-03-13,2025062,25712,257,624,86047,是,https://m.ydniu.com/kaijiang/pl5/sjh/2025062.html,https://www.8200.cn/kjh/p3/2025062.htm
2025-03-14,2025063,46676,466,489,54878,是,https://m.ydniu.com/kaijiang/pl5/sjh/2025063.html,https://www.8200.cn/kjh/p3/2025063.htm
2025-03-15,2025064,65640,656,673,44724,是,https://m.ydniu.com/kaijiang/pl5/sjh/2025064.html,https://www.8200.cn/kjh/p3/2025064.htm
2025-03-16,2025065,99031,990,189,53571,是,https://m.ydniu.com/kaijiang/pl5/sjh/2025065.html,https://www.8200.cn/kjh/p3/2025065.htm
2025-03-17,2025066,18462,184,839,20107,是,https://m.ydniu.com/kaijiang/pl5/sjh/2025066.html,https://www.8200.cn/kjh/p3/2025066.htm
2025-03-18,2025067,67161,671,519,16096,是,https://m.ydniu.com/kaijiang/pl5/sjh/2025067.html,https://www.8200.cn/kjh/p3/2025067.htm
2025-03-19,2025068,97562,975,683,48339,是,https://m.ydniu.com/kaijiang/pl5/sjh/2025068.html,https://www.8200.cn/kjh/p3/2025068.htm
2025-03-20,2025069,93411,934,675,09386,是,https://m.ydniu.com/kaijiang/pl5/sjh/2025069.html,https://www.8200.cn/kjh/p3/2025069.htm
2025-03-21,2025070,77115,771,598,70520,是,https://m.ydniu.com/kaijiang/pl5/sjh/2025070.html,https://www.8200.cn/kjh/p3/2025070.htm
2025-03-22,2025071,46288,462,401,07601,是,https://m.ydniu.com/kaijiang/pl5/sjh/2025071.html,https://www.8200.cn/kjh/p3/2025071.htm
2025-03-23,2025072,93594,935,290,82949,是,https://m.ydniu.com/kaijiang/pl5/sjh/2025072.html,https://www.8200.cn/kjh/p3/2025072.htm
2025-03-24,2025073,13299,132,804,93244,是,https://m.ydniu.com/kaijiang/pl5/sjh/2025073.html,https://www.8200.cn/kjh/p3/2025073.htm
2025-03-25,2025074,17962,179,547,68138,是,https://m.ydniu.com/kaijiang/pl5/sjh/2025074.html,https://www.8200.cn/kjh/p3/2025074.htm
2025-03-26,2025075,74373,743,967,20874,是,https://m.ydniu.com/kaijiang/pl5/sjh/2025075.html,https://www.8200.cn/kjh/p3/2025075.htm
2025-03-27,2025076,40750,407,934,38756,是,https://m.ydniu.com/kaijiang/pl5/sjh/2025076.html,https://www.8200.cn/kjh/p3/2025076.htm
2025-03-28,2025077,42579,425,925,08662,是,https://m.ydniu.com/kaijiang/pl5/sjh/2025077.html,https://www.8200.cn/kjh/p3/2025077.htm
2025-03-29,2025078,11346,113,395,23499,是,https://m.ydniu.com/kaijiang/pl5/sjh/2025078.html,https://www.8200.cn/kjh/p3/2025078.htm
2025-03-30,2025079,29676,296,108,82823,是,https://m.ydniu.com/kaijiang/pl5/sjh/2025079.html,https://www.8200.cn/kjh/p3/2025079.htm
2025-03-31,2025080,73864,738,683,12355,是,https://m.ydniu.com/kaijiang/pl5/sjh/2025080.html,https://www.8200.cn/kjh/p3/2025080.htm
2025-04-01,2025081,76683,766,971,51323,是,https://m.ydniu.com/kaijiang/pl5/sjh/2025081.html,https://www.8200.cn/kjh/p3/2025081.htm
2025-04-02,2025082,34452,344,647,51663,是,https://m.ydniu.com/kaijiang/pl5/sjh/2025082.html,https://www.8200.cn/kjh/p3/2025082.htm
2025-04-03,2025083,59397,593,172,09178,是,https://m.ydniu.com/kaijiang/pl5/sjh/2025083.html,https://www.8200.cn/kjh/p3/2025083.htm
2025-04-04,2025084,30475,304,704,00003,是,https://m.ydniu.com/kaijiang/pl5/sjh/2025084.html,https://www.8200.cn/kjh/p3/2025084.htm
2025-04-05,2025085,35327,353,215,16469,是,https://m.ydniu.com/kaijiang/pl5/sjh/2025085.html,https://www.8200.cn/kjh/p3/2025085.htm
2025-04-06,2025086,63444,634,193,59325,是,https://m.ydniu.com/kaijiang/pl5/sjh/2025086.html,https://www.8200.cn/kjh/p3/2025086.htm
2025-04-07,2025087,84579,845,297,86396,是,https://m.ydniu.com/kaijiang/pl5/sjh/2025087.html,https://www.8200.cn/kjh/p3/2025087.htm
2025-04-08,2025088,22231,222,874,63862,是,https://m.ydniu.com/kaijiang/pl5/sjh/2025088.html,https://www.8200.cn/kjh/p3/2025088.htm
2025-04-09,2025089,20883,208,865,70181,是,https://m.ydniu.com/kaijiang/pl5/sjh/2025089.html,https://www.8200.cn/kjh/p3/2025089.htm
2025-04-10,2025090,99348,993,309,73489,是,https://m.ydniu.com/kaijiang/pl5/sjh/2025090.html,https://www.8200.cn/kjh/p3/2025090.htm
2025-04-11,2025091,83006,830,581,65670,是,https://m.ydniu.com/kaijiang/pl5/sjh/2025091.html,https://www.8200.cn/kjh/p3/2025091.htm
2025-04-12,2025092,72194,721,659,14525,是,https://m.ydniu.com/kaijiang/pl5/sjh/2025092.html,https://www.8200.cn/kjh/p3/2025092.htm
2025-04-13,2025093,43225,432,761,71661,是,https://m.ydniu.com/kaijiang/pl5/sjh/2025093.html,https://www.8200.cn/kjh/p3/2025093.htm
2025-04-14,2025094,53406,534,845,31679,是,https://m.ydniu.com/kaijiang/pl5/sjh/2025094.html,https://www.8200.cn/kjh/p3/2025094.htm
2025-04-15,2025095,67278,672,629,36296,是,https://m.ydniu.com/kaijiang/pl5/sjh/2025095.html,https://www.8200.cn/kjh/p3/2025095.htm
2025-04-16,2025096,94871,948,326,55522,是,https://m.ydniu.com/kaijiang/pl5/sjh/2025096.html,https://www.8200.cn/kjh/p3/2025096.htm
2025-04-17,2025097,17169,171,972,57491,是,https://m.ydniu.com/kaijiang/pl5/sjh/2025097.html,https://www.8200.cn/kjh/p3/2025097.htm
2025-04-18,2025098,19275,192,815,62433,是,https://m.ydniu.com/kaijiang/pl5/sjh/2025098.html,https://www.8200.cn/kjh/p3/2025098.htm
2025-04-19,2025099,17451,174,429,83814,是,https://m.ydniu.com/kaijiang/pl5/sjh/2025099.html,https://www.8200.cn/kjh/p3/2025099.htm
2025-04-20,2025100,99702,997,624,52788,是,https://m.ydniu.com/kaijiang/pl5/sjh/2025100.html,https://www.8200.cn/kjh/p3/2025100.htm
2025-04-21,2025101,91157,911,842,54161,是,https://m.ydniu.com/kaijiang/pl5/sjh/2025101.html,https://www.8200.cn/kjh/p3/2025101.htm
2025-04-22,2025102,23343,233,807,55601,是,https://m.ydniu.com/kaijiang/pl5/sjh/2025102.html,https://www.8200.cn/kjh/p3/2025102.htm
2025-04-23,2025103,47140,471,518,05314,是,https://m.ydniu.com/kaijiang/pl5/sjh/2025103.html,https://www.8200.cn/kjh/p3/2025103.htm
2025-04-24,2025104,14491,144,412,52522,是,https://m.ydniu.com/kaijiang/pl5/sjh/2025104.html,https://www.8200.cn/kjh/p3/2025104.htm
2025-04-25,2025105,08492,084,502,88405,是,https://m.ydniu.com/kaijiang/pl5/sjh/2025105.html,https://www.8200.cn/kjh/p3/2025105.htm
2025-04-26,2025106,07676,076,924,28465,是,https://m.ydniu.com/kaijiang/pl5/sjh/2025106.html,https://www.8200.cn/kjh/p3/2025106.htm
2025-04-27,2025107,72627,726,589,12809,是,https://m.ydniu.com/kaijiang/pl5/sjh/2025107.html,https://www.8200.cn/kjh/p3/2025107.htm
2025-04-28,2025108,87742,877,769,87818,是,https://m.ydniu.com/kaijiang/pl5/sjh/2025108.html,https://www.8200.cn/kjh/p3/2025108.htm
2025-04-29,2025109,61979,619,193,58884,是,https://m.ydniu.com/kaijiang/pl5/sjh/2025109.html,https://www.8200.cn/kjh/p3/2025109.htm
2025-04-30,2025110,11652,116,983,45296,是,https://m.ydniu.com/kaijiang/pl5/sjh/2025110.html,https://www.8200.cn/kjh/p3/2025110.htm
2025-05-01,2025111,58886,588,821,66977,是,https://m.ydniu.com/kaijiang/pl5/sjh/2025111.html,https://www.8200.cn/kjh/p3/2025111.htm
2025-05-02,2025112,48386,483,309,38473,是,https://m.ydniu.com/kaijiang/pl5/sjh/2025112.html,https://www.8200.cn/kjh/p3/2025112.htm
2025-05-03,2025113,02975,029,846,67277,是,https://m.ydniu.com/kaijiang/pl5/sjh/2025113.html,https://www.8200.cn/kjh/p3/2025113.htm
2025-05-04,2025114,19240,192,713,72777,是,https://m.ydniu.com/kaijiang/pl5/sjh/2025114.html,https://www.8200.cn/kjh/p3/2025114.htm
2025-05-05,2025115,84740,847,570,04879,是,https://m.ydniu.com/kaijiang/pl5/sjh/2025115.html,https://www.8200.cn/kjh/p3/2025115.htm
2025-05-06,2025116,36046,360,647,14360,是,https://m.ydniu.com/kaijiang/pl5/sjh/2025116.html,https://www.8200.cn/kjh/p3/2025116.htm
2025-05-07,2025117,17018,170,928,60152,是,https://m.ydniu.com/kaijiang/pl5/sjh/2025117.html,https://www.8200.cn/kjh/p3/2025117.htm
2025-05-08,2025118,25588,255,510,28669,是,https://m.ydniu.com/kaijiang/pl5/sjh/2025118.html,https://www.8200.cn/kjh/p3/2025118.htm
2025-05-09,2025119,70300,703,742,59029,是,https://m.ydniu.com/kaijiang/pl5/sjh/2025119.html,https://www.8200.cn/kjh/p3/2025119.htm
2025-05-10,2025120,40154,401,750,05686,是,https://m.ydniu.com/kaijiang/pl5/sjh/2025120.html,https://www.8200.cn/kjh/p3/2025120.htm
2025-05-11,2025121,42499,424,139,75230,是,https://m.ydniu.com/kaijiang/pl5/sjh/2025121.html,https://www.8200.cn/kjh/p3/2025121.htm
2025-05-12,2025122,03044,030,369,68140,是,https://m.ydniu.com/kaijiang/pl5/sjh/2025122.html,https://www.8200.cn/kjh/p3/2025122.htm
2025-05-13,2025123,84231,842,904,45079,是,https://m.ydniu.com/kaijiang/pl5/sjh/2025123.html,https://www.8200.cn/kjh/p3/2025123.htm
2025-05-14,2025124,52790,527,287,84202,是,https://m.ydniu.com/kaijiang/pl5/sjh/2025124.html,https://www.8200.cn/kjh/p3/2025124.htm
2025-05-15,2025125,62774,627,539,66624,是,https://m.ydniu.com/kaijiang/pl5/sjh/2025125.html,https://www.8200.cn/kjh/p3/2025125.htm
2025-05-16,2025126,18480,184,842,56649,是,https://m.ydniu.com/kaijiang/pl5/sjh/2025126.html,https://www.8200.cn/kjh/p3/2025126.htm
2025-05-17,2025127,49290,492,587,59008,是,https://m.ydniu.com/kaijiang/pl5/sjh/2025127.html,https://www.8200.cn/kjh/p3/2025127.htm
2025-05-18,2025128,87047,870,271,76788,是,https://m.ydniu.com/kaijiang/pl5/sjh/2025128.html,https://www.8200.cn/kjh/p3/2025128.htm
2025-05-19,2025129,18948,189,312,79182,是,https://m.ydniu.com/kaijiang/pl5/sjh/2025129.html,https://www.8200.cn/kjh/p3/2025129.htm
2025-05-20,2025130,06859,068,641,35382,是,https://m.ydniu.com/kaijiang/pl5/sjh/2025130.html,https://www.8200.cn/kjh/p3/2025130.htm
2025-05-21,2025131,36726,367,801,08453,是,https://m.ydniu.com/kaijiang/pl5/sjh/2025131.html,https://www.8200.cn/kjh/p3/2025131.htm
2025-05-22,2025132,27553,275,684,63472,是,https://m.ydniu.com/kaijiang/pl5/sjh/2025132.html,https://www.8200.cn/kjh/p3/2025132.htm
2025-05-23,2025133,86603,866,690,52520,是,https://m.ydniu.com/kaijiang/pl5/sjh/2025133.html,https://www.8200.cn/kjh/p3/2025133.htm
2025-05-24,2025134,51019,510,431,62453,是,https://m.ydniu.com/kaijiang/pl5/sjh/2025134.html,https://www.8200.cn/kjh/p3/2025134.htm
2025-05-25,2025135,81695,816,307,58213,是,https://m.ydniu.com/kaijiang/pl5/sjh/2025135.html,https://www.8200.cn/kjh/p3/2025135.htm
2025-05-26,2025136,32442,324,501,70050,是,https://m.ydniu.com/kaijiang/pl5/sjh/2025136.html,https://www.8200.cn/kjh/p3/2025136.htm
2025-05-27,2025137,72114,721,625,77809,是,https://m.ydniu.com/kaijiang/pl5/sjh/2025137.html,https://www.8200.cn/kjh/p3/2025137.htm
2025-05-28,2025138,89563,895,485,67863,是,https://m.ydniu.com/kaijiang/pl5/sjh/2025138.html,https://www.8200.cn/kjh/p3/2025138.htm
2025-05-29,2025139,15575,155,978,75186,是,https://m.ydniu.com/kaijiang/pl5/sjh/2025139.html,https://www.8200.cn/kjh/p3/2025139.htm
2025-05-30,2025140,26760,267,478,81304,是,https://m.ydniu.com/kaijiang/pl5/sjh/2025140.html,https://www.8200.cn/kjh/p3/2025140.htm
2025-05-31,2025141,47508,475,852,22551,是,https://m.ydniu.com/kaijiang/pl5/sjh/2025141.html,https://www.8200.cn/kjh/p3/2025141.htm
2025-06-01,2025142,34304,343,579,85918,是,https://m.ydniu.com/kaijiang/pl5/sjh/2025142.html,https://www.8200.cn/kjh/p3/2025142.htm
2025-06-02,2025143,94442,944,351,11698,是,https://m.ydniu.com/kaijiang/pl5/sjh/2025143.html,https://www.8200.cn/kjh/p3/2025143.htm
2025-06-03,2025144,38993,389,824,76425,是,https://m.ydniu.com/kaijiang/pl5/sjh/2025144.html,https://www.8200.cn/kjh/p3/2025144.htm
2025-06-04,2025145,47159,471,910,90842,是,https://m.ydniu.com/kaijiang/pl5/sjh/2025145.html,https://www.8200.cn/kjh/p3/2025145.htm
2025-06-05,2025146,82247,822,275,89153,是,https://m.ydniu.com/kaijiang/pl5/sjh/2025146.html,https://www.8200.cn/kjh/p3/2025146.htm
2025-06-06,2025147,02305,023,108,56832,是,https://m.ydniu.com/kaijiang/pl5/sjh/2025147.html,https://www.8200.cn/kjh/p3/2025147.htm
2025-06-07,2025148,55704,557,785,54572,是,https://m.ydniu.com/kaijiang/pl5/sjh/2025148.html,https://www.8200.cn/kjh/p3/2025148.htm
2025-06-08,2025149,77291,772,803,13513,是,https://m.ydniu.com/kaijiang/pl5/sjh/2025149.html,https://www.8200.cn/kjh/p3/2025149.htm
2025-06-09,2025150,21237,212,906,16947,是,https://m.ydniu.com/kaijiang/pl5/sjh/2025150.html,https://www.8200.cn/kjh/p3/2025150.htm
2025-06-10,2025151,68647,686,931,63270,是,https://m.ydniu.com/kaijiang/pl5/sjh/2025151.html,https://www.8200.cn/kjh/p3/2025151.htm
2025-06-11,2025152,74706,747,947,06737,是,https://m.ydniu.com/kaijiang/pl5/sjh/2025152.html,https://www.8200.cn/kjh/p3/2025152.htm
2025-06-12,2025153,89458,894,512,94959,是,https://m.ydniu.com/kaijiang/pl5/sjh/2025153.html,https://www.8200.cn/kjh/p3/2025153.htm
2025-06-13,2025154,98966,989,538,24479,是,https://m.ydniu.com/kaijiang/pl5/sjh/2025154.html,https://www.8200.cn/kjh/p3/2025154.htm
2025-06-14,2025155,04019,040,278,42168,是,https://m.ydniu.com/kaijiang/pl5/sjh/2025155.html,https://www.8200.cn/kjh/p3/2025155.htm
2025-06-15,2025156,63809,638,214,45598,是,https://m.ydniu.com/kaijiang/pl5/sjh/2025156.html,https://www.8200.cn/kjh/p3/2025156.htm
2025-06-16,2025157,25092,250,380,11400,是,https://m.ydniu.com/kaijiang/pl5/sjh/2025157.html,https://www.8200.cn/kjh/p3/2025157.htm
2025-06-17,2025158,88272,882,957,14068,是,https://m.ydniu.com/kaijiang/pl5/sjh/2025158.html,https://www.8200.cn/kjh/p3/2025158.htm
2025-06-18,2025159,27419,274,802,39753,是,https://m.ydniu.com/kaijiang/pl5/sjh/2025159.html,https://www.8200.cn/kjh/p3/2025159.htm
2025-06-19,2025160,17152,171,918,42477,是,https://m.ydniu.com/kaijiang/pl5/sjh/2025160.html,https://www.8200.cn/kjh/p3/2025160.htm
2025-06-20,2025161,24884,248,146,02226,是,https://m.ydniu.com/kaijiang/pl5/sjh/2025161.html,https://www.8200.cn/kjh/p3/2025161.htm
2025-06-21,2025162,31742,317,945,35318,是,https://m.ydniu.com/kaijiang/pl5/sjh/2025162.html,https://www.8200.cn/kjh/p3/2025162.htm
2025-06-22,2025163,76623,766,571,51451,是,https://m.ydniu.com/kaijiang/pl5/sjh/2025163.html,https://www.8200.cn/kjh/p3/2025163.htm
2025-06-23,2025164,51913,519,594,62138,是,https://m.ydniu.com/kaijiang/pl5/sjh/2025164.html,https://www.8200.cn/kjh/p3/2025164.htm
2025-06-24,2025165,10323,103,420,76247,是,https://m.ydniu.com/kaijiang/pl5/sjh/2025165.html,https://www.8200.cn/kjh/p3/2025165.htm
2025-06-25,2025166,69664,696,746,38735,是,https://m.ydniu.com/kaijiang/pl5/sjh/2025166.html,https://www.8200.cn/kjh/p3/2025166.htm
2025-06-26,2025167,26746,267,246,60123,是,https://m.ydniu.com/kaijiang/pl5/sjh/2025167.html,https://www.8200.cn/kjh/p3/2025167.htm
2025-06-27,2025168,20327,203,674,49255,是,https://m.ydniu.com/kaijiang/pl5/sjh/2025168.html,https://www.8200.cn/kjh/p3/2025168.htm
2025-06-28,2025169,69938,699,314,09516,是,https://m.ydniu.com/kaijiang/pl5/sjh/2025169.html,https://www.8200.cn/kjh/p3/2025169.htm
2025-06-29,2025170,50244,502,329,47612,是,https://m.ydniu.com/kaijiang/pl5/sjh/2025170.html,https://www.8200.cn/kjh/p3/2025170.htm
2025-06-30,2025171,10528,105,519,41214,是,https://m.ydniu.com/kaijiang/pl5/sjh/2025171.html,https://www.8200.cn/kjh/p3/2025171.htm
2025-07-01,2025172,72451,724,431,97647,是,https://m.ydniu.com/kaijiang/pl5/sjh/2025172.html,https://www.8200.cn/kjh/p3/2025172.htm
2025-07-02,2025173,67363,673,923,10026,是,https://m.ydniu.com/kaijiang/pl5/sjh/2025173.html,https://www.8200.cn/kjh/p3/2025173.htm
2025-07-03,2025174,13135,131,897,85060,是,https://m.ydniu.com/kaijiang/pl5/sjh/2025174.html,https://www.8200.cn/kjh/p3/2025174.htm
2025-07-04,2025175,41339,413,910,25151,是,https://m.ydniu.com/kaijiang/pl5/sjh/2025175.html,https://www.8200.cn/kjh/p3/2025175.htm
2025-07-05,2025176,94946,949,715,01566,是,https://m.ydniu.com/kaijiang/pl5/sjh/2025176.html,https://www.8200.cn/kjh/p3/2025176.htm
2025-07-06,2025177,97799,977,618,94045,是,https://m.ydniu.com/kaijiang/pl5/sjh/2025177.html,https://www.8200.cn/kjh/p3/2025177.htm
2025-07-07,2025178,71436,714,793,25145,是,https://m.ydniu.com/kaijiang/pl5/sjh/2025178.html,https://www.8200.cn/kjh/p3/2025178.htm
2025-07-08,2025179,97216,972,931,66205,是,https://m.ydniu.com/kaijiang/pl5/sjh/2025179.html,https://www.8200.cn/kjh/p3/2025179.htm
2025-07-09,2025180,88957,889,671,69669,是,https://m.ydniu.com/kaijiang/pl5/sjh/2025180.html,https://www.8200.cn/kjh/p3/2025180.htm
2025-07-10,2025181,89458,894,841,66474,是,https://m.ydniu.com/kaijiang/pl5/sjh/2025181.html,https://www.8200.cn/kjh/p3/2025181.htm
2025-07-11,2025182,72146,721,905,59934,是,https://m.ydniu.com/kaijiang/pl5/sjh/2025182.html,https://www.8200.cn/kjh/p3/2025182.htm
2025-07-12,2025183,17759,177,542,49508,是,https://m.ydniu.com/kaijiang/pl5/sjh/2025183.html,https://www.8200.cn/kjh/p3/2025183.htm
2025-07-13,2025184,22187,221,820,64342,是,https://m.ydniu.com/kaijiang/pl5/sjh/2025184.html,https://www.8200.cn/kjh/p3/2025184.htm
2025-07-14,2025185,30873,308,674,10733,是,https://m.ydniu.com/kaijiang/pl5/sjh/2025185.html,https://www.8200.cn/kjh/p3/2025185.htm
2025-07-15,2025186,51423,514,704,81914,是,https://m.ydniu.com/kaijiang/pl5/sjh/2025186.html,https://www.8200.cn/kjh/p3/2025186.htm
2025-07-16,2025187,64160,641,507,74590,是,https://m.ydniu.com/kaijiang/pl5/sjh/2025187.html,https://www.8200.cn/kjh/p3/2025187.htm
2025-07-17,2025188,62373,623,512,79258,是,https://m.ydniu.com/kaijiang/pl5/sjh/2025188.html,https://www.8200.cn/kjh/p3/2025188.htm
2025-07-18,2025189,55651,556,916,06037,是,https://m.ydniu.com/kaijiang/pl5/sjh/2025189.html,https://www.8200.cn/kjh/p3/2025189.htm
2025-07-19,2025190,49972,499,902,17292,是,https://m.ydniu.com/kaijiang/pl5/sjh/2025190.html,https://www.8200.cn/kjh/p3/2025190.htm
2025-07-20,2025191,66940,669,630,90453,是,https://m.ydniu.com/kaijiang/pl5/sjh/2025191.html,https://www.8200.cn/kjh/p3/2025191.htm
2025-07-21,2025192,68357,683,627,94478,是,https://m.ydniu.com/kaijiang/pl5/sjh/2025192.html,https://www.8200.cn/kjh/p3/2025192.htm
2025-07-22,2025193,26549,265,724,68537,是,https://m.ydniu.com/kaijiang/pl5/sjh/2025193.html,https://www.8200.cn/kjh/p3/2025193.htm
2025-07-23,2025194,27037,270,875,69956,是,https://m.ydniu.com/kaijiang/pl5/sjh/2025194.html,https://www.8200.cn/kjh/p3/2025194.htm
2025-07-24,2025195,21090,210,396,37165,是,https://m.ydniu.com/kaijiang/pl5/sjh/2025195.html,https://www.8200.cn/kjh/p3/2025195.htm
2025-07-25,2025196,94140,941,896,95457,是,https://m.ydniu.com/kaijiang/pl5/sjh/2025196.html,https://www.8200.cn/kjh/p3/2025196.htm
2025-07-26,2025197,86920,869,457,67629,是,https://m.ydniu.com/kaijiang/pl5/sjh/2025197.html,https://www.8200.cn/kjh/p3/2025197.htm
2025-07-27,2025198,71783,717,215,98047,是,https://m.ydniu.com/kaijiang/pl5/sjh/2025198.html,https://www.8200.cn/kjh/p3/2025198.htm
2025-07-28,2025199,48593,485,948,81288,是,https://m.ydniu.com/kaijiang/pl5/sjh/2025199.html,https://www.8200.cn/kjh/p3/2025199.htm
2025-07-29,2025200,21129,211,713,90432,是,https://m.ydniu.com/kaijiang/pl5/sjh/2025200.html,https://www.8200.cn/kjh/p3/2025200.htm
2025-07-30,2025201,40130,401,195,18384,是,https://m.ydniu.com/kaijiang/pl5/sjh/2025201.html,https://www.8200.cn/kjh/p3/2025201.htm
2025-07-31,2025202,25373,253,976,98516,是,https://m.ydniu.com/kaijiang/pl5/sjh/2025202.html,https://www.8200.cn/kjh/p3/2025202.htm
2025-08-01,2025203,73516,735,190,35696,是,https://m.ydniu.com/kaijiang/pl5/sjh/2025203.html,https://www.8200.cn/kjh/p3/2025203.htm
2025-08-02,2025204,83074,830,218,01698,是,https://m.ydniu.com/kaijiang/pl5/sjh/2025204.html,https://www.8200.cn/kjh/p3/2025204.htm
2025-08-03,2025205,78329,783,726,57339,是,https://m.ydniu.com/kaijiang/pl5/sjh/2025205.html,https://www.8200.cn/kjh/p3/2025205.htm
2025-08-04,2025206,60532,605,735,11382,是,https://m.ydniu.com/kaijiang/pl5/sjh/2025206.html,https://www.8200.cn/kjh/p3/2025206.htm
2025-08-05,2025207,15459,154,176,58979,是,https://m.ydniu.com/kaijiang/pl5/sjh/2025207.html,https://www.8200.cn/kjh/p3/2025207.htm
2025-08-06,2025208,30944,309,659,55829,是,https://m.ydniu.com/kaijiang/pl5/sjh/2025208.html,https://www.8200.cn/kjh/p3/2025208.htm
2025-08-07,2025209,92148,921,742,80386,是,https://m.ydniu.com/kaijiang/pl5/sjh/2025209.html,https://www.8200.cn/kjh/p3/2025209.htm
2025-08-08,2025210,62225,622,602,55458,是,https://m.ydniu.com/kaijiang/pl5/sjh/2025210.html,https://www.8200.cn/kjh/p3/2025210.htm
2025-08-09,2025211,05099,050,547,13039,是,https://m.ydniu.com/kaijiang/pl5/sjh/2025211.html,https://www.8200.cn/kjh/p3/2025211.htm
2025-08-10,2025212,22350,223,190,00525,是,https://m.ydniu.com/kaijiang/pl5/sjh/2025212.html,https://www.8200.cn/kjh/p3/2025212.htm
2025-08-11,2025213,86857,868,518,23003,是,https://m.ydniu.com/kaijiang/pl5/sjh/2025213.html,https://www.8200.cn/kjh/p3/2025213.htm
2025-08-12,2025214,17667,176,431,10542,是,https://m.ydniu.com/kaijiang/pl5/sjh/2025214.html,https://www.8200.cn/kjh/p3/2025214.htm
2025-08-13,2025215,69596,695,718,26186,是,https://m.ydniu.com/kaijiang/pl5/sjh/2025215.html,https://www.8200.cn/kjh/p3/2025215.htm
2025-08-14,2025216,41065,410,201,09724,是,https://m.ydniu.com/kaijiang/pl5/sjh/2025216.html,https://www.8200.cn/kjh/p3/2025216.htm
2025-08-15,2025217,24207,242,720,15331,是,https://m.ydniu.com/kaijiang/pl5/sjh/2025217.html,https://www.8200.cn/kjh/p3/2025217.htm
2025-08-16,2025218,30787,307,572,35145,是,https://m.ydniu.com/kaijiang/pl5/sjh/2025218.html,https://www.8200.cn/kjh/p3/2025218.htm
2025-08-17,2025219,78493,784,681,24550,是,https://m.ydniu.com/kaijiang/pl5/sjh/2025219.html,https://www.8200.cn/kjh/p3/2025219.htm
2025-08-18,2025220,35326,353,109,75212,是,https://m.ydniu.com/kaijiang/pl5/sjh/2025220.html,https://www.8200.cn/kjh/p3/2025220.htm
2025-08-19,2025221,79178,791,413,62552,是,https://m.ydniu.com/kaijiang/pl5/sjh/2025221.html,https://www.8200.cn/kjh/p3/2025221.htm
2025-08-20,2025222,66088,660,850,26859,是,https://m.ydniu.com/kaijiang/pl5/sjh/2025222.html,https://www.8200.cn/kjh/p3/2025222.htm
2025-08-21,2025223,79504,795,921,84122,是,https://m.ydniu.com/kaijiang/pl5/sjh/2025223.html,https://www.8200.cn/kjh/p3/2025223.htm
2025-08-22,2025224,02192,021,307,75150,是,https://m.ydniu.com/kaijiang/pl5/sjh/2025224.html,https://www.8200.cn/kjh/p3/2025224.htm
2025-08-23,2025225,00907,009,385,19002,是,https://m.ydniu.com/kaijiang/pl5/sjh/2025225.html,https://www.8200.cn/kjh/p3/2025225.htm
2025-08-24,2025226,37327,373,612,97319,是,https://m.ydniu.com/kaijiang/pl5/sjh/2025226.html,https://www.8200.cn/kjh/p3/2025226.htm
2025-08-25,2025227,45391,453,526,28619,是,https://m.ydniu.com/kaijiang/pl5/sjh/2025227.html,https://www.8200.cn/kjh/p3/2025227.htm
2025-08-26,2025228,16465,164,289,37045,是,https://m.ydniu.com/kaijiang/pl5/sjh/2025228.html,https://www.8200.cn/kjh/p3/2025228.htm
2025-08-27,2025229,12302,123,403,73068,是,https://m.ydniu.com/kaijiang/pl5/sjh/2025229.html,https://www.8200.cn/kjh/p3/2025229.htm
2025-08-28,2025230,17805,178,247,83835,是,https://m.ydniu.com/kaijiang/pl5/sjh/2025230.html,https://www.8200.cn/kjh/p3/2025230.htm
2025-08-29,2025231,25854,258,984,93391,是,https://m.ydniu.com/kaijiang/pl5/sjh/2025231.html,https://www.8200.cn/kjh/p3/2025231.htm
2025-08-30,2025232,39762,397,793,60060,是,https://m.ydniu.com/kaijiang/pl5/sjh/2025232.html,https://www.8200.cn/kjh/p3/2025232.htm
2025-08-31,2025233,14390,143,468,23803,是,https://m.ydniu.com/kaijiang/pl5/sjh/2025233.html,https://www.8200.cn/kjh/p3/2025233.htm
2025-09-01,2025234,28257,282,439,43034,是,https://m.ydniu.com/kaijiang/pl5/sjh/2025234.html,https://www.8200.cn/kjh/p3/2025234.htm
2025-09-02,2025235,32148,321,503,84393,是,https://m.ydniu.com/kaijiang/pl5/sjh/2025235.html,https://www.8200.cn/kjh/p3/2025235.htm
2025-09-03,2025236,15111,151,106,86470,是,https://m.ydniu.com/kaijiang/pl5/sjh/2025236.html,https://www.8200.cn/kjh/p3/2025236.htm
2025-09-04,2025237,71339,713,136,00838,是,https://m.ydniu.com/kaijiang/pl5/sjh/2025237.html,https://www.8200.cn/kjh/p3/2025237.htm
2025-09-05,2025238,75455,754,259,88319,是,https://m.ydniu.com/kaijiang/pl5/sjh/2025238.html,https://www.8200.cn/kjh/p3/2025238.htm
2025-09-06,2025239,22017,220,619,20634,是,https://m.ydniu.com/kaijiang/pl5/sjh/2025239.html,https://www.8200.cn/kjh/p3/2025239.htm
2025-09-07,2025240,62762,627,539,97870,是,https://m.ydniu.com/kaijiang/pl5/sjh/2025240.html,https://www.8200.cn/kjh/p3/2025240.htm
2025-09-08,2025241,28638,286,697,22098,是,https://m.ydniu.com/kaijiang/pl5/sjh/2025241.html,https://www.8200.cn/kjh/p3/2025241.htm
2025-09-09,2025242,52393,523,517,50134,是,https://m.ydniu.com/kaijiang/pl5/sjh/2025242.html,https://www.8200.cn/kjh/p3/2025242.htm
2025-09-10,2025243,81281,812,954,63522,是,https://m.ydniu.com/kaijiang/pl5/sjh/2025243.html,https://www.8200.cn/kjh/p3/2025243.htm
2025-09-11,2025244,75862,758,403,58532,是,https://m.ydniu.com/kaijiang/pl5/sjh/2025244.html,https://www.8200.cn/kjh/p3/2025244.htm
2025-09-12,2025245,99492,994,206,65619,是,https://m.ydniu.com/kaijiang/pl5/sjh/2025245.html,https://www.8200.cn/kjh/p3/2025245.htm
2025-09-13,2025246,20767,207,728,55104,是,https://m.ydniu.com/kaijiang/pl5/sjh/2025246.html,https://www.8200.cn/kjh/p3/2025246.htm
2025-09-14,2025247,36423,364,513,92784,是,https://m.ydniu.com/kaijiang/pl5/sjh/2025247.html,https://www.8200.cn/kjh/p3/2025247.htm
2025-09-15,2025248,98385,983,528,14186,是,https://m.ydniu.com/kaijiang/pl5/sjh/2025248.html,https://www.8200.cn/kjh/p3/2025248.htm
2025-09-16,2025249,53208,532,912,44738,是,https://m.ydniu.com/kaijiang/pl5/sjh/2025249.html,https://www.8200.cn/kjh/p3/2025249.htm
2025-09-17,2025250,17806,178,139,10904,是,https://m.ydniu.com/kaijiang/pl5/sjh/2025250.html,https://www.8200.cn/kjh/p3/2025250.htm
2025-09-18,2025251,55854,558,859,67683,是,https://m.ydniu.com/kaijiang/pl5/sjh/2025251.html,https://www.8200.cn/kjh/p3/2025251.htm
2025-09-19,2025252,19053,190,952,12457,是,https://m.ydniu.com/kaijiang/pl5/sjh/2025252.html,https://www.8200.cn/kjh/p3/2025252.htm
2025-09-20,2025253,69307,693,615,77293,是,https://m.ydniu.com/kaijiang/pl5/sjh/2025253.html,https://www.8200.cn/kjh/p3/2025253.htm
2025-09-21,2025254,62884,628,437,38017,是,https://m.ydniu.com/kaijiang/pl5/sjh/2025254.html,https://www.8200.cn/kjh/p3/2025254.htm
2025-09-22,2025255,58321,583,148,52838,是,https://m.ydniu.com/kaijiang/pl5/sjh/2025255.html,https://www.8200.cn/kjh/p3/2025255.htm
2025-09-23,2025256,79775,797,610,67930,是,https://m.ydniu.com/kaijiang/pl5/sjh/2025256.html,https://www.8200.cn/kjh/p3/2025256.htm
2025-09-24,2025257,56150,561,279,12229,是,https://m.ydniu.com/kaijiang/pl5/sjh/2025257.html,https://www.8200.cn/kjh/p3/2025257.htm
2025-09-25,2025258,03863,038,540,96111,是,https://m.ydniu.com/kaijiang/pl5/sjh/2025258.html,https://www.8200.cn/kjh/p3/2025258.htm
2025-09-26,2025259,42099,420,907,46429,是,https://m.ydniu.com/kaijiang/pl5/sjh/2025259.html,https://www.8200.cn/kjh/p3/2025259.htm
2025-09-27,2025260,51455,514,528,15430,是,https://m.ydniu.com/kaijiang/pl5/sjh/2025260.html,https://www.8200.cn/kjh/p3/2025260.htm
2025-09-28,2025261,87753,877,830,39987,是,https://m.ydniu.com/kaijiang/pl5/sjh/2025261.html,https://www.8200.cn/kjh/p3/2025261.htm
2025-09-29,2025262,51263,512,135,42942,是,https://m.ydniu.com/kaijiang/pl5/sjh/2025262.html,https://www.8200.cn/kjh/p3/2025262.htm
2025-09-30,2025263,14800,148,926,62132,是,https://m.ydniu.com/kaijiang/pl5/sjh/2025263.html,https://www.8200.cn/kjh/p3/2025263.htm
2025-10-05,2025264,20201,202,524,87030,是,https://m.ydniu.com/kaijiang/pl5/sjh/2025264.html,https://www.8200.cn/kjh/p3/2025264.htm
2025-10-06,2025265,28147,281,912,48838,是,https://m.ydniu.com/kaijiang/pl5/sjh/2025265.html,https://www.8200.cn/kjh/p3/2025265.htm
2025-10-07,2025266,74250,742,924,80495,是,https://m.ydniu.com/kaijiang/pl5/sjh/2025266.html,https://www.8200.cn/kjh/p3/2025266.htm
2025-10-08,2025267,85615,856,613,30440,是,https://m.ydniu.com/kaijiang/pl5/sjh/2025267.html,https://www.8200.cn/kjh/p3/2025267.htm
2025-10-09,2025268,32139,321,294,82728,是,https://m.ydniu.com/kaijiang/pl5/sjh/2025268.html,https://www.8200.cn/kjh/p3/2025268.htm
2025-10-10,2025269,87502,875,917,83942,是,https://m.ydniu.com/kaijiang/pl5/sjh/2025269.html,https://www.8200.cn/kjh/p3/2025269.htm
2025-10-11,2025270,01826,018,375,44548,是,https://m.ydniu.com/kaijiang/pl5/sjh/2025270.html,https://www.8200.cn/kjh/p3/2025270.htm
2025-10-12,2025271,89858,898,804,50249,是,https://m.ydniu.com/kaijiang/pl5/sjh/2025271.html,https://www.8200.cn/kjh/p3/2025271.htm
2025-10-13,2025272,76747,767,921,89696,是,https://m.ydniu.com/kaijiang/pl5/sjh/2025272.html,https://www.8200.cn/kjh/p3/2025272.htm
2025-10-14,2025273,41733,417,418,58785,是,https://m.ydniu.com/kaijiang/pl5/sjh/2025273.html,https://www.8200.cn/kjh/p3/2025273.htm
2025-10-15,2025274,78771,787,512,89741,是,https://m.ydniu.com/kaijiang/pl5/sjh/2025274.html,https://www.8200.cn/kjh/p3/2025274.htm
2025-10-16,2025275,15070,150,458,33607,是,https://m.ydniu.com/kaijiang/pl5/sjh/2025275.html,https://www.8200.cn/kjh/p3/2025275.htm
2025-10-17,2025276,98262,982,581,10116,是,https://m.ydniu.com/kaijiang/pl5/sjh/2025276.html,https://www.8200.cn/kjh/p3/2025276.htm
2025-10-18,2025277,43221,432,427,22759,是,https://m.ydniu.com/kaijiang/pl5/sjh/2025277.html,https://www.8200.cn/kjh/p3/2025277.htm
2025-10-19,2025278,62782,627,247,29176,是,https://m.ydniu.com/kaijiang/pl5/sjh/2025278.html,https://www.8200.cn/kjh/p3/2025278.htm
2025-10-20,2025279,37575,375,782,85561,是,https://m.ydniu.com/kaijiang/pl5/sjh/2025279.html,https://www.8200.cn/kjh/p3/2025279.htm
2025-10-21,2025280,53932,539,816,75811,是,https://m.ydniu.com/kaijiang/pl5/sjh/2025280.html,https://www.8200.cn/kjh/p3/2025280.htm
2025-10-22,2025281,70794,707,609,55516,是,https://m.ydniu.com/kaijiang/pl5/sjh/2025281.html,https://www.8200.cn/kjh/p3/2025281.htm
2025-10-23,2025282,09691,096,413,80641,是,https://m.ydniu.com/kaijiang/pl5/sjh/2025282.html,https://www.8200.cn/kjh/p3/2025282.htm
2025-10-24,2025283,05783,057,512,42234,是,https://m.ydniu.com/kaijiang/pl5/sjh/2025283.html,https://www.8200.cn/kjh/p3/2025283.htm
2025-10-25,2025284,24733,247,647,69072,是,https://m.ydniu.com/kaijiang/pl5/sjh/2025284.html,https://www.8200.cn/kjh/p3/2025284.htm
2025-10-26,2025285,90532,905,082,47846,是,https://m.ydniu.com/kaijiang/pl5/sjh/2025285.html,https://www.8200.cn/kjh/p3/2025285.htm
2025-10-27,2025286,64105,641,128,94276,是,https://m.ydniu.com/kaijiang/pl5/sjh/2025286.html,https://www.8200.cn/kjh/p3/2025286.htm
2025-10-28,2025287,18032,180,864,00118,是,https://m.ydniu.com/kaijiang/pl5/sjh/2025287.html,https://www.8200.cn/kjh/p3/2025287.htm
2025-10-29,2025288,50426,504,057,39263,是,https://m.ydniu.com/kaijiang/pl5/sjh/2025288.html,https://www.8200.cn/kjh/p3/2025288.htm
2025-10-30,2025289,68566,685,283,16489,是,https://m.ydniu.com/kaijiang/pl5/sjh/2025289.html,https://www.8200.cn/kjh/p3/2025289.htm
2025-10-31,2025290,12510,125,512,63070,是,https://m.ydniu.com/kaijiang/pl5/sjh/2025290.html,https://www.8200.cn/kjh/p3/2025290.htm
2025-11-01,2025291,94856,948,367,25460,是,https://m.ydniu.com/kaijiang/pl5/sjh/2025291.html,https://www.8200.cn/kjh/p3/2025291.htm
2025-11-02,2025292,67358,673,925,21329,是,https://m.ydniu.com/kaijiang/pl5/sjh/2025292.html,https://www.8200.cn/kjh/p3/2025292.htm
2025-11-03,2025293,09441,094,731,93856,是,https://m.ydniu.com/kaijiang/pl5/sjh/2025293.html,https://www.8200.cn/kjh/p3/2025293.htm
2025-11-04,2025294,99449,994,618,10515,是,https://m.ydniu.com/kaijiang/pl5/sjh/2025294.html,https://www.8200.cn/kjh/p3/2025294.htm
2025-11-05,2025295,12451,124,690,87806,是,https://m.ydniu.com/kaijiang/pl5/sjh/2025295.html,https://www.8200.cn/kjh/p3/2025295.htm
2025-11-06,2025296,05235,052,267,97849,是,https://m.ydniu.com/kaijiang/pl5/sjh/2025296.html,https://www.8200.cn/kjh/p3/2025296.htm
2025-11-07,2025297,45386,453,147,20989,是,https://m.ydniu.com/kaijiang/pl5/sjh/2025297.html,https://www.8200.cn/kjh/p3/2025297.htm
2025-11-08,2025298,14127,141,513,13275,是,https://m.ydniu.com/kaijiang/pl5/sjh/2025298.html,https://www.8200.cn/kjh/p3/2025298.htm
2025-11-09,2025299,30097,300,612,00607,是,https://m.ydniu.com/kaijiang/pl5/sjh/2025299.html,https://www.8200.cn/kjh/p3/2025299.htm
2025-11-10,2025300,84300,843,829,51073,是,https://m.ydniu.com/kaijiang/pl5/sjh/2025300.html,https://www.8200.cn/kjh/p3/2025300.htm
2025-11-11,2025301,58209,582,607,10477,是,https://m.ydniu.com/kaijiang/pl5/sjh/2025301.html,https://www.8200.cn/kjh/p3/2025301.htm
2025-11-12,2025302,01631,016,986,05552,是,https://m.ydniu.com/kaijiang/pl5/sjh/2025302.html,https://www.8200.cn/kjh/p3/2025302.htm
2025-11-13,2025303,94382,943,758,92434,是,https://m.ydniu.com/kaijiang/pl5/sjh/2025303.html,https://www.8200.cn/kjh/p3/2025303.htm
2025-11-14,2025304,07913,079,813,73796,是,https://m.ydniu.com/kaijiang/pl5/sjh/2025304.html,https://www.8200.cn/kjh/p3/2025304.htm
2025-11-15,2025305,49749,497,184,30071,是,https://m.ydniu.com/kaijiang/pl5/sjh/2025305.html,https://www.8200.cn/kjh/p3/2025305.htm
2025-11-16,2025306,17867,178,715,54338,是,https://m.ydniu.com/kaijiang/pl5/sjh/2025306.html,https://www.8200.cn/kjh/p3/2025306.htm
2025-11-17,2025307,61811,618,980,20315,是,https://m.ydniu.com/kaijiang/pl5/sjh/2025307.html,https://www.8200.cn/kjh/p3/2025307.htm
2025-11-18,2025308,23465,234,205,99580,是,https://m.ydniu.com/kaijiang/pl5/sjh/2025308.html,https://www.8200.cn/kjh/p3/2025308.htm
2025-11-19,2025309,52729,527,167,23855,是,https://m.ydniu.com/kaijiang/pl5/sjh/2025309.html,https://www.8200.cn/kjh/p3/2025309.htm
2025-11-20,2025310,01659,016,541,93560,是,https://m.ydniu.com/kaijiang/pl5/sjh/2025310.html,https://www.8200.cn/kjh/p3/2025310.htm
2025-11-21,2025311,11450,114,180,00923,是,https://m.ydniu.com/kaijiang/pl5/sjh/2025311.html,https://www.8200.cn/kjh/p3/2025311.htm
2025-11-22,2025312,10950,109,921,35112,是,https://m.ydniu.com/kaijiang/pl5/sjh/2025312.html,https://www.8200.cn/kjh/p3/2025312.htm
2025-11-23,2025313,44551,445,875,35980,是,https://m.ydniu.com/kaijiang/pl5/sjh/2025313.html,https://www.8200.cn/kjh/p3/2025313.htm
2025-11-24,2025314,80245,802,702,26632,是,https://m.ydniu.com/kaijiang/pl5/sjh/2025314.html,https://www.8200.cn/kjh/p3/2025314.htm
2025-11-25,2025315,97367,973,218,01015,是,https://m.ydniu.com/kaijiang/pl5/sjh/2025315.html,https://www.8200.cn/kjh/p3/2025315.htm
2025-11-26,2025316,91815,918,048,44029,是,https://m.ydniu.com/kaijiang/pl5/sjh/2025316.html,https://www.8200.cn/kjh/p3/2025316.htm
2025-11-27,2025317,75669,756,627,23415,是,https://m.ydniu.com/kaijiang/pl5/sjh/2025317.html,https://www.8200.cn/kjh/p3/2025317.htm
2025-11-28,2025318,43849,438,910,04956,是,https://m.ydniu.com/kaijiang/pl5/sjh/2025318.html,https://www.8200.cn/kjh/p3/2025318.htm
2025-11-29,2025319,86550,865,247,54867,是,https://m.ydniu.com/kaijiang/pl5/sjh/2025319.html,https://www.8200.cn/kjh/p3/2025319.htm
2025-11-30,2025320,72562,725,867,92773,是,https://m.ydniu.com/kaijiang/pl5/sjh/2025320.html,https://www.8200.cn/kjh/p3/2025320.htm
2025-12-01,2025321,56808,568,604,28210,是,https://m.ydniu.com/kaijiang/pl5/sjh/2025321.html,https://www.8200.cn/kjh/p3/2025321.htm
2025-12-02,2025322,14838,148,803,50366,是,https://m.ydniu.com/kaijiang/pl5/sjh/2025322.html,https://www.8200.cn/kjh/p3/2025322.htm
2025-12-03,2025323,68714,687,715,65135,是,https://m.ydniu.com/kaijiang/pl5/sjh/2025323.html,https://www.8200.cn/kjh/p3/2025323.htm
2025-12-04,2025324,51396,513,059,27398,是,https://m.ydniu.com/kaijiang/pl5/sjh/2025324.html,https://www.8200.cn/kjh/p3/2025324.htm
2025-12-05,2025325,83603,836,841,94654,是,https://m.ydniu.com/kaijiang/pl5/sjh/2025325.html,https://www.8200.cn/kjh/p3/2025325.htm
2025-12-06,2025326,04519,045,704,13194,是,https://m.ydniu.com/kaijiang/pl5/sjh/2025326.html,https://www.8200.cn/kjh/p3/2025326.htm
2025-12-07,2025327,82924,829,524,06856,是,https://m.ydniu.com/kaijiang/pl5/sjh/2025327.html,https://www.8200.cn/kjh/p3/2025327.htm
2025-12-08,2025328,82516,825,805,13379,是,https://m.ydniu.com/kaijiang/pl5/sjh/2025328.html,https://www.8200.cn/kjh/p3/2025328.htm
2025-12-09,2025329,37090,370,527,81660,是,https://m.ydniu.com/kaijiang/pl5/sjh/2025329.html,https://www.8200.cn/kjh/p3/2025329.htm
2025-12-10,2025330,59454,594,975,20991,是,https://m.ydniu.com/kaijiang/pl5/sjh/2025330.html,https://www.8200.cn/kjh/p3/2025330.htm
2025-12-11,2025331,98091,980,824,99430,是,https://m.ydniu.com/kaijiang/pl5/sjh/2025331.html,https://www.8200.cn/kjh/p3/2025331.htm
2025-12-12,2025332,93941,939,172,52227,是,https://m.ydniu.com/kaijiang/pl5/sjh/2025332.html,https://www.8200.cn/kjh/p3/2025332.htm
2025-12-13,2025333,96103,961,410,43205,是,https://m.ydniu.com/kaijiang/pl5/sjh/2025333.html,https://www.8200.cn/kjh/p3/2025333.htm
2025-12-14,2025334,58337,583,786,44068,是,https://m.ydniu.com/kaijiang/pl5/sjh/2025334.html,https://www.8200.cn/kjh/p3/2025334.htm
2025-12-15,2025335,27645,276,702,96506,是,https://m.ydniu.com/kaijiang/pl5/sjh/2025335.html,https://www.8200.cn/kjh/p3/2025335.htm
2025-12-16,2025336,41260,412,218,53948,是,https://m.ydniu.com/kaijiang/pl5/sjh/2025336.html,https://www.8200.cn/kjh/p3/2025336.htm
2025-12-17,2025337,55438,554,403,64290,是,https://m.ydniu.com/kaijiang/pl5/sjh/2025337.html,https://www.8200.cn/kjh/p3/2025337.htm
2025-12-18,2025338,16463,164,916,19253,是,https://m.ydniu.com/kaijiang/pl5/sjh/2025338.html,https://www.8200.cn/kjh/p3/2025338.htm
2025-12-19,2025339,90049,900,693,88964,是,https://m.ydniu.com/kaijiang/pl5/sjh/2025339.html,https://www.8200.cn/kjh/p3/2025339.htm
2025-12-20,2025340,25560,255,419,28231,是,https://m.ydniu.com/kaijiang/pl5/sjh/2025340.html,https://www.8200.cn/kjh/p3/2025340.htm
2025-12-21,2025341,81754,817,637,36549,是,https://m.ydniu.com/kaijiang/pl5/sjh/2025341.html,https://www.8200.cn/kjh/p3/2025341.htm
2025-12-22,2025342,07923,079,086,24488,是,https://m.ydniu.com/kaijiang/pl5/sjh/2025342.html,https://www.8200.cn/kjh/p3/2025342.htm
2025-12-23,2025343,01259,012,736,57859,是,https://m.ydniu.com/kaijiang/pl5/sjh/2025343.html,https://www.8200.cn/kjh/p3/2025343.htm
2025-12-24,2025344,49570,495,241,55755,是,https://m.ydniu.com/kaijiang/pl5/sjh/2025344.html,https://www.8200.cn/kjh/p3/2025344.htm
2025-12-25,2025345,43197,431,834,04938,是,https://m.ydniu.com/kaijiang/pl5/sjh/2025345.html,https://www.8200.cn/kjh/p3/2025345.htm
2025-12-26,2025346,82608,826,905,56567,是,https://m.ydniu.com/kaijiang/pl5/sjh/2025346.html,https://www.8200.cn/kjh/p3/2025346.htm
2025-12-27,2025347,69567,695,254,20674,是,https://m.ydniu.com/kaijiang/pl5/sjh/2025347.html,https://www.8200.cn/kjh/p3/2025347.htm
2025-12-28,2025348,37314,373,470,31387,是,https://m.ydniu.com/kaijiang/pl5/sjh/2025348.html,https://www.8200.cn/kjh/p3/2025348.htm
2025-12-29,2025349,03226,032,128,31829,是,https://m.ydniu.com/kaijiang/pl5/sjh/2025349.html,https://www.8200.cn/kjh/p3/2025349.htm
2025-12-30,2025350,67344,673,915,57171,是,https://m.ydniu.com/kaijiang/pl5/sjh/2025350.html,https://www.8200.cn/kjh/p3/2025350.htm
2025-12-31,2025351,61729,617,142,76611,是,https://m.ydniu.com/kaijiang/pl5/sjh/2025351.html,https://www.8200.cn/kjh/p3/2025351.htm
2026-08-13,2025352,92738,927,,45103,是,https://m.ydniu.com/kaijiang/pl5/sjh/2025352.html,https://www.8200.cn/kjh/p3/2025352.htm
2026-08-13,2025353,92738,927,,45103,是,https://m.ydniu.com/kaijiang/pl5/sjh/2025353.html,https://www.8200.cn/kjh/p3/2025353.htm
2026-08-13,2025354,92738,927,,45103,是,https://m.ydniu.com/kaijiang/pl5/sjh/2025354.html,https://www.8200.cn/kjh/p3/2025354.htm
2026-08-13,2025355,92738,927,,45103,是,https://m.ydniu.com/kaijiang/pl5/sjh/2025355.html,https://www.8200.cn/kjh/p3/2025355.htm
2026-08-13,2025356,92738,927,,45103,是,https://m.ydniu.com/kaijiang/pl5/sjh/2025356.html,https://www.8200.cn/kjh/p3/2025356.htm
2026-08-13,2025357,92738,927,,45103,是,https://m.ydniu.com/kaijiang/pl5/sjh/2025357.html,https://www.8200.cn/kjh/p3/2025357.htm
2026-08-13,2025358,92738,927,,45103,是,https://m.ydniu.com/kaijiang/pl5/sjh/2025358.html,https://www.8200.cn/kjh/p3/2025358.htm
2026-08-13,2025359,92738,927,,45103,是,https://m.ydniu.com/kaijiang/pl5/sjh/2025359.html,https://www.8200.cn/kjh/p3/2025359.htm
2026-08-13,2025360,92738,927,,45103,是,https://m.ydniu.com/kaijiang/pl5/sjh/2025360.html,https://www.8200.cn/kjh/p3/2025360.htm
2026-08-13,2025361,92738,927,,45103,是,https://m.ydniu.com/kaijiang/pl5/sjh/2025361.html,https://www.8200.cn/kjh/p3/2025361.htm
2026-08-13,2025362,92738,927,,45103,是,https://m.ydniu.com/kaijiang/pl5/sjh/2025362.html,https://www.8200.cn/kjh/p3/2025362.htm
2026-08-13,2025363,92738,927,,45103,是,https://m.ydniu.com/kaijiang/pl5/sjh/2025363.html,https://www.8200.cn/kjh/p3/2025363.htm
2026-08-13,2025364,92738,927,,45103,是,https://m.ydniu.com/kaijiang/pl5/sjh/2025364.html,https://www.8200.cn/kjh/p3/2025364.htm
2026-08-13,2025365,92738,927,,45103,是,https://m.ydniu.com/kaijiang/pl5/sjh/2025365.html,https://www.8200.cn/kjh/p3/2025365.htm
2026-08-13,2025366,92738,927,,45103,是,https://m.ydniu.com/kaijiang/pl5/sjh/2025366.html,https://www.8200.cn/kjh/p3/2025366.htm
2026-01-01,2026001,83013,830,532,31506,是,https://m.ydniu.com/kaijiang/pl5/sjh/2026001.html,https://www.8200.cn/kjh/p3/2026001.htm
2026-01-02,2026002,68923,689,491,96231,是,https://m.ydniu.com/kaijiang/pl5/sjh/2026002.html,https://www.8200.cn/kjh/p3/2026002.htm
2026-01-03,2026003,08689,086,297,49642,是,https://m.ydniu.com/kaijiang/pl5/sjh/2026003.html,https://www.8200.cn/kjh/p3/2026003.htm
2026-01-04,2026004,87882,878,504,48622,是,https://m.ydniu.com/kaijiang/pl5/sjh/2026004.html,https://www.8200.cn/kjh/p3/2026004.htm
2026-01-05,2026005,06169,061,922,02034,是,https://m.ydniu.com/kaijiang/pl5/sjh/2026005.html,https://www.8200.cn/kjh/p3/2026005.htm
2026-01-06,2026006,71888,718,185,70590,是,https://m.ydniu.com/kaijiang/pl5/sjh/2026006.html,https://www.8200.cn/kjh/p3/2026006.htm
2026-01-07,2026007,12660,126,605,87482,是,https://m.ydniu.com/kaijiang/pl5/sjh/2026007.html,https://www.8200.cn/kjh/p3/2026007.htm
2026-01-08,2026008,50963,509,152,91924,是,https://m.ydniu.com/kaijiang/pl5/sjh/2026008.html,https://www.8200.cn/kjh/p3/2026008.htm
2026-01-09,2026009,24821,248,210,16152,是,https://m.ydniu.com/kaijiang/pl5/sjh/2026009.html,https://www.8200.cn/kjh/p3/2026009.htm
2026-01-10,2026010,92034,920,878,00204,是,https://m.ydniu.com/kaijiang/pl5/sjh/2026010.html,https://www.8200.cn/kjh/p3/2026010.htm
2026-01-11,2026011,03067,030,149,83745,是,https://m.ydniu.com/kaijiang/pl5/sjh/2026011.html,https://www.8200.cn/kjh/p3/2026011.htm
2026-01-12,2026012,52201,522,601,32121,是,https://m.ydniu.com/kaijiang/pl5/sjh/2026012.html,https://www.8200.cn/kjh/p3/2026012.htm
2026-01-13,2026013,47787,477,863,01100,是,https://m.ydniu.com/kaijiang/pl5/sjh/2026013.html,https://www.8200.cn/kjh/p3/2026013.htm
2026-01-14,2026014,83382,833,831,40875,是,https://m.ydniu.com/kaijiang/pl5/sjh/2026014.html,https://www.8200.cn/kjh/p3/2026014.htm
2026-01-15,2026015,20244,202,808,83881,是,https://m.ydniu.com/kaijiang/pl5/sjh/2026015.html,https://www.8200.cn/kjh/p3/2026015.htm
2026-01-16,2026016,21591,215,829,88383,是,https://m.ydniu.com/kaijiang/pl5/sjh/2026016.html,https://www.8200.cn/kjh/p3/2026016.htm
2026-01-17,2026017,11288,112,188,17368,是,https://m.ydniu.com/kaijiang/pl5/sjh/2026017.html,https://www.8200.cn/kjh/p3/2026017.htm
2026-01-18,2026018,89632,896,336,27547,是,https://m.ydniu.com/kaijiang/pl5/sjh/2026018.html,https://www.8200.cn/kjh/p3/2026018.htm
2026-01-19,2026019,84897,848,413,48923,是,https://m.ydniu.com/kaijiang/pl5/sjh/2026019.html,https://www.8200.cn/kjh/p3/2026019.htm
2026-01-20,2026020,09584,095,675,10233,是,https://m.ydniu.com/kaijiang/pl5/sjh/2026020.html,https://www.8200.cn/kjh/p3/2026020.htm
2026-01-21,2026021,26302,263,502,31349,是,https://m.ydniu.com/kaijiang/pl5/sjh/2026021.html,https://www.8200.cn/kjh/p3/2026021.htm
2026-01-22,2026022,25502,255,560,32201,是,https://m.ydniu.com/kaijiang/pl5/sjh/2026022.html,https://www.8200.cn/kjh/p3/2026022.htm
2026-01-23,2026023,49527,495,308,72223,是,https://m.ydniu.com/kaijiang/pl5/sjh/2026023.html,https://www.8200.cn/kjh/p3/2026023.htm
2026-01-24,2026024,26832,268,580,04339,是,https://m.ydniu.com/kaijiang/pl5/sjh/2026024.html,https://www.8200.cn/kjh/p3/2026024.htm
2026-01-25,2026025,18111,181,997,94365,是,https://m.ydniu.com/kaijiang/pl5/sjh/2026025.html,https://www.8200.cn/kjh/p3/2026025.htm
2026-01-26,2026026,29144,291,623,28279,是,https://m.ydniu.com/kaijiang/pl5/sjh/2026026.html,https://www.8200.cn/kjh/p3/2026026.htm
2026-01-27,2026027,08407,084,529,90513,是,https://m.ydniu.com/kaijiang/pl5/sjh/2026027.html,https://www.8200.cn/kjh/p3/2026027.htm
2026-01-28,2026028,49995,499,531,30551,是,https://m.ydniu.com/kaijiang/pl5/sjh/2026028.html,https://www.8200.cn/kjh/p3/2026028.htm
2026-01-29,2026029,61378,613,612,94803,是,https://m.ydniu.com/kaijiang/pl5/sjh/2026029.html,https://www.8200.cn/kjh/p3/2026029.htm
2026-01-30,2026030,81152,811,730,18684,是,https://m.ydniu.com/kaijiang/pl5/sjh/2026030.html,https://www.8200.cn/kjh/p3/2026030.htm
2026-01-31,2026031,78696,786,923,36682,是,https://m.ydniu.com/kaijiang/pl5/sjh/2026031.html,https://www.8200.cn/kjh/p3/2026031.htm
2026-02-01,2026032,73078,730,794,85116,是,https://m.ydniu.com/kaijiang/pl5/sjh/2026032.html,https://www.8200.cn/kjh/p3/2026032.htm
2026-02-02,2026033,14132,141,407,23771,是,https://m.ydniu.com/kaijiang/pl5/sjh/2026033.html,https://www.8200.cn/kjh/p3/2026033.htm
2026-02-03,2026034,21699,216,597,70512,是,https://m.ydniu.com/kaijiang/pl5/sjh/2026034.html,https://www.8200.cn/kjh/p3/2026034.htm
2026-02-04,2026035,71704,717,331,87290,是,https://m.ydniu.com/kaijiang/pl5/sjh/2026035.html,https://www.8200.cn/kjh/p3/2026035.htm
2026-02-05,2026036,78824,788,510,70998,是,https://m.ydniu.com/kaijiang/pl5/sjh/2026036.html,https://www.8200.cn/kjh/p3/2026036.htm
2026-02-06,2026037,72452,724,906,74790,是,https://m.ydniu.com/kaijiang/pl5/sjh/2026037.html,https://www.8200.cn/kjh/p3/2026037.htm
2026-02-07,2026038,78987,789,794,64754,是,https://m.ydniu.com/kaijiang/pl5/sjh/2026038.html,https://www.8200.cn/kjh/p3/2026038.htm
2026-02-08,2026039,85288,852,286,77793,是,https://m.ydniu.com/kaijiang/pl5/sjh/2026039.html,https://www.8200.cn/kjh/p3/2026039.htm
2026-02-09,2026040,00979,009,576,27502,是,https://m.ydniu.com/kaijiang/pl5/sjh/2026040.html,https://www.8200.cn/kjh/p3/2026040.htm
2026-02-10,2026041,63965,639,937,32146,是,https://m.ydniu.com/kaijiang/pl5/sjh/2026041.html,https://www.8200.cn/kjh/p3/2026041.htm
2026-02-11,2026042,79524,795,387,89173,是,https://m.ydniu.com/kaijiang/pl5/sjh/2026042.html,https://www.8200.cn/kjh/p3/2026042.htm
2026-02-12,2026043,17927,179,166,96409,是,https://m.ydniu.com/kaijiang/pl5/sjh/2026043.html,https://www.8200.cn/kjh/p3/2026043.htm
2026-02-13,2026044,05162,051,724,79177,是,https://m.ydniu.com/kaijiang/pl5/sjh/2026044.html,https://www.8200.cn/kjh/p3/2026044.htm
2026-02-24,2026045,14471,144,268,26150,是,https://m.ydniu.com/kaijiang/pl5/sjh/2026045.html,https://www.8200.cn/kjh/p3/2026045.htm
2026-02-25,2026046,70323,703,153,70113,是,https://m.ydniu.com/kaijiang/pl5/sjh/2026046.html,https://www.8200.cn/kjh/p3/2026046.htm
2026-02-26,2026047,33045,330,436,57439,是,https://m.ydniu.com/kaijiang/pl5/sjh/2026047.html,https://www.8200.cn/kjh/p3/2026047.htm
2026-02-27,2026048,09767,097,104,40551,是,https://m.ydniu.com/kaijiang/pl5/sjh/2026048.html,https://www.8200.cn/kjh/p3/2026048.htm
2026-02-28,2026049,59259,592,448,30033,是,https://m.ydniu.com/kaijiang/pl5/sjh/2026049.html,https://www.8200.cn/kjh/p3/2026049.htm
2026-03-01,2026050,43547,435,608,77412,是,https://m.ydniu.com/kaijiang/pl5/sjh/2026050.html,https://www.8200.cn/kjh/p3/2026050.htm
2026-03-02,2026051,04537,045,518,81155,是,https://m.ydniu.com/kaijiang/pl5/sjh/2026051.html,https://www.8200.cn/kjh/p3/2026051.htm
2026-03-03,2026052,64915,649,173,51649,是,https://m.ydniu.com/kaijiang/pl5/sjh/2026052.html,https://www.8200.cn/kjh/p3/2026052.htm
2026-03-04,2026053,74492,744,730,20162,是,https://m.ydniu.com/kaijiang/pl5/sjh/2026053.html,https://www.8200.cn/kjh/p3/2026053.htm
2026-03-05,2026054,65564,655,133,98152,是,https://m.ydniu.com/kaijiang/pl5/sjh/2026054.html,https://www.8200.cn/kjh/p3/2026054.htm
2026-03-06,2026055,53752,537,829,26786,是,https://m.ydniu.com/kaijiang/pl5/sjh/2026055.html,https://www.8200.cn/kjh/p3/2026055.htm
2026-03-07,2026056,11921,119,324,97131,是,https://m.ydniu.com/kaijiang/pl5/sjh/2026056.html,https://www.8200.cn/kjh/p3/2026056.htm
2026-03-08,2026057,47931,479,139,76311,是,https://m.ydniu.com/kaijiang/pl5/sjh/2026057.html,https://www.8200.cn/kjh/p3/2026057.htm
2026-03-09,2026058,59064,590,621,10653,是,https://m.ydniu.com/kaijiang/pl5/sjh/2026058.html,https://www.8200.cn/kjh/p3/2026058.htm
2026-03-10,2026059,20996,209,960,19018,是,https://m.ydniu.com/kaijiang/pl5/sjh/2026059.html,https://www.8200.cn/kjh/p3/2026059.htm
2026-03-11,2026060,11800,118,878,77925,是,https://m.ydniu.com/kaijiang/pl5/sjh/2026060.html,https://www.8200.cn/kjh/p3/2026060.htm
2026-03-12,2026061,34749,347,524,50107,是,https://m.ydniu.com/kaijiang/pl5/sjh/2026061.html,https://www.8200.cn/kjh/p3/2026061.htm
2026-03-13,2026062,31542,315,570,18693,是,https://m.ydniu.com/kaijiang/pl5/sjh/2026062.html,https://www.8200.cn/kjh/p3/2026062.htm
2026-03-14,2026063,72384,723,806,29923,是,https://m.ydniu.com/kaijiang/pl5/sjh/2026063.html,https://www.8200.cn/kjh/p3/2026063.htm
2026-03-15,2026064,52894,528,663,88621,是,https://m.ydniu.com/kaijiang/pl5/sjh/2026064.html,https://www.8200.cn/kjh/p3/2026064.htm
2026-03-16,2026065,85185,851,781,18739,是,https://m.ydniu.com/kaijiang/pl5/sjh/2026065.html,https://www.8200.cn/kjh/p3/2026065.htm
2026-03-17,2026066,80787,807,698,66965,是,https://m.ydniu.com/kaijiang/pl5/sjh/2026066.html,https://www.8200.cn/kjh/p3/2026066.htm
2026-03-18,2026067,42812,428,192,51267,是,https://m.ydniu.com/kaijiang/pl5/sjh/2026067.html,https://www.8200.cn/kjh/p3/2026067.htm
2026-03-19,2026068,84009,840,536,49482,是,https://m.ydniu.com/kaijiang/pl5/sjh/2026068.html,https://www.8200.cn/kjh/p3/2026068.htm
2026-03-20,2026069,11469,114,917,22330,是,https://m.ydniu.com/kaijiang/pl5/sjh/2026069.html,https://www.8200.cn/kjh/p3/2026069.htm
2026-03-21,2026070,13189,131,746,73308,是,https://m.ydniu.com/kaijiang/pl5/sjh/2026070.html,https://www.8200.cn/kjh/p3/2026070.htm
2026-03-22,2026071,55153,551,801,09938,是,https://m.ydniu.com/kaijiang/pl5/sjh/2026071.html,https://www.8200.cn/kjh/p3/2026071.htm
2026-03-23,2026072,11514,115,514,27912,是,https://m.ydniu.com/kaijiang/pl5/sjh/2026072.html,https://www.8200.cn/kjh/p3/2026072.htm
2026-03-24,2026073,32500,325,384,95033,是,https://m.ydniu.com/kaijiang/pl5/sjh/2026073.html,https://www.8200.cn/kjh/p3/2026073.htm
2026-03-25,2026074,40633,406,965,16199,是,https://m.ydniu.com/kaijiang/pl5/sjh/2026074.html,https://www.8200.cn/kjh/p3/2026074.htm
2026-03-26,2026075,43743,437,420,88845,是,https://m.ydniu.com/kaijiang/pl5/sjh/2026075.html,https://www.8200.cn/kjh/p3/2026075.htm
2026-03-27,2026076,41964,419,342,00438,是,https://m.ydniu.com/kaijiang/pl5/sjh/2026076.html,https://www.8200.cn/kjh/p3/2026076.htm
2026-03-28,2026077,78074,780,829,18055,是,https://m.ydniu.com/kaijiang/pl5/sjh/2026077.html,https://www.8200.cn/kjh/p3/2026077.htm
2026-03-29,2026078,63486,634,581,21703,是,https://m.ydniu.com/kaijiang/pl5/sjh/2026078.html,https://www.8200.cn/kjh/p3/2026078.htm
2026-03-30,2026079,19599,195,117,77911,是,https://m.ydniu.com/kaijiang/pl5/sjh/2026079.html,https://www.8200.cn/kjh/p3/2026079.htm
2026-03-31,2026080,77006,770,822,44380,是,https://m.ydniu.com/kaijiang/pl5/sjh/2026080.html,https://www.8200.cn/kjh/p3/2026080.htm
2026-04-01,2026081,69016,690,933,03749,是,https://m.ydniu.com/kaijiang/pl5/sjh/2026081.html,https://www.8200.cn/kjh/p3/2026081.htm
2026-04-02,2026082,04838,048,427,38822,是,https://m.ydniu.com/kaijiang/pl5/sjh/2026082.html,https://www.8200.cn/kjh/p3/2026082.htm
2026-04-03,2026083,90340,903,948,24509,是,https://m.ydniu.com/kaijiang/pl5/sjh/2026083.html,https://www.8200.cn/kjh/p3/2026083.htm
2026-04-04,2026084,00493,004,725,75681,是,https://m.ydniu.com/kaijiang/pl5/sjh/2026084.html,https://www.8200.cn/kjh/p3/2026084.htm
2026-04-05,2026085,02077,020,918,46730,是,https://m.ydniu.com/kaijiang/pl5/sjh/2026085.html,https://www.8200.cn/kjh/p3/2026085.htm
2026-04-06,2026086,33488,334,624,22490,是,https://m.ydniu.com/kaijiang/pl5/sjh/2026086.html,https://www.8200.cn/kjh/p3/2026086.htm
2026-04-07,2026087,07076,070,607,43282,是,https://m.ydniu.com/kaijiang/pl5/sjh/2026087.html,https://www.8200.cn/kjh/p3/2026087.htm
2026-04-08,2026088,47459,474,910,12655,是,https://m.ydniu.com/kaijiang/pl5/sjh/2026088.html,https://www.8200.cn/kjh/p3/2026088.htm
2026-04-09,2026089,21634,216,310,01091,是,https://m.ydniu.com/kaijiang/pl5/sjh/2026089.html,https://www.8200.cn/kjh/p3/2026089.htm
2026-04-10,2026090,95443,954,849,36466,是,https://m.ydniu.com/kaijiang/pl5/sjh/2026090.html,https://www.8200.cn/kjh/p3/2026090.htm
2026-04-11,2026091,20282,202,721,28403,是,https://m.ydniu.com/kaijiang/pl5/sjh/2026091.html,https://www.8200.cn/kjh/p3/2026091.htm
2026-04-12,2026092,76120,761,740,31846,是,https://m.ydniu.com/kaijiang/pl5/sjh/2026092.html,https://www.8200.cn/kjh/p3/2026092.htm
2026-04-13,2026093,99876,998,821,50327,是,https://m.ydniu.com/kaijiang/pl5/sjh/2026093.html,https://www.8200.cn/kjh/p3/2026093.htm
2026-04-14,2026094,93811,938,916,05474,是,https://m.ydniu.com/kaijiang/pl5/sjh/2026094.html,https://www.8200.cn/kjh/p3/2026094.htm
2026-04-15,2026095,56819,568,518,77918,是,https://m.ydniu.com/kaijiang/pl5/sjh/2026095.html,https://www.8200.cn/kjh/p3/2026095.htm
2026-04-16,2026096,64391,643,264,51734,是,https://m.ydniu.com/kaijiang/pl5/sjh/2026096.html,https://www.8200.cn/kjh/p3/2026096.htm
2026-04-17,2026097,22682,226,148,83023,是,https://m.ydniu.com/kaijiang/pl5/sjh/2026097.html,https://www.8200.cn/kjh/p3/2026097.htm
2026-04-18,2026098,97435,974,749,67745,是,https://m.ydniu.com/kaijiang/pl5/sjh/2026098.html,https://www.8200.cn/kjh/p3/2026098.htm
2026-04-19,2026099,42414,424,192,74562,是,https://m.ydniu.com/kaijiang/pl5/sjh/2026099.html,https://www.8200.cn/kjh/p3/2026099.htm
2026-04-20,2026100,20758,207,388,51625,是,https://m.ydniu.com/kaijiang/pl5/sjh/2026100.html,https://www.8200.cn/kjh/p3/2026100.htm
2026-04-21,2026101,09033,090,235,38080,是,https://m.ydniu.com/kaijiang/pl5/sjh/2026101.html,https://www.8200.cn/kjh/p3/2026101.htm
2026-04-22,2026102,49026,490,629,95598,是,https://m.ydniu.com/kaijiang/pl5/sjh/2026102.html,https://www.8200.cn/kjh/p3/2026102.htm
2026-04-23,2026103,90120,901,863,90701,是,https://m.ydniu.com/kaijiang/pl5/sjh/2026103.html,https://www.8200.cn/kjh/p3/2026103.htm
2026-04-24,2026104,78670,786,518,89779,是,https://m.ydniu.com/kaijiang/pl5/sjh/2026104.html,https://www.8200.cn/kjh/p3/2026104.htm
2026-04-25,2026105,21763,217,559,47909,是,https://m.ydniu.com/kaijiang/pl5/sjh/2026105.html,https://www.8200.cn/kjh/p3/2026105.htm
2026-04-26,2026106,34399,343,427,99882,是,https://m.ydniu.com/kaijiang/pl5/sjh/2026106.html,https://www.8200.cn/kjh/p3/2026106.htm
2026-04-27,2026107,15413,154,853,97453,是,https://m.ydniu.com/kaijiang/pl5/sjh/2026107.html,https://www.8200.cn/kjh/p3/2026107.htm
2026-04-28,2026108,65638,656,695,57602,是,https://m.ydniu.com/kaijiang/pl5/sjh/2026108.html,https://www.8200.cn/kjh/p3/2026108.htm
2026-04-29,2026109,08812,088,417,53552,是,https://m.ydniu.com/kaijiang/pl5/sjh/2026109.html,https://www.8200.cn/kjh/p3/2026109.htm
2026-04-30,2026110,34304,343,709,44185,是,https://m.ydniu.com/kaijiang/pl5/sjh/2026110.html,https://www.8200.cn/kjh/p3/2026110.htm
2026-05-01,2026111,87790,877,823,07216,是,https://m.ydniu.com/kaijiang/pl5/sjh/2026111.html,https://www.8200.cn/kjh/p3/2026111.htm
2026-05-02,2026112,65293,652,613,82271,是,https://m.ydniu.com/kaijiang/pl5/sjh/2026112.html,https://www.8200.cn/kjh/p3/2026112.htm
2026-05-03,2026113,92585,925,209,95945,是,https://m.ydniu.com/kaijiang/pl5/sjh/2026113.html,https://www.8200.cn/kjh/p3/2026113.htm
2026-05-04,2026114,01773,017,776,31403,是,https://m.ydniu.com/kaijiang/pl5/sjh/2026114.html,https://www.8200.cn/kjh/p3/2026114.htm
2026-05-05,2026115,33301,333,704,20219,是,https://m.ydniu.com/kaijiang/pl5/sjh/2026115.html,https://www.8200.cn/kjh/p3/2026115.htm
2026-05-06,2026116,95143,951,943,86858,是,https://m.ydniu.com/kaijiang/pl5/sjh/2026116.html,https://www.8200.cn/kjh/p3/2026116.htm
2026-05-07,2026117,09128,091,479,77278,是,https://m.ydniu.com/kaijiang/pl5/sjh/2026117.html,https://www.8200.cn/kjh/p3/2026117.htm
2026-05-08,2026118,27231,272,685,12111,是,https://m.ydniu.com/kaijiang/pl5/sjh/2026118.html,https://www.8200.cn/kjh/p3/2026118.htm
2026-05-09,2026119,22219,222,259,00243,是,https://m.ydniu.com/kaijiang/pl5/sjh/2026119.html,https://www.8200.cn/kjh/p3/2026119.htm
2026-05-10,2026120,29648,296,312,54806,是,https://m.ydniu.com/kaijiang/pl5/sjh/2026120.html,https://www.8200.cn/kjh/p3/2026120.htm
2026-05-11,2026121,04033,040,570,78862,是,https://m.ydniu.com/kaijiang/pl5/sjh/2026121.html,https://www.8200.cn/kjh/p3/2026121.htm
2026-05-12,2026122,74761,747,726,71388,是,https://m.ydniu.com/kaijiang/pl5/sjh/2026122.html,https://www.8200.cn/kjh/p3/2026122.htm
2026-05-13,2026123,95512,955,675,94302,是,https://m.ydniu.com/kaijiang/pl5/sjh/2026123.html,https://www.8200.cn/kjh/p3/2026123.htm
2026-05-14,2026124,78532,785,708,13297,是,https://m.ydniu.com/kaijiang/pl5/sjh/2026124.html,https://www.8200.cn/kjh/p3/2026124.htm
2026-05-15,2026125,86721,867,212,61613,是,https://m.ydniu.com/kaijiang/pl5/sjh/2026125.html,https://www.8200.cn/kjh/p3/2026125.htm
2026-05-16,2026126,83526,835,462,50394,是,https://m.ydniu.com/kaijiang/pl5/sjh/2026126.html,https://www.8200.cn/kjh/p3/2026126.htm
2026-05-17,2026127,93603,936,829,19969,是,https://m.ydniu.com/kaijiang/pl5/sjh/2026127.html,https://www.8200.cn/kjh/p3/2026127.htm
2026-05-18,2026128,51228,512,381,25138,是,https://m.ydniu.com/kaijiang/pl5/sjh/2026128.html,https://www.8200.cn/kjh/p3/2026128.htm
2026-05-19,2026129,68331,683,581,97014,是,https://m.ydniu.com/kaijiang/pl5/sjh/2026129.html,https://www.8200.cn/kjh/p3/2026129.htm
2026-05-20,2026130,07013,070,631,42693,是,https://m.ydniu.com/kaijiang/pl5/sjh/2026130.html,https://www.8200.cn/kjh/p3/2026130.htm
2026-05-21,2026131,96841,968,725,23580,是,https://m.ydniu.com/kaijiang/pl5/sjh/2026131.html,https://www.8200.cn/kjh/p3/2026131.htm
2026-05-22,2026132,44350,443,199,22475,是,https://m.ydniu.com/kaijiang/pl5/sjh/2026132.html,https://www.8200.cn/kjh/p3/2026132.htm
2026-05-23,2026133,54370,543,367,90556,是,https://m.ydniu.com/kaijiang/pl5/sjh/2026133.html,https://www.8200.cn/kjh/p3/2026133.htm
2026-05-24,2026134,51533,515,836,73035,是,https://m.ydniu.com/kaijiang/pl5/sjh/2026134.html,https://www.8200.cn/kjh/p3/2026134.htm
2026-05-25,2026135,93925,939,998,18984,是,https://m.ydniu.com/kaijiang/pl5/sjh/2026135.html,https://www.8200.cn/kjh/p3/2026135.htm
2026-05-26,2026136,46623,466,691,15231,是,https://m.ydniu.com/kaijiang/pl5/sjh/2026136.html,https://www.8200.cn/kjh/p3/2026136.htm
2026-05-27,2026137,54436,544,477,76104,是,https://m.ydniu.com/kaijiang/pl5/sjh/2026137.html,https://www.8200.cn/kjh/p3/2026137.htm
2026-05-28,2026138,26356,263,835,39354,是,https://m.ydniu.com/kaijiang/pl5/sjh/2026138.html,https://www.8200.cn/kjh/p3/2026138.htm
2026-05-29,2026139,19811,198,546,55105,是,https://m.ydniu.com/kaijiang/pl5/sjh/2026139.html,https://www.8200.cn/kjh/p3/2026139.htm
2026-05-30,2026140,42178,421,619,51635,是,https://m.ydniu.com/kaijiang/pl5/sjh/2026140.html,https://www.8200.cn/kjh/p3/2026140.htm
2026-05-31,2026141,21582,215,688,09915,是,https://m.ydniu.com/kaijiang/pl5/sjh/2026141.html,https://www.8200.cn/kjh/p3/2026141.htm
2026-06-01,2026142,91617,916,173,87194,是,https://m.ydniu.com/kaijiang/pl5/sjh/2026142.html,https://www.8200.cn/kjh/p3/2026142.htm
2026-06-02,2026143,74400,744,695,55752,是,https://m.ydniu.com/kaijiang/pl5/sjh/2026143.html,https://www.8200.cn/kjh/p3/2026143.htm
2026-06-03,2026144,46265,462,837,49266,是,https://m.ydniu.com/kaijiang/pl5/sjh/2026144.html,https://www.8200.cn/kjh/p3/2026144.htm
2026-06-04,2026145,99300,993,299,62248,是,https://m.ydniu.com/kaijiang/pl5/sjh/2026145.html,https://www.8200.cn/kjh/p3/2026145.htm
2026-06-05,2026146,15492,154,755,39129,是,https://m.ydniu.com/kaijiang/pl5/sjh/2026146.html,https://www.8200.cn/kjh/p3/2026146.htm
2026-06-06,2026147,59053,590,638,24140,是,https://m.ydniu.com/kaijiang/pl5/sjh/2026147.html,https://www.8200.cn/kjh/p3/2026147.htm
2026-06-07,2026148,06562,065,309,64121,是,https://m.ydniu.com/kaijiang/pl5/sjh/2026148.html,https://www.8200.cn/kjh/p3/2026148.htm
2026-06-08,2026149,32533,325,796,58906,是,https://m.ydniu.com/kaijiang/pl5/sjh/2026149.html,https://www.8200.cn/kjh/p3/2026149.htm
2026-06-09,2026150,34071,340,334,22833,是,https://m.ydniu.com/kaijiang/pl5/sjh/2026150.html,https://www.8200.cn/kjh/p3/2026150.htm
2026-06-10,2026151,98394,983,513,81185,是,https://m.ydniu.com/kaijiang/pl5/sjh/2026151.html,https://www.8200.cn/kjh/p3/2026151.htm
2026-06-11,2026152,15148,151,743,16887,是,https://m.ydniu.com/kaijiang/pl5/sjh/2026152.html,https://www.8200.cn/kjh/p3/2026152.htm
2026-06-12,2026153,38949,389,845,34429,是,https://m.ydniu.com/kaijiang/pl5/sjh/2026153.html,https://www.8200.cn/kjh/p3/2026153.htm
2026-06-13,2026154,47386,473,639,32610,是,https://m.ydniu.com/kaijiang/pl5/sjh/2026154.html,https://www.8200.cn/kjh/p3/2026154.htm
2026-06-14,2026155,48547,485,760,73370,是,https://m.ydniu.com/kaijiang/pl5/sjh/2026155.html,https://www.8200.cn/kjh/p3/2026155.htm
2026-06-15,2026156,64170,641,738,62645,是,https://m.ydniu.com/kaijiang/pl5/sjh/2026156.html,https://www.8200.cn/kjh/p3/2026156.htm
2026-06-16,2026157,83034,830,211,08550,是,https://m.ydniu.com/kaijiang/pl5/sjh/2026157.html,https://www.8200.cn/kjh/p3/2026157.htm
2026-06-17,2026158,91133,911,916,85322,是,https://m.ydniu.com/kaijiang/pl5/sjh/2026158.html,https://www.8200.cn/kjh/p3/2026158.htm
2026-06-18,2026159,55760,557,204,18767,是,https://m.ydniu.com/kaijiang/pl5/sjh/2026159.html,https://www.8200.cn/kjh/p3/2026159.htm
2026-06-19,2026160,55164,551,249,13490,是,https://m.ydniu.com/kaijiang/pl5/sjh/2026160.html,https://www.8200.cn/kjh/p3/2026160.htm
2026-06-20,2026161,56205,562,130,47994,是,https://m.ydniu.com/kaijiang/pl5/sjh/2026161.html,https://www.8200.cn/kjh/p3/2026161.htm
2026-06-21,2026162,36963,369,813,22500,是,https://m.ydniu.com/kaijiang/pl5/sjh/2026162.html,https://www.8200.cn/kjh/p3/2026162.htm
2026-06-22,2026163,34649,346,958,18901,是,https://m.ydniu.com/kaijiang/pl5/sjh/2026163.html,https://www.8200.cn/kjh/p3/2026163.htm
2026-06-23,2026164,71572,715,403,42381,是,https://m.ydniu.com/kaijiang/pl5/sjh/2026164.html,https://www.8200.cn/kjh/p3/2026164.htm
2026-06-24,2026165,29449,294,405,17636,是,https://m.ydniu.com/kaijiang/pl5/sjh/2026165.html,https://www.8200.cn/kjh/p3/2026165.htm
2026-06-25,2026166,22950,229,405,79717,是,https://m.ydniu.com/kaijiang/pl5/sjh/2026166.html,https://www.8200.cn/kjh/p3/2026166.htm
2026-06-26,2026167,01231,012,803,57102,是,https://m.ydniu.com/kaijiang/pl5/sjh/2026167.html,https://www.8200.cn/kjh/p3/2026167.htm
2026-06-27,2026168,19274,192,273,43240,是,https://m.ydniu.com/kaijiang/pl5/sjh/2026168.html,https://www.8200.cn/kjh/p3/2026168.htm
2026-06-28,2026169,88473,884,452,16520,是,https://m.ydniu.com/kaijiang/pl5/sjh/2026169.html,https://www.8200.cn/kjh/p3/2026169.htm
2026-06-29,2026170,41772,417,935,46932,是,https://m.ydniu.com/kaijiang/pl5/sjh/2026170.html,https://www.8200.cn/kjh/p3/2026170.htm
2026-06-30,2026171,04817,048,970,30579,是,https://m.ydniu.com/kaijiang/pl5/sjh/2026171.html,https://www.8200.cn/kjh/p3/2026171.htm
2026-07-01,2026172,77115,771,686,40291,是,https://m.ydniu.com/kaijiang/pl5/sjh/2026172.html,https://www.8200.cn/kjh/p3/2026172.htm
2026-07-02,2026173,25975,259,933,82844,是,https://m.ydniu.com/kaijiang/pl5/sjh/2026173.html,https://www.8200.cn/kjh/p3/2026173.htm
2026-07-03,2026174,15766,157,658,14087,是,https://m.ydniu.com/kaijiang/pl5/sjh/2026174.html,https://www.8200.cn/kjh/p3/2026174.htm
2026-07-04,2026175,83813,838,870,89920,是,https://m.ydniu.com/kaijiang/pl5/sjh/2026175.html,https://www.8200.cn/kjh/p3/2026175.htm
2026-07-05,2026176,58481,584,459,15074,是,https://m.ydniu.com/kaijiang/pl5/sjh/2026176.html,https://www.8200.cn/kjh/p3/2026176.htm
2026-07-06,2026177,82670,826,786,36226,是,https://m.ydniu.com/kaijiang/pl5/sjh/2026177.html,https://www.8200.cn/kjh/p3/2026177.htm
2026-07-07,2026178,83799,837,920,55503,是,https://m.ydniu.com/kaijiang/pl5/sjh/2026178.html,https://www.8200.cn/kjh/p3/2026178.htm
2026-07-08,2026179,39623,396,504,52659,是,https://m.ydniu.com/kaijiang/pl5/sjh/2026179.html,https://www.8200.cn/kjh/p3/2026179.htm
2026-07-09,2026180,00572,005,725,19775,是,https://m.ydniu.com/kaijiang/pl5/sjh/2026180.html,https://www.8200.cn/kjh/p3/2026180.htm
2026-07-10,2026181,12444,124,928,05108,是,https://m.ydniu.com/kaijiang/pl5/sjh/2026181.html,https://www.8200.cn/kjh/p3/2026181.htm
2026-07-11,2026182,31340,313,724,82952,是,https://m.ydniu.com/kaijiang/pl5/sjh/2026182.html,https://www.8200.cn/kjh/p3/2026182.htm
2026-07-12,2026183,35262,352,632,05305,是,https://m.ydniu.com/kaijiang/pl5/sjh/2026183.html,https://www.8200.cn/kjh/p3/2026183.htm
2026-07-13,2026184,14246,142,119,71123,是,https://m.ydniu.com/kaijiang/pl5/sjh/2026184.html,https://www.8200.cn/kjh/p3/2026184.htm
2026-07-14,2026185,78579,785,331,71628,是,https://m.ydniu.com/kaijiang/pl5/sjh/2026185.html,https://www.8200.cn/kjh/p3/2026185.htm
2026-07-15,2026186,66501,665,413,00249,是,https://m.ydniu.com/kaijiang/pl5/sjh/2026186.html,https://www.8200.cn/kjh/p3/2026186.htm
2026-07-16,2026187,08678,086,587,12921,是,https://m.ydniu.com/kaijiang/pl5/sjh/2026187.html,https://www.8200.cn/kjh/p3/2026187.htm
2026-07-17,2026188,60770,607,825,71110,是,https://m.ydniu.com/kaijiang/pl5/sjh/2026188.html,https://www.8200.cn/kjh/p3/2026188.htm
2026-07-18,2026189,95065,950,288,37868,是,https://m.ydniu.com/kaijiang/pl5/sjh/2026189.html,https://www.8200.cn/kjh/p3/2026189.htm
2026-07-19,2026190,55408,554,612,58852,是,https://m.ydniu.com/kaijiang/pl5/sjh/2026190.html,https://www.8200.cn/kjh/p3/2026190.htm
2026-07-20,2026191,06989,069,487,29151,是,https://m.ydniu.com/kaijiang/pl5/sjh/2026191.html,https://www.8200.cn/kjh/p3/2026191.htm
2026-07-21,2026192,30614,306,128,13780,是,https://m.ydniu.com/kaijiang/pl5/sjh/2026192.html,https://www.8200.cn/kjh/p3/2026192.htm
2026-07-22,2026193,18068,180,926,36269,是,https://m.ydniu.com/kaijiang/pl5/sjh/2026193.html,https://www.8200.cn/kjh/p3/2026193.htm
2026-07-23,2026194,70106,701,146,37805,是,https://m.ydniu.com/kaijiang/pl5/sjh/2026194.html,https://www.8200.cn/kjh/p3/2026194.htm
2026-07-24,2026195,59516,595,360,68258,是,https://m.ydniu.com/kaijiang/pl5/sjh/2026195.html,https://www.8200.cn/kjh/p3/2026195.htm
2026-07-25,2026196,72632,726,495,84006,是,https://m.ydniu.com/kaijiang/pl5/sjh/2026196.html,https://www.8200.cn/kjh/p3/2026196.htm
2026-07-26,2026197,47341,473,178,49446,是,https://m.ydniu.com/kaijiang/pl5/sjh/2026197.html,https://www.8200.cn/kjh/p3/2026197.htm
2026-07-27,2026198,71907,719,203,84778,是,https://m.ydniu.com/kaijiang/pl5/sjh/2026198.html,https://www.8200.cn/kjh/p3/2026198.htm
2026-07-28,2026199,30507,305,848,71195,是,https://m.ydniu.com/kaijiang/pl5/sjh/2026199.html,https://www.8200.cn/kjh/p3/2026199.htm
2026-07-29,2026200,07720,077,140,81867,是,https://m.ydniu.com/kaijiang/pl5/sjh/2026200.html,https://www.8200.cn/kjh/p3/2026200.htm
2026-07-30,2026201,86271,862,360,15746,是,https://m.ydniu.com/kaijiang/pl5/sjh/2026201.html,https://www.8200.cn/kjh/p3/2026201.htm
2026-07-31,2026202,96170,961,264,85244,是,https://m.ydniu.com/kaijiang/pl5/sjh/2026202.html,https://www.8200.cn/kjh/p3/2026202.htm
2026-08-01,2026203,13568,135,378,81125,是,https://m.ydniu.com/kaijiang/pl5/sjh/2026203.html,https://www.8200.cn/kjh/p3/2026203.htm
2026-08-02,2026204,67407,674,548,00169,是,https://m.ydniu.com/kaijiang/pl5/sjh/2026204.html,https://www.8200.cn/kjh/p3/2026204.htm
2026-08-03,2026205,80608,806,540,59620,是,https://m.ydniu.com/kaijiang/pl5/sjh/2026205.html,https://www.8200.cn/kjh/p3/2026205.htm
2026-08-04,2026206,70965,709,638,92840,是,https://m.ydniu.com/kaijiang/pl5/sjh/2026206.html,https://www.8200.cn/kjh/p3/2026206.htm
2026-08-05,2026207,86644,866,653,72329,是,https://m.ydniu.com/kaijiang/pl5/sjh/2026207.html,https://www.8200.cn/kjh/p3/2026207.htm
2026-08-06,2026208,47186,471,055,47117,是,https://m.ydniu.com/kaijiang/pl5/sjh/2026208.html,https://www.8200.cn/kjh/p3/2026208.htm
2026-08-07,2026209,98277,982,588,13016,是,https://m.ydniu.com/kaijiang/pl5/sjh/2026209.html,https://www.8200.cn/kjh/p3/2026209.htm
2026-08-08,2026210,09451,094,793,31222,是,https://m.ydniu.com/kaijiang/pl5/sjh/2026210.html,https://www.8200.cn/kjh/p3/2026210.htm
2026-08-09,2026211,51543,515,613,26823,是,https://m.ydniu.com/kaijiang/pl5/sjh/2026211.html,https://www.8200.cn/kjh/p3/2026211.htm
2026-08-10,2026212,83943,839,957,36680,是,https://m.ydniu.com/kaijiang/pl5/sjh/2026212.html,https://www.8200.cn/kjh/p3/2026212.htm
2026-08-11,2026213,74071,740,734,60093,是,https://m.ydniu.com/kaijiang/pl5/sjh/2026213.html,https://www.8200.cn/kjh/p3/2026213.htm
2026-08-12,2026214,01490,014,480,43705,是,https://m.ydniu.com/kaijiang/pl5/sjh/2026214.html,https://www.8200.cn/kjh/p3/2026214.htm
2026-08-13,2026215,92738,927,778,45103,是,https://m.ydniu.com/kaijiang/pl5/sjh/2026215.html,https://www.8200.cn/kjh/p3/2026215.htm
