开奖日期,福彩3D期号,福彩3D开奖号,福彩3D开机号_彩宝网,福彩3D试机号_彩宝网,福彩3D试机号_3D之家,体彩期号,排列三开奖号,排列三试机号_彩宝网,排列五开奖号,排列五共享三位试机号,排列五五位模拟试机号_一定牛,排列三等于排列五前三位,福彩3D两来源开奖号一致,完整记录,福彩3D彩宝网来源,福彩3D之家来源,排列三来源,排列五来源
2023-08-13,2023215,308,802,162,162,2023215,480,738,48032,738,07920,一致,一致,是,https://www.8200.cn/kjh/3d/2023215.htm,https://www.3d178.cn/kaijiang/2023/2023215.shtml,https://www.8200.cn/kjh/p3/2023215.htm,https://m.ydniu.com/kaijiang/pl5/sjh/2023215.html
2023-08-14,2023216,187,395,196,196,2023216,138,987,13897,987,11379,一致,一致,是,https://www.8200.cn/kjh/3d/2023216.htm,https://www.3d178.cn/kaijiang/2023/2023216.shtml,https://www.8200.cn/kjh/p3/2023216.htm,https://m.ydniu.com/kaijiang/pl5/sjh/2023216.html
2023-08-15,2023217,811,071,836,836,2023217,748,531,74883,531,75394,一致,一致,是,https://www.8200.cn/kjh/3d/2023217.htm,https://www.3d178.cn/kaijiang/2023/2023217.shtml,https://www.8200.cn/kjh/p3/2023217.htm,https://m.ydniu.com/kaijiang/pl5/sjh/2023217.html
2023-08-16,2023218,071,304,510,510,2023218,942,168,94288,168,42706,一致,一致,是,https://www.8200.cn/kjh/3d/2023218.htm,https://www.3d178.cn/kaijiang/2023/2023218.shtml,https://www.8200.cn/kjh/p3/2023218.htm,https://m.ydniu.com/kaijiang/pl5/sjh/2023218.html
2023-08-17,2023219,348,509,373,373,2023219,738,236,73832,236,29098,一致,一致,是,https://www.8200.cn/kjh/3d/2023219.htm,https://www.3d178.cn/kaijiang/2023/2023219.shtml,https://www.8200.cn/kjh/p3/2023219.htm,https://m.ydniu.com/kaijiang/pl5/sjh/2023219.html
2023-08-18,2023220,587,658,963,963,2023220,035,214,03564,214,88030,一致,一致,是,https://www.8200.cn/kjh/3d/2023220.htm,https://www.3d178.cn/kaijiang/2023/2023220.shtml,https://www.8200.cn/kjh/p3/2023220.htm,https://m.ydniu.com/kaijiang/pl5/sjh/2023220.html
2023-08-19,2023221,503,574,473,473,2023221,649,472,64995,472,39095,一致,一致,是,https://www.8200.cn/kjh/3d/2023221.htm,https://www.3d178.cn/kaijiang/2023/2023221.shtml,https://www.8200.cn/kjh/p3/2023221.htm,https://m.ydniu.com/kaijiang/pl5/sjh/2023221.html
2023-08-20,2023222,265,190,463,463,2023222,977,194,97718,194,38181,一致,一致,是,https://www.8200.cn/kjh/3d/2023222.htm,https://www.3d178.cn/kaijiang/2023/2023222.shtml,https://www.8200.cn/kjh/p3/2023222.htm,https://m.ydniu.com/kaijiang/pl5/sjh/2023222.html
2023-08-21,2023223,309,508,914,914,2023223,740,259,74039,259,83123,一致,一致,是,https://www.8200.cn/kjh/3d/2023223.htm,https://www.3d178.cn/kaijiang/2023/2023223.shtml,https://www.8200.cn/kjh/p3/2023223.htm,https://m.ydniu.com/kaijiang/pl5/sjh/2023223.html
2023-08-22,2023224,447,539,061,061,2023224,374,972,37478,972,97712,一致,一致,是,https://www.8200.cn/kjh/3d/2023224.htm,https://www.3d178.cn/kaijiang/2023/2023224.shtml,https://www.8200.cn/kjh/p3/2023224.htm,https://m.ydniu.com/kaijiang/pl5/sjh/2023224.html
2023-08-23,2023225,798,259,996,996,2023225,118,425,11878,425,91305,一致,一致,是,https://www.8200.cn/kjh/3d/2023225.htm,https://www.3d178.cn/kaijiang/2023/2023225.shtml,https://www.8200.cn/kjh/p3/2023225.htm,https://m.ydniu.com/kaijiang/pl5/sjh/2023225.html
2023-08-24,2023226,182,012,966,966,2023226,535,958,53581,958,88378,一致,一致,是,https://www.8200.cn/kjh/3d/2023226.htm,https://www.3d178.cn/kaijiang/2023/2023226.shtml,https://www.8200.cn/kjh/p3/2023226.htm,https://m.ydniu.com/kaijiang/pl5/sjh/2023226.html
2023-08-25,2023227,206,053,802,802,2023227,901,570,90178,570,71922,一致,一致,是,https://www.8200.cn/kjh/3d/2023227.htm,https://www.3d178.cn/kaijiang/2023/2023227.shtml,https://www.8200.cn/kjh/p3/2023227.htm,https://m.ydniu.com/kaijiang/pl5/sjh/2023227.html
2023-08-26,2023228,985,240,610,610,2023228,773,689,77317,689,52825,一致,一致,是,https://www.8200.cn/kjh/3d/2023228.htm,https://www.3d178.cn/kaijiang/2023/2023228.shtml,https://www.8200.cn/kjh/p3/2023228.htm,https://m.ydniu.com/kaijiang/pl5/sjh/2023228.html
2023-08-27,2023229,142,463,650,650,2023229,678,619,67890,619,56819,一致,一致,是,https://www.8200.cn/kjh/3d/2023229.htm,https://www.3d178.cn/kaijiang/2023/2023229.shtml,https://www.8200.cn/kjh/p3/2023229.htm,https://m.ydniu.com/kaijiang/pl5/sjh/2023229.html
2023-08-28,2023230,787,942,769,769,2023230,949,317,94974,317,68680,一致,一致,是,https://www.8200.cn/kjh/3d/2023230.htm,https://www.3d178.cn/kaijiang/2023/2023230.shtml,https://www.8200.cn/kjh/p3/2023230.htm,https://m.ydniu.com/kaijiang/pl5/sjh/2023230.html
2023-08-29,2023231,049,076,762,762,2023231,365,681,36575,681,67943,一致,一致,是,https://www.8200.cn/kjh/3d/2023231.htm,https://www.3d178.cn/kaijiang/2023/2023231.shtml,https://www.8200.cn/kjh/p3/2023231.htm,https://m.ydniu.com/kaijiang/pl5/sjh/2023231.html
2023-08-30,2023232,133,502,031,031,2023232,860,326,86069,326,94777,一致,一致,是,https://www.8200.cn/kjh/3d/2023232.htm,https://www.3d178.cn/kaijiang/2023/2023232.shtml,https://www.8200.cn/kjh/p3/2023232.htm,https://m.ydniu.com/kaijiang/pl5/sjh/2023232.html
2023-08-31,2023233,928,184,793,793,2023233,124,483,12406,483,71063,一致,一致,是,https://www.8200.cn/kjh/3d/2023233.htm,https://www.3d178.cn/kaijiang/2023/2023233.shtml,https://www.8200.cn/kjh/p3/2023233.htm,https://m.ydniu.com/kaijiang/pl5/sjh/2023233.html
2023-09-01,2023234,109,625,546,546,2023234,805,520,80537,520,46409,一致,一致,是,https://www.8200.cn/kjh/3d/2023234.htm,https://www.3d178.cn/kaijiang/2023/2023234.shtml,https://www.8200.cn/kjh/p3/2023234.htm,https://m.ydniu.com/kaijiang/pl5/sjh/2023234.html
2023-09-02,2023235,480,059,688,688,2023235,424,620,42485,620,60530,一致,一致,是,https://www.8200.cn/kjh/3d/2023235.htm,https://www.3d178.cn/kaijiang/2023/2023235.shtml,https://www.8200.cn/kjh/p3/2023235.htm,https://m.ydniu.com/kaijiang/pl5/sjh/2023235.html
2023-09-03,2023236,680,538,333,333,2023236,270,549,27066,549,25159,一致,一致,是,https://www.8200.cn/kjh/3d/2023236.htm,https://www.3d178.cn/kaijiang/2023/2023236.shtml,https://www.8200.cn/kjh/p3/2023236.htm,https://m.ydniu.com/kaijiang/pl5/sjh/2023236.html
2023-09-04,2023237,096,304,033,033,2023237,798,670,79886,670,95013,一致,一致,是,https://www.8200.cn/kjh/3d/2023237.htm,https://www.3d178.cn/kaijiang/2023/2023237.shtml,https://www.8200.cn/kjh/p3/2023237.htm,https://m.ydniu.com/kaijiang/pl5/sjh/2023237.html
2023-09-05,2023238,455,469,899,899,2023238,562,851,56231,851,81640,一致,一致,是,https://www.8200.cn/kjh/3d/2023238.htm,https://www.3d178.cn/kaijiang/2023/2023238.shtml,https://www.8200.cn/kjh/p3/2023238.htm,https://m.ydniu.com/kaijiang/pl5/sjh/2023238.html
2023-09-06,2023239,731,317,517,517,2023239,440,968,44008,968,43464,一致,一致,是,https://www.8200.cn/kjh/3d/2023239.htm,https://www.3d178.cn/kaijiang/2023/2023239.shtml,https://www.8200.cn/kjh/p3/2023239.htm,https://m.ydniu.com/kaijiang/pl5/sjh/2023239.html
2023-09-07,2023240,232,639,751,751,2023240,702,198,70212,198,66800,一致,一致,是,https://www.8200.cn/kjh/3d/2023240.htm,https://www.3d178.cn/kaijiang/2023/2023240.shtml,https://www.8200.cn/kjh/p3/2023240.htm,https://m.ydniu.com/kaijiang/pl5/sjh/2023240.html
2023-09-08,2023241,495,350,700,700,2023241,935,259,93514,259,61716,一致,一致,是,https://www.8200.cn/kjh/3d/2023241.htm,https://www.3d178.cn/kaijiang/2023/2023241.shtml,https://www.8200.cn/kjh/p3/2023241.htm,https://m.ydniu.com/kaijiang/pl5/sjh/2023241.html
2023-09-09,2023242,486,927,299,299,2023242,987,816,98798,816,21678,一致,一致,是,https://www.8200.cn/kjh/3d/2023242.htm,https://www.3d178.cn/kaijiang/2023/2023242.shtml,https://www.8200.cn/kjh/p3/2023242.htm,https://m.ydniu.com/kaijiang/pl5/sjh/2023242.html
2023-09-10,2023243,848,928,582,582,2023243,966,480,96606,480,49945,一致,一致,是,https://www.8200.cn/kjh/3d/2023243.htm,https://www.3d178.cn/kaijiang/2023/2023243.shtml,https://www.8200.cn/kjh/p3/2023243.htm,https://m.ydniu.com/kaijiang/pl5/sjh/2023243.html
2023-09-11,2023244,377,465,848,848,2023244,315,792,31524,792,76551,一致,一致,是,https://www.8200.cn/kjh/3d/2023244.htm,https://www.3d178.cn/kaijiang/2023/2023244.shtml,https://www.8200.cn/kjh/p3/2023244.htm,https://m.ydniu.com/kaijiang/pl5/sjh/2023244.html
2023-09-12,2023245,768,402,406,406,2023245,480,718,48081,718,32327,一致,一致,是,https://www.8200.cn/kjh/3d/2023245.htm,https://www.3d178.cn/kaijiang/2023/2023245.shtml,https://www.8200.cn/kjh/p3/2023245.htm,https://m.ydniu.com/kaijiang/pl5/sjh/2023245.html
2023-09-13,2023246,779,278,874,874,2023246,422,975,42275,975,79134,一致,一致,是,https://www.8200.cn/kjh/3d/2023246.htm,https://www.3d178.cn/kaijiang/2023/2023246.shtml,https://www.8200.cn/kjh/p3/2023246.htm,https://m.ydniu.com/kaijiang/pl5/sjh/2023246.html
2023-09-14,2023247,569,680,796,796,2023247,937,978,93726,978,71325,一致,一致,是,https://www.8200.cn/kjh/3d/2023247.htm,https://www.3d178.cn/kaijiang/2023/2023247.shtml,https://www.8200.cn/kjh/p3/2023247.htm,https://m.ydniu.com/kaijiang/pl5/sjh/2023247.html
2023-09-15,2023248,049,427,678,678,2023248,696,786,69645,786,59651,一致,一致,是,https://www.8200.cn/kjh/3d/2023248.htm,https://www.3d178.cn/kaijiang/2023/2023248.shtml,https://www.8200.cn/kjh/p3/2023248.htm,https://m.ydniu.com/kaijiang/pl5/sjh/2023248.html
2023-09-16,2023249,076,149,685,685,2023249,039,541,03969,541,60246,一致,一致,是,https://www.8200.cn/kjh/3d/2023249.htm,https://www.3d178.cn/kaijiang/2023/2023249.shtml,https://www.8200.cn/kjh/p3/2023249.htm,https://m.ydniu.com/kaijiang/pl5/sjh/2023249.html
2023-09-17,2023250,968,510,329,329,2023250,180,236,18096,236,24643,一致,一致,是,https://www.8200.cn/kjh/3d/2023250.htm,https://www.3d178.cn/kaijiang/2023/2023250.shtml,https://www.8200.cn/kjh/p3/2023250.htm,https://m.ydniu.com/kaijiang/pl5/sjh/2023250.html
2023-09-18,2023251,503,793,320,320,2023251,736,710,73636,710,23791,一致,一致,是,https://www.8200.cn/kjh/3d/2023251.htm,https://www.3d178.cn/kaijiang/2023/2023251.shtml,https://www.8200.cn/kjh/p3/2023251.htm,https://m.ydniu.com/kaijiang/pl5/sjh/2023251.html
2023-09-19,2023252,213,680,234,234,2023252,961,925,96109,925,15197,一致,一致,是,https://www.8200.cn/kjh/3d/2023252.htm,https://www.3d178.cn/kaijiang/2023/2023252.shtml,https://www.8200.cn/kjh/p3/2023252.htm,https://m.ydniu.com/kaijiang/pl5/sjh/2023252.html
2023-09-20,2023253,721,206,309,309,2023253,986,841,98641,841,22602,一致,一致,是,https://www.8200.cn/kjh/3d/2023253.htm,https://www.3d178.cn/kaijiang/2023/2023253.shtml,https://www.8200.cn/kjh/p3/2023253.htm,https://m.ydniu.com/kaijiang/pl5/sjh/2023253.html
2023-09-21,2023254,283,594,904,904,2023254,991,518,99171,518,82209,一致,一致,是,https://www.8200.cn/kjh/3d/2023254.htm,https://www.3d178.cn/kaijiang/2023/2023254.shtml,https://www.8200.cn/kjh/p3/2023254.htm,https://m.ydniu.com/kaijiang/pl5/sjh/2023254.html
2023-09-22,2023255,564,870,000,000,2023255,056,613,05637,613,91668,一致,一致,是,https://www.8200.cn/kjh/3d/2023255.htm,https://www.3d178.cn/kaijiang/2023/2023255.shtml,https://www.8200.cn/kjh/p3/2023255.htm,https://m.ydniu.com/kaijiang/pl5/sjh/2023255.html
2023-09-23,2023256,474,673,474,474,2023256,840,709,84071,709,39299,一致,一致,是,https://www.8200.cn/kjh/3d/2023256.htm,https://www.3d178.cn/kaijiang/2023/2023256.shtml,https://www.8200.cn/kjh/p3/2023256.htm,https://m.ydniu.com/kaijiang/pl5/sjh/2023256.html
2023-09-24,2023257,694,508,412,412,2023257,908,981,90877,981,32963,一致,一致,是,https://www.8200.cn/kjh/3d/2023257.htm,https://www.3d178.cn/kaijiang/2023/2023257.shtml,https://www.8200.cn/kjh/p3/2023257.htm,https://m.ydniu.com/kaijiang/pl5/sjh/2023257.html
2023-09-25,2023258,927,359,627,627,2023258,915,716,91531,716,54423,一致,一致,是,https://www.8200.cn/kjh/3d/2023258.htm,https://www.3d178.cn/kaijiang/2023/2023258.shtml,https://www.8200.cn/kjh/p3/2023258.htm,https://m.ydniu.com/kaijiang/pl5/sjh/2023258.html
2023-09-26,2023259,086,983,425,425,2023259,088,264,08886,264,34236,一致,一致,是,https://www.8200.cn/kjh/3d/2023259.htm,https://www.3d178.cn/kaijiang/2023/2023259.shtml,https://www.8200.cn/kjh/p3/2023259.htm,https://m.ydniu.com/kaijiang/pl5/sjh/2023259.html
2023-09-27,2023260,547,129,089,089,2023260,247,539,24794,539,00621,一致,一致,是,https://www.8200.cn/kjh/3d/2023260.htm,https://www.3d178.cn/kaijiang/2023/2023260.shtml,https://www.8200.cn/kjh/p3/2023260.htm,https://m.ydniu.com/kaijiang/pl5/sjh/2023260.html
2023-09-28,2023261,723,795,180,180,2023261,930,495,93070,495,09797,一致,一致,是,https://www.8200.cn/kjh/3d/2023261.htm,https://www.3d178.cn/kaijiang/2023/2023261.shtml,https://www.8200.cn/kjh/p3/2023261.htm,https://m.ydniu.com/kaijiang/pl5/sjh/2023261.html
2023-09-29,2023262,220,986,803,803,2023262,717,213,71737,213,72076,一致,一致,是,https://www.8200.cn/kjh/3d/2023262.htm,https://www.3d178.cn/kaijiang/2023/2023262.shtml,https://www.8200.cn/kjh/p3/2023262.htm,https://m.ydniu.com/kaijiang/pl5/sjh/2023262.html
2023-09-30,2023263,335,216,979,979,2023263,993,702,99302,702,89723,一致,一致,是,https://www.8200.cn/kjh/3d/2023263.htm,https://www.3d178.cn/kaijiang/2023/2023263.shtml,https://www.8200.cn/kjh/p3/2023263.htm,https://m.ydniu.com/kaijiang/pl5/sjh/2023263.html
2023-10-01,2023264,638,834,412,412,,,,,,,无法校验,一致,否,https://www.8200.cn/kjh/3d/2023264.htm,https://www.3d178.cn/kaijiang/2023/2023264.shtml,,
2023-10-05,,,,,,2023264,925,932,92547,932,32918,一致,无法校验,否,,,https://www.8200.cn/kjh/p3/2023264.htm,https://m.ydniu.com/kaijiang/pl5/sjh/2023264.html
2023-10-06,2023265,356,705,520,520,2023265,224,312,22402,312,43830,一致,一致,是,https://www.8200.cn/kjh/3d/2023265.htm,https://www.3d178.cn/kaijiang/2023/2023265.shtml,https://www.8200.cn/kjh/p3/2023265.htm,https://m.ydniu.com/kaijiang/pl5/sjh/2023265.html
2023-10-07,2023266,113,947,766,766,2023266,133,287,13367,287,68309,一致,一致,是,https://www.8200.cn/kjh/3d/2023266.htm,https://www.3d178.cn/kaijiang/2023/2023266.shtml,https://www.8200.cn/kjh/p3/2023266.htm,https://m.ydniu.com/kaijiang/pl5/sjh/2023266.html
2023-10-08,2023267,478,824,550,550,2023267,554,584,55455,584,46723,一致,一致,是,https://www.8200.cn/kjh/3d/2023267.htm,https://www.3d178.cn/kaijiang/2023/2023267.shtml,https://www.8200.cn/kjh/p3/2023267.htm,https://m.ydniu.com/kaijiang/pl5/sjh/2023267.html
2023-10-09,2023268,067,548,830,830,2023268,975,491,97531,491,74756,一致,一致,是,https://www.8200.cn/kjh/3d/2023268.htm,https://www.3d178.cn/kaijiang/2023/2023268.shtml,https://www.8200.cn/kjh/p3/2023268.htm,https://m.ydniu.com/kaijiang/pl5/sjh/2023268.html
2023-10-10,2023269,665,513,495,495,2023269,234,695,23415,695,41224,一致,一致,是,https://www.8200.cn/kjh/3d/2023269.htm,https://www.3d178.cn/kaijiang/2023/2023269.shtml,https://www.8200.cn/kjh/p3/2023269.htm,https://m.ydniu.com/kaijiang/pl5/sjh/2023269.html
2023-10-11,2023270,457,241,462,462,2023270,355,834,35536,834,37914,一致,一致,是,https://www.8200.cn/kjh/3d/2023270.htm,https://www.3d178.cn/kaijiang/2023/2023270.shtml,https://www.8200.cn/kjh/p3/2023270.htm,https://m.ydniu.com/kaijiang/pl5/sjh/2023270.html
2023-10-12,2023271,179,068,678,678,2023271,096,276,09675,276,59532,一致,一致,是,https://www.8200.cn/kjh/3d/2023271.htm,https://www.3d178.cn/kaijiang/2023/2023271.shtml,https://www.8200.cn/kjh/p3/2023271.htm,https://m.ydniu.com/kaijiang/pl5/sjh/2023271.html
2023-10-13,2023272,058,109,738,738,2023272,419,420,41900,420,65519,一致,一致,是,https://www.8200.cn/kjh/3d/2023272.htm,https://www.3d178.cn/kaijiang/2023/2023272.shtml,https://www.8200.cn/kjh/p3/2023272.htm,https://m.ydniu.com/kaijiang/pl5/sjh/2023272.html
2023-10-14,2023273,475,630,765,765,2023273,121,520,12149,520,68278,一致,一致,是,https://www.8200.cn/kjh/3d/2023273.htm,https://www.3d178.cn/kaijiang/2023/2023273.shtml,https://www.8200.cn/kjh/p3/2023273.htm,https://m.ydniu.com/kaijiang/pl5/sjh/2023273.html
2023-10-15,2023274,995,137,221,221,2023274,669,137,66993,137,13807,一致,一致,是,https://www.8200.cn/kjh/3d/2023274.htm,https://www.3d178.cn/kaijiang/2023/2023274.shtml,https://www.8200.cn/kjh/p3/2023274.htm,https://m.ydniu.com/kaijiang/pl5/sjh/2023274.html
2023-10-16,2023275,739,856,676,676,2023275,984,673,98427,673,59380,一致,一致,是,https://www.8200.cn/kjh/3d/2023275.htm,https://www.3d178.cn/kaijiang/2023/2023275.shtml,https://www.8200.cn/kjh/p3/2023275.htm,https://m.ydniu.com/kaijiang/pl5/sjh/2023275.html
2023-10-17,2023276,441,021,172,172,2023276,606,245,60624,245,08985,一致,一致,是,https://www.8200.cn/kjh/3d/2023276.htm,https://www.3d178.cn/kaijiang/2023/2023276.shtml,https://www.8200.cn/kjh/p3/2023276.htm,https://m.ydniu.com/kaijiang/pl5/sjh/2023276.html
2023-10-18,2023277,920,745,938,938,2023277,028,701,02813,701,85594,一致,一致,是,https://www.8200.cn/kjh/3d/2023277.htm,https://www.3d178.cn/kaijiang/2023/2023277.shtml,https://www.8200.cn/kjh/p3/2023277.htm,https://m.ydniu.com/kaijiang/pl5/sjh/2023277.html
2023-10-19,2023278,809,180,262,262,2023278,070,492,07053,492,17967,一致,一致,是,https://www.8200.cn/kjh/3d/2023278.htm,https://www.3d178.cn/kaijiang/2023/2023278.shtml,https://www.8200.cn/kjh/p3/2023278.htm,https://m.ydniu.com/kaijiang/pl5/sjh/2023278.html
2023-10-20,2023279,792,941,519,519,2023279,391,639,39116,639,43621,一致,一致,是,https://www.8200.cn/kjh/3d/2023279.htm,https://www.3d178.cn/kaijiang/2023/2023279.shtml,https://www.8200.cn/kjh/p3/2023279.htm,https://m.ydniu.com/kaijiang/pl5/sjh/2023279.html
2023-10-21,2023280,278,497,953,953,2023280,601,841,60133,841,87163,一致,一致,是,https://www.8200.cn/kjh/3d/2023280.htm,https://www.3d178.cn/kaijiang/2023/2023280.shtml,https://www.8200.cn/kjh/p3/2023280.htm,https://m.ydniu.com/kaijiang/pl5/sjh/2023280.html
2023-10-22,2023281,684,769,768,768,2023281,344,254,34478,254,68548,一致,一致,是,https://www.8200.cn/kjh/3d/2023281.htm,https://www.3d178.cn/kaijiang/2023/2023281.shtml,https://www.8200.cn/kjh/p3/2023281.htm,https://m.ydniu.com/kaijiang/pl5/sjh/2023281.html
2023-10-23,2023282,104,134,340,340,2023282,308,907,30835,907,25723,一致,一致,是,https://www.8200.cn/kjh/3d/2023282.htm,https://www.3d178.cn/kaijiang/2023/2023282.shtml,https://www.8200.cn/kjh/p3/2023282.htm,https://m.ydniu.com/kaijiang/pl5/sjh/2023282.html
2023-10-24,2023283,948,930,376,376,2023283,029,621,02952,621,29392,一致,一致,是,https://www.8200.cn/kjh/3d/2023283.htm,https://www.3d178.cn/kaijiang/2023/2023283.shtml,https://www.8200.cn/kjh/p3/2023283.htm,https://m.ydniu.com/kaijiang/pl5/sjh/2023283.html
2023-10-25,2023284,393,290,064,064,2023284,382,519,38269,519,98033,一致,一致,是,https://www.8200.cn/kjh/3d/2023284.htm,https://www.3d178.cn/kaijiang/2023/2023284.shtml,https://www.8200.cn/kjh/p3/2023284.htm,https://m.ydniu.com/kaijiang/pl5/sjh/2023284.html
2023-10-26,2023285,591,351,980,980,2023285,716,479,71631,479,89744,一致,一致,是,https://www.8200.cn/kjh/3d/2023285.htm,https://www.3d178.cn/kaijiang/2023/2023285.shtml,https://www.8200.cn/kjh/p3/2023285.htm,https://m.ydniu.com/kaijiang/pl5/sjh/2023285.html
2023-10-27,2023286,205,401,854,854,2023286,116,251,11604,251,77188,一致,一致,是,https://www.8200.cn/kjh/3d/2023286.htm,https://www.3d178.cn/kaijiang/2023/2023286.shtml,https://www.8200.cn/kjh/p3/2023286.htm,https://m.ydniu.com/kaijiang/pl5/sjh/2023286.html
2023-10-28,2023287,309,680,777,777,2023287,894,726,89481,726,69427,一致,一致,是,https://www.8200.cn/kjh/3d/2023287.htm,https://www.3d178.cn/kaijiang/2023/2023287.shtml,https://www.8200.cn/kjh/p3/2023287.htm,https://m.ydniu.com/kaijiang/pl5/sjh/2023287.html
2023-10-29,2023288,550,230,962,962,2023288,314,639,31426,639,87920,一致,一致,是,https://www.8200.cn/kjh/3d/2023288.htm,https://www.3d178.cn/kaijiang/2023/2023288.shtml,https://www.8200.cn/kjh/p3/2023288.htm,https://m.ydniu.com/kaijiang/pl5/sjh/2023288.html
2023-10-30,2023289,866,635,396,396,2023289,998,340,99893,340,31326,一致,一致,是,https://www.8200.cn/kjh/3d/2023289.htm,https://www.3d178.cn/kaijiang/2023/2023289.shtml,https://www.8200.cn/kjh/p3/2023289.htm,https://m.ydniu.com/kaijiang/pl5/sjh/2023289.html
2023-10-31,2023290,833,746,858,858,2023290,154,413,15472,413,77546,一致,一致,是,https://www.8200.cn/kjh/3d/2023290.htm,https://www.3d178.cn/kaijiang/2023/2023290.shtml,https://www.8200.cn/kjh/p3/2023290.htm,https://m.ydniu.com/kaijiang/pl5/sjh/2023290.html
2023-11-01,2023291,583,896,041,041,2023291,150,503,15010,503,95726,一致,一致,是,https://www.8200.cn/kjh/3d/2023291.htm,https://www.3d178.cn/kaijiang/2023/2023291.shtml,https://www.8200.cn/kjh/p3/2023291.htm,https://m.ydniu.com/kaijiang/pl5/sjh/2023291.html
2023-11-02,2023292,689,085,384,384,2023292,968,890,96888,890,30157,一致,一致,是,https://www.8200.cn/kjh/3d/2023292.htm,https://www.3d178.cn/kaijiang/2023/2023292.shtml,https://www.8200.cn/kjh/p3/2023292.htm,https://m.ydniu.com/kaijiang/pl5/sjh/2023292.html
2023-11-03,2023293,810,281,814,814,2023293,434,938,43411,938,73178,一致,一致,是,https://www.8200.cn/kjh/3d/2023293.htm,https://www.3d178.cn/kaijiang/2023/2023293.shtml,https://www.8200.cn/kjh/p3/2023293.htm,https://m.ydniu.com/kaijiang/pl5/sjh/2023293.html
2023-11-04,2023294,591,687,688,688,2023294,667,160,66767,160,60582,一致,一致,是,https://www.8200.cn/kjh/3d/2023294.htm,https://www.3d178.cn/kaijiang/2023/2023294.shtml,https://www.8200.cn/kjh/p3/2023294.htm,https://m.ydniu.com/kaijiang/pl5/sjh/2023294.html
2023-11-05,2023295,795,468,501,501,2023295,882,546,88285,546,43524,一致,一致,是,https://www.8200.cn/kjh/3d/2023295.htm,https://www.3d178.cn/kaijiang/2023/2023295.shtml,https://www.8200.cn/kjh/p3/2023295.htm,https://m.ydniu.com/kaijiang/pl5/sjh/2023295.html
2023-11-06,2023296,491,763,538,538,2023296,807,802,80745,802,45586,一致,一致,是,https://www.8200.cn/kjh/3d/2023296.htm,https://www.3d178.cn/kaijiang/2023/2023296.shtml,https://www.8200.cn/kjh/p3/2023296.htm,https://m.ydniu.com/kaijiang/pl5/sjh/2023296.html
2023-11-07,2023297,226,806,059,059,2023297,761,871,76157,871,97524,一致,一致,是,https://www.8200.cn/kjh/3d/2023297.htm,https://www.3d178.cn/kaijiang/2023/2023297.shtml,https://www.8200.cn/kjh/p3/2023297.htm,https://m.ydniu.com/kaijiang/pl5/sjh/2023297.html
2023-11-08,2023298,047,431,710,710,2023298,365,679,36591,679,62781,一致,一致,是,https://www.8200.cn/kjh/3d/2023298.htm,https://www.3d178.cn/kaijiang/2023/2023298.shtml,https://www.8200.cn/kjh/p3/2023298.htm,https://m.ydniu.com/kaijiang/pl5/sjh/2023298.html
2023-11-09,2023299,920,094,483,483,2023299,808,437,80839,437,40085,一致,一致,是,https://www.8200.cn/kjh/3d/2023299.htm,https://www.3d178.cn/kaijiang/2023/2023299.shtml,https://www.8200.cn/kjh/p3/2023299.htm,https://m.ydniu.com/kaijiang/pl5/sjh/2023299.html
2023-11-10,2023300,090,786,179,179,2023300,296,105,29657,105,09670,一致,一致,是,https://www.8200.cn/kjh/3d/2023300.htm,https://www.3d178.cn/kaijiang/2023/2023300.shtml,https://www.8200.cn/kjh/p3/2023300.htm,https://m.ydniu.com/kaijiang/pl5/sjh/2023300.html
2023-11-11,2023301,580,174,277,277,2023301,041,713,04186,713,19591,一致,一致,是,https://www.8200.cn/kjh/3d/2023301.htm,https://www.3d178.cn/kaijiang/2023/2023301.shtml,https://www.8200.cn/kjh/p3/2023301.htm,https://m.ydniu.com/kaijiang/pl5/sjh/2023301.html
2023-11-12,2023302,618,362,233,233,2023302,161,876,16160,876,15068,一致,一致,是,https://www.8200.cn/kjh/3d/2023302.htm,https://www.3d178.cn/kaijiang/2023/2023302.shtml,https://www.8200.cn/kjh/p3/2023302.htm,https://m.ydniu.com/kaijiang/pl5/sjh/2023302.html
2023-11-13,2023303,721,697,610,610,2023303,572,902,57289,902,52811,一致,一致,是,https://www.8200.cn/kjh/3d/2023303.htm,https://www.3d178.cn/kaijiang/2023/2023303.shtml,https://www.8200.cn/kjh/p3/2023303.htm,https://m.ydniu.com/kaijiang/pl5/sjh/2023303.html
2023-11-14,2023304,480,253,532,532,2023304,728,814,72845,814,44990,一致,一致,是,https://www.8200.cn/kjh/3d/2023304.htm,https://www.3d178.cn/kaijiang/2023/2023304.shtml,https://www.8200.cn/kjh/p3/2023304.htm,https://m.ydniu.com/kaijiang/pl5/sjh/2023304.html
2023-11-15,2023305,682,930,666,666,2023305,679,468,67918,468,58376,一致,一致,是,https://www.8200.cn/kjh/3d/2023305.htm,https://www.3d178.cn/kaijiang/2023/2023305.shtml,https://www.8200.cn/kjh/p3/2023305.htm,https://m.ydniu.com/kaijiang/pl5/sjh/2023305.html
2023-11-16,2023306,888,807,366,366,2023306,330,578,33087,578,28376,一致,一致,是,https://www.8200.cn/kjh/3d/2023306.htm,https://www.3d178.cn/kaijiang/2023/2023306.shtml,https://www.8200.cn/kjh/p3/2023306.htm,https://m.ydniu.com/kaijiang/pl5/sjh/2023306.html
2023-11-17,2023307,937,608,376,376,2023307,936,529,93692,529,29429,一致,一致,是,https://www.8200.cn/kjh/3d/2023307.htm,https://www.3d178.cn/kaijiang/2023/2023307.shtml,https://www.8200.cn/kjh/p3/2023307.htm,https://m.ydniu.com/kaijiang/pl5/sjh/2023307.html
2023-11-18,2023308,594,478,322,322,2023308,619,928,61950,928,23966,一致,一致,是,https://www.8200.cn/kjh/3d/2023308.htm,https://www.3d178.cn/kaijiang/2023/2023308.shtml,https://www.8200.cn/kjh/p3/2023308.htm,https://m.ydniu.com/kaijiang/pl5/sjh/2023308.html
2023-11-19,2023309,202,750,148,148,2023309,329,385,32997,385,06540,一致,一致,是,https://www.8200.cn/kjh/3d/2023309.htm,https://www.3d178.cn/kaijiang/2023/2023309.shtml,https://www.8200.cn/kjh/p3/2023309.htm,https://m.ydniu.com/kaijiang/pl5/sjh/2023309.html
2023-11-20,2023310,956,271,664,664,2023310,417,910,41768,910,58197,一致,一致,是,https://www.8200.cn/kjh/3d/2023310.htm,https://www.3d178.cn/kaijiang/2023/2023310.shtml,https://www.8200.cn/kjh/p3/2023310.htm,https://m.ydniu.com/kaijiang/pl5/sjh/2023310.html
2023-11-21,2023311,271,760,798,798,2023311,583,704,58399,704,71531,一致,一致,是,https://www.8200.cn/kjh/3d/2023311.htm,https://www.3d178.cn/kaijiang/2023/2023311.shtml,https://www.8200.cn/kjh/p3/2023311.htm,https://m.ydniu.com/kaijiang/pl5/sjh/2023311.html
2023-11-22,2023312,791,805,522,522,2023312,442,278,44263,278,43953,一致,一致,是,https://www.8200.cn/kjh/3d/2023312.htm,https://www.3d178.cn/kaijiang/2023/2023312.shtml,https://www.8200.cn/kjh/p3/2023312.htm,https://m.ydniu.com/kaijiang/pl5/sjh/2023312.html
2023-11-23,2023313,989,657,226,226,2023313,414,192,41435,192,14444,一致,一致,是,https://www.8200.cn/kjh/3d/2023313.htm,https://www.3d178.cn/kaijiang/2023/2023313.shtml,https://www.8200.cn/kjh/p3/2023313.htm,https://m.ydniu.com/kaijiang/pl5/sjh/2023313.html
2023-11-24,2023314,228,498,079,079,2023314,355,716,35508,716,99525,一致,一致,是,https://www.8200.cn/kjh/3d/2023314.htm,https://www.3d178.cn/kaijiang/2023/2023314.shtml,https://www.8200.cn/kjh/p3/2023314.htm,https://m.ydniu.com/kaijiang/pl5/sjh/2023314.html
2023-11-25,2023315,618,657,526,526,2023315,747,329,74754,329,44329,一致,一致,是,https://www.8200.cn/kjh/3d/2023315.htm,https://www.3d178.cn/kaijiang/2023/2023315.shtml,https://www.8200.cn/kjh/p3/2023315.htm,https://m.ydniu.com/kaijiang/pl5/sjh/2023315.html
2023-11-26,2023316,483,678,415,415,2023316,234,639,23417,639,33299,一致,一致,是,https://www.8200.cn/kjh/3d/2023316.htm,https://www.3d178.cn/kaijiang/2023/2023316.shtml,https://www.8200.cn/kjh/p3/2023316.htm,https://m.ydniu.com/kaijiang/pl5/sjh/2023316.html
2023-11-27,2023317,131,174,361,361,2023317,397,912,39708,912,27961,一致,一致,是,https://www.8200.cn/kjh/3d/2023317.htm,https://www.3d178.cn/kaijiang/2023/2023317.shtml,https://www.8200.cn/kjh/p3/2023317.htm,https://m.ydniu.com/kaijiang/pl5/sjh/2023317.html
2023-11-28,2023318,014,572,972,972,2023318,790,642,79005,642,88909,一致,一致,是,https://www.8200.cn/kjh/3d/2023318.htm,https://www.3d178.cn/kaijiang/2023/2023318.shtml,https://www.8200.cn/kjh/p3/2023318.htm,https://m.ydniu.com/kaijiang/pl5/sjh/2023318.html
2023-11-29,2023319,727,834,274,274,2023319,965,498,96598,498,19216,一致,一致,是,https://www.8200.cn/kjh/3d/2023319.htm,https://www.3d178.cn/kaijiang/2023/2023319.shtml,https://www.8200.cn/kjh/p3/2023319.htm,https://m.ydniu.com/kaijiang/pl5/sjh/2023319.html
2023-11-30,2023320,375,791,179,179,2023320,697,240,69771,240,09665,一致,一致,是,https://www.8200.cn/kjh/3d/2023320.htm,https://www.3d178.cn/kaijiang/2023/2023320.shtml,https://www.8200.cn/kjh/p3/2023320.htm,https://m.ydniu.com/kaijiang/pl5/sjh/2023320.html
2023-12-01,2023321,752,190,278,278,2023321,211,746,21113,746,19564,一致,一致,是,https://www.8200.cn/kjh/3d/2023321.htm,https://www.3d178.cn/kaijiang/2023/2023321.shtml,https://www.8200.cn/kjh/p3/2023321.htm,https://m.ydniu.com/kaijiang/pl5/sjh/2023321.html
2023-12-02,2023322,804,594,178,178,2023322,174,972,17428,972,09521,一致,一致,是,https://www.8200.cn/kjh/3d/2023322.htm,https://www.3d178.cn/kaijiang/2023/2023322.shtml,https://www.8200.cn/kjh/p3/2023322.htm,https://m.ydniu.com/kaijiang/pl5/sjh/2023322.html
2023-12-03,2023323,269,457,900,900,2023323,945,809,94550,809,81751,一致,一致,是,https://www.8200.cn/kjh/3d/2023323.htm,https://www.3d178.cn/kaijiang/2023/2023323.shtml,https://www.8200.cn/kjh/p3/2023323.htm,https://m.ydniu.com/kaijiang/pl5/sjh/2023323.html
2023-12-04,2023324,495,189,286,286,2023324,602,583,60246,583,20326,一致,一致,是,https://www.8200.cn/kjh/3d/2023324.htm,https://www.3d178.cn/kaijiang/2023/2023324.shtml,https://www.8200.cn/kjh/p3/2023324.htm,https://m.ydniu.com/kaijiang/pl5/sjh/2023324.html
2023-12-05,2023325,490,456,104,104,2023325,717,537,71793,537,02181,一致,一致,是,https://www.8200.cn/kjh/3d/2023325.htm,https://www.3d178.cn/kaijiang/2023/2023325.shtml,https://www.8200.cn/kjh/p3/2023325.htm,https://m.ydniu.com/kaijiang/pl5/sjh/2023325.html
2023-12-06,2023326,371,072,081,081,2023326,790,318,79018,318,99869,一致,一致,是,https://www.8200.cn/kjh/3d/2023326.htm,https://www.3d178.cn/kaijiang/2023/2023326.shtml,https://www.8200.cn/kjh/p3/2023326.htm,https://m.ydniu.com/kaijiang/pl5/sjh/2023326.html
2023-12-07,2023327,014,218,357,357,2023327,314,267,31472,267,27545,一致,一致,是,https://www.8200.cn/kjh/3d/2023327.htm,https://www.3d178.cn/kaijiang/2023/2023327.shtml,https://www.8200.cn/kjh/p3/2023327.htm,https://m.ydniu.com/kaijiang/pl5/sjh/2023327.html
2023-12-08,2023328,169,459,525,525,2023328,882,478,88212,478,44254,一致,一致,是,https://www.8200.cn/kjh/3d/2023328.htm,https://www.3d178.cn/kaijiang/2023/2023328.shtml,https://www.8200.cn/kjh/p3/2023328.htm,https://m.ydniu.com/kaijiang/pl5/sjh/2023328.html
2023-12-09,2023329,573,614,799,799,2023329,289,254,28959,254,71680,一致,一致,是,https://www.8200.cn/kjh/3d/2023329.htm,https://www.3d178.cn/kaijiang/2023/2023329.shtml,https://www.8200.cn/kjh/p3/2023329.htm,https://m.ydniu.com/kaijiang/pl5/sjh/2023329.html
2023-12-10,2023330,376,892,378,378,2023330,531,529,53185,529,29567,一致,一致,是,https://www.8200.cn/kjh/3d/2023330.htm,https://www.3d178.cn/kaijiang/2023/2023330.shtml,https://www.8200.cn/kjh/p3/2023330.htm,https://m.ydniu.com/kaijiang/pl5/sjh/2023330.html
2023-12-11,2023331,241,537,957,957,2023331,402,783,40215,783,87515,一致,一致,是,https://www.8200.cn/kjh/3d/2023331.htm,https://www.3d178.cn/kaijiang/2023/2023331.shtml,https://www.8200.cn/kjh/p3/2023331.htm,https://m.ydniu.com/kaijiang/pl5/sjh/2023331.html
2023-12-12,2023332,161,452,721,721,2023332,667,524,66726,524,63876,一致,一致,是,https://www.8200.cn/kjh/3d/2023332.htm,https://www.3d178.cn/kaijiang/2023/2023332.shtml,https://www.8200.cn/kjh/p3/2023332.htm,https://m.ydniu.com/kaijiang/pl5/sjh/2023332.html
2023-12-13,2023333,188,059,019,019,2023333,989,106,98940,106,93551,一致,一致,是,https://www.8200.cn/kjh/3d/2023333.htm,https://www.3d178.cn/kaijiang/2023/2023333.shtml,https://www.8200.cn/kjh/p3/2023333.htm,https://m.ydniu.com/kaijiang/pl5/sjh/2023333.html
2023-12-14,2023334,900,713,594,594,2023334,587,695,58793,695,51257,一致,一致,是,https://www.8200.cn/kjh/3d/2023334.htm,https://www.3d178.cn/kaijiang/2023/2023334.shtml,https://www.8200.cn/kjh/p3/2023334.htm,https://m.ydniu.com/kaijiang/pl5/sjh/2023334.html
2023-12-15,2023335,111,875,480,480,2023335,047,652,04739,652,39804,一致,一致,是,https://www.8200.cn/kjh/3d/2023335.htm,https://www.3d178.cn/kaijiang/2023/2023335.shtml,https://www.8200.cn/kjh/p3/2023335.htm,https://m.ydniu.com/kaijiang/pl5/sjh/2023335.html
2023-12-16,2023336,188,269,743,743,2023336,821,830,82162,830,66091,一致,一致,是,https://www.8200.cn/kjh/3d/2023336.htm,https://www.3d178.cn/kaijiang/2023/2023336.shtml,https://www.8200.cn/kjh/p3/2023336.htm,https://m.ydniu.com/kaijiang/pl5/sjh/2023336.html
2023-12-17,2023337,862,269,494,494,2023337,846,407,84654,407,41164,一致,一致,是,https://www.8200.cn/kjh/3d/2023337.htm,https://www.3d178.cn/kaijiang/2023/2023337.shtml,https://www.8200.cn/kjh/p3/2023337.htm,https://m.ydniu.com/kaijiang/pl5/sjh/2023337.html
2023-12-18,2023338,477,504,153,153,2023338,380,827,38019,827,07098,一致,一致,是,https://www.8200.cn/kjh/3d/2023338.htm,https://www.3d178.cn/kaijiang/2023/2023338.shtml,https://www.8200.cn/kjh/p3/2023338.htm,https://m.ydniu.com/kaijiang/pl5/sjh/2023338.html
2023-12-19,2023339,847,467,187,187,2023339,482,571,48286,571,10414,一致,一致,是,https://www.8200.cn/kjh/3d/2023339.htm,https://www.3d178.cn/kaijiang/2023/2023339.shtml,https://www.8200.cn/kjh/p3/2023339.htm,https://m.ydniu.com/kaijiang/pl5/sjh/2023339.html
2023-12-20,2023340,138,407,406,406,2023340,089,651,08996,651,32310,一致,一致,是,https://www.8200.cn/kjh/3d/2023340.htm,https://www.3d178.cn/kaijiang/2023/2023340.shtml,https://www.8200.cn/kjh/p3/2023340.htm,https://m.ydniu.com/kaijiang/pl5/sjh/2023340.html
2023-12-21,2023341,227,026,195,195,2023341,341,730,34158,730,11253,一致,一致,是,https://www.8200.cn/kjh/3d/2023341.htm,https://www.3d178.cn/kaijiang/2023/2023341.shtml,https://www.8200.cn/kjh/p3/2023341.htm,https://m.ydniu.com/kaijiang/pl5/sjh/2023341.html
2023-12-22,2023342,769,501,657,657,2023342,978,981,97815,981,57406,一致,一致,是,https://www.8200.cn/kjh/3d/2023342.htm,https://www.3d178.cn/kaijiang/2023/2023342.shtml,https://www.8200.cn/kjh/p3/2023342.htm,https://m.ydniu.com/kaijiang/pl5/sjh/2023342.html
2023-12-23,2023343,848,145,639,639,2023343,730,140,73061,140,55619,一致,一致,是,https://www.8200.cn/kjh/3d/2023343.htm,https://www.3d178.cn/kaijiang/2023/2023343.shtml,https://www.8200.cn/kjh/p3/2023343.htm,https://m.ydniu.com/kaijiang/pl5/sjh/2023343.html
2023-12-24,2023344,968,063,916,916,2023344,801,253,80173,253,83356,一致,一致,是,https://www.8200.cn/kjh/3d/2023344.htm,https://www.3d178.cn/kaijiang/2023/2023344.shtml,https://www.8200.cn/kjh/p3/2023344.htm,https://m.ydniu.com/kaijiang/pl5/sjh/2023344.html
2023-12-25,2023345,436,013,562,562,2023345,678,579,67878,579,47968,一致,一致,是,https://www.8200.cn/kjh/3d/2023345.htm,https://www.3d178.cn/kaijiang/2023/2023345.shtml,https://www.8200.cn/kjh/p3/2023345.htm,https://m.ydniu.com/kaijiang/pl5/sjh/2023345.html
2023-12-26,2023346,491,614,821,821,2023346,258,837,25803,837,73802,一致,一致,是,https://www.8200.cn/kjh/3d/2023346.htm,https://www.3d178.cn/kaijiang/2023/2023346.shtml,https://www.8200.cn/kjh/p3/2023346.htm,https://m.ydniu.com/kaijiang/pl5/sjh/2023346.html
2023-12-27,2023347,560,184,788,788,2023347,742,279,74216,279,70534,一致,一致,是,https://www.8200.cn/kjh/3d/2023347.htm,https://www.3d178.cn/kaijiang/2023/2023347.shtml,https://www.8200.cn/kjh/p3/2023347.htm,https://m.ydniu.com/kaijiang/pl5/sjh/2023347.html
2023-12-28,2023348,653,905,228,228,2023348,597,638,59716,638,14695,一致,一致,是,https://www.8200.cn/kjh/3d/2023348.htm,https://www.3d178.cn/kaijiang/2023/2023348.shtml,https://www.8200.cn/kjh/p3/2023348.htm,https://m.ydniu.com/kaijiang/pl5/sjh/2023348.html
2023-12-29,2023349,514,082,971,971,2023349,923,768,92321,768,88872,一致,一致,是,https://www.8200.cn/kjh/3d/2023349.htm,https://www.3d178.cn/kaijiang/2023/2023349.shtml,https://www.8200.cn/kjh/p3/2023349.htm,https://m.ydniu.com/kaijiang/pl5/sjh/2023349.html
2023-12-30,2023350,771,214,680,680,2023350,197,935,19794,935,59857,一致,一致,是,https://www.8200.cn/kjh/3d/2023350.htm,https://www.3d178.cn/kaijiang/2023/2023350.shtml,https://www.8200.cn/kjh/p3/2023350.htm,https://m.ydniu.com/kaijiang/pl5/sjh/2023350.html
2023-12-31,2023351,490,809,870,870,2023351,571,786,57180,786,78784,一致,一致,是,https://www.8200.cn/kjh/3d/2023351.htm,https://www.3d178.cn/kaijiang/2023/2023351.shtml,https://www.8200.cn/kjh/p3/2023351.htm,https://m.ydniu.com/kaijiang/pl5/sjh/2023351.html
2024-01-01,2024001,218,892,239,239,2024001,403,047,40339,047,15600,一致,一致,是,https://www.8200.cn/kjh/3d/2024001.htm,https://www.3d178.cn/kaijiang/2024/2024001.shtml,https://www.8200.cn/kjh/p3/2024001.htm,https://m.ydniu.com/kaijiang/pl5/sjh/2024001.html
2024-01-02,2024002,669,102,884,884,2024002,544,894,54444,894,80144,一致,一致,是,https://www.8200.cn/kjh/3d/2024002.htm,https://www.3d178.cn/kaijiang/2024/2024002.shtml,https://www.8200.cn/kjh/p3/2024002.htm,https://m.ydniu.com/kaijiang/pl5/sjh/2024002.html
2024-01-03,2024003,729,578,369,369,2024003,666,918,66633,918,28655,一致,一致,是,https://www.8200.cn/kjh/3d/2024003.htm,https://www.3d178.cn/kaijiang/2024/2024003.shtml,https://www.8200.cn/kjh/p3/2024003.htm,https://m.ydniu.com/kaijiang/pl5/sjh/2024003.html
2024-01-04,2024004,705,519,491,491,2024004,665,954,66596,954,40805,一致,一致,是,https://www.8200.cn/kjh/3d/2024004.htm,https://www.3d178.cn/kaijiang/2024/2024004.shtml,https://www.8200.cn/kjh/p3/2024004.htm,https://m.ydniu.com/kaijiang/pl5/sjh/2024004.html
2024-01-05,2024005,806,157,189,189,2024005,259,138,25946,138,10625,一致,一致,是,https://www.8200.cn/kjh/3d/2024005.htm,https://www.3d178.cn/kaijiang/2024/2024005.shtml,https://www.8200.cn/kjh/p3/2024005.htm,https://m.ydniu.com/kaijiang/pl5/sjh/2024005.html
2024-01-06,2024006,212,902,265,265,2024006,284,937,28477,937,18290,一致,一致,是,https://www.8200.cn/kjh/3d/2024006.htm,https://www.3d178.cn/kaijiang/2024/2024006.shtml,https://www.8200.cn/kjh/p3/2024006.htm,https://m.ydniu.com/kaijiang/pl5/sjh/2024006.html
2024-01-07,2024007,633,728,465,465,2024007,888,829,88898,829,38216,一致,一致,是,https://www.8200.cn/kjh/3d/2024007.htm,https://www.3d178.cn/kaijiang/2024/2024007.shtml,https://www.8200.cn/kjh/p3/2024007.htm,https://m.ydniu.com/kaijiang/pl5/sjh/2024007.html
2024-01-08,2024008,423,402,388,388,2024008,405,276,40505,276,30651,一致,一致,是,https://www.8200.cn/kjh/3d/2024008.htm,https://www.3d178.cn/kaijiang/2024/2024008.shtml,https://www.8200.cn/kjh/p3/2024008.htm,https://m.ydniu.com/kaijiang/pl5/sjh/2024008.html
2024-01-09,2024009,265,903,655,655,2024009,815,843,81503,843,57369,一致,一致,是,https://www.8200.cn/kjh/3d/2024009.htm,https://www.3d178.cn/kaijiang/2024/2024009.shtml,https://www.8200.cn/kjh/p3/2024009.htm,https://m.ydniu.com/kaijiang/pl5/sjh/2024009.html
2024-01-10,2024010,437,489,533,533,2024010,281,947,28132,947,45022,一致,一致,是,https://www.8200.cn/kjh/3d/2024010.htm,https://www.3d178.cn/kaijiang/2024/2024010.shtml,https://www.8200.cn/kjh/p3/2024010.htm,https://m.ydniu.com/kaijiang/pl5/sjh/2024010.html
2024-01-11,2024011,927,853,160,160,2024011,080,524,08088,524,07812,一致,一致,是,https://www.8200.cn/kjh/3d/2024011.htm,https://www.3d178.cn/kaijiang/2024/2024011.shtml,https://www.8200.cn/kjh/p3/2024011.htm,https://m.ydniu.com/kaijiang/pl5/sjh/2024011.html
2024-01-12,2024012,590,367,546,546,2024012,081,613,08152,613,46395,一致,一致,是,https://www.8200.cn/kjh/3d/2024012.htm,https://www.3d178.cn/kaijiang/2024/2024012.shtml,https://www.8200.cn/kjh/p3/2024012.htm,https://m.ydniu.com/kaijiang/pl5/sjh/2024012.html
2024-01-13,2024013,468,095,409,409,2024013,985,038,98575,038,32763,一致,一致,是,https://www.8200.cn/kjh/3d/2024013.htm,https://www.3d178.cn/kaijiang/2024/2024013.shtml,https://www.8200.cn/kjh/p3/2024013.htm,https://m.ydniu.com/kaijiang/pl5/sjh/2024013.html
2024-01-14,2024014,251,962,162,162,2024014,187,950,18776,950,07948,一致,一致,是,https://www.8200.cn/kjh/3d/2024014.htm,https://www.3d178.cn/kaijiang/2024/2024014.shtml,https://www.8200.cn/kjh/p3/2024014.htm,https://m.ydniu.com/kaijiang/pl5/sjh/2024014.html
2024-01-15,2024015,438,369,208,208,2024015,475,628,47565,628,12513,一致,一致,是,https://www.8200.cn/kjh/3d/2024015.htm,https://www.3d178.cn/kaijiang/2024/2024015.shtml,https://www.8200.cn/kjh/p3/2024015.htm,https://m.ydniu.com/kaijiang/pl5/sjh/2024015.html
2024-01-16,2024016,920,283,080,080,2024016,702,169,70253,169,99633,一致,一致,是,https://www.8200.cn/kjh/3d/2024016.htm,https://www.3d178.cn/kaijiang/2024/2024016.shtml,https://www.8200.cn/kjh/p3/2024016.htm,https://m.ydniu.com/kaijiang/pl5/sjh/2024016.html
2024-01-17,2024017,659,657,002,002,2024017,555,739,55555,739,91880,一致,一致,是,https://www.8200.cn/kjh/3d/2024017.htm,https://www.3d178.cn/kaijiang/2024/2024017.shtml,https://www.8200.cn/kjh/p3/2024017.htm,https://m.ydniu.com/kaijiang/pl5/sjh/2024017.html
2024-01-18,2024018,430,634,515,515,2024018,859,513,85942,513,43242,一致,一致,是,https://www.8200.cn/kjh/3d/2024018.htm,https://www.3d178.cn/kaijiang/2024/2024018.shtml,https://www.8200.cn/kjh/p3/2024018.htm,https://m.ydniu.com/kaijiang/pl5/sjh/2024018.html
2024-01-19,2024019,953,697,457,457,2024019,313,548,31384,548,37453,一致,一致,是,https://www.8200.cn/kjh/3d/2024019.htm,https://www.3d178.cn/kaijiang/2024/2024019.shtml,https://www.8200.cn/kjh/p3/2024019.htm,https://m.ydniu.com/kaijiang/pl5/sjh/2024019.html
2024-01-20,2024020,868,195,166,166,2024020,406,405,40657,405,08342,一致,一致,是,https://www.8200.cn/kjh/3d/2024020.htm,https://www.3d178.cn/kaijiang/2024/2024020.shtml,https://www.8200.cn/kjh/p3/2024020.htm,https://m.ydniu.com/kaijiang/pl5/sjh/2024020.html
2024-01-21,2024021,446,649,354,354,2024021,370,218,37072,218,27123,一致,一致,是,https://www.8200.cn/kjh/3d/2024021.htm,https://www.3d178.cn/kaijiang/2024/2024021.shtml,https://www.8200.cn/kjh/p3/2024021.htm,https://m.ydniu.com/kaijiang/pl5/sjh/2024021.html
2024-01-22,2024022,285,094,786,786,2024022,124,403,12406,403,70329,一致,一致,是,https://www.8200.cn/kjh/3d/2024022.htm,https://www.3d178.cn/kaijiang/2024/2024022.shtml,https://www.8200.cn/kjh/p3/2024022.htm,https://m.ydniu.com/kaijiang/pl5/sjh/2024022.html
2024-01-23,2024023,247,971,369,369,2024023,793,384,79348,384,28681,一致,一致,是,https://www.8200.cn/kjh/3d/2024023.htm,https://www.3d178.cn/kaijiang/2024/2024023.shtml,https://www.8200.cn/kjh/p3/2024023.htm,https://m.ydniu.com/kaijiang/pl5/sjh/2024023.html
2024-01-24,2024024,473,128,987,987,2024024,199,904,19979,904,90428,一致,一致,是,https://www.8200.cn/kjh/3d/2024024.htm,https://www.3d178.cn/kaijiang/2024/2024024.shtml,https://www.8200.cn/kjh/p3/2024024.htm,https://m.ydniu.com/kaijiang/pl5/sjh/2024024.html
2024-01-25,2024025,749,072,474,474,2024025,314,968,31497,968,39209,一致,一致,是,https://www.8200.cn/kjh/3d/2024025.htm,https://www.3d178.cn/kaijiang/2024/2024025.shtml,https://www.8200.cn/kjh/p3/2024025.htm,https://m.ydniu.com/kaijiang/pl5/sjh/2024025.html
2024-01-26,2024026,149,437,252,252,2024026,751,402,75102,402,16908,一致,一致,是,https://www.8200.cn/kjh/3d/2024026.htm,https://www.3d178.cn/kaijiang/2024/2024026.shtml,https://www.8200.cn/kjh/p3/2024026.htm,https://m.ydniu.com/kaijiang/pl5/sjh/2024026.html
2024-01-27,2024027,849,230,737,737,2024027,502,814,50242,814,65439,一致,一致,是,https://www.8200.cn/kjh/3d/2024027.htm,https://www.3d178.cn/kaijiang/2024/2024027.shtml,https://www.8200.cn/kjh/p3/2024027.htm,https://m.ydniu.com/kaijiang/pl5/sjh/2024027.html
2024-01-28,2024028,662,873,688,688,2024028,259,703,25939,703,60533,一致,一致,是,https://www.8200.cn/kjh/3d/2024028.htm,https://www.3d178.cn/kaijiang/2024/2024028.shtml,https://www.8200.cn/kjh/p3/2024028.htm,https://m.ydniu.com/kaijiang/pl5/sjh/2024028.html
2024-01-29,2024029,094,692,081,081,2024029,575,413,57548,413,99762,一致,一致,是,https://www.8200.cn/kjh/3d/2024029.htm,https://www.3d178.cn/kaijiang/2024/2024029.shtml,https://www.8200.cn/kjh/p3/2024029.htm,https://m.ydniu.com/kaijiang/pl5/sjh/2024029.html
2024-01-30,2024030,935,864,209,209,2024030,951,902,95147,902,12679,一致,一致,是,https://www.8200.cn/kjh/3d/2024030.htm,https://www.3d178.cn/kaijiang/2024/2024030.shtml,https://www.8200.cn/kjh/p3/2024030.htm,https://m.ydniu.com/kaijiang/pl5/sjh/2024030.html
2024-01-31,2024031,060,637,274,274,2024031,682,549,68240,549,19225,一致,一致,是,https://www.8200.cn/kjh/3d/2024031.htm,https://www.3d178.cn/kaijiang/2024/2024031.shtml,https://www.8200.cn/kjh/p3/2024031.htm,https://m.ydniu.com/kaijiang/pl5/sjh/2024031.html
2024-02-01,2024032,995,483,083,083,2024032,805,908,80526,908,00022,一致,一致,是,https://www.8200.cn/kjh/3d/2024032.htm,https://www.3d178.cn/kaijiang/2024/2024032.shtml,https://www.8200.cn/kjh/p3/2024032.htm,https://m.ydniu.com/kaijiang/pl5/sjh/2024032.html
2024-02-02,2024033,945,957,406,406,2024033,739,713,73936,713,32460,一致,一致,是,https://www.8200.cn/kjh/3d/2024033.htm,https://www.3d178.cn/kaijiang/2024/2024033.shtml,https://www.8200.cn/kjh/p3/2024033.htm,https://m.ydniu.com/kaijiang/pl5/sjh/2024033.html
2024-02-03,2024034,856,840,814,814,2024034,017,576,01733,576,73119,一致,一致,是,https://www.8200.cn/kjh/3d/2024034.htm,https://www.3d178.cn/kaijiang/2024/2024034.shtml,https://www.8200.cn/kjh/p3/2024034.htm,https://m.ydniu.com/kaijiang/pl5/sjh/2024034.html
2024-02-04,2024035,045,502,769,769,2024035,306,408,30653,408,68764,一致,一致,是,https://www.8200.cn/kjh/3d/2024035.htm,https://www.3d178.cn/kaijiang/2024/2024035.shtml,https://www.8200.cn/kjh/p3/2024035.htm,https://m.ydniu.com/kaijiang/pl5/sjh/2024035.html
2024-02-05,2024036,265,168,441,441,2024036,547,261,54791,261,35808,一致,一致,是,https://www.8200.cn/kjh/3d/2024036.htm,https://www.3d178.cn/kaijiang/2024/2024036.shtml,https://www.8200.cn/kjh/p3/2024036.htm,https://m.ydniu.com/kaijiang/pl5/sjh/2024036.html
2024-02-06,2024037,460,158,119,119,2024037,910,298,91076,298,03718,一致,一致,是,https://www.8200.cn/kjh/3d/2024037.htm,https://www.3d178.cn/kaijiang/2024/2024037.shtml,https://www.8200.cn/kjh/p3/2024037.htm,https://m.ydniu.com/kaijiang/pl5/sjh/2024037.html
2024-02-07,2024038,676,162,447,447,2024038,529,823,52946,823,36431,一致,一致,是,https://www.8200.cn/kjh/3d/2024038.htm,https://www.3d178.cn/kaijiang/2024/2024038.shtml,https://www.8200.cn/kjh/p3/2024038.htm,https://m.ydniu.com/kaijiang/pl5/sjh/2024038.html
2024-02-18,2024039,228,097,260,260,2024039,508,624,50868,624,17702,一致,一致,是,https://www.8200.cn/kjh/3d/2024039.htm,https://www.3d178.cn/kaijiang/2024/2024039.shtml,https://www.8200.cn/kjh/p3/2024039.htm,https://m.ydniu.com/kaijiang/pl5/sjh/2024039.html
2024-02-19,2024040,736,837,182,182,2024040,514,802,51477,802,09981,一致,一致,是,https://www.8200.cn/kjh/3d/2024040.htm,https://www.3d178.cn/kaijiang/2024/2024040.shtml,https://www.8200.cn/kjh/p3/2024040.htm,https://m.ydniu.com/kaijiang/pl5/sjh/2024040.html
2024-02-20,2024041,315,153,065,065,2024041,905,847,90558,847,98149,一致,一致,是,https://www.8200.cn/kjh/3d/2024041.htm,https://www.3d178.cn/kaijiang/2024/2024041.shtml,https://www.8200.cn/kjh/p3/2024041.htm,https://m.ydniu.com/kaijiang/pl5/sjh/2024041.html
2024-02-21,2024042,086,126,887,887,2024042,342,948,34276,948,80591,一致,一致,是,https://www.8200.cn/kjh/3d/2024042.htm,https://www.3d178.cn/kaijiang/2024/2024042.shtml,https://www.8200.cn/kjh/p3/2024042.htm,https://m.ydniu.com/kaijiang/pl5/sjh/2024042.html
2024-02-22,2024043,257,853,025,025,2024043,296,609,29608,609,94203,一致,一致,是,https://www.8200.cn/kjh/3d/2024043.htm,https://www.3d178.cn/kaijiang/2024/2024043.shtml,https://www.8200.cn/kjh/p3/2024043.htm,https://m.ydniu.com/kaijiang/pl5/sjh/2024043.html
2024-02-23,2024044,363,247,722,722,2024044,885,517,88528,517,63976,一致,一致,是,https://www.8200.cn/kjh/3d/2024044.htm,https://www.3d178.cn/kaijiang/2024/2024044.shtml,https://www.8200.cn/kjh/p3/2024044.htm,https://m.ydniu.com/kaijiang/pl5/sjh/2024044.html
2024-02-24,2024045,406,397,551,551,2024045,757,801,75783,801,46918,一致,一致,是,https://www.8200.cn/kjh/3d/2024045.htm,https://www.3d178.cn/kaijiang/2024/2024045.shtml,https://www.8200.cn/kjh/p3/2024045.htm,https://m.ydniu.com/kaijiang/pl5/sjh/2024045.html
2024-02-25,2024046,730,618,752,752,2024046,702,924,70263,924,66924,一致,一致,是,https://www.8200.cn/kjh/3d/2024046.htm,https://www.3d178.cn/kaijiang/2024/2024046.shtml,https://www.8200.cn/kjh/p3/2024046.htm,https://m.ydniu.com/kaijiang/pl5/sjh/2024046.html
2024-02-26,2024047,420,678,412,412,2024047,760,627,76088,627,32949,一致,一致,是,https://www.8200.cn/kjh/3d/2024047.htm,https://www.3d178.cn/kaijiang/2024/2024047.shtml,https://www.8200.cn/kjh/p3/2024047.htm,https://m.ydniu.com/kaijiang/pl5/sjh/2024047.html
2024-02-27,2024048,128,802,556,556,2024048,396,628,39635,628,47331,一致,一致,是,https://www.8200.cn/kjh/3d/2024048.htm,https://www.3d178.cn/kaijiang/2024/2024048.shtml,https://www.8200.cn/kjh/p3/2024048.htm,https://m.ydniu.com/kaijiang/pl5/sjh/2024048.html
2024-02-28,2024049,811,394,759,759,2024049,631,174,63101,174,67614,一致,一致,是,https://www.8200.cn/kjh/3d/2024049.htm,https://www.3d178.cn/kaijiang/2024/2024049.shtml,https://www.8200.cn/kjh/p3/2024049.htm,https://m.ydniu.com/kaijiang/pl5/sjh/2024049.html
2024-02-29,2024050,634,305,689,689,2024050,495,917,49595,917,60696,一致,一致,是,https://www.8200.cn/kjh/3d/2024050.htm,https://www.3d178.cn/kaijiang/2024/2024050.shtml,https://www.8200.cn/kjh/p3/2024050.htm,https://m.ydniu.com/kaijiang/pl5/sjh/2024050.html
2024-03-01,2024051,340,584,144,144,2024051,674,524,67475,524,06171,一致,一致,是,https://www.8200.cn/kjh/3d/2024051.htm,https://www.3d178.cn/kaijiang/2024/2024051.shtml,https://www.8200.cn/kjh/p3/2024051.htm,https://m.ydniu.com/kaijiang/pl5/sjh/2024051.html
2024-03-02,2024052,310,713,812,812,2024052,995,547,99505,547,73048,一致,一致,是,https://www.8200.cn/kjh/3d/2024052.htm,https://www.3d178.cn/kaijiang/2024/2024052.shtml,https://www.8200.cn/kjh/p3/2024052.htm,https://m.ydniu.com/kaijiang/pl5/sjh/2024052.html
2024-03-03,2024053,478,690,502,502,2024053,958,217,95828,217,42052,一致,一致,是,https://www.8200.cn/kjh/3d/2024053.htm,https://www.3d178.cn/kaijiang/2024/2024053.shtml,https://www.8200.cn/kjh/p3/2024053.htm,https://m.ydniu.com/kaijiang/pl5/sjh/2024053.html
2024-03-04,2024054,192,730,646,646,2024054,221,348,22187,348,56354,一致,一致,是,https://www.8200.cn/kjh/3d/2024054.htm,https://www.3d178.cn/kaijiang/2024/2024054.shtml,https://www.8200.cn/kjh/p3/2024054.htm,https://m.ydniu.com/kaijiang/pl5/sjh/2024054.html
2024-03-05,2024055,589,304,247,247,2024055,173,310,17333,310,16485,一致,一致,是,https://www.8200.cn/kjh/3d/2024055.htm,https://www.3d178.cn/kaijiang/2024/2024055.shtml,https://www.8200.cn/kjh/p3/2024055.htm,https://m.ydniu.com/kaijiang/pl5/sjh/2024055.html
2024-03-06,2024056,542,549,707,707,2024056,788,267,78830,267,62417,一致,一致,是,https://www.8200.cn/kjh/3d/2024056.htm,https://www.3d178.cn/kaijiang/2024/2024056.shtml,https://www.8200.cn/kjh/p3/2024056.htm,https://m.ydniu.com/kaijiang/pl5/sjh/2024056.html
2024-03-07,2024057,805,396,429,429,2024057,765,612,76585,612,34695,一致,一致,是,https://www.8200.cn/kjh/3d/2024057.htm,https://www.3d178.cn/kaijiang/2024/2024057.shtml,https://www.8200.cn/kjh/p3/2024057.htm,https://m.ydniu.com/kaijiang/pl5/sjh/2024057.html
2024-03-08,2024058,469,571,664,664,2024058,065,183,06548,183,58157,一致,一致,是,https://www.8200.cn/kjh/3d/2024058.htm,https://www.3d178.cn/kaijiang/2024/2024058.shtml,https://www.8200.cn/kjh/p3/2024058.htm,https://m.ydniu.com/kaijiang/pl5/sjh/2024058.html
2024-03-09,2024059,758,492,320,320,2024059,629,984,62979,984,23715,一致,一致,是,https://www.8200.cn/kjh/3d/2024059.htm,https://www.3d178.cn/kaijiang/2024/2024059.shtml,https://www.8200.cn/kjh/p3/2024059.htm,https://m.ydniu.com/kaijiang/pl5/sjh/2024059.html
2024-03-10,2024060,897,916,685,685,2024060,357,307,35726,307,60204,一致,一致,是,https://www.8200.cn/kjh/3d/2024060.htm,https://www.3d178.cn/kaijiang/2024/2024060.shtml,https://www.8200.cn/kjh/p3/2024060.htm,https://m.ydniu.com/kaijiang/pl5/sjh/2024060.html
2024-03-11,2024061,406,816,146,146,2024061,250,824,25070,824,06398,一致,一致,是,https://www.8200.cn/kjh/3d/2024061.htm,https://www.3d178.cn/kaijiang/2024/2024061.shtml,https://www.8200.cn/kjh/p3/2024061.htm,https://m.ydniu.com/kaijiang/pl5/sjh/2024061.html
2024-03-12,2024062,377,216,046,046,2024062,784,713,78455,713,96207,一致,一致,是,https://www.8200.cn/kjh/3d/2024062.htm,https://www.3d178.cn/kaijiang/2024/2024062.shtml,https://www.8200.cn/kjh/p3/2024062.htm,https://m.ydniu.com/kaijiang/pl5/sjh/2024062.html
2024-03-13,2024063,349,438,843,843,2024063,651,640,65190,640,76113,一致,一致,是,https://www.8200.cn/kjh/3d/2024063.htm,https://www.3d178.cn/kaijiang/2024/2024063.shtml,https://www.8200.cn/kjh/p3/2024063.htm,https://m.ydniu.com/kaijiang/pl5/sjh/2024063.html
2024-03-14,2024064,009,051,025,025,2024064,132,473,13228,473,94212,一致,一致,是,https://www.8200.cn/kjh/3d/2024064.htm,https://www.3d178.cn/kaijiang/2024/2024064.shtml,https://www.8200.cn/kjh/p3/2024064.htm,https://m.ydniu.com/kaijiang/pl5/sjh/2024064.html
2024-03-15,2024065,469,092,254,254,2024065,903,267,90376,267,17264,一致,一致,是,https://www.8200.cn/kjh/3d/2024065.htm,https://www.3d178.cn/kaijiang/2024/2024065.shtml,https://www.8200.cn/kjh/p3/2024065.htm,https://m.ydniu.com/kaijiang/pl5/sjh/2024065.html
2024-03-16,2024066,198,735,028,028,2024066,803,568,80383,568,94466,一致,一致,是,https://www.8200.cn/kjh/3d/2024066.htm,https://www.3d178.cn/kaijiang/2024/2024066.shtml,https://www.8200.cn/kjh/p3/2024066.htm,https://m.ydniu.com/kaijiang/pl5/sjh/2024066.html
2024-03-17,2024067,709,894,448,448,2024067,549,682,54969,682,36524,一致,一致,是,https://www.8200.cn/kjh/3d/2024067.htm,https://www.3d178.cn/kaijiang/2024/2024067.shtml,https://www.8200.cn/kjh/p3/2024067.htm,https://m.ydniu.com/kaijiang/pl5/sjh/2024067.html
2024-03-18,2024068,642,628,983,983,2024068,239,580,23981,580,90019,一致,一致,是,https://www.8200.cn/kjh/3d/2024068.htm,https://www.3d178.cn/kaijiang/2024/2024068.shtml,https://www.8200.cn/kjh/p3/2024068.htm,https://m.ydniu.com/kaijiang/pl5/sjh/2024068.html
2024-03-19,2024069,451,451,688,688,2024069,411,712,41109,712,60558,一致,一致,是,https://www.8200.cn/kjh/3d/2024069.htm,https://www.3d178.cn/kaijiang/2024/2024069.shtml,https://www.8200.cn/kjh/p3/2024069.htm,https://m.ydniu.com/kaijiang/pl5/sjh/2024069.html
2024-03-20,2024070,671,386,882,882,2024070,891,812,89103,812,79946,一致,一致,是,https://www.8200.cn/kjh/3d/2024070.htm,https://www.3d178.cn/kaijiang/2024/2024070.shtml,https://www.8200.cn/kjh/p3/2024070.htm,https://m.ydniu.com/kaijiang/pl5/sjh/2024070.html
2024-03-21,2024071,213,368,941,941,2024071,258,826,25820,826,85845,一致,一致,是,https://www.8200.cn/kjh/3d/2024071.htm,https://www.3d178.cn/kaijiang/2024/2024071.shtml,https://www.8200.cn/kjh/p3/2024071.htm,https://m.ydniu.com/kaijiang/pl5/sjh/2024071.html
2024-03-22,2024072,977,134,841,841,2024072,341,947,34153,947,75915,一致,一致,是,https://www.8200.cn/kjh/3d/2024072.htm,https://www.3d178.cn/kaijiang/2024/2024072.shtml,https://www.8200.cn/kjh/p3/2024072.htm,https://m.ydniu.com/kaijiang/pl5/sjh/2024072.html
2024-03-23,2024073,258,275,984,984,2024073,590,951,59043,951,90142,一致,一致,是,https://www.8200.cn/kjh/3d/2024073.htm,https://www.3d178.cn/kaijiang/2024/2024073.shtml,https://www.8200.cn/kjh/p3/2024073.htm,https://m.ydniu.com/kaijiang/pl5/sjh/2024073.html
2024-03-24,2024074,041,487,658,658,2024074,629,604,62952,604,57602,一致,一致,是,https://www.8200.cn/kjh/3d/2024074.htm,https://www.3d178.cn/kaijiang/2024/2024074.shtml,https://www.8200.cn/kjh/p3/2024074.htm,https://m.ydniu.com/kaijiang/pl5/sjh/2024074.html
2024-03-25,2024075,254,380,566,566,2024075,285,703,28508,703,48442,一致,一致,是,https://www.8200.cn/kjh/3d/2024075.htm,https://www.3d178.cn/kaijiang/2024/2024075.shtml,https://www.8200.cn/kjh/p3/2024075.htm,https://m.ydniu.com/kaijiang/pl5/sjh/2024075.html
2024-03-26,2024076,655,850,780,780,2024076,968,493,96875,493,69794,一致,一致,是,https://www.8200.cn/kjh/3d/2024076.htm,https://www.3d178.cn/kaijiang/2024/2024076.shtml,https://www.8200.cn/kjh/p3/2024076.htm,https://m.ydniu.com/kaijiang/pl5/sjh/2024076.html
2024-03-27,2024077,336,859,458,458,2024077,626,624,62685,624,37586,一致,一致,是,https://www.8200.cn/kjh/3d/2024077.htm,https://www.3d178.cn/kaijiang/2024/2024077.shtml,https://www.8200.cn/kjh/p3/2024077.htm,https://m.ydniu.com/kaijiang/pl5/sjh/2024077.html
2024-03-28,2024078,397,830,224,224,2024078,126,954,12680,954,14115,一致,一致,是,https://www.8200.cn/kjh/3d/2024078.htm,https://www.3d178.cn/kaijiang/2024/2024078.shtml,https://www.8200.cn/kjh/p3/2024078.htm,https://m.ydniu.com/kaijiang/pl5/sjh/2024078.html
2024-03-29,2024079,931,129,033,033,2024079,889,893,88908,893,95002,一致,一致,是,https://www.8200.cn/kjh/3d/2024079.htm,https://www.3d178.cn/kaijiang/2024/2024079.shtml,https://www.8200.cn/kjh/p3/2024079.htm,https://m.ydniu.com/kaijiang/pl5/sjh/2024079.html
2024-03-30,2024080,775,670,769,769,2024080,012,927,01264,927,68710,一致,一致,是,https://www.8200.cn/kjh/3d/2024080.htm,https://www.3d178.cn/kaijiang/2024/2024080.shtml,https://www.8200.cn/kjh/p3/2024080.htm,https://m.ydniu.com/kaijiang/pl5/sjh/2024080.html
2024-03-31,2024081,108,459,529,529,2024081,928,930,92851,930,44638,一致,一致,是,https://www.8200.cn/kjh/3d/2024081.htm,https://www.3d178.cn/kaijiang/2024/2024081.shtml,https://www.8200.cn/kjh/p3/2024081.htm,https://m.ydniu.com/kaijiang/pl5/sjh/2024081.html
2024-04-01,2024082,920,769,434,434,2024082,571,719,57154,719,35185,一致,一致,是,https://www.8200.cn/kjh/3d/2024082.htm,https://www.3d178.cn/kaijiang/2024/2024082.shtml,https://www.8200.cn/kjh/p3/2024082.htm,https://m.ydniu.com/kaijiang/pl5/sjh/2024082.html
2024-04-02,2024083,899,438,103,103,2024083,232,371,23219,371,02094,一致,一致,是,https://www.8200.cn/kjh/3d/2024083.htm,https://www.3d178.cn/kaijiang/2024/2024083.shtml,https://www.8200.cn/kjh/p3/2024083.htm,https://m.ydniu.com/kaijiang/pl5/sjh/2024083.html
2024-04-03,2024084,219,620,514,514,2024084,549,513,54947,513,43101,一致,一致,是,https://www.8200.cn/kjh/3d/2024084.htm,https://www.3d178.cn/kaijiang/2024/2024084.shtml,https://www.8200.cn/kjh/p3/2024084.htm,https://m.ydniu.com/kaijiang/pl5/sjh/2024084.html
2024-04-04,2024085,490,593,537,537,2024085,493,620,49361,620,45426,一致,一致,是,https://www.8200.cn/kjh/3d/2024085.htm,https://www.3d178.cn/kaijiang/2024/2024085.shtml,https://www.8200.cn/kjh/p3/2024085.htm,https://m.ydniu.com/kaijiang/pl5/sjh/2024085.html
2024-04-05,2024086,532,780,830,830,2024086,278,917,27835,917,74704,一致,一致,是,https://www.8200.cn/kjh/3d/2024086.htm,https://www.3d178.cn/kaijiang/2024/2024086.shtml,https://www.8200.cn/kjh/p3/2024086.htm,https://m.ydniu.com/kaijiang/pl5/sjh/2024086.html
2024-04-06,2024087,797,652,983,983,2024087,161,256,16107,256,90098,一致,一致,是,https://www.8200.cn/kjh/3d/2024087.htm,https://www.3d178.cn/kaijiang/2024/2024087.shtml,https://www.8200.cn/kjh/p3/2024087.htm,https://m.ydniu.com/kaijiang/pl5/sjh/2024087.html
2024-04-07,2024088,761,408,396,396,2024088,819,350,81952,350,31336,一致,一致,是,https://www.8200.cn/kjh/3d/2024088.htm,https://www.3d178.cn/kaijiang/2024/2024088.shtml,https://www.8200.cn/kjh/p3/2024088.htm,https://m.ydniu.com/kaijiang/pl5/sjh/2024088.html
2024-04-08,2024089,457,472,654,654,2024089,117,268,11704,268,57195,一致,一致,是,https://www.8200.cn/kjh/3d/2024089.htm,https://www.3d178.cn/kaijiang/2024/2024089.shtml,https://www.8200.cn/kjh/p3/2024089.htm,https://m.ydniu.com/kaijiang/pl5/sjh/2024089.html
2024-04-09,2024090,890,087,017,017,2024090,206,875,20626,875,93360,一致,一致,是,https://www.8200.cn/kjh/3d/2024090.htm,https://www.3d178.cn/kaijiang/2024/2024090.shtml,https://www.8200.cn/kjh/p3/2024090.htm,https://m.ydniu.com/kaijiang/pl5/sjh/2024090.html
2024-04-10,2024091,564,728,266,266,2024091,196,950,19651,950,18305,一致,一致,是,https://www.8200.cn/kjh/3d/2024091.htm,https://www.3d178.cn/kaijiang/2024/2024091.shtml,https://www.8200.cn/kjh/p3/2024091.htm,https://m.ydniu.com/kaijiang/pl5/sjh/2024091.html
2024-04-11,2024092,071,924,843,843,2024092,150,148,15044,148,76133,一致,一致,是,https://www.8200.cn/kjh/3d/2024092.htm,https://www.3d178.cn/kaijiang/2024/2024092.shtml,https://www.8200.cn/kjh/p3/2024092.htm,https://m.ydniu.com/kaijiang/pl5/sjh/2024092.html
2024-04-12,2024093,647,253,738,738,2024093,935,934,93538,934,65589,一致,一致,是,https://www.8200.cn/kjh/3d/2024093.htm,https://www.3d178.cn/kaijiang/2024/2024093.shtml,https://www.8200.cn/kjh/p3/2024093.htm,https://m.ydniu.com/kaijiang/pl5/sjh/2024093.html
2024-04-13,2024094,679,537,815,815,2024094,271,824,27176,824,73354,一致,一致,是,https://www.8200.cn/kjh/3d/2024094.htm,https://www.3d178.cn/kaijiang/2024/2024094.shtml,https://www.8200.cn/kjh/p3/2024094.htm,https://m.ydniu.com/kaijiang/pl5/sjh/2024094.html
2024-04-14,2024095,257,280,015,015,2024095,175,386,17543,386,93141,一致,一致,是,https://www.8200.cn/kjh/3d/2024095.htm,https://www.3d178.cn/kaijiang/2024/2024095.shtml,https://www.8200.cn/kjh/p3/2024095.htm,https://m.ydniu.com/kaijiang/pl5/sjh/2024095.html
2024-04-15,2024096,129,563,092,092,2024096,463,986,46352,986,00969,一致,一致,是,https://www.8200.cn/kjh/3d/2024096.htm,https://www.3d178.cn/kaijiang/2024/2024096.shtml,https://www.8200.cn/kjh/p3/2024096.htm,https://m.ydniu.com/kaijiang/pl5/sjh/2024096.html
2024-04-16,2024097,389,910,962,962,2024097,863,509,86372,509,87927,一致,一致,是,https://www.8200.cn/kjh/3d/2024097.htm,https://www.3d178.cn/kaijiang/2024/2024097.shtml,https://www.8200.cn/kjh/p3/2024097.htm,https://m.ydniu.com/kaijiang/pl5/sjh/2024097.html
2024-04-17,2024098,620,827,019,019,2024098,247,571,24705,571,93587,一致,一致,是,https://www.8200.cn/kjh/3d/2024098.htm,https://www.3d178.cn/kaijiang/2024/2024098.shtml,https://www.8200.cn/kjh/p3/2024098.htm,https://m.ydniu.com/kaijiang/pl5/sjh/2024098.html
2024-04-18,2024099,190,057,154,154,2024099,102,795,10254,795,07273,一致,一致,是,https://www.8200.cn/kjh/3d/2024099.htm,https://www.3d178.cn/kaijiang/2024/2024099.shtml,https://www.8200.cn/kjh/p3/2024099.htm,https://m.ydniu.com/kaijiang/pl5/sjh/2024099.html
2024-04-19,2024100,936,495,304,304,2024100,157,690,15771,690,22123,一致,一致,是,https://www.8200.cn/kjh/3d/2024100.htm,https://www.3d178.cn/kaijiang/2024/2024100.shtml,https://www.8200.cn/kjh/p3/2024100.htm,https://m.ydniu.com/kaijiang/pl5/sjh/2024100.html
2024-04-20,2024101,594,927,124,124,2024101,030,186,03074,186,04266,一致,一致,是,https://www.8200.cn/kjh/3d/2024101.htm,https://www.3d178.cn/kaijiang/2024/2024101.shtml,https://www.8200.cn/kjh/p3/2024101.htm,https://m.ydniu.com/kaijiang/pl5/sjh/2024101.html
2024-04-21,2024102,339,597,162,162,2024102,215,697,21536,697,08069,一致,一致,是,https://www.8200.cn/kjh/3d/2024102.htm,https://www.3d178.cn/kaijiang/2024/2024102.shtml,https://www.8200.cn/kjh/p3/2024102.htm,https://m.ydniu.com/kaijiang/pl5/sjh/2024102.html
2024-04-22,2024103,984,765,830,830,2024103,551,143,55120,143,74712,一致,一致,是,https://www.8200.cn/kjh/3d/2024103.htm,https://www.3d178.cn/kaijiang/2024/2024103.shtml,https://www.8200.cn/kjh/p3/2024103.htm,https://m.ydniu.com/kaijiang/pl5/sjh/2024103.html
2024-04-23,2024104,579,247,581,581,2024104,474,834,47428,834,49852,一致,一致,是,https://www.8200.cn/kjh/3d/2024104.htm,https://www.3d178.cn/kaijiang/2024/2024104.shtml,https://www.8200.cn/kjh/p3/2024104.htm,https://m.ydniu.com/kaijiang/pl5/sjh/2024104.html
2024-04-24,2024105,976,724,682,682,2024105,210,239,21015,239,59900,一致,一致,是,https://www.8200.cn/kjh/3d/2024105.htm,https://www.3d178.cn/kaijiang/2024/2024105.shtml,https://www.8200.cn/kjh/p3/2024105.htm,https://m.ydniu.com/kaijiang/pl5/sjh/2024105.html
2024-04-25,2024106,127,347,930,930,2024106,533,531,53323,531,84883,一致,一致,是,https://www.8200.cn/kjh/3d/2024106.htm,https://www.3d178.cn/kaijiang/2024/2024106.shtml,https://www.8200.cn/kjh/p3/2024106.htm,https://m.ydniu.com/kaijiang/pl5/sjh/2024106.html
2024-04-26,2024107,062,625,858,858,2024107,499,265,49936,265,50351,一致,一致,是,https://www.8200.cn/kjh/3d/2024107.htm,https://www.3d178.cn/kaijiang/2024/2024107.shtml,https://www.8200.cn/kjh/p3/2024107.htm,https://m.ydniu.com/kaijiang/pl5/sjh/2024107.html
2024-04-27,2024108,432,952,606,606,2024108,252,598,25283,598,77486,一致,一致,是,https://www.8200.cn/kjh/3d/2024108.htm,https://www.3d178.cn/kaijiang/2024/2024108.shtml,https://www.8200.cn/kjh/p3/2024108.htm,https://m.ydniu.com/kaijiang/pl5/sjh/2024108.html
2024-04-28,2024109,181,162,670,670,2024109,243,269,24366,269,02397,一致,一致,是,https://www.8200.cn/kjh/3d/2024109.htm,https://www.3d178.cn/kaijiang/2024/2024109.shtml,https://www.8200.cn/kjh/p3/2024109.htm,https://m.ydniu.com/kaijiang/pl5/sjh/2024109.html
2024-04-29,2024110,506,046,845,845,2024110,629,261,62904,261,38016,一致,一致,是,https://www.8200.cn/kjh/3d/2024110.htm,https://www.3d178.cn/kaijiang/2024/2024110.shtml,https://www.8200.cn/kjh/p3/2024110.htm,https://m.ydniu.com/kaijiang/pl5/sjh/2024110.html
2024-04-30,2024111,206,736,642,642,2024111,336,947,33671,947,99187,一致,一致,是,https://www.8200.cn/kjh/3d/2024111.htm,https://www.3d178.cn/kaijiang/2024/2024111.shtml,https://www.8200.cn/kjh/p3/2024111.htm,https://m.ydniu.com/kaijiang/pl5/sjh/2024111.html
2024-05-01,2024112,630,138,962,962,2024112,218,102,21803,102,11349,一致,一致,是,https://www.8200.cn/kjh/3d/2024112.htm,https://www.3d178.cn/kaijiang/2024/2024112.shtml,https://www.8200.cn/kjh/p3/2024112.htm,https://m.ydniu.com/kaijiang/pl5/sjh/2024112.html
2024-05-02,2024113,242,043,016,016,2024113,345,378,34500,378,22463,一致,一致,是,https://www.8200.cn/kjh/3d/2024113.htm,https://www.3d178.cn/kaijiang/2024/2024113.shtml,https://www.8200.cn/kjh/p3/2024113.htm,https://m.ydniu.com/kaijiang/pl5/sjh/2024113.html
2024-05-03,2024114,075,287,160,160,2024114,548,794,54856,794,09541,一致,一致,是,https://www.8200.cn/kjh/3d/2024114.htm,https://www.3d178.cn/kaijiang/2024/2024114.shtml,https://www.8200.cn/kjh/p3/2024114.htm,https://m.ydniu.com/kaijiang/pl5/sjh/2024114.html
2024-05-04,2024115,099,351,111,111,2024115,620,563,62023,563,23611,一致,一致,是,https://www.8200.cn/kjh/3d/2024115.htm,https://www.3d178.cn/kaijiang/2024/2024115.shtml,https://www.8200.cn/kjh/p3/2024115.htm,https://m.ydniu.com/kaijiang/pl5/sjh/2024115.html
2024-05-05,2024116,851,021,547,547,2024116,348,420,34845,420,11142,一致,一致,是,https://www.8200.cn/kjh/3d/2024116.htm,https://www.3d178.cn/kaijiang/2024/2024116.shtml,https://www.8200.cn/kjh/p3/2024116.htm,https://m.ydniu.com/kaijiang/pl5/sjh/2024116.html
2024-05-06,2024117,989,305,726,726,2024117,185,917,18586,917,88743,一致,一致,是,https://www.8200.cn/kjh/3d/2024117.htm,https://www.3d178.cn/kaijiang/2024/2024117.shtml,https://www.8200.cn/kjh/p3/2024117.htm,https://m.ydniu.com/kaijiang/pl5/sjh/2024117.html
2024-05-07,2024118,343,038,709,709,2024118,733,705,73372,705,77164,一致,一致,是,https://www.8200.cn/kjh/3d/2024118.htm,https://www.3d178.cn/kaijiang/2024/2024118.shtml,https://www.8200.cn/kjh/p3/2024118.htm,https://m.ydniu.com/kaijiang/pl5/sjh/2024118.html
2024-05-08,2024119,508,058,308,308,2024119,255,639,25533,639,19125,一致,一致,是,https://www.8200.cn/kjh/3d/2024119.htm,https://www.3d178.cn/kaijiang/2024/2024119.shtml,https://www.8200.cn/kjh/p3/2024119.htm,https://m.ydniu.com/kaijiang/pl5/sjh/2024119.html
2024-05-09,2024120,549,178,737,737,2024120,529,524,52911,524,86347,一致,一致,是,https://www.8200.cn/kjh/3d/2024120.htm,https://www.3d178.cn/kaijiang/2024/2024120.shtml,https://www.8200.cn/kjh/p3/2024120.htm,https://m.ydniu.com/kaijiang/pl5/sjh/2024120.html
2024-05-10,2024121,289,915,099,099,2024121,518,501,51844,501,94024,一致,一致,是,https://www.8200.cn/kjh/3d/2024121.htm,https://www.3d178.cn/kaijiang/2024/2024121.shtml,https://www.8200.cn/kjh/p3/2024121.htm,https://m.ydniu.com/kaijiang/pl5/sjh/2024121.html
2024-05-11,2024122,708,136,184,184,2024122,246,478,24638,478,57534,一致,一致,是,https://www.8200.cn/kjh/3d/2024122.htm,https://www.3d178.cn/kaijiang/2024/2024122.shtml,https://www.8200.cn/kjh/p3/2024122.htm,https://m.ydniu.com/kaijiang/pl5/sjh/2024122.html
2024-05-12,2024123,183,681,653,653,2024123,538,149,53858,149,26250,一致,一致,是,https://www.8200.cn/kjh/3d/2024123.htm,https://www.3d178.cn/kaijiang/2024/2024123.shtml,https://www.8200.cn/kjh/p3/2024123.htm,https://m.ydniu.com/kaijiang/pl5/sjh/2024123.html
2024-05-13,2024124,787,346,831,831,2024124,835,812,83503,812,46284,一致,一致,是,https://www.8200.cn/kjh/3d/2024124.htm,https://www.3d178.cn/kaijiang/2024/2024124.shtml,https://www.8200.cn/kjh/p3/2024124.htm,https://m.ydniu.com/kaijiang/pl5/sjh/2024124.html
2024-05-14,2024125,649,853,685,685,2024125,706,102,70680,102,25738,一致,一致,是,https://www.8200.cn/kjh/3d/2024125.htm,https://www.3d178.cn/kaijiang/2024/2024125.shtml,https://www.8200.cn/kjh/p3/2024125.htm,https://m.ydniu.com/kaijiang/pl5/sjh/2024125.html
2024-05-15,2024126,323,549,781,781,2024126,379,849,37952,849,42129,一致,一致,是,https://www.8200.cn/kjh/3d/2024126.htm,https://www.3d178.cn/kaijiang/2024/2024126.shtml,https://www.8200.cn/kjh/p3/2024126.htm,https://m.ydniu.com/kaijiang/pl5/sjh/2024126.html
2024-05-16,2024127,214,598,122,122,2024127,744,506,74405,506,63482,一致,一致,是,https://www.8200.cn/kjh/3d/2024127.htm,https://www.3d178.cn/kaijiang/2024/2024127.shtml,https://www.8200.cn/kjh/p3/2024127.htm,https://m.ydniu.com/kaijiang/pl5/sjh/2024127.html
2024-05-17,2024128,573,780,778,778,2024128,017,513,01780,513,44733,一致,一致,是,https://www.8200.cn/kjh/3d/2024128.htm,https://www.3d178.cn/kaijiang/2024/2024128.shtml,https://www.8200.cn/kjh/p3/2024128.htm,https://m.ydniu.com/kaijiang/pl5/sjh/2024128.html
2024-05-18,2024129,067,860,085,085,2024129,278,289,27873,289,68545,一致,一致,是,https://www.8200.cn/kjh/3d/2024129.htm,https://www.3d178.cn/kaijiang/2024/2024129.shtml,https://www.8200.cn/kjh/p3/2024129.htm,https://m.ydniu.com/kaijiang/pl5/sjh/2024129.html
2024-05-19,2024130,066,983,537,537,2024130,122,712,12202,712,51214,一致,一致,是,https://www.8200.cn/kjh/3d/2024130.htm,https://www.3d178.cn/kaijiang/2024/2024130.shtml,https://www.8200.cn/kjh/p3/2024130.htm,https://m.ydniu.com/kaijiang/pl5/sjh/2024130.html
2024-05-20,2024131,069,012,298,298,2024131,571,894,57141,894,60480,一致,一致,是,https://www.8200.cn/kjh/3d/2024131.htm,https://www.3d178.cn/kaijiang/2024/2024131.shtml,https://www.8200.cn/kjh/p3/2024131.htm,https://m.ydniu.com/kaijiang/pl5/sjh/2024131.html
2024-05-21,2024132,652,501,463,463,2024132,604,237,60448,237,65549,一致,一致,是,https://www.8200.cn/kjh/3d/2024132.htm,https://www.3d178.cn/kaijiang/2024/2024132.shtml,https://www.8200.cn/kjh/p3/2024132.htm,https://m.ydniu.com/kaijiang/pl5/sjh/2024132.html
2024-05-22,2024133,741,496,643,643,2024133,281,670,28121,670,00638,一致,一致,是,https://www.8200.cn/kjh/3d/2024133.htm,https://www.3d178.cn/kaijiang/2024/2024133.shtml,https://www.8200.cn/kjh/p3/2024133.htm,https://m.ydniu.com/kaijiang/pl5/sjh/2024133.html
2024-05-23,2024134,640,603,722,722,2024134,660,950,66079,950,59087,一致,一致,是,https://www.8200.cn/kjh/3d/2024134.htm,https://www.3d178.cn/kaijiang/2024/2024134.shtml,https://www.8200.cn/kjh/p3/2024134.htm,https://m.ydniu.com/kaijiang/pl5/sjh/2024134.html
2024-05-24,2024135,035,628,025,025,2024135,891,908,89160,908,09456,一致,一致,是,https://www.8200.cn/kjh/3d/2024135.htm,https://www.3d178.cn/kaijiang/2024/2024135.shtml,https://www.8200.cn/kjh/p3/2024135.htm,https://m.ydniu.com/kaijiang/pl5/sjh/2024135.html
2024-05-25,2024136,227,195,553,553,2024136,062,564,06281,564,92870,一致,一致,是,https://www.8200.cn/kjh/3d/2024136.htm,https://www.3d178.cn/kaijiang/2024/2024136.shtml,https://www.8200.cn/kjh/p3/2024136.htm,https://m.ydniu.com/kaijiang/pl5/sjh/2024136.html
2024-05-26,2024137,982,348,485,485,2024137,128,570,12879,570,11389,一致,一致,是,https://www.8200.cn/kjh/3d/2024137.htm,https://www.3d178.cn/kaijiang/2024/2024137.shtml,https://www.8200.cn/kjh/p3/2024137.htm,https://m.ydniu.com/kaijiang/pl5/sjh/2024137.html
2024-05-27,2024138,955,970,916,916,2024138,997,734,99755,734,91877,一致,一致,是,https://www.8200.cn/kjh/3d/2024138.htm,https://www.3d178.cn/kaijiang/2024/2024138.shtml,https://www.8200.cn/kjh/p3/2024138.htm,https://m.ydniu.com/kaijiang/pl5/sjh/2024138.html
2024-05-28,2024139,748,098,126,126,2024139,536,602,53693,602,20316,一致,一致,是,https://www.8200.cn/kjh/3d/2024139.htm,https://www.3d178.cn/kaijiang/2024/2024139.shtml,https://www.8200.cn/kjh/p3/2024139.htm,https://m.ydniu.com/kaijiang/pl5/sjh/2024139.html
2024-05-29,2024140,536,850,019,019,2024140,520,152,52086,152,59815,一致,一致,是,https://www.8200.cn/kjh/3d/2024140.htm,https://www.3d178.cn/kaijiang/2024/2024140.shtml,https://www.8200.cn/kjh/p3/2024140.htm,https://m.ydniu.com/kaijiang/pl5/sjh/2024140.html
2024-05-30,2024141,256,283,653,653,2024141,804,713,80436,713,80898,一致,一致,是,https://www.8200.cn/kjh/3d/2024141.htm,https://www.3d178.cn/kaijiang/2024/2024141.shtml,https://www.8200.cn/kjh/p3/2024141.htm,https://m.ydniu.com/kaijiang/pl5/sjh/2024141.html
2024-05-31,2024142,813,682,200,200,2024142,426,075,42632,075,41016,一致,一致,是,https://www.8200.cn/kjh/3d/2024142.htm,https://www.3d178.cn/kaijiang/2024/2024142.shtml,https://www.8200.cn/kjh/p3/2024142.htm,https://m.ydniu.com/kaijiang/pl5/sjh/2024142.html
2024-06-01,2024143,955,725,829,829,2024143,185,834,18506,834,91075,一致,一致,是,https://www.8200.cn/kjh/3d/2024143.htm,https://www.3d178.cn/kaijiang/2024/2024143.shtml,https://www.8200.cn/kjh/p3/2024143.htm,https://m.ydniu.com/kaijiang/pl5/sjh/2024143.html
2024-06-02,2024144,816,425,205,205,2024144,147,697,14786,697,87481,一致,一致,是,https://www.8200.cn/kjh/3d/2024144.htm,https://www.3d178.cn/kaijiang/2024/2024144.shtml,https://www.8200.cn/kjh/p3/2024144.htm,https://m.ydniu.com/kaijiang/pl5/sjh/2024144.html
2024-06-03,2024145,756,728,855,855,2024145,205,351,20571,351,38658,一致,一致,是,https://www.8200.cn/kjh/3d/2024145.htm,https://www.3d178.cn/kaijiang/2024/2024145.shtml,https://www.8200.cn/kjh/p3/2024145.htm,https://m.ydniu.com/kaijiang/pl5/sjh/2024145.html
2024-06-04,2024146,180,273,168,168,2024146,991,934,99197,934,86686,一致,一致,是,https://www.8200.cn/kjh/3d/2024146.htm,https://www.3d178.cn/kaijiang/2024/2024146.shtml,https://www.8200.cn/kjh/p3/2024146.htm,https://m.ydniu.com/kaijiang/pl5/sjh/2024146.html
2024-06-05,2024147,225,143,461,461,2024147,558,795,55871,795,43070,一致,一致,是,https://www.8200.cn/kjh/3d/2024147.htm,https://www.3d178.cn/kaijiang/2024/2024147.shtml,https://www.8200.cn/kjh/p3/2024147.htm,https://m.ydniu.com/kaijiang/pl5/sjh/2024147.html
2024-06-06,2024148,426,254,661,661,2024148,343,852,34305,852,16471,一致,一致,是,https://www.8200.cn/kjh/3d/2024148.htm,https://www.3d178.cn/kaijiang/2024/2024148.shtml,https://www.8200.cn/kjh/p3/2024148.htm,https://m.ydniu.com/kaijiang/pl5/sjh/2024148.html
2024-06-07,2024149,153,758,945,945,2024149,676,724,67615,724,27542,一致,一致,是,https://www.8200.cn/kjh/3d/2024149.htm,https://www.3d178.cn/kaijiang/2024/2024149.shtml,https://www.8200.cn/kjh/p3/2024149.htm,https://m.ydniu.com/kaijiang/pl5/sjh/2024149.html
2024-06-08,2024150,356,765,332,332,2024150,129,474,12904,474,04904,一致,一致,是,https://www.8200.cn/kjh/3d/2024150.htm,https://www.3d178.cn/kaijiang/2024/2024150.shtml,https://www.8200.cn/kjh/p3/2024150.htm,https://m.ydniu.com/kaijiang/pl5/sjh/2024150.html
2024-06-09,2024151,765,635,393,393,2024151,900,709,90031,709,33436,一致,一致,是,https://www.8200.cn/kjh/3d/2024151.htm,https://www.3d178.cn/kaijiang/2024/2024151.shtml,https://www.8200.cn/kjh/p3/2024151.htm,https://m.ydniu.com/kaijiang/pl5/sjh/2024151.html
2024-06-10,2024152,848,427,203,203,2024152,936,620,93648,620,00484,一致,一致,是,https://www.8200.cn/kjh/3d/2024152.htm,https://www.3d178.cn/kaijiang/2024/2024152.shtml,https://www.8200.cn/kjh/p3/2024152.htm,https://m.ydniu.com/kaijiang/pl5/sjh/2024152.html
2024-06-11,2024153,287,528,700,700,2024153,389,725,38955,725,57263,一致,一致,是,https://www.8200.cn/kjh/3d/2024153.htm,https://www.3d178.cn/kaijiang/2024/2024153.shtml,https://www.8200.cn/kjh/p3/2024153.htm,https://m.ydniu.com/kaijiang/pl5/sjh/2024153.html
2024-06-12,2024154,834,063,248,248,2024154,983,885,98353,885,37266,一致,一致,是,https://www.8200.cn/kjh/3d/2024154.htm,https://www.3d178.cn/kaijiang/2024/2024154.shtml,https://www.8200.cn/kjh/p3/2024154.htm,https://m.ydniu.com/kaijiang/pl5/sjh/2024154.html
2024-06-13,2024155,411,937,162,162,2024155,889,812,88978,812,45421,一致,一致,是,https://www.8200.cn/kjh/3d/2024155.htm,https://www.3d178.cn/kaijiang/2024/2024155.shtml,https://www.8200.cn/kjh/p3/2024155.htm,https://m.ydniu.com/kaijiang/pl5/sjh/2024155.html
2024-06-14,2024156,180,284,967,967,2024156,172,974,17244,974,96788,一致,一致,是,https://www.8200.cn/kjh/3d/2024156.htm,https://www.3d178.cn/kaijiang/2024/2024156.shtml,https://www.8200.cn/kjh/p3/2024156.htm,https://m.ydniu.com/kaijiang/pl5/sjh/2024156.html
2024-06-15,2024157,126,751,878,878,2024157,211,258,21138,258,03250,一致,一致,是,https://www.8200.cn/kjh/3d/2024157.htm,https://www.3d178.cn/kaijiang/2024/2024157.shtml,https://www.8200.cn/kjh/p3/2024157.htm,https://m.ydniu.com/kaijiang/pl5/sjh/2024157.html
2024-06-16,2024158,821,156,752,752,2024158,606,731,60647,731,95290,一致,一致,是,https://www.8200.cn/kjh/3d/2024158.htm,https://www.3d178.cn/kaijiang/2024/2024158.shtml,https://www.8200.cn/kjh/p3/2024158.htm,https://m.ydniu.com/kaijiang/pl5/sjh/2024158.html
2024-06-17,2024159,212,610,169,169,2024159,430,467,43067,467,95791,一致,一致,是,https://www.8200.cn/kjh/3d/2024159.htm,https://www.3d178.cn/kaijiang/2024/2024159.shtml,https://www.8200.cn/kjh/p3/2024159.htm,https://m.ydniu.com/kaijiang/pl5/sjh/2024159.html
2024-06-18,2024160,690,145,267,267,2024160,425,981,42553,981,83527,一致,一致,是,https://www.8200.cn/kjh/3d/2024160.htm,https://www.3d178.cn/kaijiang/2024/2024160.shtml,https://www.8200.cn/kjh/p3/2024160.htm,https://m.ydniu.com/kaijiang/pl5/sjh/2024160.html
2024-06-19,2024161,468,951,171,171,2024161,649,630,64949,630,52758,一致,一致,是,https://www.8200.cn/kjh/3d/2024161.htm,https://www.3d178.cn/kaijiang/2024/2024161.shtml,https://www.8200.cn/kjh/p3/2024161.htm,https://m.ydniu.com/kaijiang/pl5/sjh/2024161.html
2024-06-20,2024162,164,497,812,812,2024162,320,972,32044,972,03129,一致,一致,是,https://www.8200.cn/kjh/3d/2024162.htm,https://www.3d178.cn/kaijiang/2024/2024162.shtml,https://www.8200.cn/kjh/p3/2024162.htm,https://m.ydniu.com/kaijiang/pl5/sjh/2024162.html
2024-06-21,2024163,304,694,080,080,2024163,514,369,51465,369,22470,一致,一致,是,https://www.8200.cn/kjh/3d/2024163.htm,https://www.3d178.cn/kaijiang/2024/2024163.shtml,https://www.8200.cn/kjh/p3/2024163.htm,https://m.ydniu.com/kaijiang/pl5/sjh/2024163.html
2024-06-22,2024164,354,327,833,833,2024164,006,519,00672,519,14827,一致,一致,是,https://www.8200.cn/kjh/3d/2024164.htm,https://www.3d178.cn/kaijiang/2024/2024164.shtml,https://www.8200.cn/kjh/p3/2024164.htm,https://m.ydniu.com/kaijiang/pl5/sjh/2024164.html
2024-06-23,2024165,145,850,503,503,2024165,932,896,93294,896,60716,一致,一致,是,https://www.8200.cn/kjh/3d/2024165.htm,https://www.3d178.cn/kaijiang/2024/2024165.shtml,https://www.8200.cn/kjh/p3/2024165.htm,https://m.ydniu.com/kaijiang/pl5/sjh/2024165.html
2024-06-24,2024166,397,360,611,611,2024166,479,926,47958,926,80565,一致,一致,是,https://www.8200.cn/kjh/3d/2024166.htm,https://www.3d178.cn/kaijiang/2024/2024166.shtml,https://www.8200.cn/kjh/p3/2024166.htm,https://m.ydniu.com/kaijiang/pl5/sjh/2024166.html
2024-06-25,2024167,220,026,546,546,2024167,507,614,50768,614,78733,一致,一致,是,https://www.8200.cn/kjh/3d/2024167.htm,https://www.3d178.cn/kaijiang/2024/2024167.shtml,https://www.8200.cn/kjh/p3/2024167.htm,https://m.ydniu.com/kaijiang/pl5/sjh/2024167.html
2024-06-26,2024168,752,854,696,696,2024168,541,205,54147,205,38396,一致,一致,是,https://www.8200.cn/kjh/3d/2024168.htm,https://www.3d178.cn/kaijiang/2024/2024168.shtml,https://www.8200.cn/kjh/p3/2024168.htm,https://m.ydniu.com/kaijiang/pl5/sjh/2024168.html
2024-06-27,2024169,402,038,518,518,2024169,759,805,75931,805,63984,一致,一致,是,https://www.8200.cn/kjh/3d/2024169.htm,https://www.3d178.cn/kaijiang/2024/2024169.shtml,https://www.8200.cn/kjh/p3/2024169.htm,https://m.ydniu.com/kaijiang/pl5/sjh/2024169.html
2024-06-28,2024170,225,809,655,655,2024170,031,512,03173,512,76962,一致,一致,是,https://www.8200.cn/kjh/3d/2024170.htm,https://www.3d178.cn/kaijiang/2024/2024170.shtml,https://www.8200.cn/kjh/p3/2024170.htm,https://m.ydniu.com/kaijiang/pl5/sjh/2024170.html
2024-06-29,2024171,480,948,986,986,2024171,070,702,07078,702,87115,一致,一致,是,https://www.8200.cn/kjh/3d/2024171.htm,https://www.3d178.cn/kaijiang/2024/2024171.shtml,https://www.8200.cn/kjh/p3/2024171.htm,https://m.ydniu.com/kaijiang/pl5/sjh/2024171.html
2024-06-30,2024172,908,591,824,824,2024172,400,924,40055,924,65667,一致,一致,是,https://www.8200.cn/kjh/3d/2024172.htm,https://www.3d178.cn/kaijiang/2024/2024172.shtml,https://www.8200.cn/kjh/p3/2024172.htm,https://m.ydniu.com/kaijiang/pl5/sjh/2024172.html
2024-07-01,2024173,449,283,735,735,2024173,658,634,65887,634,60359,一致,一致,是,https://www.8200.cn/kjh/3d/2024173.htm,https://www.3d178.cn/kaijiang/2024/2024173.shtml,https://www.8200.cn/kjh/p3/2024173.htm,https://m.ydniu.com/kaijiang/pl5/sjh/2024173.html
2024-07-02,2024174,236,857,015,015,2024174,191,920,19185,920,43846,一致,一致,是,https://www.8200.cn/kjh/3d/2024174.htm,https://www.3d178.cn/kaijiang/2024/2024174.shtml,https://www.8200.cn/kjh/p3/2024174.htm,https://m.ydniu.com/kaijiang/pl5/sjh/2024174.html
2024-07-03,2024175,488,376,224,224,2024175,195,945,19506,945,77491,一致,一致,是,https://www.8200.cn/kjh/3d/2024175.htm,https://www.3d178.cn/kaijiang/2024/2024175.shtml,https://www.8200.cn/kjh/p3/2024175.htm,https://m.ydniu.com/kaijiang/pl5/sjh/2024175.html
2024-07-04,2024176,108,265,391,391,2024176,932,602,93250,602,24364,一致,一致,是,https://www.8200.cn/kjh/3d/2024176.htm,https://www.3d178.cn/kaijiang/2024/2024176.shtml,https://www.8200.cn/kjh/p3/2024176.htm,https://m.ydniu.com/kaijiang/pl5/sjh/2024176.html
2024-07-05,2024177,460,987,747,747,2024177,579,874,57982,874,19365,一致,一致,是,https://www.8200.cn/kjh/3d/2024177.htm,https://www.3d178.cn/kaijiang/2024/2024177.shtml,https://www.8200.cn/kjh/p3/2024177.htm,https://m.ydniu.com/kaijiang/pl5/sjh/2024177.html
2024-07-06,2024178,581,641,391,391,2024178,663,841,66347,841,63791,一致,一致,是,https://www.8200.cn/kjh/3d/2024178.htm,https://www.3d178.cn/kaijiang/2024/2024178.shtml,https://www.8200.cn/kjh/p3/2024178.htm,https://m.ydniu.com/kaijiang/pl5/sjh/2024178.html
2024-07-07,2024179,005,230,931,931,2024179,535,350,53544,350,41476,一致,一致,是,https://www.8200.cn/kjh/3d/2024179.htm,https://www.3d178.cn/kaijiang/2024/2024179.shtml,https://www.8200.cn/kjh/p3/2024179.htm,https://m.ydniu.com/kaijiang/pl5/sjh/2024179.html
2024-07-08,2024180,918,497,886,886,2024180,215,924,21549,924,86381,一致,一致,是,https://www.8200.cn/kjh/3d/2024180.htm,https://www.3d178.cn/kaijiang/2024/2024180.shtml,https://www.8200.cn/kjh/p3/2024180.htm,https://m.ydniu.com/kaijiang/pl5/sjh/2024180.html
2024-07-09,2024181,230,490,120,120,2024181,323,724,32395,724,08004,一致,一致,是,https://www.8200.cn/kjh/3d/2024181.htm,https://www.3d178.cn/kaijiang/2024/2024181.shtml,https://www.8200.cn/kjh/p3/2024181.htm,https://m.ydniu.com/kaijiang/pl5/sjh/2024181.html
2024-07-10,2024182,884,823,895,895,2024182,282,620,28247,620,09337,一致,一致,是,https://www.8200.cn/kjh/3d/2024182.htm,https://www.3d178.cn/kaijiang/2024/2024182.shtml,https://www.8200.cn/kjh/p3/2024182.htm,https://m.ydniu.com/kaijiang/pl5/sjh/2024182.html
2024-07-11,2024183,443,175,193,193,2024183,500,638,50095,638,74633,一致,一致,是,https://www.8200.cn/kjh/3d/2024183.htm,https://www.3d178.cn/kaijiang/2024/2024183.shtml,https://www.8200.cn/kjh/p3/2024183.htm,https://m.ydniu.com/kaijiang/pl5/sjh/2024183.html
2024-07-12,2024184,933,418,287,287,2024184,730,913,73049,913,97249,一致,一致,是,https://www.8200.cn/kjh/3d/2024184.htm,https://www.3d178.cn/kaijiang/2024/2024184.shtml,https://www.8200.cn/kjh/p3/2024184.htm,https://m.ydniu.com/kaijiang/pl5/sjh/2024184.html
2024-07-13,2024185,306,960,186,186,2024185,884,516,88496,516,01956,一致,一致,是,https://www.8200.cn/kjh/3d/2024185.htm,https://www.3d178.cn/kaijiang/2024/2024185.shtml,https://www.8200.cn/kjh/p3/2024185.htm,https://m.ydniu.com/kaijiang/pl5/sjh/2024185.html
2024-07-14,2024186,579,087,571,571,2024186,367,807,36734,807,52779,一致,一致,是,https://www.8200.cn/kjh/3d/2024186.htm,https://www.3d178.cn/kaijiang/2024/2024186.shtml,https://www.8200.cn/kjh/p3/2024186.htm,https://m.ydniu.com/kaijiang/pl5/sjh/2024186.html
2024-07-15,2024187,380,281,100,100,2024187,883,503,88358,503,12779,一致,一致,是,https://www.8200.cn/kjh/3d/2024187.htm,https://www.3d178.cn/kaijiang/2024/2024187.shtml,https://www.8200.cn/kjh/p3/2024187.htm,https://m.ydniu.com/kaijiang/pl5/sjh/2024187.html
2024-07-16,2024188,956,052,677,677,2024188,024,894,02443,894,97629,一致,一致,是,https://www.8200.cn/kjh/3d/2024188.htm,https://www.3d178.cn/kaijiang/2024/2024188.shtml,https://www.8200.cn/kjh/p3/2024188.htm,https://m.ydniu.com/kaijiang/pl5/sjh/2024188.html
2024-07-17,2024189,530,509,699,699,2024189,793,146,79322,146,26416,一致,一致,是,https://www.8200.cn/kjh/3d/2024189.htm,https://www.3d178.cn/kaijiang/2024/2024189.shtml,https://www.8200.cn/kjh/p3/2024189.htm,https://m.ydniu.com/kaijiang/pl5/sjh/2024189.html
2024-07-18,2024190,410,916,916,916,2024190,644,162,64492,162,06463,一致,一致,是,https://www.8200.cn/kjh/3d/2024190.htm,https://www.3d178.cn/kaijiang/2024/2024190.shtml,https://www.8200.cn/kjh/p3/2024190.htm,https://m.ydniu.com/kaijiang/pl5/sjh/2024190.html
2024-07-19,2024191,382,315,271,271,2024191,439,178,43924,178,54829,一致,一致,是,https://www.8200.cn/kjh/3d/2024191.htm,https://www.3d178.cn/kaijiang/2024/2024191.shtml,https://www.8200.cn/kjh/p3/2024191.htm,https://m.ydniu.com/kaijiang/pl5/sjh/2024191.html
2024-07-20,2024192,676,895,557,557,2024192,340,704,34071,704,91603,一致,一致,是,https://www.8200.cn/kjh/3d/2024192.htm,https://www.3d178.cn/kaijiang/2024/2024192.shtml,https://www.8200.cn/kjh/p3/2024192.htm,https://m.ydniu.com/kaijiang/pl5/sjh/2024192.html
2024-07-21,2024193,681,120,177,177,2024193,006,639,00629,639,18870,一致,一致,是,https://www.8200.cn/kjh/3d/2024193.htm,https://www.3d178.cn/kaijiang/2024/2024193.shtml,https://www.8200.cn/kjh/p3/2024193.htm,https://m.ydniu.com/kaijiang/pl5/sjh/2024193.html
2024-07-22,2024194,137,602,385,385,2024194,078,803,07891,803,28373,一致,一致,是,https://www.8200.cn/kjh/3d/2024194.htm,https://www.3d178.cn/kaijiang/2024/2024194.shtml,https://www.8200.cn/kjh/p3/2024194.htm,https://m.ydniu.com/kaijiang/pl5/sjh/2024194.html
2024-07-23,2024195,725,809,651,651,2024195,517,826,51704,826,15216,一致,一致,是,https://www.8200.cn/kjh/3d/2024195.htm,https://www.3d178.cn/kaijiang/2024/2024195.shtml,https://www.8200.cn/kjh/p3/2024195.htm,https://m.ydniu.com/kaijiang/pl5/sjh/2024195.html
2024-07-24,2024196,056,435,828,828,2024196,539,306,53905,306,02894,一致,一致,是,https://www.8200.cn/kjh/3d/2024196.htm,https://www.3d178.cn/kaijiang/2024/2024196.shtml,https://www.8200.cn/kjh/p3/2024196.htm,https://m.ydniu.com/kaijiang/pl5/sjh/2024196.html
2024-07-25,2024197,224,597,497,497,2024197,105,517,10561,517,45528,一致,一致,是,https://www.8200.cn/kjh/3d/2024197.htm,https://www.3d178.cn/kaijiang/2024/2024197.shtml,https://www.8200.cn/kjh/p3/2024197.htm,https://m.ydniu.com/kaijiang/pl5/sjh/2024197.html
2024-07-26,2024198,710,062,484,484,2024198,550,975,55003,975,00987,一致,一致,是,https://www.8200.cn/kjh/3d/2024198.htm,https://www.3d178.cn/kaijiang/2024/2024198.shtml,https://www.8200.cn/kjh/p3/2024198.htm,https://m.ydniu.com/kaijiang/pl5/sjh/2024198.html
2024-07-27,2024199,147,297,441,441,2024199,558,523,55815,523,46432,一致,一致,是,https://www.8200.cn/kjh/3d/2024199.htm,https://www.3d178.cn/kaijiang/2024/2024199.shtml,https://www.8200.cn/kjh/p3/2024199.htm,https://m.ydniu.com/kaijiang/pl5/sjh/2024199.html
2024-07-28,2024200,309,761,164,164,2024200,380,182,38071,182,82710,一致,一致,是,https://www.8200.cn/kjh/3d/2024200.htm,https://www.3d178.cn/kaijiang/2024/2024200.shtml,https://www.8200.cn/kjh/p3/2024200.htm,https://m.ydniu.com/kaijiang/pl5/sjh/2024200.html
2024-07-29,2024201,843,506,378,378,2024201,515,374,51522,374,69742,一致,一致,是,https://www.8200.cn/kjh/3d/2024201.htm,https://www.3d178.cn/kaijiang/2024/2024201.shtml,https://www.8200.cn/kjh/p3/2024201.htm,https://m.ydniu.com/kaijiang/pl5/sjh/2024201.html
2024-07-30,2024202,552,542,798,798,2024202,187,617,18708,617,27788,一致,一致,是,https://www.8200.cn/kjh/3d/2024202.htm,https://www.3d178.cn/kaijiang/2024/2024202.shtml,https://www.8200.cn/kjh/p3/2024202.htm,https://m.ydniu.com/kaijiang/pl5/sjh/2024202.html
2024-07-31,2024203,172,947,902,902,2024203,592,652,59269,652,75507,一致,一致,是,https://www.8200.cn/kjh/3d/2024203.htm,https://www.3d178.cn/kaijiang/2024/2024203.shtml,https://www.8200.cn/kjh/p3/2024203.htm,https://m.ydniu.com/kaijiang/pl5/sjh/2024203.html
2024-08-01,2024204,390,174,863,863,2024204,047,734,04794,734,67630,一致,一致,是,https://www.8200.cn/kjh/3d/2024204.htm,https://www.3d178.cn/kaijiang/2024/2024204.shtml,https://www.8200.cn/kjh/p3/2024204.htm,https://m.ydniu.com/kaijiang/pl5/sjh/2024204.html
2024-08-02,2024205,651,251,470,470,2024205,241,413,24169,413,07671,一致,一致,是,https://www.8200.cn/kjh/3d/2024205.htm,https://www.3d178.cn/kaijiang/2024/2024205.shtml,https://www.8200.cn/kjh/p3/2024205.htm,https://m.ydniu.com/kaijiang/pl5/sjh/2024205.html
2024-08-03,2024206,818,079,404,404,2024206,446,834,44664,834,11386,一致,一致,是,https://www.8200.cn/kjh/3d/2024206.htm,https://www.3d178.cn/kaijiang/2024/2024206.shtml,https://www.8200.cn/kjh/p3/2024206.htm,https://m.ydniu.com/kaijiang/pl5/sjh/2024206.html
2024-08-04,2024207,892,670,762,762,2024207,982,305,98205,305,55928,一致,一致,是,https://www.8200.cn/kjh/3d/2024207.htm,https://www.3d178.cn/kaijiang/2024/2024207.shtml,https://www.8200.cn/kjh/p3/2024207.htm,https://m.ydniu.com/kaijiang/pl5/sjh/2024207.html
2024-08-05,2024208,281,415,565,565,2024208,973,283,97371,283,57379,一致,一致,是,https://www.8200.cn/kjh/3d/2024208.htm,https://www.3d178.cn/kaijiang/2024/2024208.shtml,https://www.8200.cn/kjh/p3/2024208.htm,https://m.ydniu.com/kaijiang/pl5/sjh/2024208.html
2024-08-06,2024209,676,204,492,492,2024209,535,381,53556,381,00292,一致,一致,是,https://www.8200.cn/kjh/3d/2024209.htm,https://www.3d178.cn/kaijiang/2024/2024209.shtml,https://www.8200.cn/kjh/p3/2024209.htm,https://m.ydniu.com/kaijiang/pl5/sjh/2024209.html
2024-08-07,2024210,449,412,570,570,2024210,285,875,28591,875,64613,一致,一致,是,https://www.8200.cn/kjh/3d/2024210.htm,https://www.3d178.cn/kaijiang/2024/2024210.shtml,https://www.8200.cn/kjh/p3/2024210.htm,https://m.ydniu.com/kaijiang/pl5/sjh/2024210.html
2024-08-08,2024211,054,031,008,008,2024211,649,645,64975,645,97256,一致,一致,是,https://www.8200.cn/kjh/3d/2024211.htm,https://www.3d178.cn/kaijiang/2024/2024211.shtml,https://www.8200.cn/kjh/p3/2024211.htm,https://m.ydniu.com/kaijiang/pl5/sjh/2024211.html
2024-08-09,2024212,089,561,187,187,2024212,727,812,72703,812,25228,一致,一致,是,https://www.8200.cn/kjh/3d/2024212.htm,https://www.3d178.cn/kaijiang/2024/2024212.shtml,https://www.8200.cn/kjh/p3/2024212.htm,https://m.ydniu.com/kaijiang/pl5/sjh/2024212.html
2024-08-10,2024213,009,746,456,456,2024213,734,985,73462,985,57625,一致,一致,是,https://www.8200.cn/kjh/3d/2024213.htm,https://www.3d178.cn/kaijiang/2024/2024213.shtml,https://www.8200.cn/kjh/p3/2024213.htm,https://m.ydniu.com/kaijiang/pl5/sjh/2024213.html
2024-08-11,2024214,365,602,841,841,2024214,145,198,14533,198,89607,一致,一致,是,https://www.8200.cn/kjh/3d/2024214.htm,https://www.3d178.cn/kaijiang/2024/2024214.shtml,https://www.8200.cn/kjh/p3/2024214.htm,https://m.ydniu.com/kaijiang/pl5/sjh/2024214.html
2024-08-12,2024215,483,569,770,770,2024215,877,289,87754,289,84073,一致,一致,是,https://www.8200.cn/kjh/3d/2024215.htm,https://www.3d178.cn/kaijiang/2024/2024215.shtml,https://www.8200.cn/kjh/p3/2024215.htm,https://m.ydniu.com/kaijiang/pl5/sjh/2024215.html
2024-08-13,2024216,444,074,274,274,2024216,848,674,84839,674,85240,一致,一致,是,https://www.8200.cn/kjh/3d/2024216.htm,https://www.3d178.cn/kaijiang/2024/2024216.shtml,https://www.8200.cn/kjh/p3/2024216.htm,https://m.ydniu.com/kaijiang/pl5/sjh/2024216.html
2024-08-14,2024217,405,569,845,845,2024217,111,698,11109,698,06370,一致,一致,是,https://www.8200.cn/kjh/3d/2024217.htm,https://www.3d178.cn/kaijiang/2024/2024217.shtml,https://www.8200.cn/kjh/p3/2024217.htm,https://m.ydniu.com/kaijiang/pl5/sjh/2024217.html
2024-08-15,2024218,467,614,033,033,2024218,291,605,29178,605,53293,一致,一致,是,https://www.8200.cn/kjh/3d/2024218.htm,https://www.3d178.cn/kaijiang/2024/2024218.shtml,https://www.8200.cn/kjh/p3/2024218.htm,https://m.ydniu.com/kaijiang/pl5/sjh/2024218.html
2024-08-16,2024219,305,742,539,539,2024219,971,278,97170,278,10205,一致,一致,是,https://www.8200.cn/kjh/3d/2024219.htm,https://www.3d178.cn/kaijiang/2024/2024219.shtml,https://www.8200.cn/kjh/p3/2024219.htm,https://m.ydniu.com/kaijiang/pl5/sjh/2024219.html
2024-08-17,2024220,414,408,246,246,2024220,724,218,72415,218,99865,一致,一致,是,https://www.8200.cn/kjh/3d/2024220.htm,https://www.3d178.cn/kaijiang/2024/2024220.shtml,https://www.8200.cn/kjh/p3/2024220.htm,https://m.ydniu.com/kaijiang/pl5/sjh/2024220.html
2024-08-18,2024221,103,195,872,872,2024221,500,721,50050,721,13684,一致,一致,是,https://www.8200.cn/kjh/3d/2024221.htm,https://www.3d178.cn/kaijiang/2024/2024221.shtml,https://www.8200.cn/kjh/p3/2024221.htm,https://m.ydniu.com/kaijiang/pl5/sjh/2024221.html
2024-08-19,2024222,564,123,339,339,2024222,993,769,99338,769,75951,一致,一致,是,https://www.8200.cn/kjh/3d/2024222.htm,https://www.3d178.cn/kaijiang/2024/2024222.shtml,https://www.8200.cn/kjh/p3/2024222.htm,https://m.ydniu.com/kaijiang/pl5/sjh/2024222.html
2024-08-20,2024223,773,362,923,923,2024223,549,547,54912,547,30244,一致,一致,是,https://www.8200.cn/kjh/3d/2024223.htm,https://www.3d178.cn/kaijiang/2024/2024223.shtml,https://www.8200.cn/kjh/p3/2024223.htm,https://m.ydniu.com/kaijiang/pl5/sjh/2024223.html
2024-08-21,2024224,560,675,099,099,2024224,835,629,83529,629,92539,一致,一致,是,https://www.8200.cn/kjh/3d/2024224.htm,https://www.3d178.cn/kaijiang/2024/2024224.shtml,https://www.8200.cn/kjh/p3/2024224.htm,https://m.ydniu.com/kaijiang/pl5/sjh/2024224.html
2024-08-22,2024225,884,381,619,619,2024225,758,980,75863,980,22345,一致,一致,是,https://www.8200.cn/kjh/3d/2024225.htm,https://www.3d178.cn/kaijiang/2024/2024225.shtml,https://www.8200.cn/kjh/p3/2024225.htm,https://m.ydniu.com/kaijiang/pl5/sjh/2024225.html
2024-08-23,2024226,380,571,243,243,2024226,232,740,23234,740,36266,一致,一致,是,https://www.8200.cn/kjh/3d/2024226.htm,https://www.3d178.cn/kaijiang/2024/2024226.shtml,https://www.8200.cn/kjh/p3/2024226.htm,https://m.ydniu.com/kaijiang/pl5/sjh/2024226.html
2024-08-24,2024227,312,935,295,295,2024227,995,512,99512,512,64157,一致,一致,是,https://www.8200.cn/kjh/3d/2024227.htm,https://www.3d178.cn/kaijiang/2024/2024227.shtml,https://www.8200.cn/kjh/p3/2024227.htm,https://m.ydniu.com/kaijiang/pl5/sjh/2024227.html
2024-08-25,2024228,298,109,027,027,2024228,274,539,27412,539,54598,一致,一致,是,https://www.8200.cn/kjh/3d/2024228.htm,https://www.3d178.cn/kaijiang/2024/2024228.shtml,https://www.8200.cn/kjh/p3/2024228.htm,https://m.ydniu.com/kaijiang/pl5/sjh/2024228.html
2024-08-26,2024229,911,915,870,870,2024229,926,904,92616,904,61887,一致,一致,是,https://www.8200.cn/kjh/3d/2024229.htm,https://www.3d178.cn/kaijiang/2024/2024229.shtml,https://www.8200.cn/kjh/p3/2024229.htm,https://m.ydniu.com/kaijiang/pl5/sjh/2024229.html
2024-08-27,2024230,497,631,241,241,2024230,088,197,08837,197,99394,一致,一致,是,https://www.8200.cn/kjh/3d/2024230.htm,https://www.3d178.cn/kaijiang/2024/2024230.shtml,https://www.8200.cn/kjh/p3/2024230.htm,https://m.ydniu.com/kaijiang/pl5/sjh/2024230.html
2024-08-28,2024231,938,850,347,347,2024231,696,401,69649,401,36619,一致,一致,是,https://www.8200.cn/kjh/3d/2024231.htm,https://www.3d178.cn/kaijiang/2024/2024231.shtml,https://www.8200.cn/kjh/p3/2024231.htm,https://m.ydniu.com/kaijiang/pl5/sjh/2024231.html
2024-08-29,2024232,012,615,898,898,2024232,297,658,29761,658,08969,一致,一致,是,https://www.8200.cn/kjh/3d/2024232.htm,https://www.3d178.cn/kaijiang/2024/2024232.shtml,https://www.8200.cn/kjh/p3/2024232.htm,https://m.ydniu.com/kaijiang/pl5/sjh/2024232.html
2024-08-30,2024233,397,921,594,594,2024233,498,058,49846,058,43607,一致,一致,是,https://www.8200.cn/kjh/3d/2024233.htm,https://www.3d178.cn/kaijiang/2024/2024233.shtml,https://www.8200.cn/kjh/p3/2024233.htm,https://m.ydniu.com/kaijiang/pl5/sjh/2024233.html
2024-08-31,2024234,715,730,112,112,2024234,275,134,27593,134,97927,一致,一致,是,https://www.8200.cn/kjh/3d/2024234.htm,https://www.3d178.cn/kaijiang/2024/2024234.shtml,https://www.8200.cn/kjh/p3/2024234.htm,https://m.ydniu.com/kaijiang/pl5/sjh/2024234.html
2024-09-01,2024235,492,842,673,673,2024235,954,410,95411,410,60336,一致,一致,是,https://www.8200.cn/kjh/3d/2024235.htm,https://www.3d178.cn/kaijiang/2024/2024235.shtml,https://www.8200.cn/kjh/p3/2024235.htm,https://m.ydniu.com/kaijiang/pl5/sjh/2024235.html
2024-09-02,2024236,512,640,591,591,2024236,376,912,37697,912,87268,一致,一致,是,https://www.8200.cn/kjh/3d/2024236.htm,https://www.3d178.cn/kaijiang/2024/2024236.shtml,https://www.8200.cn/kjh/p3/2024236.htm,https://m.ydniu.com/kaijiang/pl5/sjh/2024236.html
2024-09-03,2024237,274,943,115,115,2024237,356,158,35685,158,45708,一致,一致,是,https://www.8200.cn/kjh/3d/2024237.htm,https://www.3d178.cn/kaijiang/2024/2024237.shtml,https://www.8200.cn/kjh/p3/2024237.htm,https://m.ydniu.com/kaijiang/pl5/sjh/2024237.html
2024-09-04,2024238,469,960,679,679,2024238,430,926,43067,926,35825,一致,一致,是,https://www.8200.cn/kjh/3d/2024238.htm,https://www.3d178.cn/kaijiang/2024/2024238.shtml,https://www.8200.cn/kjh/p3/2024238.htm,https://m.ydniu.com/kaijiang/pl5/sjh/2024238.html
2024-09-05,2024239,524,107,002,002,2024239,168,213,16848,213,78975,一致,一致,是,https://www.8200.cn/kjh/3d/2024239.htm,https://www.3d178.cn/kaijiang/2024/2024239.shtml,https://www.8200.cn/kjh/p3/2024239.htm,https://m.ydniu.com/kaijiang/pl5/sjh/2024239.html
2024-09-06,2024240,065,621,758,758,2024240,815,574,81526,574,03903,一致,一致,是,https://www.8200.cn/kjh/3d/2024240.htm,https://www.3d178.cn/kaijiang/2024/2024240.shtml,https://www.8200.cn/kjh/p3/2024240.htm,https://m.ydniu.com/kaijiang/pl5/sjh/2024240.html
2024-09-07,2024241,470,163,477,477,2024241,063,704,06392,704,47270,一致,一致,是,https://www.8200.cn/kjh/3d/2024241.htm,https://www.3d178.cn/kaijiang/2024/2024241.shtml,https://www.8200.cn/kjh/p3/2024241.htm,https://m.ydniu.com/kaijiang/pl5/sjh/2024241.html
2024-09-08,2024242,623,130,413,413,2024242,188,408,18894,408,08361,一致,一致,是,https://www.8200.cn/kjh/3d/2024242.htm,https://www.3d178.cn/kaijiang/2024/2024242.shtml,https://www.8200.cn/kjh/p3/2024242.htm,https://m.ydniu.com/kaijiang/pl5/sjh/2024242.html
2024-09-09,2024243,955,674,633,633,2024243,916,813,91630,813,24397,一致,一致,是,https://www.8200.cn/kjh/3d/2024243.htm,https://www.3d178.cn/kaijiang/2024/2024243.shtml,https://www.8200.cn/kjh/p3/2024243.htm,https://m.ydniu.com/kaijiang/pl5/sjh/2024243.html
2024-09-10,2024244,863,786,555,555,2024244,368,597,36894,597,41918,一致,一致,是,https://www.8200.cn/kjh/3d/2024244.htm,https://www.3d178.cn/kaijiang/2024/2024244.shtml,https://www.8200.cn/kjh/p3/2024244.htm,https://m.ydniu.com/kaijiang/pl5/sjh/2024244.html
2024-09-11,2024245,741,940,797,797,2024245,184,812,18494,812,29521,一致,一致,是,https://www.8200.cn/kjh/3d/2024245.htm,https://www.3d178.cn/kaijiang/2024/2024245.shtml,https://www.8200.cn/kjh/p3/2024245.htm,https://m.ydniu.com/kaijiang/pl5/sjh/2024245.html
2024-09-12,2024246,710,465,951,951,2024246,816,594,81646,594,55954,一致,一致,是,https://www.8200.cn/kjh/3d/2024246.htm,https://www.3d178.cn/kaijiang/2024/2024246.shtml,https://www.8200.cn/kjh/p3/2024246.htm,https://m.ydniu.com/kaijiang/pl5/sjh/2024246.html
2024-09-13,2024247,783,593,429,429,2024247,434,572,43489,572,67366,一致,一致,是,https://www.8200.cn/kjh/3d/2024247.htm,https://www.3d178.cn/kaijiang/2024/2024247.shtml,https://www.8200.cn/kjh/p3/2024247.htm,https://m.ydniu.com/kaijiang/pl5/sjh/2024247.html
2024-09-14,2024248,861,045,930,930,2024248,954,640,95434,640,91126,一致,一致,是,https://www.8200.cn/kjh/3d/2024248.htm,https://www.3d178.cn/kaijiang/2024/2024248.shtml,https://www.8200.cn/kjh/p3/2024248.htm,https://m.ydniu.com/kaijiang/pl5/sjh/2024248.html
2024-09-15,2024249,449,928,574,574,2024249,198,613,19832,613,99906,一致,一致,是,https://www.8200.cn/kjh/3d/2024249.htm,https://www.3d178.cn/kaijiang/2024/2024249.shtml,https://www.8200.cn/kjh/p3/2024249.htm,https://m.ydniu.com/kaijiang/pl5/sjh/2024249.html
2024-09-16,2024250,253,165,721,721,2024250,606,849,60692,849,14467,一致,一致,是,https://www.8200.cn/kjh/3d/2024250.htm,https://www.3d178.cn/kaijiang/2024/2024250.shtml,https://www.8200.cn/kjh/p3/2024250.htm,https://m.ydniu.com/kaijiang/pl5/sjh/2024250.html
2024-09-17,2024251,156,943,537,537,2024251,356,875,35627,875,59771,一致,一致,是,https://www.8200.cn/kjh/3d/2024251.htm,https://www.3d178.cn/kaijiang/2024/2024251.shtml,https://www.8200.cn/kjh/p3/2024251.htm,https://m.ydniu.com/kaijiang/pl5/sjh/2024251.html
2024-09-18,2024252,086,063,380,380,2024252,700,578,70052,578,33742,一致,一致,是,https://www.8200.cn/kjh/3d/2024252.htm,https://www.3d178.cn/kaijiang/2024/2024252.shtml,https://www.8200.cn/kjh/p3/2024252.htm,https://m.ydniu.com/kaijiang/pl5/sjh/2024252.html
2024-09-19,2024253,274,125,724,724,2024253,148,245,14830,245,76276,一致,一致,是,https://www.8200.cn/kjh/3d/2024253.htm,https://www.3d178.cn/kaijiang/2024/2024253.shtml,https://www.8200.cn/kjh/p3/2024253.htm,https://m.ydniu.com/kaijiang/pl5/sjh/2024253.html
2024-09-20,2024254,409,942,380,523,2024254,423,839,42314,839,01076,一致,一致,是,https://www.8200.cn/kjh/3d/2024254.htm,https://www.3d178.cn/kaijiang/2024/2024254.shtml,https://www.8200.cn/kjh/p3/2024254.htm,https://m.ydniu.com/kaijiang/pl5/sjh/2024254.html
2024-09-21,2024255,096,580,265,265,2024255,155,435,15587,435,33077,一致,一致,是,https://www.8200.cn/kjh/3d/2024255.htm,https://www.3d178.cn/kaijiang/2024/2024255.shtml,https://www.8200.cn/kjh/p3/2024255.htm,https://m.ydniu.com/kaijiang/pl5/sjh/2024255.html
2024-09-22,2024256,749,253,223,223,2024256,549,165,54913,165,88067,一致,一致,是,https://www.8200.cn/kjh/3d/2024256.htm,https://www.3d178.cn/kaijiang/2024/2024256.shtml,https://www.8200.cn/kjh/p3/2024256.htm,https://m.ydniu.com/kaijiang/pl5/sjh/2024256.html
2024-09-23,2024257,199,462,189,189,2024257,008,614,00863,614,22740,一致,一致,是,https://www.8200.cn/kjh/3d/2024257.htm,https://www.3d178.cn/kaijiang/2024/2024257.shtml,https://www.8200.cn/kjh/p3/2024257.htm,https://m.ydniu.com/kaijiang/pl5/sjh/2024257.html
2024-09-24,2024258,077,256,606,606,2024258,690,107,69057,107,81887,一致,一致,是,https://www.8200.cn/kjh/3d/2024258.htm,https://www.3d178.cn/kaijiang/2024/2024258.shtml,https://www.8200.cn/kjh/p3/2024258.htm,https://m.ydniu.com/kaijiang/pl5/sjh/2024258.html
2024-09-25,2024259,249,790,057,057,2024259,444,415,44469,415,03080,一致,一致,是,https://www.8200.cn/kjh/3d/2024259.htm,https://www.3d178.cn/kaijiang/2024/2024259.shtml,https://www.8200.cn/kjh/p3/2024259.htm,https://m.ydniu.com/kaijiang/pl5/sjh/2024259.html
2024-09-26,2024260,926,472,832,832,2024260,523,397,52325,397,23927,一致,一致,是,https://www.8200.cn/kjh/3d/2024260.htm,https://www.3d178.cn/kaijiang/2024/2024260.shtml,https://www.8200.cn/kjh/p3/2024260.htm,https://m.ydniu.com/kaijiang/pl5/sjh/2024260.html
2024-09-27,2024261,766,246,361,361,2024261,195,904,19599,904,32579,一致,一致,是,https://www.8200.cn/kjh/3d/2024261.htm,https://www.3d178.cn/kaijiang/2024/2024261.shtml,https://www.8200.cn/kjh/p3/2024261.htm,https://m.ydniu.com/kaijiang/pl5/sjh/2024261.html
2024-09-28,2024262,465,894,754,754,2024262,216,520,21646,520,83423,一致,一致,是,https://www.8200.cn/kjh/3d/2024262.htm,https://www.3d178.cn/kaijiang/2024/2024262.shtml,https://www.8200.cn/kjh/p3/2024262.htm,https://m.ydniu.com/kaijiang/pl5/sjh/2024262.html
2024-09-29,2024263,292,805,594,219,2024263,404,906,40484,906,70359,一致,一致,是,https://www.8200.cn/kjh/3d/2024263.htm,https://www.3d178.cn/kaijiang/2024/2024263.shtml,https://www.8200.cn/kjh/p3/2024263.htm,https://m.ydniu.com/kaijiang/pl5/sjh/2024263.html
2024-09-30,2024264,710,590,909,561,2024264,347,254,34735,254,69392,一致,一致,是,https://www.8200.cn/kjh/3d/2024264.htm,https://www.3d178.cn/kaijiang/2024/2024264.shtml,https://www.8200.cn/kjh/p3/2024264.htm,https://m.ydniu.com/kaijiang/pl5/sjh/2024264.html
2024-10-05,2024265,245,930,114,703,2024265,701,725,70104,725,44877,一致,一致,是,https://www.8200.cn/kjh/3d/2024265.htm,https://www.3d178.cn/kaijiang/2024/2024265.shtml,https://www.8200.cn/kjh/p3/2024265.htm,https://m.ydniu.com/kaijiang/pl5/sjh/2024265.html
2024-10-06,2024266,390,182,981,135,2024266,143,958,14346,958,15306,一致,一致,是,https://www.8200.cn/kjh/3d/2024266.htm,https://www.3d178.cn/kaijiang/2024/2024266.shtml,https://www.8200.cn/kjh/p3/2024266.htm,https://m.ydniu.com/kaijiang/pl5/sjh/2024266.html
2024-10-07,2024267,227,249,782,276,2024267,841,741,84174,741,69993,一致,一致,是,https://www.8200.cn/kjh/3d/2024267.htm,https://www.3d178.cn/kaijiang/2024/2024267.shtml,https://www.8200.cn/kjh/p3/2024267.htm,https://m.ydniu.com/kaijiang/pl5/sjh/2024267.html
2024-10-08,2024268,931,621,808,396,2024268,831,610,83138,610,50666,一致,一致,是,https://www.8200.cn/kjh/3d/2024268.htm,https://www.3d178.cn/kaijiang/2024/2024268.shtml,https://www.8200.cn/kjh/p3/2024268.htm,https://m.ydniu.com/kaijiang/pl5/sjh/2024268.html
2024-10-09,2024269,388,975,174,871,2024269,324,953,32432,953,61501,一致,一致,是,https://www.8200.cn/kjh/3d/2024269.htm,https://www.3d178.cn/kaijiang/2024/2024269.shtml,https://www.8200.cn/kjh/p3/2024269.htm,https://m.ydniu.com/kaijiang/pl5/sjh/2024269.html
2024-10-10,2024270,699,638,313,974,2024270,801,675,80167,675,51665,一致,一致,是,https://www.8200.cn/kjh/3d/2024270.htm,https://www.3d178.cn/kaijiang/2024/2024270.shtml,https://www.8200.cn/kjh/p3/2024270.htm,https://m.ydniu.com/kaijiang/pl5/sjh/2024270.html
2024-10-11,2024271,795,275,850,793,2024271,395,579,39573,579,62045,一致,一致,是,https://www.8200.cn/kjh/3d/2024271.htm,https://www.3d178.cn/kaijiang/2024/2024271.shtml,https://www.8200.cn/kjh/p3/2024271.htm,https://m.ydniu.com/kaijiang/pl5/sjh/2024271.html
2024-10-12,2024272,275,859,717,566,2024272,436,751,43692,751,03364,一致,一致,是,https://www.8200.cn/kjh/3d/2024272.htm,https://www.3d178.cn/kaijiang/2024/2024272.shtml,https://www.8200.cn/kjh/p3/2024272.htm,https://m.ydniu.com/kaijiang/pl5/sjh/2024272.html
2024-10-13,2024273,833,749,463,088,2024273,812,839,81239,839,50676,一致,一致,是,https://www.8200.cn/kjh/3d/2024273.htm,https://www.3d178.cn/kaijiang/2024/2024273.shtml,https://www.8200.cn/kjh/p3/2024273.htm,https://m.ydniu.com/kaijiang/pl5/sjh/2024273.html
2024-10-14,2024274,172,326,672,960,2024274,274,954,27483,954,31360,一致,一致,是,https://www.8200.cn/kjh/3d/2024274.htm,https://www.3d178.cn/kaijiang/2024/2024274.shtml,https://www.8200.cn/kjh/p3/2024274.htm,https://m.ydniu.com/kaijiang/pl5/sjh/2024274.html
2024-10-15,2024275,827,157,241,438,2024275,681,391,68132,391,97085,一致,一致,是,https://www.8200.cn/kjh/3d/2024275.htm,https://www.3d178.cn/kaijiang/2024/2024275.shtml,https://www.8200.cn/kjh/p3/2024275.htm,https://m.ydniu.com/kaijiang/pl5/sjh/2024275.html
2024-10-16,2024276,086,982,764,609,2024276,088,502,08878,502,15279,一致,一致,是,https://www.8200.cn/kjh/3d/2024276.htm,https://www.3d178.cn/kaijiang/2024/2024276.shtml,https://www.8200.cn/kjh/p3/2024276.htm,https://m.ydniu.com/kaijiang/pl5/sjh/2024276.html
2024-10-17,2024277,684,152,108,812,2024277,623,429,62364,429,82636,一致,一致,是,https://www.8200.cn/kjh/3d/2024277.htm,https://www.3d178.cn/kaijiang/2024/2024277.shtml,https://www.8200.cn/kjh/p3/2024277.htm,https://m.ydniu.com/kaijiang/pl5/sjh/2024277.html
2024-10-18,2024278,221,648,974,601,2024278,134,724,13443,724,95380,一致,一致,是,https://www.8200.cn/kjh/3d/2024278.htm,https://www.3d178.cn/kaijiang/2024/2024278.shtml,https://www.8200.cn/kjh/p3/2024278.htm,https://m.ydniu.com/kaijiang/pl5/sjh/2024278.html
2024-10-19,2024279,060,514,393,430,2024279,886,597,88672,597,83713,一致,一致,是,https://www.8200.cn/kjh/3d/2024279.htm,https://www.3d178.cn/kaijiang/2024/2024279.shtml,https://www.8200.cn/kjh/p3/2024279.htm,https://m.ydniu.com/kaijiang/pl5/sjh/2024279.html
2024-10-20,2024280,248,604,918,605,2024280,859,172,85971,172,08715,一致,一致,是,https://www.8200.cn/kjh/3d/2024280.htm,https://www.3d178.cn/kaijiang/2024/2024280.shtml,https://www.8200.cn/kjh/p3/2024280.htm,https://m.ydniu.com/kaijiang/pl5/sjh/2024280.html
2024-10-21,2024281,900,328,672,132,2024281,465,215,46506,215,78468,一致,一致,是,https://www.8200.cn/kjh/3d/2024281.htm,https://www.3d178.cn/kaijiang/2024/2024281.shtml,https://www.8200.cn/kjh/p3/2024281.htm,https://m.ydniu.com/kaijiang/pl5/sjh/2024281.html
2024-10-22,2024282,983,154,196,675,2024282,905,985,90556,985,91258,一致,一致,是,https://www.8200.cn/kjh/3d/2024282.htm,https://www.3d178.cn/kaijiang/2024/2024282.shtml,https://www.8200.cn/kjh/p3/2024282.htm,https://m.ydniu.com/kaijiang/pl5/sjh/2024282.html
2024-10-23,2024283,419,710,626,626,2024283,285,531,28555,531,68322,一致,一致,是,https://www.8200.cn/kjh/3d/2024283.htm,https://www.3d178.cn/kaijiang/2024/2024283.shtml,https://www.8200.cn/kjh/p3/2024283.htm,https://m.ydniu.com/kaijiang/pl5/sjh/2024283.html
2024-10-24,2024284,342,248,502,766,2024284,034,168,03465,168,18679,一致,一致,是,https://www.8200.cn/kjh/3d/2024284.htm,https://www.3d178.cn/kaijiang/2024/2024284.shtml,https://www.8200.cn/kjh/p3/2024284.htm,https://m.ydniu.com/kaijiang/pl5/sjh/2024284.html
2024-10-25,2024285,718,341,337,846,2024285,347,305,34746,305,39868,一致,一致,是,https://www.8200.cn/kjh/3d/2024285.htm,https://www.3d178.cn/kaijiang/2024/2024285.shtml,https://www.8200.cn/kjh/p3/2024285.htm,https://m.ydniu.com/kaijiang/pl5/sjh/2024285.html
2024-10-26,2024286,621,287,063,684,2024286,156,975,15678,975,37388,一致,一致,是,https://www.8200.cn/kjh/3d/2024286.htm,https://www.3d178.cn/kaijiang/2024/2024286.shtml,https://www.8200.cn/kjh/p3/2024286.htm,https://m.ydniu.com/kaijiang/pl5/sjh/2024286.html
2024-10-27,2024287,192,310,372,024,2024287,945,756,94561,756,55902,一致,一致,是,https://www.8200.cn/kjh/3d/2024287.htm,https://www.3d178.cn/kaijiang/2024/2024287.shtml,https://www.8200.cn/kjh/p3/2024287.htm,https://m.ydniu.com/kaijiang/pl5/sjh/2024287.html
2024-10-28,2024288,839,986,784,823,2024288,810,674,81098,674,56276,一致,一致,是,https://www.8200.cn/kjh/3d/2024288.htm,https://www.3d178.cn/kaijiang/2024/2024288.shtml,https://www.8200.cn/kjh/p3/2024288.htm,https://m.ydniu.com/kaijiang/pl5/sjh/2024288.html
2024-10-29,2024289,989,734,611,434,2024289,006,726,00643,726,45698,一致,一致,是,https://www.8200.cn/kjh/3d/2024289.htm,https://www.3d178.cn/kaijiang/2024/2024289.shtml,https://www.8200.cn/kjh/p3/2024289.htm,https://m.ydniu.com/kaijiang/pl5/sjh/2024289.html
2024-10-30,2024290,911,593,583,229,2024290,004,824,00449,824,12891,一致,一致,是,https://www.8200.cn/kjh/3d/2024290.htm,https://www.3d178.cn/kaijiang/2024/2024290.shtml,https://www.8200.cn/kjh/p3/2024290.htm,https://m.ydniu.com/kaijiang/pl5/sjh/2024290.html
2024-10-31,2024291,426,296,542,841,2024291,340,810,34043,810,00242,一致,一致,是,https://www.8200.cn/kjh/3d/2024291.htm,https://www.3d178.cn/kaijiang/2024/2024291.shtml,https://www.8200.cn/kjh/p3/2024291.htm,https://m.ydniu.com/kaijiang/pl5/sjh/2024291.html
2024-11-01,2024292,462,305,830,907,2024292,030,610,03000,610,58011,一致,一致,是,https://www.8200.cn/kjh/3d/2024292.htm,https://www.3d178.cn/kaijiang/2024/2024292.shtml,https://www.8200.cn/kjh/p3/2024292.htm,https://m.ydniu.com/kaijiang/pl5/sjh/2024292.html
2024-11-02,2024293,521,849,822,458,2024293,044,512,04481,512,22059,一致,一致,是,https://www.8200.cn/kjh/3d/2024293.htm,https://www.3d178.cn/kaijiang/2024/2024293.shtml,https://www.8200.cn/kjh/p3/2024293.htm,https://m.ydniu.com/kaijiang/pl5/sjh/2024293.html
2024-11-03,2024294,364,947,305,169,2024294,701,961,70192,961,85661,一致,一致,是,https://www.8200.cn/kjh/3d/2024294.htm,https://www.3d178.cn/kaijiang/2024/2024294.shtml,https://www.8200.cn/kjh/p3/2024294.htm,https://m.ydniu.com/kaijiang/pl5/sjh/2024294.html
2024-11-04,2024295,571,763,950,897,2024295,552,479,55252,479,75457,一致,一致,是,https://www.8200.cn/kjh/3d/2024295.htm,https://www.3d178.cn/kaijiang/2024/2024295.shtml,https://www.8200.cn/kjh/p3/2024295.htm,https://m.ydniu.com/kaijiang/pl5/sjh/2024295.html
2024-11-05,2024296,816,704,473,528,2024296,898,758,89807,758,60882,一致,一致,是,https://www.8200.cn/kjh/3d/2024296.htm,https://www.3d178.cn/kaijiang/2024/2024296.shtml,https://www.8200.cn/kjh/p3/2024296.htm,https://m.ydniu.com/kaijiang/pl5/sjh/2024296.html
2024-11-06,2024297,372,680,058,971,2024297,037,845,03712,845,89118,一致,一致,是,https://www.8200.cn/kjh/3d/2024297.htm,https://www.3d178.cn/kaijiang/2024/2024297.shtml,https://www.8200.cn/kjh/p3/2024297.htm,https://m.ydniu.com/kaijiang/pl5/sjh/2024297.html
2024-11-07,2024298,055,231,913,928,2024298,680,706,68088,706,42855,一致,一致,是,https://www.8200.cn/kjh/3d/2024298.htm,https://www.3d178.cn/kaijiang/2024/2024298.shtml,https://www.8200.cn/kjh/p3/2024298.htm,https://m.ydniu.com/kaijiang/pl5/sjh/2024298.html
2024-11-08,2024299,949,982,807,606,2024299,581,904,58102,904,87797,一致,一致,是,https://www.8200.cn/kjh/3d/2024299.htm,https://www.3d178.cn/kaijiang/2024/2024299.shtml,https://www.8200.cn/kjh/p3/2024299.htm,https://m.ydniu.com/kaijiang/pl5/sjh/2024299.html
2024-11-09,2024300,666,231,023,420,2024300,933,753,93336,753,93382,一致,一致,是,https://www.8200.cn/kjh/3d/2024300.htm,https://www.3d178.cn/kaijiang/2024/2024300.shtml,https://www.8200.cn/kjh/p3/2024300.htm,https://m.ydniu.com/kaijiang/pl5/sjh/2024300.html
2024-11-10,2024301,435,139,607,161,2024301,877,582,87733,582,18600,一致,一致,是,https://www.8200.cn/kjh/3d/2024301.htm,https://www.3d178.cn/kaijiang/2024/2024301.shtml,https://www.8200.cn/kjh/p3/2024301.htm,https://m.ydniu.com/kaijiang/pl5/sjh/2024301.html
2024-11-11,2024302,516,830,519,260,2024302,398,725,39803,725,13516,一致,一致,是,https://www.8200.cn/kjh/3d/2024302.htm,https://www.3d178.cn/kaijiang/2024/2024302.shtml,https://www.8200.cn/kjh/p3/2024302.htm,https://m.ydniu.com/kaijiang/pl5/sjh/2024302.html
2024-11-12,2024303,336,321,220,149,2024303,201,376,20192,376,89748,一致,一致,是,https://www.8200.cn/kjh/3d/2024303.htm,https://www.3d178.cn/kaijiang/2024/2024303.shtml,https://www.8200.cn/kjh/p3/2024303.htm,https://m.ydniu.com/kaijiang/pl5/sjh/2024303.html
2024-11-13,2024304,169,916,674,637,2024304,425,925,42538,925,40360,一致,一致,是,https://www.8200.cn/kjh/3d/2024304.htm,https://www.3d178.cn/kaijiang/2024/2024304.shtml,https://www.8200.cn/kjh/p3/2024304.htm,https://m.ydniu.com/kaijiang/pl5/sjh/2024304.html
2024-11-14,2024305,966,106,653,238,2024305,841,713,84184,713,16461,一致,一致,是,https://www.8200.cn/kjh/3d/2024305.htm,https://www.3d178.cn/kaijiang/2024/2024305.shtml,https://www.8200.cn/kjh/p3/2024305.htm,https://m.ydniu.com/kaijiang/pl5/sjh/2024305.html
2024-11-15,2024306,296,849,349,675,2024306,508,318,50881,318,62668,一致,一致,是,https://www.8200.cn/kjh/3d/2024306.htm,https://www.3d178.cn/kaijiang/2024/2024306.shtml,https://www.8200.cn/kjh/p3/2024306.htm,https://m.ydniu.com/kaijiang/pl5/sjh/2024306.html
2024-11-16,2024307,579,652,844,806,2024307,582,521,58216,521,05627,一致,一致,是,https://www.8200.cn/kjh/3d/2024307.htm,https://www.3d178.cn/kaijiang/2024/2024307.shtml,https://www.8200.cn/kjh/p3/2024307.htm,https://m.ydniu.com/kaijiang/pl5/sjh/2024307.html
2024-11-17,2024308,654,471,617,069,2024308,843,614,84399,614,78654,一致,一致,是,https://www.8200.cn/kjh/3d/2024308.htm,https://www.3d178.cn/kaijiang/2024/2024308.shtml,https://www.8200.cn/kjh/p3/2024308.htm,https://m.ydniu.com/kaijiang/pl5/sjh/2024308.html
2024-11-18,2024309,539,820,873,243,2024309,483,740,48300,740,93950,一致,一致,是,https://www.8200.cn/kjh/3d/2024309.htm,https://www.3d178.cn/kaijiang/2024/2024309.shtml,https://www.8200.cn/kjh/p3/2024309.htm,https://m.ydniu.com/kaijiang/pl5/sjh/2024309.html
2024-11-19,2024310,603,735,763,486,2024310,718,102,71896,102,62400,一致,一致,是,https://www.8200.cn/kjh/3d/2024310.htm,https://www.3d178.cn/kaijiang/2024/2024310.shtml,https://www.8200.cn/kjh/p3/2024310.htm,https://m.ydniu.com/kaijiang/pl5/sjh/2024310.html
2024-11-20,2024311,067,870,493,515,2024311,533,385,53314,385,02536,一致,一致,是,https://www.8200.cn/kjh/3d/2024311.htm,https://www.3d178.cn/kaijiang/2024/2024311.shtml,https://www.8200.cn/kjh/p3/2024311.htm,https://m.ydniu.com/kaijiang/pl5/sjh/2024311.html
2024-11-21,2024312,754,408,371,668,2024312,413,508,41323,508,78585,一致,一致,是,https://www.8200.cn/kjh/3d/2024312.htm,https://www.3d178.cn/kaijiang/2024/2024312.shtml,https://www.8200.cn/kjh/p3/2024312.htm,https://m.ydniu.com/kaijiang/pl5/sjh/2024312.html
2024-11-22,2024313,095,291,948,927,2024313,471,738,47116,738,78875,一致,一致,是,https://www.8200.cn/kjh/3d/2024313.htm,https://www.3d178.cn/kaijiang/2024/2024313.shtml,https://www.8200.cn/kjh/p3/2024313.htm,https://m.ydniu.com/kaijiang/pl5/sjh/2024313.html
2024-11-23,2024314,672,718,133,025,2024314,080,916,08022,916,89484,一致,一致,是,https://www.8200.cn/kjh/3d/2024314.htm,https://www.3d178.cn/kaijiang/2024/2024314.shtml,https://www.8200.cn/kjh/p3/2024314.htm,https://m.ydniu.com/kaijiang/pl5/sjh/2024314.html
2024-11-24,2024315,802,358,914,127,2024315,071,278,07119,278,96617,一致,一致,是,https://www.8200.cn/kjh/3d/2024315.htm,https://www.3d178.cn/kaijiang/2024/2024315.shtml,https://www.8200.cn/kjh/p3/2024315.htm,https://m.ydniu.com/kaijiang/pl5/sjh/2024315.html
2024-11-25,2024316,789,159,430,069,2024316,332,752,33275,752,48947,一致,一致,是,https://www.8200.cn/kjh/3d/2024316.htm,https://www.3d178.cn/kaijiang/2024/2024316.shtml,https://www.8200.cn/kjh/p3/2024316.htm,https://m.ydniu.com/kaijiang/pl5/sjh/2024316.html
2024-11-26,2024317,386,478,812,438,2024317,355,580,35575,580,88487,一致,一致,是,https://www.8200.cn/kjh/3d/2024317.htm,https://www.3d178.cn/kaijiang/2024/2024317.shtml,https://www.8200.cn/kjh/p3/2024317.htm,https://m.ydniu.com/kaijiang/pl5/sjh/2024317.html
2024-11-27,2024318,525,073,375,237,2024318,243,730,24398,730,72913,一致,一致,是,https://www.8200.cn/kjh/3d/2024318.htm,https://www.3d178.cn/kaijiang/2024/2024318.shtml,https://www.8200.cn/kjh/p3/2024318.htm,https://m.ydniu.com/kaijiang/pl5/sjh/2024318.html
2024-11-28,2024319,726,034,062,156,2024319,793,409,79335,409,10467,一致,一致,是,https://www.8200.cn/kjh/3d/2024319.htm,https://www.3d178.cn/kaijiang/2024/2024319.shtml,https://www.8200.cn/kjh/p3/2024319.htm,https://m.ydniu.com/kaijiang/pl5/sjh/2024319.html
2024-11-29,2024320,778,251,438,228,2024320,863,902,86346,902,23963,一致,一致,是,https://www.8200.cn/kjh/3d/2024320.htm,https://www.3d178.cn/kaijiang/2024/2024320.shtml,https://www.8200.cn/kjh/p3/2024320.htm,https://m.ydniu.com/kaijiang/pl5/sjh/2024320.html
2024-11-30,2024321,542,218,976,502,2024321,050,827,05007,827,35983,一致,一致,是,https://www.8200.cn/kjh/3d/2024321.htm,https://www.3d178.cn/kaijiang/2024/2024321.shtml,https://www.8200.cn/kjh/p3/2024321.htm,https://m.ydniu.com/kaijiang/pl5/sjh/2024321.html
2024-12-01,2024322,867,206,415,699,2024322,678,867,67858,867,79319,一致,一致,是,https://www.8200.cn/kjh/3d/2024322.htm,https://www.3d178.cn/kaijiang/2024/2024322.shtml,https://www.8200.cn/kjh/p3/2024322.htm,https://m.ydniu.com/kaijiang/pl5/sjh/2024322.html
2024-12-02,2024323,536,164,877,014,2024323,914,964,91473,964,77336,一致,一致,是,https://www.8200.cn/kjh/3d/2024323.htm,https://www.3d178.cn/kaijiang/2024/2024323.shtml,https://www.8200.cn/kjh/p3/2024323.htm,https://m.ydniu.com/kaijiang/pl5/sjh/2024323.html
2024-12-03,2024324,384,926,750,662,2024324,630,218,63013,218,49863,一致,一致,是,https://www.8200.cn/kjh/3d/2024324.htm,https://www.3d178.cn/kaijiang/2024/2024324.shtml,https://www.8200.cn/kjh/p3/2024324.htm,https://m.ydniu.com/kaijiang/pl5/sjh/2024324.html
2024-12-04,2024325,158,721,469,062,2024325,023,804,02307,804,75535,一致,一致,是,https://www.8200.cn/kjh/3d/2024325.htm,https://www.3d178.cn/kaijiang/2024/2024325.shtml,https://www.8200.cn/kjh/p3/2024325.htm,https://m.ydniu.com/kaijiang/pl5/sjh/2024325.html
2024-12-05,2024326,722,468,214,460,2024326,257,128,25701,128,81414,一致,一致,是,https://www.8200.cn/kjh/3d/2024326.htm,https://www.3d178.cn/kaijiang/2024/2024326.shtml,https://www.8200.cn/kjh/p3/2024326.htm,https://m.ydniu.com/kaijiang/pl5/sjh/2024326.html
2024-12-06,2024327,280,530,835,283,2024327,134,658,13422,658,51515,一致,一致,是,https://www.8200.cn/kjh/3d/2024327.htm,https://www.3d178.cn/kaijiang/2024/2024327.shtml,https://www.8200.cn/kjh/p3/2024327.htm,https://m.ydniu.com/kaijiang/pl5/sjh/2024327.html
2024-12-07,2024328,306,126,169,153,2024328,125,596,12504,596,73088,一致,一致,是,https://www.8200.cn/kjh/3d/2024328.htm,https://www.3d178.cn/kaijiang/2024/2024328.shtml,https://www.8200.cn/kjh/p3/2024328.htm,https://m.ydniu.com/kaijiang/pl5/sjh/2024328.html
2024-12-08,2024329,910,862,418,722,2024329,147,932,14780,932,87055,一致,一致,是,https://www.8200.cn/kjh/3d/2024329.htm,https://www.3d178.cn/kaijiang/2024/2024329.shtml,https://www.8200.cn/kjh/p3/2024329.htm,https://m.ydniu.com/kaijiang/pl5/sjh/2024329.html
2024-12-09,2024330,167,235,962,666,2024330,811,057,81136,057,10426,一致,一致,是,https://www.8200.cn/kjh/3d/2024330.htm,https://www.3d178.cn/kaijiang/2024/2024330.shtml,https://www.8200.cn/kjh/p3/2024330.htm,https://m.ydniu.com/kaijiang/pl5/sjh/2024330.html
2024-12-10,2024331,964,649,539,973,2024331,712,267,71227,267,82088,一致,一致,是,https://www.8200.cn/kjh/3d/2024331.htm,https://www.3d178.cn/kaijiang/2024/2024331.shtml,https://www.8200.cn/kjh/p3/2024331.htm,https://m.ydniu.com/kaijiang/pl5/sjh/2024331.html
2024-12-11,2024332,765,539,768,505,2024332,679,490,67957,490,77484,一致,一致,是,https://www.8200.cn/kjh/3d/2024332.htm,https://www.3d178.cn/kaijiang/2024/2024332.shtml,https://www.8200.cn/kjh/p3/2024332.htm,https://m.ydniu.com/kaijiang/pl5/sjh/2024332.html
2024-12-12,2024333,951,839,257,757,2024333,848,762,84859,762,54479,一致,一致,是,https://www.8200.cn/kjh/3d/2024333.htm,https://www.3d178.cn/kaijiang/2024/2024333.shtml,https://www.8200.cn/kjh/p3/2024333.htm,https://m.ydniu.com/kaijiang/pl5/sjh/2024333.html
2024-12-13,2024334,541,918,612,568,2024334,746,105,74681,105,14365,一致,一致,是,https://www.8200.cn/kjh/3d/2024334.htm,https://www.3d178.cn/kaijiang/2024/2024334.shtml,https://www.8200.cn/kjh/p3/2024334.htm,https://m.ydniu.com/kaijiang/pl5/sjh/2024334.html
2024-12-14,2024335,593,458,454,921,2024335,499,985,49906,985,66801,一致,一致,是,https://www.8200.cn/kjh/3d/2024335.htm,https://www.3d178.cn/kaijiang/2024/2024335.shtml,https://www.8200.cn/kjh/p3/2024335.htm,https://m.ydniu.com/kaijiang/pl5/sjh/2024335.html
2024-12-15,2024336,964,840,037,903,2024336,249,973,24967,973,70479,一致,一致,是,https://www.8200.cn/kjh/3d/2024336.htm,https://www.3d178.cn/kaijiang/2024/2024336.shtml,https://www.8200.cn/kjh/p3/2024336.htm,https://m.ydniu.com/kaijiang/pl5/sjh/2024336.html
2024-12-16,2024337,843,059,325,811,2024337,172,826,17254,826,35598,一致,一致,是,https://www.8200.cn/kjh/3d/2024337.htm,https://www.3d178.cn/kaijiang/2024/2024337.shtml,https://www.8200.cn/kjh/p3/2024337.htm,https://m.ydniu.com/kaijiang/pl5/sjh/2024337.html
2024-12-17,2024338,977,308,716,720,2024338,155,807,15551,807,08191,一致,一致,是,https://www.8200.cn/kjh/3d/2024338.htm,https://www.3d178.cn/kaijiang/2024/2024338.shtml,https://www.8200.cn/kjh/p3/2024338.htm,https://m.ydniu.com/kaijiang/pl5/sjh/2024338.html
2024-12-18,2024339,509,610,273,247,2024339,918,325,91863,325,35728,一致,一致,是,https://www.8200.cn/kjh/3d/2024339.htm,https://www.3d178.cn/kaijiang/2024/2024339.shtml,https://www.8200.cn/kjh/p3/2024339.htm,https://m.ydniu.com/kaijiang/pl5/sjh/2024339.html
2024-12-19,2024340,278,971,139,834,2024340,031,703,03172,703,39629,一致,一致,是,https://www.8200.cn/kjh/3d/2024340.htm,https://www.3d178.cn/kaijiang/2024/2024340.shtml,https://www.8200.cn/kjh/p3/2024340.htm,https://m.ydniu.com/kaijiang/pl5/sjh/2024340.html
2024-12-20,2024341,371,708,594,584,2024341,653,204,65343,204,61441,一致,一致,是,https://www.8200.cn/kjh/3d/2024341.htm,https://www.3d178.cn/kaijiang/2024/2024341.shtml,https://www.8200.cn/kjh/p3/2024341.htm,https://m.ydniu.com/kaijiang/pl5/sjh/2024341.html
2024-12-21,2024342,483,342,738,313,2024342,084,120,08483,120,17936,一致,一致,是,https://www.8200.cn/kjh/3d/2024342.htm,https://www.3d178.cn/kaijiang/2024/2024342.shtml,https://www.8200.cn/kjh/p3/2024342.htm,https://m.ydniu.com/kaijiang/pl5/sjh/2024342.html
2024-12-22,2024343,214,632,542,346,2024343,481,697,48115,697,81177,一致,一致,是,https://www.8200.cn/kjh/3d/2024343.htm,https://www.3d178.cn/kaijiang/2024/2024343.shtml,https://www.8200.cn/kjh/p3/2024343.htm,https://m.ydniu.com/kaijiang/pl5/sjh/2024343.html
2024-12-23,2024344,305,132,568,085,2024344,546,801,54613,801,44274,一致,一致,是,https://www.8200.cn/kjh/3d/2024344.htm,https://www.3d178.cn/kaijiang/2024/2024344.shtml,https://www.8200.cn/kjh/p3/2024344.htm,https://m.ydniu.com/kaijiang/pl5/sjh/2024344.html
2024-12-24,2024345,317,103,408,068,2024345,620,712,62030,712,76795,一致,一致,是,https://www.8200.cn/kjh/3d/2024345.htm,https://www.3d178.cn/kaijiang/2024/2024345.shtml,https://www.8200.cn/kjh/p3/2024345.htm,https://m.ydniu.com/kaijiang/pl5/sjh/2024345.html
2024-12-25,2024346,056,645,143,464,2024346,677,510,67722,510,21868,一致,一致,是,https://www.8200.cn/kjh/3d/2024346.htm,https://www.3d178.cn/kaijiang/2024/2024346.shtml,https://www.8200.cn/kjh/p3/2024346.htm,https://m.ydniu.com/kaijiang/pl5/sjh/2024346.html
2024-12-26,2024347,392,306,638,917,2024347,893,413,89343,413,54830,一致,一致,是,https://www.8200.cn/kjh/3d/2024347.htm,https://www.3d178.cn/kaijiang/2024/2024347.shtml,https://www.8200.cn/kjh/p3/2024347.htm,https://m.ydniu.com/kaijiang/pl5/sjh/2024347.html
2024-12-27,2024348,928,876,591,298,2024348,192,358,19209,358,68211,一致,一致,是,https://www.8200.cn/kjh/3d/2024348.htm,https://www.3d178.cn/kaijiang/2024/2024348.shtml,https://www.8200.cn/kjh/p3/2024348.htm,https://m.ydniu.com/kaijiang/pl5/sjh/2024348.html
2024-12-28,2024349,108,851,146,274,2024349,907,926,90732,926,79947,一致,一致,是,https://www.8200.cn/kjh/3d/2024349.htm,https://www.3d178.cn/kaijiang/2024/2024349.shtml,https://www.8200.cn/kjh/p3/2024349.htm,https://m.ydniu.com/kaijiang/pl5/sjh/2024349.html
2024-12-29,2024350,672,875,975,149,2024350,220,328,22042,328,09665,一致,一致,是,https://www.8200.cn/kjh/3d/2024350.htm,https://www.3d178.cn/kaijiang/2024/2024350.shtml,https://www.8200.cn/kjh/p3/2024350.htm,https://m.ydniu.com/kaijiang/pl5/sjh/2024350.html
2024-12-30,2024351,657,983,671,658,2024351,788,173,78888,173,97065,一致,一致,是,https://www.8200.cn/kjh/3d/2024351.htm,https://www.3d178.cn/kaijiang/2024/2024351.shtml,https://www.8200.cn/kjh/p3/2024351.htm,https://m.ydniu.com/kaijiang/pl5/sjh/2024351.html
2024-12-31,2024352,292,769,735,226,2024352,691,813,69189,813,00966,一致,一致,是,https://www.8200.cn/kjh/3d/2024352.htm,https://www.3d178.cn/kaijiang/2024/2024352.shtml,https://www.8200.cn/kjh/p3/2024352.htm,https://m.ydniu.com/kaijiang/pl5/sjh/2024352.html
2025-01-01,2025001,703,315,068,971,2025001,123,513,12336,513,80628,一致,一致,是,https://www.8200.cn/kjh/3d/2025001.htm,https://www.3d178.cn/kaijiang/2025/2025001.shtml,https://www.8200.cn/kjh/p3/2025001.htm,https://m.ydniu.com/kaijiang/pl5/sjh/2025001.html
2025-01-02,2025002,916,206,421,438,2025002,900,341,90069,341,01147,一致,一致,是,https://www.8200.cn/kjh/3d/2025002.htm,https://www.3d178.cn/kaijiang/2025/2025002.shtml,https://www.8200.cn/kjh/p3/2025002.htm,https://m.ydniu.com/kaijiang/pl5/sjh/2025002.html
2025-01-03,2025003,214,194,568,042,2025003,168,560,16844,560,27731,一致,一致,是,https://www.8200.cn/kjh/3d/2025003.htm,https://www.3d178.cn/kaijiang/2025/2025003.shtml,https://www.8200.cn/kjh/p3/2025003.htm,https://m.ydniu.com/kaijiang/pl5/sjh/2025003.html
2025-01-04,2025004,634,810,925,278,2025004,351,927,35188,927,94850,一致,一致,是,https://www.8200.cn/kjh/3d/2025004.htm,https://www.3d178.cn/kaijiang/2025/2025004.shtml,https://www.8200.cn/kjh/p3/2025004.htm,https://m.ydniu.com/kaijiang/pl5/sjh/2025004.html
2025-01-05,2025005,085,850,892,488,2025005,617,726,61778,726,40210,一致,一致,是,https://www.8200.cn/kjh/3d/2025005.htm,https://www.3d178.cn/kaijiang/2025/2025005.shtml,https://www.8200.cn/kjh/p3/2025005.htm,https://m.ydniu.com/kaijiang/pl5/sjh/2025005.html
2025-01-06,2025006,898,569,238,554,2025006,656,432,65693,432,26896,一致,一致,是,https://www.8200.cn/kjh/3d/2025006.htm,https://www.3d178.cn/kaijiang/2025/2025006.shtml,https://www.8200.cn/kjh/p3/2025006.htm,https://m.ydniu.com/kaijiang/pl5/sjh/2025006.html
2025-01-07,2025007,141,560,354,819,2025007,362,826,36213,826,10302,一致,一致,是,https://www.8200.cn/kjh/3d/2025007.htm,https://www.3d178.cn/kaijiang/2025/2025007.shtml,https://www.8200.cn/kjh/p3/2025007.htm,https://m.ydniu.com/kaijiang/pl5/sjh/2025007.html
2025-01-08,2025008,260,265,702,679,2025008,128,325,12809,325,68253,一致,一致,是,https://www.8200.cn/kjh/3d/2025008.htm,https://www.3d178.cn/kaijiang/2025/2025008.shtml,https://www.8200.cn/kjh/p3/2025008.htm,https://m.ydniu.com/kaijiang/pl5/sjh/2025008.html
2025-01-09,2025009,416,147,152,365,2025009,806,510,80602,510,29734,一致,一致,是,https://www.8200.cn/kjh/3d/2025009.htm,https://www.3d178.cn/kaijiang/2025/2025009.shtml,https://www.8200.cn/kjh/p3/2025009.htm,https://m.ydniu.com/kaijiang/pl5/sjh/2025009.html
2025-01-10,2025010,333,219,738,901,2025010,143,648,14323,648,63882,一致,一致,是,https://www.8200.cn/kjh/3d/2025010.htm,https://www.3d178.cn/kaijiang/2025/2025010.shtml,https://www.8200.cn/kjh/p3/2025010.htm,https://m.ydniu.com/kaijiang/pl5/sjh/2025010.html
2025-01-11,2025011,518,321,569,369,2025011,027,239,02749,239,07146,一致,一致,是,https://www.8200.cn/kjh/3d/2025011.htm,https://www.3d178.cn/kaijiang/2025/2025011.shtml,https://www.8200.cn/kjh/p3/2025011.htm,https://m.ydniu.com/kaijiang/pl5/sjh/2025011.html
2025-01-12,2025012,487,379,467,786,2025012,471,807,47168,807,97106,一致,一致,是,https://www.8200.cn/kjh/3d/2025012.htm,https://www.3d178.cn/kaijiang/2025/2025012.shtml,https://www.8200.cn/kjh/p3/2025012.htm,https://m.ydniu.com/kaijiang/pl5/sjh/2025012.html
2025-01-13,2025013,606,085,325,642,2025013,978,439,97806,439,05259,一致,一致,是,https://www.8200.cn/kjh/3d/2025013.htm,https://www.3d178.cn/kaijiang/2025/2025013.shtml,https://www.8200.cn/kjh/p3/2025013.htm,https://m.ydniu.com/kaijiang/pl5/sjh/2025013.html
2025-01-14,2025014,679,204,926,214,2025014,508,159,50878,159,97308,一致,一致,是,https://www.8200.cn/kjh/3d/2025014.htm,https://www.3d178.cn/kaijiang/2025/2025014.shtml,https://www.8200.cn/kjh/p3/2025014.htm,https://m.ydniu.com/kaijiang/pl5/sjh/2025014.html
2025-01-15,2025015,942,302,146,427,2025015,398,239,39878,239,74976,一致,一致,是,https://www.8200.cn/kjh/3d/2025015.htm,https://www.3d178.cn/kaijiang/2025/2025015.shtml,https://www.8200.cn/kjh/p3/2025015.htm,https://m.ydniu.com/kaijiang/pl5/sjh/2025015.html
2025-01-16,2025016,104,126,374,578,2025016,963,549,96352,549,11900,一致,一致,是,https://www.8200.cn/kjh/3d/2025016.htm,https://www.3d178.cn/kaijiang/2025/2025016.shtml,https://www.8200.cn/kjh/p3/2025016.htm,https://m.ydniu.com/kaijiang/pl5/sjh/2025016.html
2025-01-17,2025017,027,604,852,002,2025017,956,897,95692,897,97655,一致,一致,是,https://www.8200.cn/kjh/3d/2025017.htm,https://www.3d178.cn/kaijiang/2025/2025017.shtml,https://www.8200.cn/kjh/p3/2025017.htm,https://m.ydniu.com/kaijiang/pl5/sjh/2025017.html
2025-01-18,2025018,836,514,209,735,2025018,292,413,29255,413,20899,一致,一致,是,https://www.8200.cn/kjh/3d/2025018.htm,https://www.3d178.cn/kaijiang/2025/2025018.shtml,https://www.8200.cn/kjh/p3/2025018.htm,https://m.ydniu.com/kaijiang/pl5/sjh/2025018.html
2025-01-19,2025019,710,356,342,005,2025019,734,501,73426,501,00407,一致,一致,是,https://www.8200.cn/kjh/3d/2025019.htm,https://www.3d178.cn/kaijiang/2025/2025019.shtml,https://www.8200.cn/kjh/p3/2025019.htm,https://m.ydniu.com/kaijiang/pl5/sjh/2025019.html
2025-01-20,2025020,056,457,173,164,2025020,159,687,15976,687,73460,一致,一致,是,https://www.8200.cn/kjh/3d/2025020.htm,https://www.3d178.cn/kaijiang/2025/2025020.shtml,https://www.8200.cn/kjh/p3/2025020.htm,https://m.ydniu.com/kaijiang/pl5/sjh/2025020.html
2025-01-21,2025021,468,965,408,526,2025021,346,850,34652,850,48267,一致,一致,是,https://www.8200.cn/kjh/3d/2025021.htm,https://www.3d178.cn/kaijiang/2025/2025021.shtml,https://www.8200.cn/kjh/p3/2025021.htm,https://m.ydniu.com/kaijiang/pl5/sjh/2025021.html
2025-01-22,2025022,638,219,935,960,2025022,484,917,48402,917,87741,一致,一致,是,https://www.8200.cn/kjh/3d/2025022.htm,https://www.3d178.cn/kaijiang/2025/2025022.shtml,https://www.8200.cn/kjh/p3/2025022.htm,https://m.ydniu.com/kaijiang/pl5/sjh/2025022.html
2025-01-23,2025023,591,326,279,022,2025023,788,394,78804,394,67193,一致,一致,是,https://www.8200.cn/kjh/3d/2025023.htm,https://www.3d178.cn/kaijiang/2025/2025023.shtml,https://www.8200.cn/kjh/p3/2025023.htm,https://m.ydniu.com/kaijiang/pl5/sjh/2025023.html
2025-01-24,2025024,762,182,106,275,2025024,228,703,22850,703,11460,一致,一致,是,https://www.8200.cn/kjh/3d/2025024.htm,https://www.3d178.cn/kaijiang/2025/2025024.shtml,https://www.8200.cn/kjh/p3/2025024.htm,https://m.ydniu.com/kaijiang/pl5/sjh/2025024.html
2025-01-25,2025025,486,283,249,781,2025025,677,519,67750,519,05437,一致,一致,是,https://www.8200.cn/kjh/3d/2025025.htm,https://www.3d178.cn/kaijiang/2025/2025025.shtml,https://www.8200.cn/kjh/p3/2025025.htm,https://m.ydniu.com/kaijiang/pl5/sjh/2025025.html
2025-01-26,2025026,588,784,375,072,2025026,346,748,34635,748,78555,一致,一致,是,https://www.8200.cn/kjh/3d/2025026.htm,https://www.3d178.cn/kaijiang/2025/2025026.shtml,https://www.8200.cn/kjh/p3/2025026.htm,https://m.ydniu.com/kaijiang/pl5/sjh/2025026.html
2025-02-06,2025027,383,749,413,357,2025027,048,534,04873,534,60424,一致,一致,是,https://www.8200.cn/kjh/3d/2025027.htm,https://www.3d178.cn/kaijiang/2025/2025027.shtml,https://www.8200.cn/kjh/p3/2025027.htm,https://m.ydniu.com/kaijiang/pl5/sjh/2025027.html
2025-02-07,2025028,409,652,735,687,2025028,822,357,82232,357,75775,一致,一致,是,https://www.8200.cn/kjh/3d/2025028.htm,https://www.3d178.cn/kaijiang/2025/2025028.shtml,https://www.8200.cn/kjh/p3/2025028.htm,https://m.ydniu.com/kaijiang/pl5/sjh/2025028.html
2025-02-08,2025029,096,201,987,483,2025029,489,915,48947,915,91274,一致,一致,是,https://www.8200.cn/kjh/3d/2025029.htm,https://www.3d178.cn/kaijiang/2025/2025029.shtml,https://www.8200.cn/kjh/p3/2025029.htm,https://m.ydniu.com/kaijiang/pl5/sjh/2025029.html
2025-02-09,2025030,302,253,261,217,2025030,297,601,29718,601,19887,一致,一致,是,https://www.8200.cn/kjh/3d/2025030.htm,https://www.3d178.cn/kaijiang/2025/2025030.shtml,https://www.8200.cn/kjh/p3/2025030.htm,https://m.ydniu.com/kaijiang/pl5/sjh/2025030.html
2025-02-10,2025031,379,469,438,012,2025031,513,607,51341,607,21761,一致,一致,是,https://www.8200.cn/kjh/3d/2025031.htm,https://www.3d178.cn/kaijiang/2025/2025031.shtml,https://www.8200.cn/kjh/p3/2025031.htm,https://m.ydniu.com/kaijiang/pl5/sjh/2025031.html
2025-02-11,2025032,499,614,562,625,2025032,392,816,39270,816,76126,一致,一致,是,https://www.8200.cn/kjh/3d/2025032.htm,https://www.3d178.cn/kaijiang/2025/2025032.shtml,https://www.8200.cn/kjh/p3/2025032.htm,https://m.ydniu.com/kaijiang/pl5/sjh/2025032.html
2025-02-12,2025033,606,270,895,672,2025033,934,580,93452,580,30138,一致,一致,是,https://www.8200.cn/kjh/3d/2025033.htm,https://www.3d178.cn/kaijiang/2025/2025033.shtml,https://www.8200.cn/kjh/p3/2025033.htm,https://m.ydniu.com/kaijiang/pl5/sjh/2025033.html
2025-02-13,2025034,261,598,537,091,2025034,309,781,30912,781,62745,一致,一致,是,https://www.8200.cn/kjh/3d/2025034.htm,https://www.3d178.cn/kaijiang/2025/2025034.shtml,https://www.8200.cn/kjh/p3/2025034.htm,https://m.ydniu.com/kaijiang/pl5/sjh/2025034.html
2025-02-14,2025035,778,039,407,073,2025035,849,674,84978,674,01879,一致,一致,是,https://www.8200.cn/kjh/3d/2025035.htm,https://www.3d178.cn/kaijiang/2025/2025035.shtml,https://www.8200.cn/kjh/p3/2025035.htm,https://m.ydniu.com/kaijiang/pl5/sjh/2025035.html
2025-02-15,2025036,617,683,934,322,2025036,521,956,52102,956,01871,一致,一致,是,https://www.8200.cn/kjh/3d/2025036.htm,https://www.3d178.cn/kaijiang/2025/2025036.shtml,https://www.8200.cn/kjh/p3/2025036.htm,https://m.ydniu.com/kaijiang/pl5/sjh/2025036.html
2025-02-16,2025037,131,053,208,797,2025037,578,513,57887,513,03216,一致,一致,是,https://www.8200.cn/kjh/3d/2025037.htm,https://www.3d178.cn/kaijiang/2025/2025037.shtml,https://www.8200.cn/kjh/p3/2025037.htm,https://m.ydniu.com/kaijiang/pl5/sjh/2025037.html
2025-02-17,2025038,847,390,761,968,2025038,366,607,36614,607,63372,一致,一致,是,https://www.8200.cn/kjh/3d/2025038.htm,https://www.3d178.cn/kaijiang/2025/2025038.shtml,https://www.8200.cn/kjh/p3/2025038.htm,https://m.ydniu.com/kaijiang/pl5/sjh/2025038.html
2025-02-18,2025039,932,568,405,613,2025039,588,264,58866,264,54640,一致,一致,是,https://www.8200.cn/kjh/3d/2025039.htm,https://www.3d178.cn/kaijiang/2025/2025039.shtml,https://www.8200.cn/kjh/p3/2025039.htm,https://m.ydniu.com/kaijiang/pl5/sjh/2025039.html
2025-02-19,2025040,428,014,853,123,2025040,875,234,87521,234,10776,一致,一致,是,https://www.8200.cn/kjh/3d/2025040.htm,https://www.3d178.cn/kaijiang/2025/2025040.shtml,https://www.8200.cn/kjh/p3/2025040.htm,https://m.ydniu.com/kaijiang/pl5/sjh/2025040.html
2025-02-20,2025041,401,530,394,961,2025041,916,972,91621,972,44218,一致,一致,是,https://www.8200.cn/kjh/3d/2025041.htm,https://www.3d178.cn/kaijiang/2025/2025041.shtml,https://www.8200.cn/kjh/p3/2025041.htm,https://m.ydniu.com/kaijiang/pl5/sjh/2025041.html
2025-02-21,2025042,775,428,237,335,2025042,675,641,67553,641,89286,一致,一致,是,https://www.8200.cn/kjh/3d/2025042.htm,https://www.3d178.cn/kaijiang/2025/2025042.shtml,https://www.8200.cn/kjh/p3/2025042.htm,https://m.ydniu.com/kaijiang/pl5/sjh/2025042.html
2025-02-22,2025043,475,497,940,547,2025043,552,817,55225,817,17389,一致,一致,是,https://www.8200.cn/kjh/3d/2025043.htm,https://www.3d178.cn/kaijiang/2025/2025043.shtml,https://www.8200.cn/kjh/p3/2025043.htm,https://m.ydniu.com/kaijiang/pl5/sjh/2025043.html
2025-02-23,2025044,912,741,629,140,2025044,805,908,80573,908,07531,一致,一致,是,https://www.8200.cn/kjh/3d/2025044.htm,https://www.3d178.cn/kaijiang/2025/2025044.shtml,https://www.8200.cn/kjh/p3/2025044.htm,https://m.ydniu.com/kaijiang/pl5/sjh/2025044.html
2025-02-24,2025045,554,872,816,311,2025045,722,629,72292,629,87653,一致,一致,是,https://www.8200.cn/kjh/3d/2025045.htm,https://www.3d178.cn/kaijiang/2025/2025045.shtml,https://www.8200.cn/kjh/p3/2025045.htm,https://m.ydniu.com/kaijiang/pl5/sjh/2025045.html
2025-02-25,2025046,490,412,379,865,2025046,372,527,37257,527,51890,一致,一致,是,https://www.8200.cn/kjh/3d/2025046.htm,https://www.3d178.cn/kaijiang/2025/2025046.shtml,https://www.8200.cn/kjh/p3/2025046.htm,https://m.ydniu.com/kaijiang/pl5/sjh/2025046.html
2025-02-26,2025047,248,164,289,391,2025047,806,913,80621,913,01848,一致,一致,是,https://www.8200.cn/kjh/3d/2025047.htm,https://www.3d178.cn/kaijiang/2025/2025047.shtml,https://www.8200.cn/kjh/p3/2025047.htm,https://m.ydniu.com/kaijiang/pl5/sjh/2025047.html
2025-02-27,2025048,640,034,374,457,2025048,570,952,57043,952,20969,一致,一致,是,https://www.8200.cn/kjh/3d/2025048.htm,https://www.3d178.cn/kaijiang/2025/2025048.shtml,https://www.8200.cn/kjh/p3/2025048.htm,https://m.ydniu.com/kaijiang/pl5/sjh/2025048.html
2025-02-28,2025049,004,568,215,982,2025049,037,965,03730,965,84647,一致,一致,是,https://www.8200.cn/kjh/3d/2025049.htm,https://www.3d178.cn/kaijiang/2025/2025049.shtml,https://www.8200.cn/kjh/p3/2025049.htm,https://m.ydniu.com/kaijiang/pl5/sjh/2025049.html
2025-03-01,2025050,806,169,892,223,2025050,570,815,57057,815,63874,一致,一致,是,https://www.8200.cn/kjh/3d/2025050.htm,https://www.3d178.cn/kaijiang/2025/2025050.shtml,https://www.8200.cn/kjh/p3/2025050.htm,https://m.ydniu.com/kaijiang/pl5/sjh/2025050.html
2025-03-02,2025051,905,098,674,994,2025051,973,692,97361,692,30741,一致,一致,是,https://www.8200.cn/kjh/3d/2025051.htm,https://www.3d178.cn/kaijiang/2025/2025051.shtml,https://www.8200.cn/kjh/p3/2025051.htm,https://m.ydniu.com/kaijiang/pl5/sjh/2025051.html
2025-03-03,2025052,585,547,519,238,2025052,337,126,33726,126,73362,一致,一致,是,https://www.8200.cn/kjh/3d/2025052.htm,https://www.3d178.cn/kaijiang/2025/2025052.shtml,https://www.8200.cn/kjh/p3/2025052.htm,https://m.ydniu.com/kaijiang/pl5/sjh/2025052.html
2025-03-04,2025053,895,958,408,036,2025053,899,617,89930,617,70397,一致,一致,是,https://www.8200.cn/kjh/3d/2025053.htm,https://www.3d178.cn/kaijiang/2025/2025053.shtml,https://www.8200.cn/kjh/p3/2025053.htm,https://m.ydniu.com/kaijiang/pl5/sjh/2025053.html
2025-03-05,2025054,497,062,712,332,2025054,384,527,38440,527,67935,一致,一致,是,https://www.8200.cn/kjh/3d/2025054.htm,https://www.3d178.cn/kaijiang/2025/2025054.shtml,https://www.8200.cn/kjh/p3/2025054.htm,https://m.ydniu.com/kaijiang/pl5/sjh/2025054.html
2025-03-06,2025055,368,620,413,405,2025055,916,578,91645,578,54970,一致,一致,是,https://www.8200.cn/kjh/3d/2025055.htm,https://www.3d178.cn/kaijiang/2025/2025055.shtml,https://www.8200.cn/kjh/p3/2025055.htm,https://m.ydniu.com/kaijiang/pl5/sjh/2025055.html
2025-03-07,2025056,492,261,192,365,2025056,716,724,71612,724,79059,一致,一致,是,https://www.8200.cn/kjh/3d/2025056.htm,https://www.3d178.cn/kaijiang/2025/2025056.shtml,https://www.8200.cn/kjh/p3/2025056.htm,https://m.ydniu.com/kaijiang/pl5/sjh/2025056.html
2025-03-08,2025057,397,392,268,005,2025057,765,518,76544,518,58825,一致,一致,是,https://www.8200.cn/kjh/3d/2025057.htm,https://www.3d178.cn/kaijiang/2025/2025057.shtml,https://www.8200.cn/kjh/p3/2025057.htm,https://m.ydniu.com/kaijiang/pl5/sjh/2025057.html
2025-03-09,2025058,405,285,491,851,2025058,672,438,67291,438,93733,一致,一致,是,https://www.8200.cn/kjh/3d/2025058.htm,https://www.3d178.cn/kaijiang/2025/2025058.shtml,https://www.8200.cn/kjh/p3/2025058.htm,https://m.ydniu.com/kaijiang/pl5/sjh/2025058.html
2025-03-10,2025059,847,743,746,896,2025059,771,285,77128,285,39725,一致,一致,是,https://www.8200.cn/kjh/3d/2025059.htm,https://www.3d178.cn/kaijiang/2025/2025059.shtml,https://www.8200.cn/kjh/p3/2025059.htm,https://m.ydniu.com/kaijiang/pl5/sjh/2025059.html
2025-03-11,2025060,938,319,913,139,2025060,793,179,79333,179,75505,一致,一致,是,https://www.8200.cn/kjh/3d/2025060.htm,https://www.3d178.cn/kaijiang/2025/2025060.shtml,https://www.8200.cn/kjh/p3/2025060.htm,https://m.ydniu.com/kaijiang/pl5/sjh/2025060.html
2025-03-12,2025061,476,139,835,580,2025061,490,762,49045,762,49401,一致,一致,是,https://www.8200.cn/kjh/3d/2025061.htm,https://www.3d178.cn/kaijiang/2025/2025061.shtml,https://www.8200.cn/kjh/p3/2025061.htm,https://m.ydniu.com/kaijiang/pl5/sjh/2025061.html
2025-03-13,2025062,810,308,468,827,2025062,257,624,25712,624,86047,一致,一致,是,https://www.8200.cn/kjh/3d/2025062.htm,https://www.3d178.cn/kaijiang/2025/2025062.shtml,https://www.8200.cn/kjh/p3/2025062.htm,https://m.ydniu.com/kaijiang/pl5/sjh/2025062.html
2025-03-14,2025063,405,498,549,088,2025063,466,489,46676,489,54878,一致,一致,是,https://www.8200.cn/kjh/3d/2025063.htm,https://www.3d178.cn/kaijiang/2025/2025063.shtml,https://www.8200.cn/kjh/p3/2025063.htm,https://m.ydniu.com/kaijiang/pl5/sjh/2025063.html
2025-03-15,2025064,928,320,502,734,2025064,656,673,65640,673,44724,一致,一致,是,https://www.8200.cn/kjh/3d/2025064.htm,https://www.3d178.cn/kaijiang/2025/2025064.shtml,https://www.8200.cn/kjh/p3/2025064.htm,https://m.ydniu.com/kaijiang/pl5/sjh/2025064.html
2025-03-16,2025065,538,603,862,081,2025065,990,189,99031,189,53571,一致,一致,是,https://www.8200.cn/kjh/3d/2025065.htm,https://www.3d178.cn/kaijiang/2025/2025065.shtml,https://www.8200.cn/kjh/p3/2025065.htm,https://m.ydniu.com/kaijiang/pl5/sjh/2025065.html
2025-03-17,2025066,720,925,973,315,2025066,184,839,18462,839,20107,一致,一致,是,https://www.8200.cn/kjh/3d/2025066.htm,https://www.3d178.cn/kaijiang/2025/2025066.shtml,https://www.8200.cn/kjh/p3/2025066.htm,https://m.ydniu.com/kaijiang/pl5/sjh/2025066.html
2025-03-18,2025067,385,705,561,218,2025067,671,519,67161,519,16096,一致,一致,是,https://www.8200.cn/kjh/3d/2025067.htm,https://www.3d178.cn/kaijiang/2025/2025067.shtml,https://www.8200.cn/kjh/p3/2025067.htm,https://m.ydniu.com/kaijiang/pl5/sjh/2025067.html
2025-03-19,2025068,555,978,923,794,2025068,975,683,97562,683,48339,一致,一致,是,https://www.8200.cn/kjh/3d/2025068.htm,https://www.3d178.cn/kaijiang/2025/2025068.shtml,https://www.8200.cn/kjh/p3/2025068.htm,https://m.ydniu.com/kaijiang/pl5/sjh/2025068.html
2025-03-20,2025069,906,308,450,564,2025069,934,675,93411,675,09386,一致,一致,是,https://www.8200.cn/kjh/3d/2025069.htm,https://www.3d178.cn/kaijiang/2025/2025069.shtml,https://www.8200.cn/kjh/p3/2025069.htm,https://m.ydniu.com/kaijiang/pl5/sjh/2025069.html
2025-03-21,2025070,748,310,872,874,2025070,771,598,77115,598,70520,一致,一致,是,https://www.8200.cn/kjh/3d/2025070.htm,https://www.3d178.cn/kaijiang/2025/2025070.shtml,https://www.8200.cn/kjh/p3/2025070.htm,https://m.ydniu.com/kaijiang/pl5/sjh/2025070.html
2025-03-22,2025071,434,908,483,053,2025071,462,401,46288,401,07601,一致,一致,是,https://www.8200.cn/kjh/3d/2025071.htm,https://www.3d178.cn/kaijiang/2025/2025071.shtml,https://www.8200.cn/kjh/p3/2025071.htm,https://m.ydniu.com/kaijiang/pl5/sjh/2025071.html
2025-03-23,2025072,272,576,537,787,2025072,935,290,93594,290,82949,一致,一致,是,https://www.8200.cn/kjh/3d/2025072.htm,https://www.3d178.cn/kaijiang/2025/2025072.shtml,https://www.8200.cn/kjh/p3/2025072.htm,https://m.ydniu.com/kaijiang/pl5/sjh/2025072.html
2025-03-24,2025073,778,821,819,422,2025073,132,804,13299,804,93244,一致,一致,是,https://www.8200.cn/kjh/3d/2025073.htm,https://www.3d178.cn/kaijiang/2025/2025073.shtml,https://www.8200.cn/kjh/p3/2025073.htm,https://m.ydniu.com/kaijiang/pl5/sjh/2025073.html
2025-03-25,2025074,419,810,651,215,2025074,179,547,17962,547,68138,一致,一致,是,https://www.8200.cn/kjh/3d/2025074.htm,https://www.3d178.cn/kaijiang/2025/2025074.shtml,https://www.8200.cn/kjh/p3/2025074.htm,https://m.ydniu.com/kaijiang/pl5/sjh/2025074.html
2025-03-26,2025075,709,867,840,214,2025075,743,967,74373,967,20874,一致,一致,是,https://www.8200.cn/kjh/3d/2025075.htm,https://www.3d178.cn/kaijiang/2025/2025075.shtml,https://www.8200.cn/kjh/p3/2025075.htm,https://m.ydniu.com/kaijiang/pl5/sjh/2025075.html
2025-03-27,2025076,781,538,514,843,2025076,407,934,40750,934,38756,一致,一致,是,https://www.8200.cn/kjh/3d/2025076.htm,https://www.3d178.cn/kaijiang/2025/2025076.shtml,https://www.8200.cn/kjh/p3/2025076.htm,https://m.ydniu.com/kaijiang/pl5/sjh/2025076.html
2025-03-28,2025077,625,147,463,866,2025077,425,925,42579,925,08662,一致,一致,是,https://www.8200.cn/kjh/3d/2025077.htm,https://www.3d178.cn/kaijiang/2025/2025077.shtml,https://www.8200.cn/kjh/p3/2025077.htm,https://m.ydniu.com/kaijiang/pl5/sjh/2025077.html
2025-03-29,2025078,000,016,251,737,2025078,113,395,11346,395,23499,一致,一致,是,https://www.8200.cn/kjh/3d/2025078.htm,https://www.3d178.cn/kaijiang/2025/2025078.shtml,https://www.8200.cn/kjh/p3/2025078.htm,https://m.ydniu.com/kaijiang/pl5/sjh/2025078.html
2025-03-30,2025079,657,153,685,310,2025079,296,108,29676,108,82823,一致,一致,是,https://www.8200.cn/kjh/3d/2025079.htm,https://www.3d178.cn/kaijiang/2025/2025079.shtml,https://www.8200.cn/kjh/p3/2025079.htm,https://m.ydniu.com/kaijiang/pl5/sjh/2025079.html
2025-03-31,2025080,500,850,983,757,2025080,738,683,73864,683,12355,一致,一致,是,https://www.8200.cn/kjh/3d/2025080.htm,https://www.3d178.cn/kaijiang/2025/2025080.shtml,https://www.8200.cn/kjh/p3/2025080.htm,https://m.ydniu.com/kaijiang/pl5/sjh/2025080.html
2025-04-01,2025081,403,807,607,388,2025081,766,971,76683,971,51323,一致,一致,是,https://www.8200.cn/kjh/3d/2025081.htm,https://www.3d178.cn/kaijiang/2025/2025081.shtml,https://www.8200.cn/kjh/p3/2025081.htm,https://m.ydniu.com/kaijiang/pl5/sjh/2025081.html
2025-04-02,2025082,417,417,418,753,2025082,344,647,34452,647,51663,一致,一致,是,https://www.8200.cn/kjh/3d/2025082.htm,https://www.3d178.cn/kaijiang/2025/2025082.shtml,https://www.8200.cn/kjh/p3/2025082.htm,https://m.ydniu.com/kaijiang/pl5/sjh/2025082.html
2025-04-03,2025083,915,096,703,353,2025083,593,172,59397,172,09178,一致,一致,是,https://www.8200.cn/kjh/3d/2025083.htm,https://www.3d178.cn/kaijiang/2025/2025083.shtml,https://www.8200.cn/kjh/p3/2025083.htm,https://m.ydniu.com/kaijiang/pl5/sjh/2025083.html
2025-04-04,2025084,030,846,927,273,2025084,304,704,30475,704,00003,一致,一致,是,https://www.8200.cn/kjh/3d/2025084.htm,https://www.3d178.cn/kaijiang/2025/2025084.shtml,https://www.8200.cn/kjh/p3/2025084.htm,https://m.ydniu.com/kaijiang/pl5/sjh/2025084.html
2025-04-05,2025085,338,639,759,241,2025085,353,215,35327,215,16469,一致,一致,是,https://www.8200.cn/kjh/3d/2025085.htm,https://www.3d178.cn/kaijiang/2025/2025085.shtml,https://www.8200.cn/kjh/p3/2025085.htm,https://m.ydniu.com/kaijiang/pl5/sjh/2025085.html
2025-04-06,2025086,388,163,288,778,2025086,634,193,63444,193,59325,一致,一致,是,https://www.8200.cn/kjh/3d/2025086.htm,https://www.3d178.cn/kaijiang/2025/2025086.shtml,https://www.8200.cn/kjh/p3/2025086.htm,https://m.ydniu.com/kaijiang/pl5/sjh/2025086.html
2025-04-07,2025087,826,472,164,968,2025087,845,297,84579,297,86396,一致,一致,是,https://www.8200.cn/kjh/3d/2025087.htm,https://www.3d178.cn/kaijiang/2025/2025087.shtml,https://www.8200.cn/kjh/p3/2025087.htm,https://m.ydniu.com/kaijiang/pl5/sjh/2025087.html
2025-04-08,2025088,022,386,598,980,2025088,222,874,22231,874,63862,一致,一致,是,https://www.8200.cn/kjh/3d/2025088.htm,https://www.3d178.cn/kaijiang/2025/2025088.shtml,https://www.8200.cn/kjh/p3/2025088.htm,https://m.ydniu.com/kaijiang/pl5/sjh/2025088.html
2025-04-09,2025089,658,651,730,969,2025089,208,865,20883,865,70181,一致,一致,是,https://www.8200.cn/kjh/3d/2025089.htm,https://www.3d178.cn/kaijiang/2025/2025089.shtml,https://www.8200.cn/kjh/p3/2025089.htm,https://m.ydniu.com/kaijiang/pl5/sjh/2025089.html
2025-04-10,2025090,159,318,924,116,2025090,993,309,99348,309,73489,一致,一致,是,https://www.8200.cn/kjh/3d/2025090.htm,https://www.3d178.cn/kaijiang/2025/2025090.shtml,https://www.8200.cn/kjh/p3/2025090.htm,https://m.ydniu.com/kaijiang/pl5/sjh/2025090.html
2025-04-11,2025091,135,719,553,659,2025091,830,581,83006,581,65670,一致,一致,是,https://www.8200.cn/kjh/3d/2025091.htm,https://www.3d178.cn/kaijiang/2025/2025091.shtml,https://www.8200.cn/kjh/p3/2025091.htm,https://m.ydniu.com/kaijiang/pl5/sjh/2025091.html
2025-04-12,2025092,317,901,934,156,2025092,721,659,72194,659,14525,一致,一致,是,https://www.8200.cn/kjh/3d/2025092.htm,https://www.3d178.cn/kaijiang/2025/2025092.shtml,https://www.8200.cn/kjh/p3/2025092.htm,https://m.ydniu.com/kaijiang/pl5/sjh/2025092.html
2025-04-13,2025093,545,540,486,115,2025093,432,761,43225,761,71661,一致,一致,是,https://www.8200.cn/kjh/3d/2025093.htm,https://www.3d178.cn/kaijiang/2025/2025093.shtml,https://www.8200.cn/kjh/p3/2025093.htm,https://m.ydniu.com/kaijiang/pl5/sjh/2025093.html
2025-04-14,2025094,649,684,701,739,2025094,534,845,53406,845,31679,一致,一致,是,https://www.8200.cn/kjh/3d/2025094.htm,https://www.3d178.cn/kaijiang/2025/2025094.shtml,https://www.8200.cn/kjh/p3/2025094.htm,https://m.ydniu.com/kaijiang/pl5/sjh/2025094.html
2025-04-15,2025095,068,834,942,218,2025095,672,629,67278,629,36296,一致,一致,是,https://www.8200.cn/kjh/3d/2025095.htm,https://www.3d178.cn/kaijiang/2025/2025095.shtml,https://www.8200.cn/kjh/p3/2025095.htm,https://m.ydniu.com/kaijiang/pl5/sjh/2025095.html
2025-04-16,2025096,385,034,513,043,2025096,948,326,94871,326,55522,一致,一致,是,https://www.8200.cn/kjh/3d/2025096.htm,https://www.3d178.cn/kaijiang/2025/2025096.shtml,https://www.8200.cn/kjh/p3/2025096.htm,https://m.ydniu.com/kaijiang/pl5/sjh/2025096.html
2025-04-17,2025097,542,761,429,703,2025097,171,972,17169,972,57491,一致,一致,是,https://www.8200.cn/kjh/3d/2025097.htm,https://www.3d178.cn/kaijiang/2025/2025097.shtml,https://www.8200.cn/kjh/p3/2025097.htm,https://m.ydniu.com/kaijiang/pl5/sjh/2025097.html
2025-04-18,2025098,714,365,651,698,2025098,192,815,19275,815,62433,一致,一致,是,https://www.8200.cn/kjh/3d/2025098.htm,https://www.3d178.cn/kaijiang/2025/2025098.shtml,https://www.8200.cn/kjh/p3/2025098.htm,https://m.ydniu.com/kaijiang/pl5/sjh/2025098.html
2025-04-19,2025099,707,213,738,004,2025099,174,429,17451,429,83814,一致,一致,是,https://www.8200.cn/kjh/3d/2025099.htm,https://www.3d178.cn/kaijiang/2025/2025099.shtml,https://www.8200.cn/kjh/p3/2025099.htm,https://m.ydniu.com/kaijiang/pl5/sjh/2025099.html
2025-04-20,2025100,953,892,599,877,2025100,997,624,99702,624,52788,一致,一致,是,https://www.8200.cn/kjh/3d/2025100.htm,https://www.3d178.cn/kaijiang/2025/2025100.shtml,https://www.8200.cn/kjh/p3/2025100.htm,https://m.ydniu.com/kaijiang/pl5/sjh/2025100.html
2025-04-21,2025101,016,034,657,817,2025101,911,842,91157,842,54161,一致,一致,是,https://www.8200.cn/kjh/3d/2025101.htm,https://www.3d178.cn/kaijiang/2025/2025101.shtml,https://www.8200.cn/kjh/p3/2025101.htm,https://m.ydniu.com/kaijiang/pl5/sjh/2025101.html
2025-04-22,2025102,161,270,204,148,2025102,233,807,23343,807,55601,一致,一致,是,https://www.8200.cn/kjh/3d/2025102.htm,https://www.3d178.cn/kaijiang/2025/2025102.shtml,https://www.8200.cn/kjh/p3/2025102.htm,https://m.ydniu.com/kaijiang/pl5/sjh/2025102.html
2025-04-23,2025103,370,641,492,373,2025103,471,518,47140,518,05314,一致,一致,是,https://www.8200.cn/kjh/3d/2025103.htm,https://www.3d178.cn/kaijiang/2025/2025103.shtml,https://www.8200.cn/kjh/p3/2025103.htm,https://m.ydniu.com/kaijiang/pl5/sjh/2025103.html
2025-04-24,2025104,877,167,817,061,2025104,144,412,14491,412,52522,一致,一致,是,https://www.8200.cn/kjh/3d/2025104.htm,https://www.3d178.cn/kaijiang/2025/2025104.shtml,https://www.8200.cn/kjh/p3/2025104.htm,https://m.ydniu.com/kaijiang/pl5/sjh/2025104.html
2025-04-25,2025105,015,754,968,295,2025105,084,502,08492,502,88405,一致,一致,是,https://www.8200.cn/kjh/3d/2025105.htm,https://www.3d178.cn/kaijiang/2025/2025105.shtml,https://www.8200.cn/kjh/p3/2025105.htm,https://m.ydniu.com/kaijiang/pl5/sjh/2025105.html
2025-04-26,2025106,752,157,473,684,2025106,076,924,07676,924,28465,一致,一致,是,https://www.8200.cn/kjh/3d/2025106.htm,https://www.3d178.cn/kaijiang/2025/2025106.shtml,https://www.8200.cn/kjh/p3/2025106.htm,https://m.ydniu.com/kaijiang/pl5/sjh/2025106.html
2025-04-27,2025107,027,381,895,357,2025107,726,589,72627,589,12809,一致,一致,是,https://www.8200.cn/kjh/3d/2025107.htm,https://www.3d178.cn/kaijiang/2025/2025107.shtml,https://www.8200.cn/kjh/p3/2025107.htm,https://m.ydniu.com/kaijiang/pl5/sjh/2025107.html
2025-04-28,2025108,407,496,431,219,2025108,877,769,87742,769,87818,一致,一致,是,https://www.8200.cn/kjh/3d/2025108.htm,https://www.3d178.cn/kaijiang/2025/2025108.shtml,https://www.8200.cn/kjh/p3/2025108.htm,https://m.ydniu.com/kaijiang/pl5/sjh/2025108.html
2025-04-29,2025109,841,196,287,056,2025109,619,193,61979,193,58884,一致,一致,是,https://www.8200.cn/kjh/3d/2025109.htm,https://www.3d178.cn/kaijiang/2025/2025109.shtml,https://www.8200.cn/kjh/p3/2025109.htm,https://m.ydniu.com/kaijiang/pl5/sjh/2025109.html
2025-04-30,2025110,914,165,589,506,2025110,116,983,11652,983,45296,一致,一致,是,https://www.8200.cn/kjh/3d/2025110.htm,https://www.3d178.cn/kaijiang/2025/2025110.shtml,https://www.8200.cn/kjh/p3/2025110.htm,https://m.ydniu.com/kaijiang/pl5/sjh/2025110.html
2025-05-01,2025111,270,564,917,275,2025111,588,821,58886,821,66977,一致,一致,是,https://www.8200.cn/kjh/3d/2025111.htm,https://www.3d178.cn/kaijiang/2025/2025111.shtml,https://www.8200.cn/kjh/p3/2025111.htm,https://m.ydniu.com/kaijiang/pl5/sjh/2025111.html
2025-05-02,2025112,954,765,085,735,2025112,483,309,48386,309,38473,一致,一致,是,https://www.8200.cn/kjh/3d/2025112.htm,https://www.3d178.cn/kaijiang/2025/2025112.shtml,https://www.8200.cn/kjh/p3/2025112.htm,https://m.ydniu.com/kaijiang/pl5/sjh/2025112.html
2025-05-03,2025113,635,081,374,572,2025113,029,846,02975,846,67277,一致,一致,是,https://www.8200.cn/kjh/3d/2025113.htm,https://www.3d178.cn/kaijiang/2025/2025113.shtml,https://www.8200.cn/kjh/p3/2025113.htm,https://m.ydniu.com/kaijiang/pl5/sjh/2025113.html
2025-05-04,2025114,375,843,971,962,2025114,192,713,19240,713,72777,一致,一致,是,https://www.8200.cn/kjh/3d/2025114.htm,https://www.3d178.cn/kaijiang/2025/2025114.shtml,https://www.8200.cn/kjh/p3/2025114.htm,https://m.ydniu.com/kaijiang/pl5/sjh/2025114.html
2025-05-05,2025115,206,130,892,057,2025115,847,570,84740,570,04879,一致,一致,是,https://www.8200.cn/kjh/3d/2025115.htm,https://www.3d178.cn/kaijiang/2025/2025115.shtml,https://www.8200.cn/kjh/p3/2025115.htm,https://m.ydniu.com/kaijiang/pl5/sjh/2025115.html
2025-05-06,2025116,320,381,431,724,2025116,360,647,36046,647,14360,一致,一致,是,https://www.8200.cn/kjh/3d/2025116.htm,https://www.3d178.cn/kaijiang/2025/2025116.shtml,https://www.8200.cn/kjh/p3/2025116.htm,https://m.ydniu.com/kaijiang/pl5/sjh/2025116.html
2025-05-07,2025117,849,732,365,451,2025117,170,928,17018,928,60152,一致,一致,是,https://www.8200.cn/kjh/3d/2025117.htm,https://www.3d178.cn/kaijiang/2025/2025117.shtml,https://www.8200.cn/kjh/p3/2025117.htm,https://m.ydniu.com/kaijiang/pl5/sjh/2025117.html
2025-05-08,2025118,621,864,760,735,2025118,255,510,25588,510,28669,一致,一致,是,https://www.8200.cn/kjh/3d/2025118.htm,https://www.3d178.cn/kaijiang/2025/2025118.shtml,https://www.8200.cn/kjh/p3/2025118.htm,https://m.ydniu.com/kaijiang/pl5/sjh/2025118.html
2025-05-09,2025119,315,923,513,392,2025119,703,742,70300,742,59029,一致,一致,是,https://www.8200.cn/kjh/3d/2025119.htm,https://www.3d178.cn/kaijiang/2025/2025119.shtml,https://www.8200.cn/kjh/p3/2025119.htm,https://m.ydniu.com/kaijiang/pl5/sjh/2025119.html
2025-05-10,2025120,912,751,712,281,2025120,401,750,40154,750,05686,一致,一致,是,https://www.8200.cn/kjh/3d/2025120.htm,https://www.3d178.cn/kaijiang/2025/2025120.shtml,https://www.8200.cn/kjh/p3/2025120.htm,https://m.ydniu.com/kaijiang/pl5/sjh/2025120.html
2025-05-11,2025121,120,306,476,030,2025121,424,139,42499,139,75230,一致,一致,是,https://www.8200.cn/kjh/3d/2025121.htm,https://www.3d178.cn/kaijiang/2025/2025121.shtml,https://www.8200.cn/kjh/p3/2025121.htm,https://m.ydniu.com/kaijiang/pl5/sjh/2025121.html
2025-05-12,2025122,488,627,154,256,2025122,030,369,03044,369,68140,一致,一致,是,https://www.8200.cn/kjh/3d/2025122.htm,https://www.3d178.cn/kaijiang/2025/2025122.shtml,https://www.8200.cn/kjh/p3/2025122.htm,https://m.ydniu.com/kaijiang/pl5/sjh/2025122.html
2025-05-13,2025123,725,514,847,396,2025123,842,904,84231,904,45079,一致,一致,是,https://www.8200.cn/kjh/3d/2025123.htm,https://www.3d178.cn/kaijiang/2025/2025123.shtml,https://www.8200.cn/kjh/p3/2025123.htm,https://m.ydniu.com/kaijiang/pl5/sjh/2025123.html
2025-05-14,2025124,809,307,605,766,2025124,527,287,52790,287,84202,一致,一致,是,https://www.8200.cn/kjh/3d/2025124.htm,https://www.3d178.cn/kaijiang/2025/2025124.shtml,https://www.8200.cn/kjh/p3/2025124.htm,https://m.ydniu.com/kaijiang/pl5/sjh/2025124.html
2025-05-15,2025125,351,380,923,565,2025125,627,539,62774,539,66624,一致,一致,是,https://www.8200.cn/kjh/3d/2025125.htm,https://www.3d178.cn/kaijiang/2025/2025125.shtml,https://www.8200.cn/kjh/p3/2025125.htm,https://m.ydniu.com/kaijiang/pl5/sjh/2025125.html
2025-05-16,2025126,320,791,853,439,2025126,184,842,18480,842,56649,一致,一致,是,https://www.8200.cn/kjh/3d/2025126.htm,https://www.3d178.cn/kaijiang/2025/2025126.shtml,https://www.8200.cn/kjh/p3/2025126.htm,https://m.ydniu.com/kaijiang/pl5/sjh/2025126.html
2025-05-17,2025127,431,431,964,521,2025127,492,587,49290,587,59008,一致,一致,是,https://www.8200.cn/kjh/3d/2025127.htm,https://www.3d178.cn/kaijiang/2025/2025127.shtml,https://www.8200.cn/kjh/p3/2025127.htm,https://m.ydniu.com/kaijiang/pl5/sjh/2025127.html
2025-05-18,2025128,814,862,279,902,2025128,870,271,87047,271,76788,一致,一致,是,https://www.8200.cn/kjh/3d/2025128.htm,https://www.3d178.cn/kaijiang/2025/2025128.shtml,https://www.8200.cn/kjh/p3/2025128.htm,https://m.ydniu.com/kaijiang/pl5/sjh/2025128.html
2025-05-19,2025129,915,375,563,128,2025129,189,312,18948,312,79182,一致,一致,是,https://www.8200.cn/kjh/3d/2025129.htm,https://www.3d178.cn/kaijiang/2025/2025129.shtml,https://www.8200.cn/kjh/p3/2025129.htm,https://m.ydniu.com/kaijiang/pl5/sjh/2025129.html
2025-05-20,2025130,204,653,817,696,2025130,068,641,06859,641,35382,一致,一致,是,https://www.8200.cn/kjh/3d/2025130.htm,https://www.3d178.cn/kaijiang/2025/2025130.shtml,https://www.8200.cn/kjh/p3/2025130.htm,https://m.ydniu.com/kaijiang/pl5/sjh/2025130.html
2025-05-21,2025131,203,728,328,837,2025131,367,801,36726,801,08453,一致,一致,是,https://www.8200.cn/kjh/3d/2025131.htm,https://www.3d178.cn/kaijiang/2025/2025131.shtml,https://www.8200.cn/kjh/p3/2025131.htm,https://m.ydniu.com/kaijiang/pl5/sjh/2025131.html
2025-05-22,2025132,689,371,407,867,2025132,275,684,27553,684,63472,一致,一致,是,https://www.8200.cn/kjh/3d/2025132.htm,https://www.3d178.cn/kaijiang/2025/2025132.shtml,https://www.8200.cn/kjh/p3/2025132.htm,https://m.ydniu.com/kaijiang/pl5/sjh/2025132.html
2025-05-23,2025133,645,349,618,276,2025133,866,690,86603,690,52520,一致,一致,是,https://www.8200.cn/kjh/3d/2025133.htm,https://www.3d178.cn/kaijiang/2025/2025133.shtml,https://www.8200.cn/kjh/p3/2025133.htm,https://m.ydniu.com/kaijiang/pl5/sjh/2025133.html
2025-05-24,2025134,748,619,530,006,2025134,510,431,51019,431,62453,一致,一致,是,https://www.8200.cn/kjh/3d/2025134.htm,https://www.3d178.cn/kaijiang/2025/2025134.shtml,https://www.8200.cn/kjh/p3/2025134.htm,https://m.ydniu.com/kaijiang/pl5/sjh/2025134.html
2025-05-25,2025135,458,210,238,478,2025135,816,307,81695,307,58213,一致,一致,是,https://www.8200.cn/kjh/3d/2025135.htm,https://www.3d178.cn/kaijiang/2025/2025135.shtml,https://www.8200.cn/kjh/p3/2025135.htm,https://m.ydniu.com/kaijiang/pl5/sjh/2025135.html
2025-05-26,2025136,113,465,691,439,2025136,324,501,32442,501,70050,一致,一致,是,https://www.8200.cn/kjh/3d/2025136.htm,https://www.3d178.cn/kaijiang/2025/2025136.shtml,https://www.8200.cn/kjh/p3/2025136.htm,https://m.ydniu.com/kaijiang/pl5/sjh/2025136.html
2025-05-27,2025137,838,718,843,934,2025137,721,625,72114,625,77809,一致,一致,是,https://www.8200.cn/kjh/3d/2025137.htm,https://www.3d178.cn/kaijiang/2025/2025137.shtml,https://www.8200.cn/kjh/p3/2025137.htm,https://m.ydniu.com/kaijiang/pl5/sjh/2025137.html
2025-05-28,2025138,296,975,261,349,2025138,895,485,89563,485,67863,一致,一致,是,https://www.8200.cn/kjh/3d/2025138.htm,https://www.3d178.cn/kaijiang/2025/2025138.shtml,https://www.8200.cn/kjh/p3/2025138.htm,https://m.ydniu.com/kaijiang/pl5/sjh/2025138.html
2025-05-29,2025139,598,742,873,168,2025139,155,978,15575,978,75186,一致,一致,是,https://www.8200.cn/kjh/3d/2025139.htm,https://www.3d178.cn/kaijiang/2025/2025139.shtml,https://www.8200.cn/kjh/p3/2025139.htm,https://m.ydniu.com/kaijiang/pl5/sjh/2025139.html
2025-05-30,2025140,149,317,584,837,2025140,267,478,26760,478,81304,一致,一致,是,https://www.8200.cn/kjh/3d/2025140.htm,https://www.3d178.cn/kaijiang/2025/2025140.shtml,https://www.8200.cn/kjh/p3/2025140.htm,https://m.ydniu.com/kaijiang/pl5/sjh/2025140.html
2025-05-31,2025141,202,547,590,540,2025141,475,852,47508,852,22551,一致,一致,是,https://www.8200.cn/kjh/3d/2025141.htm,https://www.3d178.cn/kaijiang/2025/2025141.shtml,https://www.8200.cn/kjh/p3/2025141.htm,https://m.ydniu.com/kaijiang/pl5/sjh/2025141.html
2025-06-01,2025142,916,027,435,066,2025142,343,579,34304,579,85918,一致,一致,是,https://www.8200.cn/kjh/3d/2025142.htm,https://www.3d178.cn/kaijiang/2025/2025142.shtml,https://www.8200.cn/kjh/p3/2025142.htm,https://m.ydniu.com/kaijiang/pl5/sjh/2025142.html
2025-06-02,2025143,256,569,793,985,2025143,944,351,94442,351,11698,一致,一致,是,https://www.8200.cn/kjh/3d/2025143.htm,https://www.3d178.cn/kaijiang/2025/2025143.shtml,https://www.8200.cn/kjh/p3/2025143.htm,https://m.ydniu.com/kaijiang/pl5/sjh/2025143.html
2025-06-03,2025144,666,783,708,304,2025144,389,824,38993,824,76425,一致,一致,是,https://www.8200.cn/kjh/3d/2025144.htm,https://www.3d178.cn/kaijiang/2025/2025144.shtml,https://www.8200.cn/kjh/p3/2025144.htm,https://m.ydniu.com/kaijiang/pl5/sjh/2025144.html
2025-06-04,2025145,267,017,642,297,2025145,471,910,47159,910,90842,一致,一致,是,https://www.8200.cn/kjh/3d/2025145.htm,https://www.3d178.cn/kaijiang/2025/2025145.shtml,https://www.8200.cn/kjh/p3/2025145.htm,https://m.ydniu.com/kaijiang/pl5/sjh/2025145.html
2025-06-05,2025146,897,692,947,322,2025146,822,275,82247,275,89153,一致,一致,是,https://www.8200.cn/kjh/3d/2025146.htm,https://www.3d178.cn/kaijiang/2025/2025146.shtml,https://www.8200.cn/kjh/p3/2025146.htm,https://m.ydniu.com/kaijiang/pl5/sjh/2025146.html
2025-06-06,2025147,321,150,315,475,2025147,023,108,02305,108,56832,一致,一致,是,https://www.8200.cn/kjh/3d/2025147.htm,https://www.3d178.cn/kaijiang/2025/2025147.shtml,https://www.8200.cn/kjh/p3/2025147.htm,https://m.ydniu.com/kaijiang/pl5/sjh/2025147.html
2025-06-07,2025148,838,940,679,176,2025148,557,785,55704,785,54572,一致,一致,是,https://www.8200.cn/kjh/3d/2025148.htm,https://www.3d178.cn/kaijiang/2025/2025148.shtml,https://www.8200.cn/kjh/p3/2025148.htm,https://m.ydniu.com/kaijiang/pl5/sjh/2025148.html
2025-06-08,2025149,734,864,204,856,2025149,772,803,77291,803,13513,一致,一致,是,https://www.8200.cn/kjh/3d/2025149.htm,https://www.3d178.cn/kaijiang/2025/2025149.shtml,https://www.8200.cn/kjh/p3/2025149.htm,https://m.ydniu.com/kaijiang/pl5/sjh/2025149.html
2025-06-09,2025150,321,694,538,809,2025150,212,906,21237,906,16947,一致,一致,是,https://www.8200.cn/kjh/3d/2025150.htm,https://www.3d178.cn/kaijiang/2025/2025150.shtml,https://www.8200.cn/kjh/p3/2025150.htm,https://m.ydniu.com/kaijiang/pl5/sjh/2025150.html
2025-06-10,2025151,718,910,926,610,2025151,686,931,68647,931,63270,一致,一致,是,https://www.8200.cn/kjh/3d/2025151.htm,https://www.3d178.cn/kaijiang/2025/2025151.shtml,https://www.8200.cn/kjh/p3/2025151.htm,https://m.ydniu.com/kaijiang/pl5/sjh/2025151.html
2025-06-11,2025152,210,073,508,604,2025152,747,947,74706,947,06737,一致,一致,是,https://www.8200.cn/kjh/3d/2025152.htm,https://www.3d178.cn/kaijiang/2025/2025152.shtml,https://www.8200.cn/kjh/p3/2025152.htm,https://m.ydniu.com/kaijiang/pl5/sjh/2025152.html
2025-06-12,2025153,069,173,241,031,2025153,894,512,89458,512,94959,一致,一致,是,https://www.8200.cn/kjh/3d/2025153.htm,https://www.3d178.cn/kaijiang/2025/2025153.shtml,https://www.8200.cn/kjh/p3/2025153.htm,https://m.ydniu.com/kaijiang/pl5/sjh/2025153.html
2025-06-13,2025154,923,426,857,276,2025154,989,538,98966,538,24479,一致,一致,是,https://www.8200.cn/kjh/3d/2025154.htm,https://www.3d178.cn/kaijiang/2025/2025154.shtml,https://www.8200.cn/kjh/p3/2025154.htm,https://m.ydniu.com/kaijiang/pl5/sjh/2025154.html
2025-06-14,2025155,499,657,926,191,2025155,040,278,04019,278,42168,一致,一致,是,https://www.8200.cn/kjh/3d/2025155.htm,https://www.3d178.cn/kaijiang/2025/2025155.shtml,https://www.8200.cn/kjh/p3/2025155.htm,https://m.ydniu.com/kaijiang/pl5/sjh/2025155.html
2025-06-15,2025156,775,328,352,511,2025156,638,214,63809,214,45598,一致,一致,是,https://www.8200.cn/kjh/3d/2025156.htm,https://www.3d178.cn/kaijiang/2025/2025156.shtml,https://www.8200.cn/kjh/p3/2025156.htm,https://m.ydniu.com/kaijiang/pl5/sjh/2025156.html
2025-06-16,2025157,969,047,470,868,2025157,250,380,25092,380,11400,一致,一致,是,https://www.8200.cn/kjh/3d/2025157.htm,https://www.3d178.cn/kaijiang/2025/2025157.shtml,https://www.8200.cn/kjh/p3/2025157.htm,https://m.ydniu.com/kaijiang/pl5/sjh/2025157.html
2025-06-17,2025158,701,835,316,425,2025158,882,957,88272,957,14068,一致,一致,是,https://www.8200.cn/kjh/3d/2025158.htm,https://www.3d178.cn/kaijiang/2025/2025158.shtml,https://www.8200.cn/kjh/p3/2025158.htm,https://m.ydniu.com/kaijiang/pl5/sjh/2025158.html
2025-06-18,2025159,073,648,405,091,2025159,274,802,27419,802,39753,一致,一致,是,https://www.8200.cn/kjh/3d/2025159.htm,https://www.3d178.cn/kaijiang/2025/2025159.shtml,https://www.8200.cn/kjh/p3/2025159.htm,https://m.ydniu.com/kaijiang/pl5/sjh/2025159.html
2025-06-19,2025160,503,628,916,579,2025160,171,918,17152,918,42477,一致,一致,是,https://www.8200.cn/kjh/3d/2025160.htm,https://www.3d178.cn/kaijiang/2025/2025160.shtml,https://www.8200.cn/kjh/p3/2025160.htm,https://m.ydniu.com/kaijiang/pl5/sjh/2025160.html
2025-06-20,2025161,748,785,843,189,2025161,248,146,24884,146,02226,一致,一致,是,https://www.8200.cn/kjh/3d/2025161.htm,https://www.3d178.cn/kaijiang/2025/2025161.shtml,https://www.8200.cn/kjh/p3/2025161.htm,https://m.ydniu.com/kaijiang/pl5/sjh/2025161.html
2025-06-21,2025162,275,936,720,746,2025162,317,945,31742,945,35318,一致,一致,是,https://www.8200.cn/kjh/3d/2025162.htm,https://www.3d178.cn/kaijiang/2025/2025162.shtml,https://www.8200.cn/kjh/p3/2025162.htm,https://m.ydniu.com/kaijiang/pl5/sjh/2025162.html
2025-06-22,2025163,636,706,698,744,2025163,766,571,76623,571,51451,一致,一致,是,https://www.8200.cn/kjh/3d/2025163.htm,https://www.3d178.cn/kaijiang/2025/2025163.shtml,https://www.8200.cn/kjh/p3/2025163.htm,https://m.ydniu.com/kaijiang/pl5/sjh/2025163.html
2025-06-23,2025164,337,214,271,983,2025164,519,594,51913,594,62138,一致,一致,是,https://www.8200.cn/kjh/3d/2025164.htm,https://www.3d178.cn/kaijiang/2025/2025164.shtml,https://www.8200.cn/kjh/p3/2025164.htm,https://m.ydniu.com/kaijiang/pl5/sjh/2025164.html
2025-06-24,2025165,609,469,783,450,2025165,103,420,10323,420,76247,一致,一致,是,https://www.8200.cn/kjh/3d/2025165.htm,https://www.3d178.cn/kaijiang/2025/2025165.shtml,https://www.8200.cn/kjh/p3/2025165.htm,https://m.ydniu.com/kaijiang/pl5/sjh/2025165.html
2025-06-25,2025166,808,640,249,694,2025166,696,746,69664,746,38735,一致,一致,是,https://www.8200.cn/kjh/3d/2025166.htm,https://www.3d178.cn/kaijiang/2025/2025166.shtml,https://www.8200.cn/kjh/p3/2025166.htm,https://m.ydniu.com/kaijiang/pl5/sjh/2025166.html
2025-06-26,2025167,702,408,056,275,2025167,267,246,26746,246,60123,一致,一致,是,https://www.8200.cn/kjh/3d/2025167.htm,https://www.3d178.cn/kaijiang/2025/2025167.shtml,https://www.8200.cn/kjh/p3/2025167.htm,https://m.ydniu.com/kaijiang/pl5/sjh/2025167.html
2025-06-27,2025168,514,794,539,914,2025168,203,674,20327,674,49255,一致,一致,是,https://www.8200.cn/kjh/3d/2025168.htm,https://www.3d178.cn/kaijiang/2025/2025168.shtml,https://www.8200.cn/kjh/p3/2025168.htm,https://m.ydniu.com/kaijiang/pl5/sjh/2025168.html
2025-06-28,2025169,978,506,634,563,2025169,699,314,69938,314,09516,一致,一致,是,https://www.8200.cn/kjh/3d/2025169.htm,https://www.3d178.cn/kaijiang/2025/2025169.shtml,https://www.8200.cn/kjh/p3/2025169.htm,https://m.ydniu.com/kaijiang/pl5/sjh/2025169.html
2025-06-29,2025170,475,608,745,603,2025170,502,329,50244,329,47612,一致,一致,是,https://www.8200.cn/kjh/3d/2025170.htm,https://www.3d178.cn/kaijiang/2025/2025170.shtml,https://www.8200.cn/kjh/p3/2025170.htm,https://m.ydniu.com/kaijiang/pl5/sjh/2025170.html
2025-06-30,2025171,113,075,283,823,2025171,105,519,10528,519,41214,一致,一致,是,https://www.8200.cn/kjh/3d/2025171.htm,https://www.3d178.cn/kaijiang/2025/2025171.shtml,https://www.8200.cn/kjh/p3/2025171.htm,https://m.ydniu.com/kaijiang/pl5/sjh/2025171.html
2025-07-01,2025172,406,167,970,919,2025172,724,431,72451,431,97647,一致,一致,是,https://www.8200.cn/kjh/3d/2025172.htm,https://www.3d178.cn/kaijiang/2025/2025172.shtml,https://www.8200.cn/kjh/p3/2025172.htm,https://m.ydniu.com/kaijiang/pl5/sjh/2025172.html
2025-07-02,2025173,092,654,849,998,2025173,673,923,67363,923,10026,一致,一致,是,https://www.8200.cn/kjh/3d/2025173.htm,https://www.3d178.cn/kaijiang/2025/2025173.shtml,https://www.8200.cn/kjh/p3/2025173.htm,https://m.ydniu.com/kaijiang/pl5/sjh/2025173.html
2025-07-03,2025174,533,168,351,296,2025174,131,897,13135,897,85060,一致,一致,是,https://www.8200.cn/kjh/3d/2025174.htm,https://www.3d178.cn/kaijiang/2025/2025174.shtml,https://www.8200.cn/kjh/p3/2025174.htm,https://m.ydniu.com/kaijiang/pl5/sjh/2025174.html
2025-07-04,2025175,616,615,101,373,2025175,413,910,41339,910,25151,一致,一致,是,https://www.8200.cn/kjh/3d/2025175.htm,https://www.3d178.cn/kaijiang/2025/2025175.shtml,https://www.8200.cn/kjh/p3/2025175.htm,https://m.ydniu.com/kaijiang/pl5/sjh/2025175.html
2025-07-05,2025176,122,875,842,462,2025176,949,715,94946,715,01566,一致,一致,是,https://www.8200.cn/kjh/3d/2025176.htm,https://www.3d178.cn/kaijiang/2025/2025176.shtml,https://www.8200.cn/kjh/p3/2025176.htm,https://m.ydniu.com/kaijiang/pl5/sjh/2025176.html
2025-07-06,2025177,497,892,635,633,2025177,977,618,97799,618,94045,一致,一致,是,https://www.8200.cn/kjh/3d/2025177.htm,https://www.3d178.cn/kaijiang/2025/2025177.shtml,https://www.8200.cn/kjh/p3/2025177.htm,https://m.ydniu.com/kaijiang/pl5/sjh/2025177.html
2025-07-07,2025178,728,905,452,748,2025178,714,793,71436,793,25145,一致,一致,是,https://www.8200.cn/kjh/3d/2025178.htm,https://www.3d178.cn/kaijiang/2025/2025178.shtml,https://www.8200.cn/kjh/p3/2025178.htm,https://m.ydniu.com/kaijiang/pl5/sjh/2025178.html
2025-07-08,2025179,280,642,601,087,2025179,972,931,97216,931,66205,一致,一致,是,https://www.8200.cn/kjh/3d/2025179.htm,https://www.3d178.cn/kaijiang/2025/2025179.shtml,https://www.8200.cn/kjh/p3/2025179.htm,https://m.ydniu.com/kaijiang/pl5/sjh/2025179.html
2025-07-09,2025180,260,374,238,450,2025180,889,671,88957,671,69669,一致,一致,是,https://www.8200.cn/kjh/3d/2025180.htm,https://www.3d178.cn/kaijiang/2025/2025180.shtml,https://www.8200.cn/kjh/p3/2025180.htm,https://m.ydniu.com/kaijiang/pl5/sjh/2025180.html
2025-07-10,2025181,886,142,975,400,2025181,894,841,89458,841,66474,一致,一致,是,https://www.8200.cn/kjh/3d/2025181.htm,https://www.3d178.cn/kaijiang/2025/2025181.shtml,https://www.8200.cn/kjh/p3/2025181.htm,https://m.ydniu.com/kaijiang/pl5/sjh/2025181.html
2025-07-11,2025182,708,283,308,910,2025182,721,905,72146,905,59934,一致,一致,是,https://www.8200.cn/kjh/3d/2025182.htm,https://www.3d178.cn/kaijiang/2025/2025182.shtml,https://www.8200.cn/kjh/p3/2025182.htm,https://m.ydniu.com/kaijiang/pl5/sjh/2025182.html
2025-07-12,2025183,744,268,658,694,2025183,177,542,17759,542,49508,一致,一致,是,https://www.8200.cn/kjh/3d/2025183.htm,https://www.3d178.cn/kaijiang/2025/2025183.shtml,https://www.8200.cn/kjh/p3/2025183.htm,https://m.ydniu.com/kaijiang/pl5/sjh/2025183.html
2025-07-13,2025184,799,865,172,633,2025184,221,820,22187,820,64342,一致,一致,是,https://www.8200.cn/kjh/3d/2025184.htm,https://www.3d178.cn/kaijiang/2025/2025184.shtml,https://www.8200.cn/kjh/p3/2025184.htm,https://m.ydniu.com/kaijiang/pl5/sjh/2025184.html
2025-07-14,2025185,164,239,619,055,2025185,308,674,30873,674,10733,一致,一致,是,https://www.8200.cn/kjh/3d/2025185.htm,https://www.3d178.cn/kaijiang/2025/2025185.shtml,https://www.8200.cn/kjh/p3/2025185.htm,https://m.ydniu.com/kaijiang/pl5/sjh/2025185.html
2025-07-15,2025186,227,980,495,137,2025186,514,704,51423,704,81914,一致,一致,是,https://www.8200.cn/kjh/3d/2025186.htm,https://www.3d178.cn/kaijiang/2025/2025186.shtml,https://www.8200.cn/kjh/p3/2025186.htm,https://m.ydniu.com/kaijiang/pl5/sjh/2025186.html
2025-07-16,2025187,761,346,830,005,2025187,641,507,64160,507,74590,一致,一致,是,https://www.8200.cn/kjh/3d/2025187.htm,https://www.3d178.cn/kaijiang/2025/2025187.shtml,https://www.8200.cn/kjh/p3/2025187.htm,https://m.ydniu.com/kaijiang/pl5/sjh/2025187.html
2025-07-17,2025188,018,087,529,060,2025188,623,512,62373,512,79258,一致,一致,是,https://www.8200.cn/kjh/3d/2025188.htm,https://www.3d178.cn/kaijiang/2025/2025188.shtml,https://www.8200.cn/kjh/p3/2025188.htm,https://m.ydniu.com/kaijiang/pl5/sjh/2025188.html
2025-07-18,2025189,907,951,671,325,2025189,556,916,55651,916,06037,一致,一致,是,https://www.8200.cn/kjh/3d/2025189.htm,https://www.3d178.cn/kaijiang/2025/2025189.shtml,https://www.8200.cn/kjh/p3/2025189.htm,https://m.ydniu.com/kaijiang/pl5/sjh/2025189.html
2025-07-19,2025190,402,493,412,546,2025190,499,902,49972,902,17292,一致,一致,是,https://www.8200.cn/kjh/3d/2025190.htm,https://www.3d178.cn/kaijiang/2025/2025190.shtml,https://www.8200.cn/kjh/p3/2025190.htm,https://m.ydniu.com/kaijiang/pl5/sjh/2025190.html
2025-07-20,2025191,202,745,835,229,2025191,669,630,66940,630,90453,一致,一致,是,https://www.8200.cn/kjh/3d/2025191.htm,https://www.3d178.cn/kaijiang/2025/2025191.shtml,https://www.8200.cn/kjh/p3/2025191.htm,https://m.ydniu.com/kaijiang/pl5/sjh/2025191.html
2025-07-21,2025192,691,708,709,053,2025192,683,627,68357,627,94478,一致,一致,是,https://www.8200.cn/kjh/3d/2025192.htm,https://www.3d178.cn/kaijiang/2025/2025192.shtml,https://www.8200.cn/kjh/p3/2025192.htm,https://m.ydniu.com/kaijiang/pl5/sjh/2025192.html
2025-07-22,2025193,876,829,948,784,2025193,265,724,26549,724,68537,一致,一致,是,https://www.8200.cn/kjh/3d/2025193.htm,https://www.3d178.cn/kaijiang/2025/2025193.shtml,https://www.8200.cn/kjh/p3/2025193.htm,https://m.ydniu.com/kaijiang/pl5/sjh/2025193.html
2025-07-23,2025194,726,867,563,637,2025194,270,875,27037,875,69956,一致,一致,是,https://www.8200.cn/kjh/3d/2025194.htm,https://www.3d178.cn/kaijiang/2025/2025194.shtml,https://www.8200.cn/kjh/p3/2025194.htm,https://m.ydniu.com/kaijiang/pl5/sjh/2025194.html
2025-07-24,2025195,980,186,819,820,2025195,210,396,21090,396,37165,一致,一致,是,https://www.8200.cn/kjh/3d/2025195.htm,https://www.3d178.cn/kaijiang/2025/2025195.shtml,https://www.8200.cn/kjh/p3/2025195.htm,https://m.ydniu.com/kaijiang/pl5/sjh/2025195.html
2025-07-25,2025196,734,951,365,385,2025196,941,896,94140,896,95457,一致,一致,是,https://www.8200.cn/kjh/3d/2025196.htm,https://www.3d178.cn/kaijiang/2025/2025196.shtml,https://www.8200.cn/kjh/p3/2025196.htm,https://m.ydniu.com/kaijiang/pl5/sjh/2025196.html
2025-07-26,2025197,057,742,602,346,2025197,869,457,86920,457,67629,一致,一致,是,https://www.8200.cn/kjh/3d/2025197.htm,https://www.3d178.cn/kaijiang/2025/2025197.shtml,https://www.8200.cn/kjh/p3/2025197.htm,https://m.ydniu.com/kaijiang/pl5/sjh/2025197.html
2025-07-27,2025198,898,750,753,184,2025198,717,215,71783,215,98047,一致,一致,是,https://www.8200.cn/kjh/3d/2025198.htm,https://www.3d178.cn/kaijiang/2025/2025198.shtml,https://www.8200.cn/kjh/p3/2025198.htm,https://m.ydniu.com/kaijiang/pl5/sjh/2025198.html
2025-07-28,2025199,943,962,806,337,2025199,485,948,48593,948,81288,一致,一致,是,https://www.8200.cn/kjh/3d/2025199.htm,https://www.3d178.cn/kaijiang/2025/2025199.shtml,https://www.8200.cn/kjh/p3/2025199.htm,https://m.ydniu.com/kaijiang/pl5/sjh/2025199.html
2025-07-29,2025200,015,034,137,748,2025200,211,713,21129,713,90432,一致,一致,是,https://www.8200.cn/kjh/3d/2025200.htm,https://www.3d178.cn/kaijiang/2025/2025200.shtml,https://www.8200.cn/kjh/p3/2025200.htm,https://m.ydniu.com/kaijiang/pl5/sjh/2025200.html
2025-07-30,2025201,846,689,645,647,2025201,401,195,40130,195,18384,一致,一致,是,https://www.8200.cn/kjh/3d/2025201.htm,https://www.3d178.cn/kaijiang/2025/2025201.shtml,https://www.8200.cn/kjh/p3/2025201.htm,https://m.ydniu.com/kaijiang/pl5/sjh/2025201.html
2025-07-31,2025202,953,402,938,394,2025202,253,976,25373,976,98516,一致,一致,是,https://www.8200.cn/kjh/3d/2025202.htm,https://www.3d178.cn/kaijiang/2025/2025202.shtml,https://www.8200.cn/kjh/p3/2025202.htm,https://m.ydniu.com/kaijiang/pl5/sjh/2025202.html
2025-08-01,2025203,013,839,760,289,2025203,735,190,73516,190,35696,一致,一致,是,https://www.8200.cn/kjh/3d/2025203.htm,https://www.3d178.cn/kaijiang/2025/2025203.shtml,https://www.8200.cn/kjh/p3/2025203.htm,https://m.ydniu.com/kaijiang/pl5/sjh/2025203.html
2025-08-02,2025204,007,027,958,197,2025204,830,218,83074,218,01698,一致,一致,是,https://www.8200.cn/kjh/3d/2025204.htm,https://www.3d178.cn/kaijiang/2025/2025204.shtml,https://www.8200.cn/kjh/p3/2025204.htm,https://m.ydniu.com/kaijiang/pl5/sjh/2025204.html
2025-08-03,2025205,920,178,217,614,2025205,783,726,78329,726,57339,一致,一致,是,https://www.8200.cn/kjh/3d/2025205.htm,https://www.3d178.cn/kaijiang/2025/2025205.shtml,https://www.8200.cn/kjh/p3/2025205.htm,https://m.ydniu.com/kaijiang/pl5/sjh/2025205.html
2025-08-04,2025206,444,703,796,180,2025206,605,735,60532,735,11382,一致,一致,是,https://www.8200.cn/kjh/3d/2025206.htm,https://www.3d178.cn/kaijiang/2025/2025206.shtml,https://www.8200.cn/kjh/p3/2025206.htm,https://m.ydniu.com/kaijiang/pl5/sjh/2025206.html
2025-08-05,2025207,255,192,952,864,2025207,154,176,15459,176,58979,一致,一致,是,https://www.8200.cn/kjh/3d/2025207.htm,https://www.3d178.cn/kaijiang/2025/2025207.shtml,https://www.8200.cn/kjh/p3/2025207.htm,https://m.ydniu.com/kaijiang/pl5/sjh/2025207.html
2025-08-06,2025208,432,291,836,283,2025208,309,659,30944,659,55829,一致,一致,是,https://www.8200.cn/kjh/3d/2025208.htm,https://www.3d178.cn/kaijiang/2025/2025208.shtml,https://www.8200.cn/kjh/p3/2025208.htm,https://m.ydniu.com/kaijiang/pl5/sjh/2025208.html
2025-08-07,2025209,387,571,254,754,2025209,921,742,92148,742,80386,一致,一致,是,https://www.8200.cn/kjh/3d/2025209.htm,https://www.3d178.cn/kaijiang/2025/2025209.shtml,https://www.8200.cn/kjh/p3/2025209.htm,https://m.ydniu.com/kaijiang/pl5/sjh/2025209.html
2025-08-08,2025210,520,083,389,203,2025210,622,602,62225,602,55458,一致,一致,是,https://www.8200.cn/kjh/3d/2025210.htm,https://www.3d178.cn/kaijiang/2025/2025210.shtml,https://www.8200.cn/kjh/p3/2025210.htm,https://m.ydniu.com/kaijiang/pl5/sjh/2025210.html
2025-08-09,2025211,897,106,927,656,2025211,050,547,05099,547,13039,一致,一致,是,https://www.8200.cn/kjh/3d/2025211.htm,https://www.3d178.cn/kaijiang/2025/2025211.shtml,https://www.8200.cn/kjh/p3/2025211.htm,https://m.ydniu.com/kaijiang/pl5/sjh/2025211.html
2025-08-10,2025212,456,021,065,439,2025212,223,190,22350,190,00525,一致,一致,是,https://www.8200.cn/kjh/3d/2025212.htm,https://www.3d178.cn/kaijiang/2025/2025212.shtml,https://www.8200.cn/kjh/p3/2025212.htm,https://m.ydniu.com/kaijiang/pl5/sjh/2025212.html
2025-08-11,2025213,381,456,487,485,2025213,868,518,86857,518,23003,一致,一致,是,https://www.8200.cn/kjh/3d/2025213.htm,https://www.3d178.cn/kaijiang/2025/2025213.shtml,https://www.8200.cn/kjh/p3/2025213.htm,https://m.ydniu.com/kaijiang/pl5/sjh/2025213.html
2025-08-12,2025214,920,470,160,441,2025214,176,431,17667,431,10542,一致,一致,是,https://www.8200.cn/kjh/3d/2025214.htm,https://www.3d178.cn/kaijiang/2025/2025214.shtml,https://www.8200.cn/kjh/p3/2025214.htm,https://m.ydniu.com/kaijiang/pl5/sjh/2025214.html
2025-08-13,2025215,853,276,463,779,2025215,695,718,69596,718,26186,一致,一致,是,https://www.8200.cn/kjh/3d/2025215.htm,https://www.3d178.cn/kaijiang/2025/2025215.shtml,https://www.8200.cn/kjh/p3/2025215.htm,https://m.ydniu.com/kaijiang/pl5/sjh/2025215.html
2025-08-14,2025216,625,026,159,084,2025216,410,201,41065,201,09724,一致,一致,是,https://www.8200.cn/kjh/3d/2025216.htm,https://www.3d178.cn/kaijiang/2025/2025216.shtml,https://www.8200.cn/kjh/p3/2025216.htm,https://m.ydniu.com/kaijiang/pl5/sjh/2025216.html
2025-08-15,2025217,894,197,540,466,2025217,242,720,24207,720,15331,一致,一致,是,https://www.8200.cn/kjh/3d/2025217.htm,https://www.3d178.cn/kaijiang/2025/2025217.shtml,https://www.8200.cn/kjh/p3/2025217.htm,https://m.ydniu.com/kaijiang/pl5/sjh/2025217.html
2025-08-16,2025218,526,987,762,071,2025218,307,572,30787,572,35145,一致,一致,是,https://www.8200.cn/kjh/3d/2025218.htm,https://www.3d178.cn/kaijiang/2025/2025218.shtml,https://www.8200.cn/kjh/p3/2025218.htm,https://m.ydniu.com/kaijiang/pl5/sjh/2025218.html
2025-08-17,2025219,900,268,635,750,2025219,784,681,78493,681,24550,一致,一致,是,https://www.8200.cn/kjh/3d/2025219.htm,https://www.3d178.cn/kaijiang/2025/2025219.shtml,https://www.8200.cn/kjh/p3/2025219.htm,https://m.ydniu.com/kaijiang/pl5/sjh/2025219.html
2025-08-18,2025220,536,691,783,902,2025220,353,109,35326,109,75212,一致,一致,是,https://www.8200.cn/kjh/3d/2025220.htm,https://www.3d178.cn/kaijiang/2025/2025220.shtml,https://www.8200.cn/kjh/p3/2025220.htm,https://m.ydniu.com/kaijiang/pl5/sjh/2025220.html
2025-08-19,2025221,296,305,726,168,2025221,791,413,79178,413,62552,一致,一致,是,https://www.8200.cn/kjh/3d/2025221.htm,https://www.3d178.cn/kaijiang/2025/2025221.shtml,https://www.8200.cn/kjh/p3/2025221.htm,https://m.ydniu.com/kaijiang/pl5/sjh/2025221.html
2025-08-20,2025222,010,214,391,772,2025222,660,850,66088,850,26859,一致,一致,是,https://www.8200.cn/kjh/3d/2025222.htm,https://www.3d178.cn/kaijiang/2025/2025222.shtml,https://www.8200.cn/kjh/p3/2025222.htm,https://m.ydniu.com/kaijiang/pl5/sjh/2025222.html
2025-08-21,2025223,736,907,125,505,2025223,795,921,79504,921,84122,一致,一致,是,https://www.8200.cn/kjh/3d/2025223.htm,https://www.3d178.cn/kaijiang/2025/2025223.shtml,https://www.8200.cn/kjh/p3/2025223.htm,https://m.ydniu.com/kaijiang/pl5/sjh/2025223.html
2025-08-22,2025224,990,902,680,911,2025224,021,307,02192,307,75150,一致,一致,是,https://www.8200.cn/kjh/3d/2025224.htm,https://www.3d178.cn/kaijiang/2025/2025224.shtml,https://www.8200.cn/kjh/p3/2025224.htm,https://m.ydniu.com/kaijiang/pl5/sjh/2025224.html
2025-08-23,2025225,806,921,318,193,2025225,009,385,00907,385,19002,一致,一致,是,https://www.8200.cn/kjh/3d/2025225.htm,https://www.3d178.cn/kaijiang/2025/2025225.shtml,https://www.8200.cn/kjh/p3/2025225.htm,https://m.ydniu.com/kaijiang/pl5/sjh/2025225.html
2025-08-24,2025226,180,694,892,601,2025226,373,612,37327,612,97319,一致,一致,是,https://www.8200.cn/kjh/3d/2025226.htm,https://www.3d178.cn/kaijiang/2025/2025226.shtml,https://www.8200.cn/kjh/p3/2025226.htm,https://m.ydniu.com/kaijiang/pl5/sjh/2025226.html
2025-08-25,2025227,611,215,364,802,2025227,453,526,45391,526,28619,一致,一致,是,https://www.8200.cn/kjh/3d/2025227.htm,https://www.3d178.cn/kaijiang/2025/2025227.shtml,https://www.8200.cn/kjh/p3/2025227.htm,https://m.ydniu.com/kaijiang/pl5/sjh/2025227.html
2025-08-26,2025228,465,248,937,162,2025228,164,289,16465,289,37045,一致,一致,是,https://www.8200.cn/kjh/3d/2025228.htm,https://www.3d178.cn/kaijiang/2025/2025228.shtml,https://www.8200.cn/kjh/p3/2025228.htm,https://m.ydniu.com/kaijiang/pl5/sjh/2025228.html
2025-08-27,2025229,108,260,562,579,2025229,123,403,12302,403,73068,一致,一致,是,https://www.8200.cn/kjh/3d/2025229.htm,https://www.3d178.cn/kaijiang/2025/2025229.shtml,https://www.8200.cn/kjh/p3/2025229.htm,https://m.ydniu.com/kaijiang/pl5/sjh/2025229.html
2025-08-28,2025230,439,297,894,364,2025230,178,247,17805,247,83835,一致,一致,是,https://www.8200.cn/kjh/3d/2025230.htm,https://www.3d178.cn/kaijiang/2025/2025230.shtml,https://www.8200.cn/kjh/p3/2025230.htm,https://m.ydniu.com/kaijiang/pl5/sjh/2025230.html
2025-08-29,2025231,732,603,637,393,2025231,258,984,25854,984,93391,一致,一致,是,https://www.8200.cn/kjh/3d/2025231.htm,https://www.3d178.cn/kaijiang/2025/2025231.shtml,https://www.8200.cn/kjh/p3/2025231.htm,https://m.ydniu.com/kaijiang/pl5/sjh/2025231.html
2025-08-30,2025232,044,267,904,615,2025232,397,793,39762,793,60060,一致,一致,是,https://www.8200.cn/kjh/3d/2025232.htm,https://www.3d178.cn/kaijiang/2025/2025232.shtml,https://www.8200.cn/kjh/p3/2025232.htm,https://m.ydniu.com/kaijiang/pl5/sjh/2025232.html
2025-08-31,2025233,259,623,278,999,2025233,143,468,14390,468,23803,一致,一致,是,https://www.8200.cn/kjh/3d/2025233.htm,https://www.3d178.cn/kaijiang/2025/2025233.shtml,https://www.8200.cn/kjh/p3/2025233.htm,https://m.ydniu.com/kaijiang/pl5/sjh/2025233.html
2025-09-01,2025234,620,731,329,927,2025234,282,439,28257,439,43034,一致,一致,是,https://www.8200.cn/kjh/3d/2025234.htm,https://www.3d178.cn/kaijiang/2025/2025234.shtml,https://www.8200.cn/kjh/p3/2025234.htm,https://m.ydniu.com/kaijiang/pl5/sjh/2025234.html
2025-09-02,2025235,969,536,816,968,2025235,321,503,32148,503,84393,一致,一致,是,https://www.8200.cn/kjh/3d/2025235.htm,https://www.3d178.cn/kaijiang/2025/2025235.shtml,https://www.8200.cn/kjh/p3/2025235.htm,https://m.ydniu.com/kaijiang/pl5/sjh/2025235.html
2025-09-03,2025236,355,610,458,122,2025236,151,106,15111,106,86470,一致,一致,是,https://www.8200.cn/kjh/3d/2025236.htm,https://www.3d178.cn/kaijiang/2025/2025236.shtml,https://www.8200.cn/kjh/p3/2025236.htm,https://m.ydniu.com/kaijiang/pl5/sjh/2025236.html
2025-09-04,2025237,590,197,538,712,2025237,713,136,71339,136,00838,一致,一致,是,https://www.8200.cn/kjh/3d/2025237.htm,https://www.3d178.cn/kaijiang/2025/2025237.shtml,https://www.8200.cn/kjh/p3/2025237.htm,https://m.ydniu.com/kaijiang/pl5/sjh/2025237.html
2025-09-05,2025238,860,864,643,831,2025238,754,259,75455,259,88319,一致,一致,是,https://www.8200.cn/kjh/3d/2025238.htm,https://www.3d178.cn/kaijiang/2025/2025238.shtml,https://www.8200.cn/kjh/p3/2025238.htm,https://m.ydniu.com/kaijiang/pl5/sjh/2025238.html
2025-09-06,2025239,125,035,405,765,2025239,220,619,22017,619,20634,一致,一致,是,https://www.8200.cn/kjh/3d/2025239.htm,https://www.3d178.cn/kaijiang/2025/2025239.shtml,https://www.8200.cn/kjh/p3/2025239.htm,https://m.ydniu.com/kaijiang/pl5/sjh/2025239.html
2025-09-07,2025240,419,713,972,227,2025240,627,539,62762,539,97870,一致,一致,是,https://www.8200.cn/kjh/3d/2025240.htm,https://www.3d178.cn/kaijiang/2025/2025240.shtml,https://www.8200.cn/kjh/p3/2025240.htm,https://m.ydniu.com/kaijiang/pl5/sjh/2025240.html
2025-09-08,2025241,160,642,765,157,2025241,286,697,28638,697,22098,一致,一致,是,https://www.8200.cn/kjh/3d/2025241.htm,https://www.3d178.cn/kaijiang/2025/2025241.shtml,https://www.8200.cn/kjh/p3/2025241.htm,https://m.ydniu.com/kaijiang/pl5/sjh/2025241.html
2025-09-09,2025242,990,926,239,325,2025242,523,517,52393,517,50134,一致,一致,是,https://www.8200.cn/kjh/3d/2025242.htm,https://www.3d178.cn/kaijiang/2025/2025242.shtml,https://www.8200.cn/kjh/p3/2025242.htm,https://m.ydniu.com/kaijiang/pl5/sjh/2025242.html
2025-09-10,2025243,176,908,782,088,2025243,812,954,81281,954,63522,一致,一致,是,https://www.8200.cn/kjh/3d/2025243.htm,https://www.3d178.cn/kaijiang/2025/2025243.shtml,https://www.8200.cn/kjh/p3/2025243.htm,https://m.ydniu.com/kaijiang/pl5/sjh/2025243.html
2025-09-11,2025244,673,967,615,348,2025244,758,403,75862,403,58532,一致,一致,是,https://www.8200.cn/kjh/3d/2025244.htm,https://www.3d178.cn/kaijiang/2025/2025244.shtml,https://www.8200.cn/kjh/p3/2025244.htm,https://m.ydniu.com/kaijiang/pl5/sjh/2025244.html
2025-09-12,2025245,848,985,352,096,2025245,994,206,99492,206,65619,一致,一致,是,https://www.8200.cn/kjh/3d/2025245.htm,https://www.3d178.cn/kaijiang/2025/2025245.shtml,https://www.8200.cn/kjh/p3/2025245.htm,https://m.ydniu.com/kaijiang/pl5/sjh/2025245.html
2025-09-13,2025246,997,326,517,295,2025246,207,728,20767,728,55104,一致,一致,是,https://www.8200.cn/kjh/3d/2025246.htm,https://www.3d178.cn/kaijiang/2025/2025246.shtml,https://www.8200.cn/kjh/p3/2025246.htm,https://m.ydniu.com/kaijiang/pl5/sjh/2025246.html
2025-09-14,2025247,262,714,249,317,2025247,364,513,36423,513,92784,一致,一致,是,https://www.8200.cn/kjh/3d/2025247.htm,https://www.3d178.cn/kaijiang/2025/2025247.shtml,https://www.8200.cn/kjh/p3/2025247.htm,https://m.ydniu.com/kaijiang/pl5/sjh/2025247.html
2025-09-15,2025248,526,394,736,609,2025248,983,528,98385,528,14186,一致,一致,是,https://www.8200.cn/kjh/3d/2025248.htm,https://www.3d178.cn/kaijiang/2025/2025248.shtml,https://www.8200.cn/kjh/p3/2025248.htm,https://m.ydniu.com/kaijiang/pl5/sjh/2025248.html
2025-09-16,2025249,952,062,415,815,2025249,532,912,53208,912,44738,一致,一致,是,https://www.8200.cn/kjh/3d/2025249.htm,https://www.3d178.cn/kaijiang/2025/2025249.shtml,https://www.8200.cn/kjh/p3/2025249.htm,https://m.ydniu.com/kaijiang/pl5/sjh/2025249.html
2025-09-17,2025250,902,135,326,511,2025250,178,139,17806,139,10904,一致,一致,是,https://www.8200.cn/kjh/3d/2025250.htm,https://www.3d178.cn/kaijiang/2025/2025250.shtml,https://www.8200.cn/kjh/p3/2025250.htm,https://m.ydniu.com/kaijiang/pl5/sjh/2025250.html
2025-09-18,2025251,868,680,967,990,2025251,558,859,55854,859,67683,一致,一致,是,https://www.8200.cn/kjh/3d/2025251.htm,https://www.3d178.cn/kaijiang/2025/2025251.shtml,https://www.8200.cn/kjh/p3/2025251.htm,https://m.ydniu.com/kaijiang/pl5/sjh/2025251.html
2025-09-19,2025252,792,945,418,889,2025252,190,952,19053,952,12457,一致,一致,是,https://www.8200.cn/kjh/3d/2025252.htm,https://www.3d178.cn/kaijiang/2025/2025252.shtml,https://www.8200.cn/kjh/p3/2025252.htm,https://m.ydniu.com/kaijiang/pl5/sjh/2025252.html
2025-09-20,2025253,457,310,597,682,2025253,693,615,69307,615,77293,一致,一致,是,https://www.8200.cn/kjh/3d/2025253.htm,https://www.3d178.cn/kaijiang/2025/2025253.shtml,https://www.8200.cn/kjh/p3/2025253.htm,https://m.ydniu.com/kaijiang/pl5/sjh/2025253.html
2025-09-21,2025254,072,463,308,764,2025254,628,437,62884,437,38017,一致,一致,是,https://www.8200.cn/kjh/3d/2025254.htm,https://www.3d178.cn/kaijiang/2025/2025254.shtml,https://www.8200.cn/kjh/p3/2025254.htm,https://m.ydniu.com/kaijiang/pl5/sjh/2025254.html
2025-09-22,2025255,264,253,065,865,2025255,583,148,58321,148,52838,一致,一致,是,https://www.8200.cn/kjh/3d/2025255.htm,https://www.3d178.cn/kaijiang/2025/2025255.shtml,https://www.8200.cn/kjh/p3/2025255.htm,https://m.ydniu.com/kaijiang/pl5/sjh/2025255.html
2025-09-23,2025256,406,243,394,861,2025256,797,610,79775,610,67930,一致,一致,是,https://www.8200.cn/kjh/3d/2025256.htm,https://www.3d178.cn/kaijiang/2025/2025256.shtml,https://www.8200.cn/kjh/p3/2025256.htm,https://m.ydniu.com/kaijiang/pl5/sjh/2025256.html
2025-09-24,2025257,860,196,621,297,2025257,561,279,56150,279,12229,一致,一致,是,https://www.8200.cn/kjh/3d/2025257.htm,https://www.3d178.cn/kaijiang/2025/2025257.shtml,https://www.8200.cn/kjh/p3/2025257.htm,https://m.ydniu.com/kaijiang/pl5/sjh/2025257.html
2025-09-25,2025258,626,642,853,393,2025258,038,540,03863,540,96111,一致,一致,是,https://www.8200.cn/kjh/3d/2025258.htm,https://www.3d178.cn/kaijiang/2025/2025258.shtml,https://www.8200.cn/kjh/p3/2025258.htm,https://m.ydniu.com/kaijiang/pl5/sjh/2025258.html
2025-09-26,2025259,625,784,609,129,2025259,420,907,42099,907,46429,一致,一致,是,https://www.8200.cn/kjh/3d/2025259.htm,https://www.3d178.cn/kaijiang/2025/2025259.shtml,https://www.8200.cn/kjh/p3/2025259.htm,https://m.ydniu.com/kaijiang/pl5/sjh/2025259.html
2025-09-27,2025260,199,971,342,789,2025260,514,528,51455,528,15430,一致,一致,是,https://www.8200.cn/kjh/3d/2025260.htm,https://www.3d178.cn/kaijiang/2025/2025260.shtml,https://www.8200.cn/kjh/p3/2025260.htm,https://m.ydniu.com/kaijiang/pl5/sjh/2025260.html
2025-09-28,2025261,751,361,505,058,2025261,877,830,87753,830,39987,一致,一致,是,https://www.8200.cn/kjh/3d/2025261.htm,https://www.3d178.cn/kaijiang/2025/2025261.shtml,https://www.8200.cn/kjh/p3/2025261.htm,https://m.ydniu.com/kaijiang/pl5/sjh/2025261.html
2025-09-29,2025262,914,096,611,325,2025262,512,135,51263,135,42942,一致,一致,是,https://www.8200.cn/kjh/3d/2025262.htm,https://www.3d178.cn/kaijiang/2025/2025262.shtml,https://www.8200.cn/kjh/p3/2025262.htm,https://m.ydniu.com/kaijiang/pl5/sjh/2025262.html
2025-09-30,2025263,399,305,745,937,2025263,148,926,14800,926,62132,一致,一致,是,https://www.8200.cn/kjh/3d/2025263.htm,https://www.3d178.cn/kaijiang/2025/2025263.shtml,https://www.8200.cn/kjh/p3/2025263.htm,https://m.ydniu.com/kaijiang/pl5/sjh/2025263.html
2025-10-04,2025264,734,508,296,389,,,,,,,无法校验,一致,否,https://www.8200.cn/kjh/3d/2025264.htm,https://www.3d178.cn/kaijiang/2025/2025264.shtml,,
2025-10-05,,,,,,2025264,202,524,20201,524,87030,一致,无法校验,否,,,https://www.8200.cn/kjh/p3/2025264.htm,https://m.ydniu.com/kaijiang/pl5/sjh/2025264.html
2025-10-06,2025265,546,850,340,365,2025265,281,912,28147,912,48838,一致,一致,是,https://www.8200.cn/kjh/3d/2025265.htm,https://www.3d178.cn/kaijiang/2025/2025265.shtml,https://www.8200.cn/kjh/p3/2025265.htm,https://m.ydniu.com/kaijiang/pl5/sjh/2025265.html
2025-10-07,2025266,723,483,218,672,2025266,742,924,74250,924,80495,一致,一致,是,https://www.8200.cn/kjh/3d/2025266.htm,https://www.3d178.cn/kaijiang/2025/2025266.shtml,https://www.8200.cn/kjh/p3/2025266.htm,https://m.ydniu.com/kaijiang/pl5/sjh/2025266.html
2025-10-08,2025267,391,689,924,427,2025267,856,613,85615,613,30440,一致,一致,是,https://www.8200.cn/kjh/3d/2025267.htm,https://www.3d178.cn/kaijiang/2025/2025267.shtml,https://www.8200.cn/kjh/p3/2025267.htm,https://m.ydniu.com/kaijiang/pl5/sjh/2025267.html
2025-10-09,2025268,674,790,671,385,2025268,321,294,32139,294,82728,一致,一致,是,https://www.8200.cn/kjh/3d/2025268.htm,https://www.3d178.cn/kaijiang/2025/2025268.shtml,https://www.8200.cn/kjh/p3/2025268.htm,https://m.ydniu.com/kaijiang/pl5/sjh/2025268.html
2025-10-10,2025269,055,872,025,475,2025269,875,917,87502,917,83942,一致,一致,是,https://www.8200.cn/kjh/3d/2025269.htm,https://www.3d178.cn/kaijiang/2025/2025269.shtml,https://www.8200.cn/kjh/p3/2025269.htm,https://m.ydniu.com/kaijiang/pl5/sjh/2025269.html
2025-10-11,2025270,408,031,879,804,2025270,018,375,01826,375,44548,一致,一致,是,https://www.8200.cn/kjh/3d/2025270.htm,https://www.3d178.cn/kaijiang/2025/2025270.shtml,https://www.8200.cn/kjh/p3/2025270.htm,https://m.ydniu.com/kaijiang/pl5/sjh/2025270.html
2025-10-12,2025271,727,568,625,833,2025271,898,804,89858,804,50249,一致,一致,是,https://www.8200.cn/kjh/3d/2025271.htm,https://www.3d178.cn/kaijiang/2025/2025271.shtml,https://www.8200.cn/kjh/p3/2025271.htm,https://m.ydniu.com/kaijiang/pl5/sjh/2025271.html
2025-10-13,2025272,967,069,374,365,2025272,767,921,76747,921,89696,一致,一致,是,https://www.8200.cn/kjh/3d/2025272.htm,https://www.3d178.cn/kaijiang/2025/2025272.shtml,https://www.8200.cn/kjh/p3/2025272.htm,https://m.ydniu.com/kaijiang/pl5/sjh/2025272.html
2025-10-14,2025273,045,587,429,575,2025273,417,418,41733,418,58785,一致,一致,是,https://www.8200.cn/kjh/3d/2025273.htm,https://www.3d178.cn/kaijiang/2025/2025273.shtml,https://www.8200.cn/kjh/p3/2025273.htm,https://m.ydniu.com/kaijiang/pl5/sjh/2025273.html
2025-10-15,2025274,596,109,785,970,2025274,787,512,78771,512,89741,一致,一致,是,https://www.8200.cn/kjh/3d/2025274.htm,https://www.3d178.cn/kaijiang/2025/2025274.shtml,https://www.8200.cn/kjh/p3/2025274.htm,https://m.ydniu.com/kaijiang/pl5/sjh/2025274.html
2025-10-16,2025275,203,341,183,305,2025275,150,458,15070,458,33607,一致,一致,是,https://www.8200.cn/kjh/3d/2025275.htm,https://www.3d178.cn/kaijiang/2025/2025275.shtml,https://www.8200.cn/kjh/p3/2025275.htm,https://m.ydniu.com/kaijiang/pl5/sjh/2025275.html
2025-10-17,2025276,714,192,425,305,2025276,982,581,98262,581,10116,一致,一致,是,https://www.8200.cn/kjh/3d/2025276.htm,https://www.3d178.cn/kaijiang/2025/2025276.shtml,https://www.8200.cn/kjh/p3/2025276.htm,https://m.ydniu.com/kaijiang/pl5/sjh/2025276.html
2025-10-18,2025277,061,619,815,081,2025277,432,427,43221,427,22759,一致,一致,是,https://www.8200.cn/kjh/3d/2025277.htm,https://www.3d178.cn/kaijiang/2025/2025277.shtml,https://www.8200.cn/kjh/p3/2025277.htm,https://m.ydniu.com/kaijiang/pl5/sjh/2025277.html
2025-10-19,2025278,629,901,472,370,2025278,627,247,62782,247,29176,一致,一致,是,https://www.8200.cn/kjh/3d/2025278.htm,https://www.3d178.cn/kaijiang/2025/2025278.shtml,https://www.8200.cn/kjh/p3/2025278.htm,https://m.ydniu.com/kaijiang/pl5/sjh/2025278.html
2025-10-20,2025279,752,062,763,010,2025279,375,782,37575,782,85561,一致,一致,是,https://www.8200.cn/kjh/3d/2025279.htm,https://www.3d178.cn/kaijiang/2025/2025279.shtml,https://www.8200.cn/kjh/p3/2025279.htm,https://m.ydniu.com/kaijiang/pl5/sjh/2025279.html
2025-10-21,2025280,411,197,804,629,2025280,539,816,53932,816,75811,一致,一致,是,https://www.8200.cn/kjh/3d/2025280.htm,https://www.3d178.cn/kaijiang/2025/2025280.shtml,https://www.8200.cn/kjh/p3/2025280.htm,https://m.ydniu.com/kaijiang/pl5/sjh/2025280.html
2025-10-22,2025281,897,135,596,035,2025281,707,609,70794,609,55516,一致,一致,是,https://www.8200.cn/kjh/3d/2025281.htm,https://www.3d178.cn/kaijiang/2025/2025281.shtml,https://www.8200.cn/kjh/p3/2025281.htm,https://m.ydniu.com/kaijiang/pl5/sjh/2025281.html
2025-10-23,2025282,416,574,179,319,2025282,096,413,09691,413,80641,一致,一致,是,https://www.8200.cn/kjh/3d/2025282.htm,https://www.3d178.cn/kaijiang/2025/2025282.shtml,https://www.8200.cn/kjh/p3/2025282.htm,https://m.ydniu.com/kaijiang/pl5/sjh/2025282.html
2025-10-24,2025283,664,694,673,076,2025283,057,512,05783,512,42234,一致,一致,是,https://www.8200.cn/kjh/3d/2025283.htm,https://www.3d178.cn/kaijiang/2025/2025283.shtml,https://www.8200.cn/kjh/p3/2025283.htm,https://m.ydniu.com/kaijiang/pl5/sjh/2025283.html
2025-10-25,2025284,844,639,568,964,2025284,247,647,24733,647,69072,一致,一致,是,https://www.8200.cn/kjh/3d/2025284.htm,https://www.3d178.cn/kaijiang/2025/2025284.shtml,https://www.8200.cn/kjh/p3/2025284.htm,https://m.ydniu.com/kaijiang/pl5/sjh/2025284.html
2025-10-26,2025285,172,973,120,936,2025285,905,082,90532,082,47846,一致,一致,是,https://www.8200.cn/kjh/3d/2025285.htm,https://www.3d178.cn/kaijiang/2025/2025285.shtml,https://www.8200.cn/kjh/p3/2025285.htm,https://m.ydniu.com/kaijiang/pl5/sjh/2025285.html
2025-10-27,2025286,827,372,294,694,2025286,641,128,64105,128,94276,一致,一致,是,https://www.8200.cn/kjh/3d/2025286.htm,https://www.3d178.cn/kaijiang/2025/2025286.shtml,https://www.8200.cn/kjh/p3/2025286.htm,https://m.ydniu.com/kaijiang/pl5/sjh/2025286.html
2025-10-28,2025287,805,604,506,116,2025287,180,864,18032,864,00118,一致,一致,是,https://www.8200.cn/kjh/3d/2025287.htm,https://www.3d178.cn/kaijiang/2025/2025287.shtml,https://www.8200.cn/kjh/p3/2025287.htm,https://m.ydniu.com/kaijiang/pl5/sjh/2025287.html
2025-10-29,2025288,767,298,491,219,2025288,504,057,50426,057,39263,一致,一致,是,https://www.8200.cn/kjh/3d/2025288.htm,https://www.3d178.cn/kaijiang/2025/2025288.shtml,https://www.8200.cn/kjh/p3/2025288.htm,https://m.ydniu.com/kaijiang/pl5/sjh/2025288.html
2025-10-30,2025289,473,213,289,284,2025289,685,283,68566,283,16489,一致,一致,是,https://www.8200.cn/kjh/3d/2025289.htm,https://www.3d178.cn/kaijiang/2025/2025289.shtml,https://www.8200.cn/kjh/p3/2025289.htm,https://m.ydniu.com/kaijiang/pl5/sjh/2025289.html
2025-10-31,2025290,332,847,348,528,2025290,125,512,12510,512,63070,一致,一致,是,https://www.8200.cn/kjh/3d/2025290.htm,https://www.3d178.cn/kaijiang/2025/2025290.shtml,https://www.8200.cn/kjh/p3/2025290.htm,https://m.ydniu.com/kaijiang/pl5/sjh/2025290.html
2025-11-01,2025291,794,169,976,259,2025291,948,367,94856,367,25460,一致,一致,是,https://www.8200.cn/kjh/3d/2025291.htm,https://www.3d178.cn/kaijiang/2025/2025291.shtml,https://www.8200.cn/kjh/p3/2025291.htm,https://m.ydniu.com/kaijiang/pl5/sjh/2025291.html
2025-11-02,2025292,117,821,510,870,2025292,673,925,67358,925,21329,一致,一致,是,https://www.8200.cn/kjh/3d/2025292.htm,https://www.3d178.cn/kaijiang/2025/2025292.shtml,https://www.8200.cn/kjh/p3/2025292.htm,https://m.ydniu.com/kaijiang/pl5/sjh/2025292.html
2025-11-03,2025293,154,683,724,282,2025293,094,731,09441,731,93856,一致,一致,是,https://www.8200.cn/kjh/3d/2025293.htm,https://www.3d178.cn/kaijiang/2025/2025293.shtml,https://www.8200.cn/kjh/p3/2025293.htm,https://m.ydniu.com/kaijiang/pl5/sjh/2025293.html
2025-11-04,2025294,513,705,315,845,2025294,994,618,99449,618,10515,一致,一致,是,https://www.8200.cn/kjh/3d/2025294.htm,https://www.3d178.cn/kaijiang/2025/2025294.shtml,https://www.8200.cn/kjh/p3/2025294.htm,https://m.ydniu.com/kaijiang/pl5/sjh/2025294.html
2025-11-05,2025295,273,064,967,130,2025295,124,690,12451,690,87806,一致,一致,是,https://www.8200.cn/kjh/3d/2025295.htm,https://www.3d178.cn/kaijiang/2025/2025295.shtml,https://www.8200.cn/kjh/p3/2025295.htm,https://m.ydniu.com/kaijiang/pl5/sjh/2025295.html
2025-11-06,2025296,537,275,287,074,2025296,052,267,05235,267,97849,一致,一致,是,https://www.8200.cn/kjh/3d/2025296.htm,https://www.3d178.cn/kaijiang/2025/2025296.shtml,https://www.8200.cn/kjh/p3/2025296.htm,https://m.ydniu.com/kaijiang/pl5/sjh/2025296.html
2025-11-07,2025297,051,832,438,398,2025297,453,147,45386,147,20989,一致,一致,是,https://www.8200.cn/kjh/3d/2025297.htm,https://www.3d178.cn/kaijiang/2025/2025297.shtml,https://www.8200.cn/kjh/p3/2025297.htm,https://m.ydniu.com/kaijiang/pl5/sjh/2025297.html
2025-11-08,2025298,544,186,531,810,2025298,141,513,14127,513,13275,一致,一致,是,https://www.8200.cn/kjh/3d/2025298.htm,https://www.3d178.cn/kaijiang/2025/2025298.shtml,https://www.8200.cn/kjh/p3/2025298.htm,https://m.ydniu.com/kaijiang/pl5/sjh/2025298.html
2025-11-09,2025299,385,269,562,437,2025299,300,612,30097,612,00607,一致,一致,是,https://www.8200.cn/kjh/3d/2025299.htm,https://www.3d178.cn/kaijiang/2025/2025299.shtml,https://www.8200.cn/kjh/p3/2025299.htm,https://m.ydniu.com/kaijiang/pl5/sjh/2025299.html
2025-11-10,2025300,867,632,894,169,2025300,843,829,84300,829,51073,一致,一致,是,https://www.8200.cn/kjh/3d/2025300.htm,https://www.3d178.cn/kaijiang/2025/2025300.shtml,https://www.8200.cn/kjh/p3/2025300.htm,https://m.ydniu.com/kaijiang/pl5/sjh/2025300.html
2025-11-11,2025301,755,960,902,812,2025301,582,607,58209,607,10477,一致,一致,是,https://www.8200.cn/kjh/3d/2025301.htm,https://www.3d178.cn/kaijiang/2025/2025301.shtml,https://www.8200.cn/kjh/p3/2025301.htm,https://m.ydniu.com/kaijiang/pl5/sjh/2025301.html
2025-11-12,2025302,715,103,317,986,2025302,016,986,01631,986,05552,一致,一致,是,https://www.8200.cn/kjh/3d/2025302.htm,https://www.3d178.cn/kaijiang/2025/2025302.shtml,https://www.8200.cn/kjh/p3/2025302.htm,https://m.ydniu.com/kaijiang/pl5/sjh/2025302.html
2025-11-13,2025303,933,715,695,719,2025303,943,758,94382,758,92434,一致,一致,是,https://www.8200.cn/kjh/3d/2025303.htm,https://www.3d178.cn/kaijiang/2025/2025303.shtml,https://www.8200.cn/kjh/p3/2025303.htm,https://m.ydniu.com/kaijiang/pl5/sjh/2025303.html
2025-11-14,2025304,471,218,128,988,2025304,079,813,07913,813,73796,一致,一致,是,https://www.8200.cn/kjh/3d/2025304.htm,https://www.3d178.cn/kaijiang/2025/2025304.shtml,https://www.8200.cn/kjh/p3/2025304.htm,https://m.ydniu.com/kaijiang/pl5/sjh/2025304.html
2025-11-15,2025305,310,534,436,106,2025305,497,184,49749,184,30071,一致,一致,是,https://www.8200.cn/kjh/3d/2025305.htm,https://www.3d178.cn/kaijiang/2025/2025305.shtml,https://www.8200.cn/kjh/p3/2025305.htm,https://m.ydniu.com/kaijiang/pl5/sjh/2025305.html
2025-11-16,2025306,697,487,392,087,2025306,178,715,17867,715,54338,一致,一致,是,https://www.8200.cn/kjh/3d/2025306.htm,https://www.3d178.cn/kaijiang/2025/2025306.shtml,https://www.8200.cn/kjh/p3/2025306.htm,https://m.ydniu.com/kaijiang/pl5/sjh/2025306.html
2025-11-17,2025307,164,472,732,821,2025307,618,980,61811,980,20315,一致,一致,是,https://www.8200.cn/kjh/3d/2025307.htm,https://www.3d178.cn/kaijiang/2025/2025307.shtml,https://www.8200.cn/kjh/p3/2025307.htm,https://m.ydniu.com/kaijiang/pl5/sjh/2025307.html
2025-11-18,2025308,448,638,365,774,2025308,234,205,23465,205,99580,一致,一致,是,https://www.8200.cn/kjh/3d/2025308.htm,https://www.3d178.cn/kaijiang/2025/2025308.shtml,https://www.8200.cn/kjh/p3/2025308.htm,https://m.ydniu.com/kaijiang/pl5/sjh/2025308.html
2025-11-19,2025309,190,629,610,790,2025309,527,167,52729,167,23855,一致,一致,是,https://www.8200.cn/kjh/3d/2025309.htm,https://www.3d178.cn/kaijiang/2025/2025309.shtml,https://www.8200.cn/kjh/p3/2025309.htm,https://m.ydniu.com/kaijiang/pl5/sjh/2025309.html
2025-11-20,2025310,169,084,837,036,2025310,016,541,01659,541,93560,一致,一致,是,https://www.8200.cn/kjh/3d/2025310.htm,https://www.3d178.cn/kaijiang/2025/2025310.shtml,https://www.8200.cn/kjh/p3/2025310.htm,https://m.ydniu.com/kaijiang/pl5/sjh/2025310.html
2025-11-21,2025311,640,239,596,109,2025311,114,180,11450,180,00923,一致,一致,是,https://www.8200.cn/kjh/3d/2025311.htm,https://www.3d178.cn/kaijiang/2025/2025311.shtml,https://www.8200.cn/kjh/p3/2025311.htm,https://m.ydniu.com/kaijiang/pl5/sjh/2025311.html
2025-11-22,2025312,689,890,759,258,2025312,109,921,10950,921,35112,一致,一致,是,https://www.8200.cn/kjh/3d/2025312.htm,https://www.3d178.cn/kaijiang/2025/2025312.shtml,https://www.8200.cn/kjh/p3/2025312.htm,https://m.ydniu.com/kaijiang/pl5/sjh/2025312.html
2025-11-23,2025313,664,781,271,746,2025313,445,875,44551,875,35980,一致,一致,是,https://www.8200.cn/kjh/3d/2025313.htm,https://www.3d178.cn/kaijiang/2025/2025313.shtml,https://www.8200.cn/kjh/p3/2025313.htm,https://m.ydniu.com/kaijiang/pl5/sjh/2025313.html
2025-11-24,2025314,917,732,650,392,2025314,802,702,80245,702,26632,一致,一致,是,https://www.8200.cn/kjh/3d/2025314.htm,https://www.3d178.cn/kaijiang/2025/2025314.shtml,https://www.8200.cn/kjh/p3/2025314.htm,https://m.ydniu.com/kaijiang/pl5/sjh/2025314.html
2025-11-25,2025315,729,648,148,489,2025315,973,218,97367,218,01015,一致,一致,是,https://www.8200.cn/kjh/3d/2025315.htm,https://www.3d178.cn/kaijiang/2025/2025315.shtml,https://www.8200.cn/kjh/p3/2025315.htm,https://m.ydniu.com/kaijiang/pl5/sjh/2025315.html
2025-11-26,2025316,775,590,942,530,2025316,918,048,91815,048,44029,一致,一致,是,https://www.8200.cn/kjh/3d/2025316.htm,https://www.3d178.cn/kaijiang/2025/2025316.shtml,https://www.8200.cn/kjh/p3/2025316.htm,https://m.ydniu.com/kaijiang/pl5/sjh/2025316.html
2025-11-27,2025317,301,417,516,126,2025317,756,627,75669,627,23415,一致,一致,是,https://www.8200.cn/kjh/3d/2025317.htm,https://www.3d178.cn/kaijiang/2025/2025317.shtml,https://www.8200.cn/kjh/p3/2025317.htm,https://m.ydniu.com/kaijiang/pl5/sjh/2025317.html
2025-11-28,2025318,430,134,720,081,2025318,438,910,43849,910,04956,一致,一致,是,https://www.8200.cn/kjh/3d/2025318.htm,https://www.3d178.cn/kaijiang/2025/2025318.shtml,https://www.8200.cn/kjh/p3/2025318.htm,https://m.ydniu.com/kaijiang/pl5/sjh/2025318.html
2025-11-29,2025319,294,819,318,887,2025319,865,247,86550,247,54867,一致,一致,是,https://www.8200.cn/kjh/3d/2025319.htm,https://www.3d178.cn/kaijiang/2025/2025319.shtml,https://www.8200.cn/kjh/p3/2025319.htm,https://m.ydniu.com/kaijiang/pl5/sjh/2025319.html
2025-11-30,2025320,121,239,645,095,2025320,725,867,72562,867,92773,一致,一致,是,https://www.8200.cn/kjh/3d/2025320.htm,https://www.3d178.cn/kaijiang/2025/2025320.shtml,https://www.8200.cn/kjh/p3/2025320.htm,https://m.ydniu.com/kaijiang/pl5/sjh/2025320.html
2025-12-01,2025321,847,934,735,303,2025321,568,604,56808,604,28210,一致,一致,是,https://www.8200.cn/kjh/3d/2025321.htm,https://www.3d178.cn/kaijiang/2025/2025321.shtml,https://www.8200.cn/kjh/p3/2025321.htm,https://m.ydniu.com/kaijiang/pl5/sjh/2025321.html
2025-12-02,2025322,226,174,594,243,2025322,148,803,14838,803,50366,一致,一致,是,https://www.8200.cn/kjh/3d/2025322.htm,https://www.3d178.cn/kaijiang/2025/2025322.shtml,https://www.8200.cn/kjh/p3/2025322.htm,https://m.ydniu.com/kaijiang/pl5/sjh/2025322.html
2025-12-03,2025323,551,957,787,828,2025323,687,715,68714,715,65135,一致,一致,是,https://www.8200.cn/kjh/3d/2025323.htm,https://www.3d178.cn/kaijiang/2025/2025323.shtml,https://www.8200.cn/kjh/p3/2025323.htm,https://m.ydniu.com/kaijiang/pl5/sjh/2025323.html
2025-12-04,2025324,661,136,619,225,2025324,513,059,51396,059,27398,一致,一致,是,https://www.8200.cn/kjh/3d/2025324.htm,https://www.3d178.cn/kaijiang/2025/2025324.shtml,https://www.8200.cn/kjh/p3/2025324.htm,https://m.ydniu.com/kaijiang/pl5/sjh/2025324.html
2025-12-05,2025325,165,135,207,838,2025325,836,841,83603,841,94654,一致,一致,是,https://www.8200.cn/kjh/3d/2025325.htm,https://www.3d178.cn/kaijiang/2025/2025325.shtml,https://www.8200.cn/kjh/p3/2025325.htm,https://m.ydniu.com/kaijiang/pl5/sjh/2025325.html
2025-12-06,2025326,185,823,643,981,2025326,045,704,04519,704,13194,一致,一致,是,https://www.8200.cn/kjh/3d/2025326.htm,https://www.3d178.cn/kaijiang/2025/2025326.shtml,https://www.8200.cn/kjh/p3/2025326.htm,https://m.ydniu.com/kaijiang/pl5/sjh/2025326.html
2025-12-07,2025327,789,286,328,561,2025327,829,524,82924,524,06856,一致,一致,是,https://www.8200.cn/kjh/3d/2025327.htm,https://www.3d178.cn/kaijiang/2025/2025327.shtml,https://www.8200.cn/kjh/p3/2025327.htm,https://m.ydniu.com/kaijiang/pl5/sjh/2025327.html
2025-12-08,2025328,040,597,109,172,2025328,825,805,82516,805,13379,一致,一致,是,https://www.8200.cn/kjh/3d/2025328.htm,https://www.3d178.cn/kaijiang/2025/2025328.shtml,https://www.8200.cn/kjh/p3/2025328.htm,https://m.ydniu.com/kaijiang/pl5/sjh/2025328.html
2025-12-09,2025329,564,264,415,680,2025329,370,527,37090,527,81660,一致,一致,是,https://www.8200.cn/kjh/3d/2025329.htm,https://www.3d178.cn/kaijiang/2025/2025329.shtml,https://www.8200.cn/kjh/p3/2025329.htm,https://m.ydniu.com/kaijiang/pl5/sjh/2025329.html
2025-12-10,2025330,062,387,362,793,2025330,594,975,59454,975,20991,一致,一致,是,https://www.8200.cn/kjh/3d/2025330.htm,https://www.3d178.cn/kaijiang/2025/2025330.shtml,https://www.8200.cn/kjh/p3/2025330.htm,https://m.ydniu.com/kaijiang/pl5/sjh/2025330.html
2025-12-11,2025331,050,951,289,102,2025331,980,824,98091,824,99430,一致,一致,是,https://www.8200.cn/kjh/3d/2025331.htm,https://www.3d178.cn/kaijiang/2025/2025331.shtml,https://www.8200.cn/kjh/p3/2025331.htm,https://m.ydniu.com/kaijiang/pl5/sjh/2025331.html
2025-12-12,2025332,885,238,754,490,2025332,939,172,93941,172,52227,一致,一致,是,https://www.8200.cn/kjh/3d/2025332.htm,https://www.3d178.cn/kaijiang/2025/2025332.shtml,https://www.8200.cn/kjh/p3/2025332.htm,https://m.ydniu.com/kaijiang/pl5/sjh/2025332.html
2025-12-13,2025333,273,701,168,160,2025333,961,410,96103,410,43205,一致,一致,是,https://www.8200.cn/kjh/3d/2025333.htm,https://www.3d178.cn/kaijiang/2025/2025333.shtml,https://www.8200.cn/kjh/p3/2025333.htm,https://m.ydniu.com/kaijiang/pl5/sjh/2025333.html
2025-12-14,2025334,198,831,905,336,2025334,583,786,58337,786,44068,一致,一致,是,https://www.8200.cn/kjh/3d/2025334.htm,https://www.3d178.cn/kaijiang/2025/2025334.shtml,https://www.8200.cn/kjh/p3/2025334.htm,https://m.ydniu.com/kaijiang/pl5/sjh/2025334.html
2025-12-15,2025335,051,468,836,096,2025335,276,702,27645,702,96506,一致,一致,是,https://www.8200.cn/kjh/3d/2025335.htm,https://www.3d178.cn/kaijiang/2025/2025335.shtml,https://www.8200.cn/kjh/p3/2025335.htm,https://m.ydniu.com/kaijiang/pl5/sjh/2025335.html
2025-12-16,2025336,641,489,274,888,2025336,412,218,41260,218,53948,一致,一致,是,https://www.8200.cn/kjh/3d/2025336.htm,https://www.3d178.cn/kaijiang/2025/2025336.shtml,https://www.8200.cn/kjh/p3/2025336.htm,https://m.ydniu.com/kaijiang/pl5/sjh/2025336.html
2025-12-17,2025337,876,462,438,178,2025337,554,403,55438,403,64290,一致,一致,是,https://www.8200.cn/kjh/3d/2025337.htm,https://www.3d178.cn/kaijiang/2025/2025337.shtml,https://www.8200.cn/kjh/p3/2025337.htm,https://m.ydniu.com/kaijiang/pl5/sjh/2025337.html
2025-12-18,2025338,689,246,601,459,2025338,164,916,16463,916,19253,一致,一致,是,https://www.8200.cn/kjh/3d/2025338.htm,https://www.3d178.cn/kaijiang/2025/2025338.shtml,https://www.8200.cn/kjh/p3/2025338.htm,https://m.ydniu.com/kaijiang/pl5/sjh/2025338.html
2025-12-19,2025339,676,412,549,368,2025339,900,693,90049,693,88964,一致,一致,是,https://www.8200.cn/kjh/3d/2025339.htm,https://www.3d178.cn/kaijiang/2025/2025339.shtml,https://www.8200.cn/kjh/p3/2025339.htm,https://m.ydniu.com/kaijiang/pl5/sjh/2025339.html
2025-12-20,2025340,130,621,481,198,2025340,255,419,25560,419,28231,一致,一致,是,https://www.8200.cn/kjh/3d/2025340.htm,https://www.3d178.cn/kaijiang/2025/2025340.shtml,https://www.8200.cn/kjh/p3/2025340.htm,https://m.ydniu.com/kaijiang/pl5/sjh/2025340.html
2025-12-21,2025341,996,871,267,598,2025341,817,637,81754,637,36549,一致,一致,是,https://www.8200.cn/kjh/3d/2025341.htm,https://www.3d178.cn/kaijiang/2025/2025341.shtml,https://www.8200.cn/kjh/p3/2025341.htm,https://m.ydniu.com/kaijiang/pl5/sjh/2025341.html
2025-12-22,2025342,681,249,536,961,2025342,079,086,07923,086,24488,一致,一致,是,https://www.8200.cn/kjh/3d/2025342.htm,https://www.3d178.cn/kaijiang/2025/2025342.shtml,https://www.8200.cn/kjh/p3/2025342.htm,https://m.ydniu.com/kaijiang/pl5/sjh/2025342.html
2025-12-23,2025343,645,876,108,667,2025343,012,736,01259,736,57859,一致,一致,是,https://www.8200.cn/kjh/3d/2025343.htm,https://www.3d178.cn/kaijiang/2025/2025343.shtml,https://www.8200.cn/kjh/p3/2025343.htm,https://m.ydniu.com/kaijiang/pl5/sjh/2025343.html
2025-12-24,2025344,622,042,590,684,2025344,495,241,49570,241,55755,一致,一致,是,https://www.8200.cn/kjh/3d/2025344.htm,https://www.3d178.cn/kaijiang/2025/2025344.shtml,https://www.8200.cn/kjh/p3/2025344.htm,https://m.ydniu.com/kaijiang/pl5/sjh/2025344.html
2025-12-25,2025345,630,725,389,852,2025345,431,834,43197,834,04938,一致,一致,是,https://www.8200.cn/kjh/3d/2025345.htm,https://www.3d178.cn/kaijiang/2025/2025345.shtml,https://www.8200.cn/kjh/p3/2025345.htm,https://m.ydniu.com/kaijiang/pl5/sjh/2025345.html
2025-12-26,2025346,897,651,542,467,2025346,826,905,82608,905,56567,一致,一致,是,https://www.8200.cn/kjh/3d/2025346.htm,https://www.3d178.cn/kaijiang/2025/2025346.shtml,https://www.8200.cn/kjh/p3/2025346.htm,https://m.ydniu.com/kaijiang/pl5/sjh/2025346.html
2025-12-27,2025347,192,684,680,815,2025347,695,254,69567,254,20674,一致,一致,是,https://www.8200.cn/kjh/3d/2025347.htm,https://www.3d178.cn/kaijiang/2025/2025347.shtml,https://www.8200.cn/kjh/p3/2025347.htm,https://m.ydniu.com/kaijiang/pl5/sjh/2025347.html
2025-12-28,2025348,278,840,753,736,2025348,373,470,37314,470,31387,一致,一致,是,https://www.8200.cn/kjh/3d/2025348.htm,https://www.3d178.cn/kaijiang/2025/2025348.shtml,https://www.8200.cn/kjh/p3/2025348.htm,https://m.ydniu.com/kaijiang/pl5/sjh/2025348.html
2025-12-29,2025349,743,960,643,353,2025349,032,128,03226,128,31829,一致,一致,是,https://www.8200.cn/kjh/3d/2025349.htm,https://www.3d178.cn/kaijiang/2025/2025349.shtml,https://www.8200.cn/kjh/p3/2025349.htm,https://m.ydniu.com/kaijiang/pl5/sjh/2025349.html
2025-12-30,2025350,580,709,895,702,2025350,673,915,67344,915,57171,一致,一致,是,https://www.8200.cn/kjh/3d/2025350.htm,https://www.3d178.cn/kaijiang/2025/2025350.shtml,https://www.8200.cn/kjh/p3/2025350.htm,https://m.ydniu.com/kaijiang/pl5/sjh/2025350.html
2025-12-31,2025351,452,629,306,649,2025351,617,142,61729,142,76611,一致,一致,是,https://www.8200.cn/kjh/3d/2025351.htm,https://www.3d178.cn/kaijiang/2025/2025351.shtml,https://www.8200.cn/kjh/p3/2025351.htm,https://m.ydniu.com/kaijiang/pl5/sjh/2025351.html
2026-01-01,2026001,298,307,372,578,2026001,830,532,83013,532,31506,一致,一致,是,https://www.8200.cn/kjh/3d/2026001.htm,https://www.3d178.cn/kaijiang/2026/2026001.shtml,https://www.8200.cn/kjh/p3/2026001.htm,https://m.ydniu.com/kaijiang/pl5/sjh/2026001.html
2026-01-02,2026002,520,350,196,674,2026002,689,491,68923,491,96231,一致,一致,是,https://www.8200.cn/kjh/3d/2026002.htm,https://www.3d178.cn/kaijiang/2026/2026002.shtml,https://www.8200.cn/kjh/p3/2026002.htm,https://m.ydniu.com/kaijiang/pl5/sjh/2026002.html
2026-01-03,2026003,601,917,564,631,2026003,086,297,08689,297,49642,一致,一致,是,https://www.8200.cn/kjh/3d/2026003.htm,https://www.3d178.cn/kaijiang/2026/2026003.shtml,https://www.8200.cn/kjh/p3/2026003.htm,https://m.ydniu.com/kaijiang/pl5/sjh/2026003.html
2026-01-04,2026004,019,105,399,734,2026004,878,504,87882,504,48622,一致,一致,是,https://www.8200.cn/kjh/3d/2026004.htm,https://www.3d178.cn/kaijiang/2026/2026004.shtml,https://www.8200.cn/kjh/p3/2026004.htm,https://m.ydniu.com/kaijiang/pl5/sjh/2026004.html
2026-01-05,2026005,476,045,067,195,2026005,061,922,06169,922,02034,一致,一致,是,https://www.8200.cn/kjh/3d/2026005.htm,https://www.3d178.cn/kaijiang/2026/2026005.shtml,https://www.8200.cn/kjh/p3/2026005.htm,https://m.ydniu.com/kaijiang/pl5/sjh/2026005.html
2026-01-06,2026006,244,201,335,824,2026006,718,185,71888,185,70590,一致,一致,是,https://www.8200.cn/kjh/3d/2026006.htm,https://www.3d178.cn/kaijiang/2026/2026006.shtml,https://www.8200.cn/kjh/p3/2026006.htm,https://m.ydniu.com/kaijiang/pl5/sjh/2026006.html
2026-01-07,2026007,353,680,814,979,2026007,126,605,12660,605,87482,一致,一致,是,https://www.8200.cn/kjh/3d/2026007.htm,https://www.3d178.cn/kaijiang/2026/2026007.shtml,https://www.8200.cn/kjh/p3/2026007.htm,https://m.ydniu.com/kaijiang/pl5/sjh/2026007.html
2026-01-08,2026008,252,635,457,070,2026008,509,152,50963,152,91924,一致,一致,是,https://www.8200.cn/kjh/3d/2026008.htm,https://www.3d178.cn/kaijiang/2026/2026008.shtml,https://www.8200.cn/kjh/p3/2026008.htm,https://m.ydniu.com/kaijiang/pl5/sjh/2026008.html
2026-01-09,2026009,265,851,626,252,2026009,248,210,24821,210,16152,一致,一致,是,https://www.8200.cn/kjh/3d/2026009.htm,https://www.3d178.cn/kaijiang/2026/2026009.shtml,https://www.8200.cn/kjh/p3/2026009.htm,https://m.ydniu.com/kaijiang/pl5/sjh/2026009.html
2026-01-10,2026010,667,859,813,621,2026010,920,878,92034,878,00204,一致,一致,是,https://www.8200.cn/kjh/3d/2026010.htm,https://www.3d178.cn/kaijiang/2026/2026010.shtml,https://www.8200.cn/kjh/p3/2026010.htm,https://m.ydniu.com/kaijiang/pl5/sjh/2026010.html
2026-01-11,2026011,647,243,925,848,2026011,030,149,03067,149,83745,一致,一致,是,https://www.8200.cn/kjh/3d/2026011.htm,https://www.3d178.cn/kaijiang/2026/2026011.shtml,https://www.8200.cn/kjh/p3/2026011.htm,https://m.ydniu.com/kaijiang/pl5/sjh/2026011.html
2026-01-12,2026012,241,261,417,346,2026012,522,601,52201,601,32121,一致,一致,是,https://www.8200.cn/kjh/3d/2026012.htm,https://www.3d178.cn/kaijiang/2026/2026012.shtml,https://www.8200.cn/kjh/p3/2026012.htm,https://m.ydniu.com/kaijiang/pl5/sjh/2026012.html
2026-01-13,2026013,513,065,206,195,2026013,477,863,47787,863,01100,一致,一致,是,https://www.8200.cn/kjh/3d/2026013.htm,https://www.3d178.cn/kaijiang/2026/2026013.shtml,https://www.8200.cn/kjh/p3/2026013.htm,https://m.ydniu.com/kaijiang/pl5/sjh/2026013.html
2026-01-14,2026014,050,691,833,715,2026014,833,831,83382,831,40875,一致,一致,是,https://www.8200.cn/kjh/3d/2026014.htm,https://www.3d178.cn/kaijiang/2026/2026014.shtml,https://www.8200.cn/kjh/p3/2026014.htm,https://m.ydniu.com/kaijiang/pl5/sjh/2026014.html
2026-01-15,2026015,532,290,276,060,2026015,202,808,20244,808,83881,一致,一致,是,https://www.8200.cn/kjh/3d/2026015.htm,https://www.3d178.cn/kaijiang/2026/2026015.shtml,https://www.8200.cn/kjh/p3/2026015.htm,https://m.ydniu.com/kaijiang/pl5/sjh/2026015.html
2026-01-16,2026016,582,726,483,275,2026016,215,829,21591,829,88383,一致,一致,是,https://www.8200.cn/kjh/3d/2026016.htm,https://www.3d178.cn/kaijiang/2026/2026016.shtml,https://www.8200.cn/kjh/p3/2026016.htm,https://m.ydniu.com/kaijiang/pl5/sjh/2026016.html
2026-01-17,2026017,945,918,572,905,2026017,112,188,11288,188,17368,一致,一致,是,https://www.8200.cn/kjh/3d/2026017.htm,https://www.3d178.cn/kaijiang/2026/2026017.shtml,https://www.8200.cn/kjh/p3/2026017.htm,https://m.ydniu.com/kaijiang/pl5/sjh/2026017.html
2026-01-18,2026018,494,104,163,375,2026018,896,336,89632,336,27547,一致,一致,是,https://www.8200.cn/kjh/3d/2026018.htm,https://www.3d178.cn/kaijiang/2026/2026018.shtml,https://www.8200.cn/kjh/p3/2026018.htm,https://m.ydniu.com/kaijiang/pl5/sjh/2026018.html
2026-01-19,2026019,223,834,802,956,2026019,848,413,84897,413,48923,一致,一致,是,https://www.8200.cn/kjh/3d/2026019.htm,https://www.3d178.cn/kaijiang/2026/2026019.shtml,https://www.8200.cn/kjh/p3/2026019.htm,https://m.ydniu.com/kaijiang/pl5/sjh/2026019.html
2026-01-20,2026020,676,961,979,184,2026020,095,675,09584,675,10233,一致,一致,是,https://www.8200.cn/kjh/3d/2026020.htm,https://www.3d178.cn/kaijiang/2026/2026020.shtml,https://www.8200.cn/kjh/p3/2026020.htm,https://m.ydniu.com/kaijiang/pl5/sjh/2026020.html
2026-01-21,2026021,559,583,364,288,2026021,263,502,26302,502,31349,一致,一致,是,https://www.8200.cn/kjh/3d/2026021.htm,https://www.3d178.cn/kaijiang/2026/2026021.shtml,https://www.8200.cn/kjh/p3/2026021.htm,https://m.ydniu.com/kaijiang/pl5/sjh/2026021.html
2026-01-22,2026022,678,263,657,526,2026022,255,560,25502,560,32201,一致,一致,是,https://www.8200.cn/kjh/3d/2026022.htm,https://www.3d178.cn/kaijiang/2026/2026022.shtml,https://www.8200.cn/kjh/p3/2026022.htm,https://m.ydniu.com/kaijiang/pl5/sjh/2026022.html
2026-01-23,2026023,784,687,192,781,2026023,495,308,49527,308,72223,一致,一致,是,https://www.8200.cn/kjh/3d/2026023.htm,https://www.3d178.cn/kaijiang/2026/2026023.shtml,https://www.8200.cn/kjh/p3/2026023.htm,https://m.ydniu.com/kaijiang/pl5/sjh/2026023.html
2026-01-24,2026024,911,385,368,093,2026024,268,580,26832,580,04339,一致,一致,是,https://www.8200.cn/kjh/3d/2026024.htm,https://www.3d178.cn/kaijiang/2026/2026024.shtml,https://www.8200.cn/kjh/p3/2026024.htm,https://m.ydniu.com/kaijiang/pl5/sjh/2026024.html
2026-01-25,2026025,029,402,274,064,2026025,181,997,18111,997,94365,一致,一致,是,https://www.8200.cn/kjh/3d/2026025.htm,https://www.3d178.cn/kaijiang/2026/2026025.shtml,https://www.8200.cn/kjh/p3/2026025.htm,https://m.ydniu.com/kaijiang/pl5/sjh/2026025.html
2026-01-26,2026026,099,104,519,323,2026026,291,623,29144,623,28279,一致,一致,是,https://www.8200.cn/kjh/3d/2026026.htm,https://www.3d178.cn/kaijiang/2026/2026026.shtml,https://www.8200.cn/kjh/p3/2026026.htm,https://m.ydniu.com/kaijiang/pl5/sjh/2026026.html
2026-01-27,2026027,126,095,262,861,2026027,084,529,08407,529,90513,一致,一致,是,https://www.8200.cn/kjh/3d/2026027.htm,https://www.3d178.cn/kaijiang/2026/2026027.shtml,https://www.8200.cn/kjh/p3/2026027.htm,https://m.ydniu.com/kaijiang/pl5/sjh/2026027.html
2026-01-28,2026028,270,782,393,084,2026028,499,531,49995,531,30551,一致,一致,是,https://www.8200.cn/kjh/3d/2026028.htm,https://www.3d178.cn/kaijiang/2026/2026028.shtml,https://www.8200.cn/kjh/p3/2026028.htm,https://m.ydniu.com/kaijiang/pl5/sjh/2026028.html
2026-01-29,2026029,003,738,408,156,2026029,613,612,61378,612,94803,一致,一致,是,https://www.8200.cn/kjh/3d/2026029.htm,https://www.3d178.cn/kaijiang/2026/2026029.shtml,https://www.8200.cn/kjh/p3/2026029.htm,https://m.ydniu.com/kaijiang/pl5/sjh/2026029.html
2026-01-30,2026030,134,934,673,271,2026030,811,730,81152,730,18684,一致,一致,是,https://www.8200.cn/kjh/3d/2026030.htm,https://www.3d178.cn/kaijiang/2026/2026030.shtml,https://www.8200.cn/kjh/p3/2026030.htm,https://m.ydniu.com/kaijiang/pl5/sjh/2026030.html
2026-01-31,2026031,142,351,945,740,2026031,786,923,78696,923,36682,一致,一致,是,https://www.8200.cn/kjh/3d/2026031.htm,https://www.3d178.cn/kaijiang/2026/2026031.shtml,https://www.8200.cn/kjh/p3/2026031.htm,https://m.ydniu.com/kaijiang/pl5/sjh/2026031.html
2026-02-01,2026032,452,475,114,891,2026032,730,794,73078,794,85116,一致,一致,是,https://www.8200.cn/kjh/3d/2026032.htm,https://www.3d178.cn/kaijiang/2026/2026032.shtml,https://www.8200.cn/kjh/p3/2026032.htm,https://m.ydniu.com/kaijiang/pl5/sjh/2026032.html
2026-02-02,2026033,119,273,992,597,2026033,141,407,14132,407,23771,一致,一致,是,https://www.8200.cn/kjh/3d/2026033.htm,https://www.3d178.cn/kaijiang/2026/2026033.shtml,https://www.8200.cn/kjh/p3/2026033.htm,https://m.ydniu.com/kaijiang/pl5/sjh/2026033.html
2026-02-03,2026034,052,642,687,557,2026034,216,597,21699,597,70512,一致,一致,是,https://www.8200.cn/kjh/3d/2026034.htm,https://www.3d178.cn/kaijiang/2026/2026034.shtml,https://www.8200.cn/kjh/p3/2026034.htm,https://m.ydniu.com/kaijiang/pl5/sjh/2026034.html
2026-02-04,2026035,213,705,930,980,2026035,717,331,71704,331,87290,一致,一致,是,https://www.8200.cn/kjh/3d/2026035.htm,https://www.3d178.cn/kaijiang/2026/2026035.shtml,https://www.8200.cn/kjh/p3/2026035.htm,https://m.ydniu.com/kaijiang/pl5/sjh/2026035.html
2026-02-05,2026036,762,015,851,015,2026036,788,510,78824,510,70998,一致,一致,是,https://www.8200.cn/kjh/3d/2026036.htm,https://www.3d178.cn/kaijiang/2026/2026036.shtml,https://www.8200.cn/kjh/p3/2026036.htm,https://m.ydniu.com/kaijiang/pl5/sjh/2026036.html
2026-02-06,2026037,420,251,624,695,2026037,724,906,72452,906,74790,一致,一致,是,https://www.8200.cn/kjh/3d/2026037.htm,https://www.3d178.cn/kaijiang/2026/2026037.shtml,https://www.8200.cn/kjh/p3/2026037.htm,https://m.ydniu.com/kaijiang/pl5/sjh/2026037.html
2026-02-07,2026038,467,950,531,981,2026038,789,794,78987,794,64754,一致,一致,是,https://www.8200.cn/kjh/3d/2026038.htm,https://www.3d178.cn/kaijiang/2026/2026038.shtml,https://www.8200.cn/kjh/p3/2026038.htm,https://m.ydniu.com/kaijiang/pl5/sjh/2026038.html
2026-02-08,2026039,450,170,337,567,2026039,852,286,85288,286,77793,一致,一致,是,https://www.8200.cn/kjh/3d/2026039.htm,https://www.3d178.cn/kaijiang/2026/2026039.shtml,https://www.8200.cn/kjh/p3/2026039.htm,https://m.ydniu.com/kaijiang/pl5/sjh/2026039.html
2026-02-09,2026040,425,930,469,600,2026040,009,576,00979,576,27502,一致,一致,是,https://www.8200.cn/kjh/3d/2026040.htm,https://www.3d178.cn/kaijiang/2026/2026040.shtml,https://www.8200.cn/kjh/p3/2026040.htm,https://m.ydniu.com/kaijiang/pl5/sjh/2026040.html
2026-02-10,2026041,901,706,138,542,2026041,639,937,63965,937,32146,一致,一致,是,https://www.8200.cn/kjh/3d/2026041.htm,https://www.3d178.cn/kaijiang/2026/2026041.shtml,https://www.8200.cn/kjh/p3/2026041.htm,https://m.ydniu.com/kaijiang/pl5/sjh/2026041.html
2026-02-11,2026042,854,528,795,577,2026042,795,387,79524,387,89173,一致,一致,是,https://www.8200.cn/kjh/3d/2026042.htm,https://www.3d178.cn/kaijiang/2026/2026042.shtml,https://www.8200.cn/kjh/p3/2026042.htm,https://m.ydniu.com/kaijiang/pl5/sjh/2026042.html
2026-02-12,2026043,765,406,308,402,2026043,179,166,17927,166,96409,一致,一致,是,https://www.8200.cn/kjh/3d/2026043.htm,https://www.3d178.cn/kaijiang/2026/2026043.shtml,https://www.8200.cn/kjh/p3/2026043.htm,https://m.ydniu.com/kaijiang/pl5/sjh/2026043.html
2026-02-13,2026044,589,604,426,773,2026044,051,724,05162,724,79177,一致,一致,是,https://www.8200.cn/kjh/3d/2026044.htm,https://www.3d178.cn/kaijiang/2026/2026044.shtml,https://www.8200.cn/kjh/p3/2026044.htm,https://m.ydniu.com/kaijiang/pl5/sjh/2026044.html
2026-02-14,2026045,181,830,970,287,,,,,,,无法校验,一致,否,https://www.8200.cn/kjh/3d/2026045.htm,https://www.3d178.cn/kaijiang/2026/2026045.shtml,,
2026-02-24,,,,,,2026045,144,268,14471,268,26150,一致,无法校验,否,,,https://www.8200.cn/kjh/p3/2026045.htm,https://m.ydniu.com/kaijiang/pl5/sjh/2026045.html
2026-02-25,2026046,291,645,213,334,2026046,703,153,70323,153,70113,一致,一致,是,https://www.8200.cn/kjh/3d/2026046.htm,https://www.3d178.cn/kaijiang/2026/2026046.shtml,https://www.8200.cn/kjh/p3/2026046.htm,https://m.ydniu.com/kaijiang/pl5/sjh/2026046.html
2026-02-26,2026047,936,605,988,980,2026047,330,436,33045,436,57439,一致,一致,是,https://www.8200.cn/kjh/3d/2026047.htm,https://www.3d178.cn/kaijiang/2026/2026047.shtml,https://www.8200.cn/kjh/p3/2026047.htm,https://m.ydniu.com/kaijiang/pl5/sjh/2026047.html
2026-02-27,2026048,612,812,065,159,2026048,097,104,09767,104,40551,一致,一致,是,https://www.8200.cn/kjh/3d/2026048.htm,https://www.3d178.cn/kaijiang/2026/2026048.shtml,https://www.8200.cn/kjh/p3/2026048.htm,https://m.ydniu.com/kaijiang/pl5/sjh/2026048.html
2026-02-28,2026049,110,378,472,752,2026049,592,448,59259,448,30033,一致,一致,是,https://www.8200.cn/kjh/3d/2026049.htm,https://www.3d178.cn/kaijiang/2026/2026049.shtml,https://www.8200.cn/kjh/p3/2026049.htm,https://m.ydniu.com/kaijiang/pl5/sjh/2026049.html
2026-03-01,2026050,689,098,318,168,2026050,435,608,43547,608,77412,一致,一致,是,https://www.8200.cn/kjh/3d/2026050.htm,https://www.3d178.cn/kaijiang/2026/2026050.shtml,https://www.8200.cn/kjh/p3/2026050.htm,https://m.ydniu.com/kaijiang/pl5/sjh/2026050.html
2026-03-02,2026051,302,528,756,975,2026051,045,518,04537,518,81155,一致,一致,是,https://www.8200.cn/kjh/3d/2026051.htm,https://www.3d178.cn/kaijiang/2026/2026051.shtml,https://www.8200.cn/kjh/p3/2026051.htm,https://m.ydniu.com/kaijiang/pl5/sjh/2026051.html
2026-03-03,2026052,277,073,927,046,2026052,649,173,64915,173,51649,一致,一致,是,https://www.8200.cn/kjh/3d/2026052.htm,https://www.3d178.cn/kaijiang/2026/2026052.shtml,https://www.8200.cn/kjh/p3/2026052.htm,https://m.ydniu.com/kaijiang/pl5/sjh/2026052.html
2026-03-04,2026053,755,578,116,137,2026053,744,730,74492,730,20162,一致,一致,是,https://www.8200.cn/kjh/3d/2026053.htm,https://www.3d178.cn/kaijiang/2026/2026053.shtml,https://www.8200.cn/kjh/p3/2026053.htm,https://m.ydniu.com/kaijiang/pl5/sjh/2026053.html
2026-03-05,2026054,217,163,875,895,2026054,655,133,65564,133,98152,一致,一致,是,https://www.8200.cn/kjh/3d/2026054.htm,https://www.3d178.cn/kaijiang/2026/2026054.shtml,https://www.8200.cn/kjh/p3/2026054.htm,https://m.ydniu.com/kaijiang/pl5/sjh/2026054.html
2026-03-06,2026055,107,820,912,278,2026055,537,829,53752,829,26786,一致,一致,是,https://www.8200.cn/kjh/3d/2026055.htm,https://www.3d178.cn/kaijiang/2026/2026055.shtml,https://www.8200.cn/kjh/p3/2026055.htm,https://m.ydniu.com/kaijiang/pl5/sjh/2026055.html
2026-03-07,2026056,477,781,403,328,2026056,119,324,11921,324,97131,一致,一致,是,https://www.8200.cn/kjh/3d/2026056.htm,https://www.3d178.cn/kaijiang/2026/2026056.shtml,https://www.8200.cn/kjh/p3/2026056.htm,https://m.ydniu.com/kaijiang/pl5/sjh/2026056.html
2026-03-08,2026057,264,182,574,766,2026057,479,139,47931,139,76311,一致,一致,是,https://www.8200.cn/kjh/3d/2026057.htm,https://www.3d178.cn/kaijiang/2026/2026057.shtml,https://www.8200.cn/kjh/p3/2026057.htm,https://m.ydniu.com/kaijiang/pl5/sjh/2026057.html
2026-03-09,2026058,543,614,961,923,2026058,590,621,59064,621,10653,一致,一致,是,https://www.8200.cn/kjh/3d/2026058.htm,https://www.3d178.cn/kaijiang/2026/2026058.shtml,https://www.8200.cn/kjh/p3/2026058.htm,https://m.ydniu.com/kaijiang/pl5/sjh/2026058.html
2026-03-10,2026059,794,897,702,795,2026059,209,960,20996,960,19018,一致,一致,是,https://www.8200.cn/kjh/3d/2026059.htm,https://www.3d178.cn/kaijiang/2026/2026059.shtml,https://www.8200.cn/kjh/p3/2026059.htm,https://m.ydniu.com/kaijiang/pl5/sjh/2026059.html
2026-03-11,2026060,943,310,434,849,2026060,118,878,11800,878,77925,一致,一致,是,https://www.8200.cn/kjh/3d/2026060.htm,https://www.3d178.cn/kaijiang/2026/2026060.shtml,https://www.8200.cn/kjh/p3/2026060.htm,https://m.ydniu.com/kaijiang/pl5/sjh/2026060.html
2026-03-12,2026061,429,314,879,781,2026061,347,524,34749,524,50107,一致,一致,是,https://www.8200.cn/kjh/3d/2026061.htm,https://www.3d178.cn/kaijiang/2026/2026061.shtml,https://www.8200.cn/kjh/p3/2026061.htm,https://m.ydniu.com/kaijiang/pl5/sjh/2026061.html
2026-03-13,2026062,294,750,388,631,2026062,315,570,31542,570,18693,一致,一致,是,https://www.8200.cn/kjh/3d/2026062.htm,https://www.3d178.cn/kaijiang/2026/2026062.shtml,https://www.8200.cn/kjh/p3/2026062.htm,https://m.ydniu.com/kaijiang/pl5/sjh/2026062.html
2026-03-14,2026063,517,809,561,764,2026063,723,806,72384,806,29923,一致,一致,是,https://www.8200.cn/kjh/3d/2026063.htm,https://www.3d178.cn/kaijiang/2026/2026063.shtml,https://www.8200.cn/kjh/p3/2026063.htm,https://m.ydniu.com/kaijiang/pl5/sjh/2026063.html
2026-03-15,2026064,604,819,194,272,2026064,528,663,52894,663,88621,一致,一致,是,https://www.8200.cn/kjh/3d/2026064.htm,https://www.3d178.cn/kaijiang/2026/2026064.shtml,https://www.8200.cn/kjh/p3/2026064.htm,https://m.ydniu.com/kaijiang/pl5/sjh/2026064.html
2026-03-16,2026065,057,861,684,211,2026065,851,781,85185,781,18739,一致,一致,是,https://www.8200.cn/kjh/3d/2026065.htm,https://www.3d178.cn/kaijiang/2026/2026065.shtml,https://www.8200.cn/kjh/p3/2026065.htm,https://m.ydniu.com/kaijiang/pl5/sjh/2026065.html
2026-03-17,2026066,934,614,773,745,2026066,807,698,80787,698,66965,一致,一致,是,https://www.8200.cn/kjh/3d/2026066.htm,https://www.3d178.cn/kaijiang/2026/2026066.shtml,https://www.8200.cn/kjh/p3/2026066.htm,https://m.ydniu.com/kaijiang/pl5/sjh/2026066.html
2026-03-18,2026067,695,793,140,550,2026067,428,192,42812,192,51267,一致,一致,是,https://www.8200.cn/kjh/3d/2026067.htm,https://www.3d178.cn/kaijiang/2026/2026067.shtml,https://www.8200.cn/kjh/p3/2026067.htm,https://m.ydniu.com/kaijiang/pl5/sjh/2026067.html
2026-03-19,2026068,706,571,298,781,2026068,840,536,84009,536,49482,一致,一致,是,https://www.8200.cn/kjh/3d/2026068.htm,https://www.3d178.cn/kaijiang/2026/2026068.shtml,https://www.8200.cn/kjh/p3/2026068.htm,https://m.ydniu.com/kaijiang/pl5/sjh/2026068.html
2026-03-20,2026069,908,897,736,075,2026069,114,917,11469,917,22330,一致,一致,是,https://www.8200.cn/kjh/3d/2026069.htm,https://www.3d178.cn/kaijiang/2026/2026069.shtml,https://www.8200.cn/kjh/p3/2026069.htm,https://m.ydniu.com/kaijiang/pl5/sjh/2026069.html
2026-03-21,2026070,484,526,658,793,2026070,131,746,13189,746,73308,一致,一致,是,https://www.8200.cn/kjh/3d/2026070.htm,https://www.3d178.cn/kaijiang/2026/2026070.shtml,https://www.8200.cn/kjh/p3/2026070.htm,https://m.ydniu.com/kaijiang/pl5/sjh/2026070.html
2026-03-22,2026071,261,346,422,520,2026071,551,801,55153,801,09938,一致,一致,是,https://www.8200.cn/kjh/3d/2026071.htm,https://www.3d178.cn/kaijiang/2026/2026071.shtml,https://www.8200.cn/kjh/p3/2026071.htm,https://m.ydniu.com/kaijiang/pl5/sjh/2026071.html
2026-03-23,2026072,245,756,783,353,2026072,115,514,11514,514,27912,一致,一致,是,https://www.8200.cn/kjh/3d/2026072.htm,https://www.3d178.cn/kaijiang/2026/2026072.shtml,https://www.8200.cn/kjh/p3/2026072.htm,https://m.ydniu.com/kaijiang/pl5/sjh/2026072.html
2026-03-24,2026073,504,248,105,634,2026073,325,384,32500,384,95033,一致,一致,是,https://www.8200.cn/kjh/3d/2026073.htm,https://www.3d178.cn/kaijiang/2026/2026073.shtml,https://www.8200.cn/kjh/p3/2026073.htm,https://m.ydniu.com/kaijiang/pl5/sjh/2026073.html
2026-03-25,2026074,487,256,659,159,2026074,406,965,40633,965,16199,一致,一致,是,https://www.8200.cn/kjh/3d/2026074.htm,https://www.3d178.cn/kaijiang/2026/2026074.shtml,https://www.8200.cn/kjh/p3/2026074.htm,https://m.ydniu.com/kaijiang/pl5/sjh/2026074.html
2026-03-26,2026075,816,453,432,410,2026075,437,420,43743,420,88845,一致,一致,是,https://www.8200.cn/kjh/3d/2026075.htm,https://www.3d178.cn/kaijiang/2026/2026075.shtml,https://www.8200.cn/kjh/p3/2026075.htm,https://m.ydniu.com/kaijiang/pl5/sjh/2026075.html
2026-03-27,2026076,863,418,811,646,2026076,419,342,41964,342,00438,一致,一致,是,https://www.8200.cn/kjh/3d/2026076.htm,https://www.3d178.cn/kaijiang/2026/2026076.shtml,https://www.8200.cn/kjh/p3/2026076.htm,https://m.ydniu.com/kaijiang/pl5/sjh/2026076.html
2026-03-28,2026077,112,763,245,491,2026077,780,829,78074,829,18055,一致,一致,是,https://www.8200.cn/kjh/3d/2026077.htm,https://www.3d178.cn/kaijiang/2026/2026077.shtml,https://www.8200.cn/kjh/p3/2026077.htm,https://m.ydniu.com/kaijiang/pl5/sjh/2026077.html
2026-03-29,2026078,049,187,989,814,2026078,634,581,63486,581,21703,一致,一致,是,https://www.8200.cn/kjh/3d/2026078.htm,https://www.3d178.cn/kaijiang/2026/2026078.shtml,https://www.8200.cn/kjh/p3/2026078.htm,https://m.ydniu.com/kaijiang/pl5/sjh/2026078.html
2026-03-30,2026079,233,539,406,312,2026079,195,117,19599,117,77911,一致,一致,是,https://www.8200.cn/kjh/3d/2026079.htm,https://www.3d178.cn/kaijiang/2026/2026079.shtml,https://www.8200.cn/kjh/p3/2026079.htm,https://m.ydniu.com/kaijiang/pl5/sjh/2026079.html
2026-03-31,2026080,802,984,151,272,2026080,770,822,77006,822,44380,一致,一致,是,https://www.8200.cn/kjh/3d/2026080.htm,https://www.3d178.cn/kaijiang/2026/2026080.shtml,https://www.8200.cn/kjh/p3/2026080.htm,https://m.ydniu.com/kaijiang/pl5/sjh/2026080.html
2026-04-01,2026081,827,301,730,234,2026081,690,933,69016,933,03749,一致,一致,是,https://www.8200.cn/kjh/3d/2026081.htm,https://www.3d178.cn/kaijiang/2026/2026081.shtml,https://www.8200.cn/kjh/p3/2026081.htm,https://m.ydniu.com/kaijiang/pl5/sjh/2026081.html
2026-04-02,2026082,942,620,468,886,2026082,048,427,04838,427,38822,一致,一致,是,https://www.8200.cn/kjh/3d/2026082.htm,https://www.3d178.cn/kaijiang/2026/2026082.shtml,https://www.8200.cn/kjh/p3/2026082.htm,https://m.ydniu.com/kaijiang/pl5/sjh/2026082.html
2026-04-03,2026083,506,318,189,316,2026083,903,948,90340,948,24509,一致,一致,是,https://www.8200.cn/kjh/3d/2026083.htm,https://www.3d178.cn/kaijiang/2026/2026083.shtml,https://www.8200.cn/kjh/p3/2026083.htm,https://m.ydniu.com/kaijiang/pl5/sjh/2026083.html
2026-04-04,2026084,456,753,837,180,2026084,004,725,00493,725,75681,一致,一致,是,https://www.8200.cn/kjh/3d/2026084.htm,https://www.3d178.cn/kaijiang/2026/2026084.shtml,https://www.8200.cn/kjh/p3/2026084.htm,https://m.ydniu.com/kaijiang/pl5/sjh/2026084.html
2026-04-05,2026085,118,204,902,885,2026085,020,918,02077,918,46730,一致,一致,是,https://www.8200.cn/kjh/3d/2026085.htm,https://www.3d178.cn/kaijiang/2026/2026085.shtml,https://www.8200.cn/kjh/p3/2026085.htm,https://m.ydniu.com/kaijiang/pl5/sjh/2026085.html
2026-04-06,2026086,382,325,463,554,2026086,334,624,33488,624,22490,一致,一致,是,https://www.8200.cn/kjh/3d/2026086.htm,https://www.3d178.cn/kaijiang/2026/2026086.shtml,https://www.8200.cn/kjh/p3/2026086.htm,https://m.ydniu.com/kaijiang/pl5/sjh/2026086.html
2026-04-07,2026087,911,480,208,905,2026087,070,607,07076,607,43282,一致,一致,是,https://www.8200.cn/kjh/3d/2026087.htm,https://www.3d178.cn/kaijiang/2026/2026087.shtml,https://www.8200.cn/kjh/p3/2026087.htm,https://m.ydniu.com/kaijiang/pl5/sjh/2026087.html
2026-04-08,2026088,608,248,795,563,2026088,474,910,47459,910,12655,一致,一致,是,https://www.8200.cn/kjh/3d/2026088.htm,https://www.3d178.cn/kaijiang/2026/2026088.shtml,https://www.8200.cn/kjh/p3/2026088.htm,https://m.ydniu.com/kaijiang/pl5/sjh/2026088.html
2026-04-09,2026089,922,758,261,116,2026089,216,310,21634,310,01091,一致,一致,是,https://www.8200.cn/kjh/3d/2026089.htm,https://www.3d178.cn/kaijiang/2026/2026089.shtml,https://www.8200.cn/kjh/p3/2026089.htm,https://m.ydniu.com/kaijiang/pl5/sjh/2026089.html
2026-04-10,2026090,816,426,485,369,2026090,954,849,95443,849,36466,一致,一致,是,https://www.8200.cn/kjh/3d/2026090.htm,https://www.3d178.cn/kaijiang/2026/2026090.shtml,https://www.8200.cn/kjh/p3/2026090.htm,https://m.ydniu.com/kaijiang/pl5/sjh/2026090.html
2026-04-11,2026091,537,839,909,406,2026091,202,721,20282,721,28403,一致,一致,是,https://www.8200.cn/kjh/3d/2026091.htm,https://www.3d178.cn/kaijiang/2026/2026091.shtml,https://www.8200.cn/kjh/p3/2026091.htm,https://m.ydniu.com/kaijiang/pl5/sjh/2026091.html
2026-04-12,2026092,870,987,768,460,2026092,761,740,76120,740,31846,一致,一致,是,https://www.8200.cn/kjh/3d/2026092.htm,https://www.3d178.cn/kaijiang/2026/2026092.shtml,https://www.8200.cn/kjh/p3/2026092.htm,https://m.ydniu.com/kaijiang/pl5/sjh/2026092.html
2026-04-13,2026093,518,395,155,248,2026093,998,821,99876,821,50327,一致,一致,是,https://www.8200.cn/kjh/3d/2026093.htm,https://www.3d178.cn/kaijiang/2026/2026093.shtml,https://www.8200.cn/kjh/p3/2026093.htm,https://m.ydniu.com/kaijiang/pl5/sjh/2026093.html
2026-04-14,2026094,418,218,632,736,2026094,938,916,93811,916,05474,一致,一致,是,https://www.8200.cn/kjh/3d/2026094.htm,https://www.3d178.cn/kaijiang/2026/2026094.shtml,https://www.8200.cn/kjh/p3/2026094.htm,https://m.ydniu.com/kaijiang/pl5/sjh/2026094.html
2026-04-15,2026095,022,630,407,519,2026095,568,518,56819,518,77918,一致,一致,是,https://www.8200.cn/kjh/3d/2026095.htm,https://www.3d178.cn/kaijiang/2026/2026095.shtml,https://www.8200.cn/kjh/p3/2026095.htm,https://m.ydniu.com/kaijiang/pl5/sjh/2026095.html
2026-04-16,2026096,689,764,382,354,2026096,643,264,64391,264,51734,一致,一致,是,https://www.8200.cn/kjh/3d/2026096.htm,https://www.3d178.cn/kaijiang/2026/2026096.shtml,https://www.8200.cn/kjh/p3/2026096.htm,https://m.ydniu.com/kaijiang/pl5/sjh/2026096.html
2026-04-17,2026097,818,965,143,545,2026097,226,148,22682,148,83023,一致,一致,是,https://www.8200.cn/kjh/3d/2026097.htm,https://www.3d178.cn/kaijiang/2026/2026097.shtml,https://www.8200.cn/kjh/p3/2026097.htm,https://m.ydniu.com/kaijiang/pl5/sjh/2026097.html
2026-04-18,2026098,513,048,545,461,2026098,974,749,97435,749,67745,一致,一致,是,https://www.8200.cn/kjh/3d/2026098.htm,https://www.3d178.cn/kaijiang/2026/2026098.shtml,https://www.8200.cn/kjh/p3/2026098.htm,https://m.ydniu.com/kaijiang/pl5/sjh/2026098.html
2026-04-19,2026099,877,729,727,987,2026099,424,192,42414,192,74562,一致,一致,是,https://www.8200.cn/kjh/3d/2026099.htm,https://www.3d178.cn/kaijiang/2026/2026099.shtml,https://www.8200.cn/kjh/p3/2026099.htm,https://m.ydniu.com/kaijiang/pl5/sjh/2026099.html
2026-04-20,2026100,414,479,921,817,2026100,207,388,20758,388,51625,一致,一致,是,https://www.8200.cn/kjh/3d/2026100.htm,https://www.3d178.cn/kaijiang/2026/2026100.shtml,https://www.8200.cn/kjh/p3/2026100.htm,https://m.ydniu.com/kaijiang/pl5/sjh/2026100.html
2026-04-21,2026101,584,201,674,629,2026101,090,235,09033,235,38080,一致,一致,是,https://www.8200.cn/kjh/3d/2026101.htm,https://www.3d178.cn/kaijiang/2026/2026101.shtml,https://www.8200.cn/kjh/p3/2026101.htm,https://m.ydniu.com/kaijiang/pl5/sjh/2026101.html
2026-04-22,2026102,420,639,669,985,2026102,490,629,49026,629,95598,一致,一致,是,https://www.8200.cn/kjh/3d/2026102.htm,https://www.3d178.cn/kaijiang/2026/2026102.shtml,https://www.8200.cn/kjh/p3/2026102.htm,https://m.ydniu.com/kaijiang/pl5/sjh/2026102.html
2026-04-23,2026103,661,479,214,299,2026103,901,863,90120,863,90701,一致,一致,是,https://www.8200.cn/kjh/3d/2026103.htm,https://www.3d178.cn/kaijiang/2026/2026103.shtml,https://www.8200.cn/kjh/p3/2026103.htm,https://m.ydniu.com/kaijiang/pl5/sjh/2026103.html
2026-04-24,2026104,482,038,508,192,2026104,786,518,78670,518,89779,一致,一致,是,https://www.8200.cn/kjh/3d/2026104.htm,https://www.3d178.cn/kaijiang/2026/2026104.shtml,https://www.8200.cn/kjh/p3/2026104.htm,https://m.ydniu.com/kaijiang/pl5/sjh/2026104.html
2026-04-25,2026105,631,075,497,335,2026105,217,559,21763,559,47909,一致,一致,是,https://www.8200.cn/kjh/3d/2026105.htm,https://www.3d178.cn/kaijiang/2026/2026105.shtml,https://www.8200.cn/kjh/p3/2026105.htm,https://m.ydniu.com/kaijiang/pl5/sjh/2026105.html
2026-04-26,2026106,928,813,803,422,2026106,343,427,34399,427,99882,一致,一致,是,https://www.8200.cn/kjh/3d/2026106.htm,https://www.3d178.cn/kaijiang/2026/2026106.shtml,https://www.8200.cn/kjh/p3/2026106.htm,https://m.ydniu.com/kaijiang/pl5/sjh/2026106.html
2026-04-27,2026107,278,894,291,420,2026107,154,853,15413,853,97453,一致,一致,是,https://www.8200.cn/kjh/3d/2026107.htm,https://www.3d178.cn/kaijiang/2026/2026107.shtml,https://www.8200.cn/kjh/p3/2026107.htm,https://m.ydniu.com/kaijiang/pl5/sjh/2026107.html
2026-04-28,2026108,671,524,171,536,2026108,656,695,65638,695,57602,一致,一致,是,https://www.8200.cn/kjh/3d/2026108.htm,https://www.3d178.cn/kaijiang/2026/2026108.shtml,https://www.8200.cn/kjh/p3/2026108.htm,https://m.ydniu.com/kaijiang/pl5/sjh/2026108.html
2026-04-29,2026109,195,528,853,912,2026109,088,417,08812,417,53552,一致,一致,是,https://www.8200.cn/kjh/3d/2026109.htm,https://www.3d178.cn/kaijiang/2026/2026109.shtml,https://www.8200.cn/kjh/p3/2026109.htm,https://m.ydniu.com/kaijiang/pl5/sjh/2026109.html
2026-04-30,2026110,379,317,647,488,2026110,343,709,34304,709,44185,一致,一致,是,https://www.8200.cn/kjh/3d/2026110.htm,https://www.3d178.cn/kaijiang/2026/2026110.shtml,https://www.8200.cn/kjh/p3/2026110.htm,https://m.ydniu.com/kaijiang/pl5/sjh/2026110.html
2026-05-01,2026111,863,270,364,598,2026111,877,823,87790,823,07216,一致,一致,是,https://www.8200.cn/kjh/3d/2026111.htm,https://www.3d178.cn/kaijiang/2026/2026111.shtml,https://www.8200.cn/kjh/p3/2026111.htm,https://m.ydniu.com/kaijiang/pl5/sjh/2026111.html
2026-05-02,2026112,065,398,175,377,2026112,652,613,65293,613,82271,一致,一致,是,https://www.8200.cn/kjh/3d/2026112.htm,https://www.3d178.cn/kaijiang/2026/2026112.shtml,https://www.8200.cn/kjh/p3/2026112.htm,https://m.ydniu.com/kaijiang/pl5/sjh/2026112.html
2026-05-03,2026113,040,230,404,292,2026113,925,209,92585,209,95945,一致,一致,是,https://www.8200.cn/kjh/3d/2026113.htm,https://www.3d178.cn/kaijiang/2026/2026113.shtml,https://www.8200.cn/kjh/p3/2026113.htm,https://m.ydniu.com/kaijiang/pl5/sjh/2026113.html
2026-05-04,2026114,864,928,387,969,2026114,017,776,01773,776,31403,一致,一致,是,https://www.8200.cn/kjh/3d/2026114.htm,https://www.3d178.cn/kaijiang/2026/2026114.shtml,https://www.8200.cn/kjh/p3/2026114.htm,https://m.ydniu.com/kaijiang/pl5/sjh/2026114.html
2026-05-05,2026115,581,837,229,764,2026115,333,704,33301,704,20219,一致,一致,是,https://www.8200.cn/kjh/3d/2026115.htm,https://www.3d178.cn/kaijiang/2026/2026115.shtml,https://www.8200.cn/kjh/p3/2026115.htm,https://m.ydniu.com/kaijiang/pl5/sjh/2026115.html
2026-05-06,2026116,020,574,851,600,2026116,951,943,95143,943,86858,一致,一致,是,https://www.8200.cn/kjh/3d/2026116.htm,https://www.3d178.cn/kaijiang/2026/2026116.shtml,https://www.8200.cn/kjh/p3/2026116.htm,https://m.ydniu.com/kaijiang/pl5/sjh/2026116.html
2026-05-07,2026117,411,193,278,934,2026117,091,479,09128,479,77278,一致,一致,是,https://www.8200.cn/kjh/3d/2026117.htm,https://www.3d178.cn/kaijiang/2026/2026117.shtml,https://www.8200.cn/kjh/p3/2026117.htm,https://m.ydniu.com/kaijiang/pl5/sjh/2026117.html
2026-05-08,2026118,132,234,869,826,2026118,272,685,27231,685,12111,一致,一致,是,https://www.8200.cn/kjh/3d/2026118.htm,https://www.3d178.cn/kaijiang/2026/2026118.shtml,https://www.8200.cn/kjh/p3/2026118.htm,https://m.ydniu.com/kaijiang/pl5/sjh/2026118.html
2026-05-09,2026119,112,053,747,150,2026119,222,259,22219,259,00243,一致,一致,是,https://www.8200.cn/kjh/3d/2026119.htm,https://www.3d178.cn/kaijiang/2026/2026119.shtml,https://www.8200.cn/kjh/p3/2026119.htm,https://m.ydniu.com/kaijiang/pl5/sjh/2026119.html
2026-05-10,2026120,734,963,425,820,2026120,296,312,29648,312,54806,一致,一致,是,https://www.8200.cn/kjh/3d/2026120.htm,https://www.3d178.cn/kaijiang/2026/2026120.shtml,https://www.8200.cn/kjh/p3/2026120.htm,https://m.ydniu.com/kaijiang/pl5/sjh/2026120.html
2026-05-11,2026121,393,012,309,339,2026121,040,570,04033,570,78862,一致,一致,是,https://www.8200.cn/kjh/3d/2026121.htm,https://www.3d178.cn/kaijiang/2026/2026121.shtml,https://www.8200.cn/kjh/p3/2026121.htm,https://m.ydniu.com/kaijiang/pl5/sjh/2026121.html
2026-05-12,2026122,346,295,918,299,2026122,747,726,74761,726,71388,一致,一致,是,https://www.8200.cn/kjh/3d/2026122.htm,https://www.3d178.cn/kaijiang/2026/2026122.shtml,https://www.8200.cn/kjh/p3/2026122.htm,https://m.ydniu.com/kaijiang/pl5/sjh/2026122.html
2026-05-13,2026123,200,743,204,366,2026123,955,675,95512,675,94302,一致,一致,是,https://www.8200.cn/kjh/3d/2026123.htm,https://www.3d178.cn/kaijiang/2026/2026123.shtml,https://www.8200.cn/kjh/p3/2026123.htm,https://m.ydniu.com/kaijiang/pl5/sjh/2026123.html
2026-05-14,2026124,280,624,376,617,2026124,785,708,78532,708,13297,一致,一致,是,https://www.8200.cn/kjh/3d/2026124.htm,https://www.3d178.cn/kaijiang/2026/2026124.shtml,https://www.8200.cn/kjh/p3/2026124.htm,https://m.ydniu.com/kaijiang/pl5/sjh/2026124.html
2026-05-15,2026125,954,249,192,066,2026125,867,212,86721,212,61613,一致,一致,是,https://www.8200.cn/kjh/3d/2026125.htm,https://www.3d178.cn/kaijiang/2026/2026125.shtml,https://www.8200.cn/kjh/p3/2026125.htm,https://m.ydniu.com/kaijiang/pl5/sjh/2026125.html
2026-05-16,2026126,846,142,807,601,2026126,835,462,83526,462,50394,一致,一致,是,https://www.8200.cn/kjh/3d/2026126.htm,https://www.3d178.cn/kaijiang/2026/2026126.shtml,https://www.8200.cn/kjh/p3/2026126.htm,https://m.ydniu.com/kaijiang/pl5/sjh/2026126.html
2026-05-17,2026127,700,893,348,957,2026127,936,829,93603,829,19969,一致,一致,是,https://www.8200.cn/kjh/3d/2026127.htm,https://www.3d178.cn/kaijiang/2026/2026127.shtml,https://www.8200.cn/kjh/p3/2026127.htm,https://m.ydniu.com/kaijiang/pl5/sjh/2026127.html
2026-05-18,2026128,776,927,782,924,2026128,512,381,51228,381,25138,一致,一致,是,https://www.8200.cn/kjh/3d/2026128.htm,https://www.3d178.cn/kaijiang/2026/2026128.shtml,https://www.8200.cn/kjh/p3/2026128.htm,https://m.ydniu.com/kaijiang/pl5/sjh/2026128.html
2026-05-19,2026129,023,804,316,301,2026129,683,581,68331,581,97014,一致,一致,是,https://www.8200.cn/kjh/3d/2026129.htm,https://www.3d178.cn/kaijiang/2026/2026129.shtml,https://www.8200.cn/kjh/p3/2026129.htm,https://m.ydniu.com/kaijiang/pl5/sjh/2026129.html
2026-05-20,2026130,267,648,189,865,2026130,070,631,07013,631,42693,一致,一致,是,https://www.8200.cn/kjh/3d/2026130.htm,https://www.3d178.cn/kaijiang/2026/2026130.shtml,https://www.8200.cn/kjh/p3/2026130.htm,https://m.ydniu.com/kaijiang/pl5/sjh/2026130.html
2026-05-21,2026131,598,675,547,898,2026131,968,725,96841,725,23580,一致,一致,是,https://www.8200.cn/kjh/3d/2026131.htm,https://www.3d178.cn/kaijiang/2026/2026131.shtml,https://www.8200.cn/kjh/p3/2026131.htm,https://m.ydniu.com/kaijiang/pl5/sjh/2026131.html
2026-05-22,2026132,756,419,690,899,2026132,443,199,44350,199,22475,一致,一致,是,https://www.8200.cn/kjh/3d/2026132.htm,https://www.3d178.cn/kaijiang/2026/2026132.shtml,https://www.8200.cn/kjh/p3/2026132.htm,https://m.ydniu.com/kaijiang/pl5/sjh/2026132.html
2026-05-23,2026133,080,084,412,845,2026133,543,367,54370,367,90556,一致,一致,是,https://www.8200.cn/kjh/3d/2026133.htm,https://www.3d178.cn/kaijiang/2026/2026133.shtml,https://www.8200.cn/kjh/p3/2026133.htm,https://m.ydniu.com/kaijiang/pl5/sjh/2026133.html
2026-05-24,2026134,654,573,577,077,2026134,515,836,51533,836,73035,一致,一致,是,https://www.8200.cn/kjh/3d/2026134.htm,https://www.3d178.cn/kaijiang/2026/2026134.shtml,https://www.8200.cn/kjh/p3/2026134.htm,https://m.ydniu.com/kaijiang/pl5/sjh/2026134.html
2026-05-25,2026135,487,916,463,509,2026135,939,998,93925,998,18984,一致,一致,是,https://www.8200.cn/kjh/3d/2026135.htm,https://www.3d178.cn/kaijiang/2026/2026135.shtml,https://www.8200.cn/kjh/p3/2026135.htm,https://m.ydniu.com/kaijiang/pl5/sjh/2026135.html
2026-05-26,2026136,889,206,299,222,2026136,466,691,46623,691,15231,一致,一致,是,https://www.8200.cn/kjh/3d/2026136.htm,https://www.3d178.cn/kaijiang/2026/2026136.shtml,https://www.8200.cn/kjh/p3/2026136.htm,https://m.ydniu.com/kaijiang/pl5/sjh/2026136.html
2026-05-27,2026137,165,785,581,981,2026137,544,477,54436,477,76104,一致,一致,是,https://www.8200.cn/kjh/3d/2026137.htm,https://www.3d178.cn/kaijiang/2026/2026137.shtml,https://www.8200.cn/kjh/p3/2026137.htm,https://m.ydniu.com/kaijiang/pl5/sjh/2026137.html
2026-05-28,2026138,790,894,396,814,2026138,263,835,26356,835,39354,一致,一致,是,https://www.8200.cn/kjh/3d/2026138.htm,https://www.3d178.cn/kaijiang/2026/2026138.shtml,https://www.8200.cn/kjh/p3/2026138.htm,https://m.ydniu.com/kaijiang/pl5/sjh/2026138.html
2026-05-29,2026139,286,965,042,233,2026139,198,546,19811,546,55105,一致,一致,是,https://www.8200.cn/kjh/3d/2026139.htm,https://www.3d178.cn/kaijiang/2026/2026139.shtml,https://www.8200.cn/kjh/p3/2026139.htm,https://m.ydniu.com/kaijiang/pl5/sjh/2026139.html
2026-05-30,2026140,285,045,745,834,2026140,421,619,42178,619,51635,一致,一致,是,https://www.8200.cn/kjh/3d/2026140.htm,https://www.3d178.cn/kaijiang/2026/2026140.shtml,https://www.8200.cn/kjh/p3/2026140.htm,https://m.ydniu.com/kaijiang/pl5/sjh/2026140.html
2026-05-31,2026141,397,047,838,843,2026141,215,688,21582,688,09915,一致,一致,是,https://www.8200.cn/kjh/3d/2026141.htm,https://www.3d178.cn/kaijiang/2026/2026141.shtml,https://www.8200.cn/kjh/p3/2026141.htm,https://m.ydniu.com/kaijiang/pl5/sjh/2026141.html
2026-06-01,2026142,894,089,934,033,2026142,916,173,91617,173,87194,一致,一致,是,https://www.8200.cn/kjh/3d/2026142.htm,https://www.3d178.cn/kaijiang/2026/2026142.shtml,https://www.8200.cn/kjh/p3/2026142.htm,https://m.ydniu.com/kaijiang/pl5/sjh/2026142.html
2026-06-02,2026143,376,813,105,823,2026143,744,695,74400,695,55752,一致,一致,是,https://www.8200.cn/kjh/3d/2026143.htm,https://www.3d178.cn/kaijiang/2026/2026143.shtml,https://www.8200.cn/kjh/p3/2026143.htm,https://m.ydniu.com/kaijiang/pl5/sjh/2026143.html
2026-06-03,2026144,726,198,337,680,2026144,462,837,46265,837,49266,一致,一致,是,https://www.8200.cn/kjh/3d/2026144.htm,https://www.3d178.cn/kaijiang/2026/2026144.shtml,https://www.8200.cn/kjh/p3/2026144.htm,https://m.ydniu.com/kaijiang/pl5/sjh/2026144.html
2026-06-04,2026145,279,762,769,210,2026145,993,299,99300,299,62248,一致,一致,是,https://www.8200.cn/kjh/3d/2026145.htm,https://www.3d178.cn/kaijiang/2026/2026145.shtml,https://www.8200.cn/kjh/p3/2026145.htm,https://m.ydniu.com/kaijiang/pl5/sjh/2026145.html
2026-06-05,2026146,464,134,512,733,2026146,154,755,15492,755,39129,一致,一致,是,https://www.8200.cn/kjh/3d/2026146.htm,https://www.3d178.cn/kaijiang/2026/2026146.shtml,https://www.8200.cn/kjh/p3/2026146.htm,https://m.ydniu.com/kaijiang/pl5/sjh/2026146.html
2026-06-06,2026147,712,607,308,729,2026147,590,638,59053,638,24140,一致,一致,是,https://www.8200.cn/kjh/3d/2026147.htm,https://www.3d178.cn/kaijiang/2026/2026147.shtml,https://www.8200.cn/kjh/p3/2026147.htm,https://m.ydniu.com/kaijiang/pl5/sjh/2026147.html
2026-06-07,2026148,408,250,941,896,2026148,065,309,06562,309,64121,一致,一致,是,https://www.8200.cn/kjh/3d/2026148.htm,https://www.3d178.cn/kaijiang/2026/2026148.shtml,https://www.8200.cn/kjh/p3/2026148.htm,https://m.ydniu.com/kaijiang/pl5/sjh/2026148.html
2026-06-08,2026149,696,105,878,012,2026149,325,796,32533,796,58906,一致,一致,是,https://www.8200.cn/kjh/3d/2026149.htm,https://www.3d178.cn/kaijiang/2026/2026149.shtml,https://www.8200.cn/kjh/p3/2026149.htm,https://m.ydniu.com/kaijiang/pl5/sjh/2026149.html
2026-06-09,2026150,720,839,564,156,2026150,340,334,34071,334,22833,一致,一致,是,https://www.8200.cn/kjh/3d/2026150.htm,https://www.3d178.cn/kaijiang/2026/2026150.shtml,https://www.8200.cn/kjh/p3/2026150.htm,https://m.ydniu.com/kaijiang/pl5/sjh/2026150.html
2026-06-10,2026151,631,034,753,707,2026151,983,513,98394,513,81185,一致,一致,是,https://www.8200.cn/kjh/3d/2026151.htm,https://www.3d178.cn/kaijiang/2026/2026151.shtml,https://www.8200.cn/kjh/p3/2026151.htm,https://m.ydniu.com/kaijiang/pl5/sjh/2026151.html
2026-06-11,2026152,220,641,924,585,2026152,151,743,15148,743,16887,一致,一致,是,https://www.8200.cn/kjh/3d/2026152.htm,https://www.3d178.cn/kaijiang/2026/2026152.shtml,https://www.8200.cn/kjh/p3/2026152.htm,https://m.ydniu.com/kaijiang/pl5/sjh/2026152.html
2026-06-12,2026153,887,013,446,797,2026153,389,845,38949,845,34429,一致,一致,是,https://www.8200.cn/kjh/3d/2026153.htm,https://www.3d178.cn/kaijiang/2026/2026153.shtml,https://www.8200.cn/kjh/p3/2026153.htm,https://m.ydniu.com/kaijiang/pl5/sjh/2026153.html
2026-06-13,2026154,377,415,725,699,2026154,473,639,47386,639,32610,一致,一致,是,https://www.8200.cn/kjh/3d/2026154.htm,https://www.3d178.cn/kaijiang/2026/2026154.shtml,https://www.8200.cn/kjh/p3/2026154.htm,https://m.ydniu.com/kaijiang/pl5/sjh/2026154.html
2026-06-14,2026155,409,597,161,903,2026155,485,760,48547,760,73370,一致,一致,是,https://www.8200.cn/kjh/3d/2026155.htm,https://www.3d178.cn/kaijiang/2026/2026155.shtml,https://www.8200.cn/kjh/p3/2026155.htm,https://m.ydniu.com/kaijiang/pl5/sjh/2026155.html
2026-06-15,2026156,162,235,234,162,2026156,641,738,64170,738,62645,一致,一致,是,https://www.8200.cn/kjh/3d/2026156.htm,https://www.3d178.cn/kaijiang/2026/2026156.shtml,https://www.8200.cn/kjh/p3/2026156.htm,https://m.ydniu.com/kaijiang/pl5/sjh/2026156.html
2026-06-16,2026157,327,068,695,634,2026157,830,211,83034,211,08550,一致,一致,是,https://www.8200.cn/kjh/3d/2026157.htm,https://www.3d178.cn/kaijiang/2026/2026157.shtml,https://www.8200.cn/kjh/p3/2026157.htm,https://m.ydniu.com/kaijiang/pl5/sjh/2026157.html
2026-06-17,2026158,178,064,204,834,2026158,911,916,91133,916,85322,一致,一致,是,https://www.8200.cn/kjh/3d/2026158.htm,https://www.3d178.cn/kaijiang/2026/2026158.shtml,https://www.8200.cn/kjh/p3/2026158.htm,https://m.ydniu.com/kaijiang/pl5/sjh/2026158.html
2026-06-18,2026159,995,278,434,508,2026159,557,204,55760,204,18767,一致,一致,是,https://www.8200.cn/kjh/3d/2026159.htm,https://www.3d178.cn/kaijiang/2026/2026159.shtml,https://www.8200.cn/kjh/p3/2026159.htm,https://m.ydniu.com/kaijiang/pl5/sjh/2026159.html
2026-06-19,2026160,332,759,138,895,2026160,551,249,55164,249,13490,一致,一致,是,https://www.8200.cn/kjh/3d/2026160.htm,https://www.3d178.cn/kaijiang/2026/2026160.shtml,https://www.8200.cn/kjh/p3/2026160.htm,https://m.ydniu.com/kaijiang/pl5/sjh/2026160.html
2026-06-20,2026161,529,953,405,114,2026161,562,130,56205,130,47994,一致,一致,是,https://www.8200.cn/kjh/3d/2026161.htm,https://www.3d178.cn/kaijiang/2026/2026161.shtml,https://www.8200.cn/kjh/p3/2026161.htm,https://m.ydniu.com/kaijiang/pl5/sjh/2026161.html
2026-06-21,2026162,585,916,866,289,2026162,369,813,36963,813,22500,一致,一致,是,https://www.8200.cn/kjh/3d/2026162.htm,https://www.3d178.cn/kaijiang/2026/2026162.shtml,https://www.8200.cn/kjh/p3/2026162.htm,https://m.ydniu.com/kaijiang/pl5/sjh/2026162.html
2026-06-22,2026163,537,951,715,466,2026163,346,958,34649,958,18901,一致,一致,是,https://www.8200.cn/kjh/3d/2026163.htm,https://www.3d178.cn/kaijiang/2026/2026163.shtml,https://www.8200.cn/kjh/p3/2026163.htm,https://m.ydniu.com/kaijiang/pl5/sjh/2026163.html
2026-06-23,2026164,690,012,037,620,2026164,715,403,71572,403,42381,一致,一致,是,https://www.8200.cn/kjh/3d/2026164.htm,https://www.3d178.cn/kaijiang/2026/2026164.shtml,https://www.8200.cn/kjh/p3/2026164.htm,https://m.ydniu.com/kaijiang/pl5/sjh/2026164.html
2026-06-24,2026165,424,875,680,894,2026165,294,405,29449,405,17636,一致,一致,是,https://www.8200.cn/kjh/3d/2026165.htm,https://www.3d178.cn/kaijiang/2026/2026165.shtml,https://www.8200.cn/kjh/p3/2026165.htm,https://m.ydniu.com/kaijiang/pl5/sjh/2026165.html
2026-06-25,2026166,900,234,247,394,2026166,229,405,22950,405,79717,一致,一致,是,https://www.8200.cn/kjh/3d/2026166.htm,https://www.3d178.cn/kaijiang/2026/2026166.shtml,https://www.8200.cn/kjh/p3/2026166.htm,https://m.ydniu.com/kaijiang/pl5/sjh/2026166.html
2026-06-26,2026167,631,387,938,638,2026167,012,803,01231,803,57102,一致,一致,是,https://www.8200.cn/kjh/3d/2026167.htm,https://www.3d178.cn/kaijiang/2026/2026167.shtml,https://www.8200.cn/kjh/p3/2026167.htm,https://m.ydniu.com/kaijiang/pl5/sjh/2026167.html
2026-06-27,2026168,130,586,716,460,2026168,192,273,19274,273,43240,一致,一致,是,https://www.8200.cn/kjh/3d/2026168.htm,https://www.3d178.cn/kaijiang/2026/2026168.shtml,https://www.8200.cn/kjh/p3/2026168.htm,https://m.ydniu.com/kaijiang/pl5/sjh/2026168.html
2026-06-28,2026169,832,267,523,342,2026169,884,452,88473,452,16520,一致,一致,是,https://www.8200.cn/kjh/3d/2026169.htm,https://www.3d178.cn/kaijiang/2026/2026169.shtml,https://www.8200.cn/kjh/p3/2026169.htm,https://m.ydniu.com/kaijiang/pl5/sjh/2026169.html
2026-06-29,2026170,805,045,804,861,2026170,417,935,41772,935,46932,一致,一致,是,https://www.8200.cn/kjh/3d/2026170.htm,https://www.3d178.cn/kaijiang/2026/2026170.shtml,https://www.8200.cn/kjh/p3/2026170.htm,https://m.ydniu.com/kaijiang/pl5/sjh/2026170.html
2026-06-30,2026171,134,982,597,844,2026171,048,970,04817,970,30579,一致,一致,是,https://www.8200.cn/kjh/3d/2026171.htm,https://www.3d178.cn/kaijiang/2026/2026171.shtml,https://www.8200.cn/kjh/p3/2026171.htm,https://m.ydniu.com/kaijiang/pl5/sjh/2026171.html
2026-07-01,2026172,445,850,855,357,2026172,771,686,77115,686,40291,一致,一致,是,https://www.8200.cn/kjh/3d/2026172.htm,https://www.3d178.cn/kaijiang/2026/2026172.shtml,https://www.8200.cn/kjh/p3/2026172.htm,https://m.ydniu.com/kaijiang/pl5/sjh/2026172.html
2026-07-02,2026173,677,280,462,433,2026173,259,933,25975,933,82844,一致,一致,是,https://www.8200.cn/kjh/3d/2026173.htm,https://www.3d178.cn/kaijiang/2026/2026173.shtml,https://www.8200.cn/kjh/p3/2026173.htm,https://m.ydniu.com/kaijiang/pl5/sjh/2026173.html
2026-07-03,2026174,618,580,330,012,2026174,157,658,15766,658,14087,一致,一致,是,https://www.8200.cn/kjh/3d/2026174.htm,https://www.3d178.cn/kaijiang/2026/2026174.shtml,https://www.8200.cn/kjh/p3/2026174.htm,https://m.ydniu.com/kaijiang/pl5/sjh/2026174.html
2026-07-04,2026175,421,249,246,980,2026175,838,870,83813,870,89920,一致,一致,是,https://www.8200.cn/kjh/3d/2026175.htm,https://www.3d178.cn/kaijiang/2026/2026175.shtml,https://www.8200.cn/kjh/p3/2026175.htm,https://m.ydniu.com/kaijiang/pl5/sjh/2026175.html
2026-07-05,2026176,269,854,547,547,2026176,584,459,58481,459,15074,一致,一致,是,https://www.8200.cn/kjh/3d/2026176.htm,https://www.3d178.cn/kaijiang/2026/2026176.shtml,https://www.8200.cn/kjh/p3/2026176.htm,https://m.ydniu.com/kaijiang/pl5/sjh/2026176.html
2026-07-06,2026177,808,590,169,892,2026177,826,786,82670,786,36226,一致,一致,是,https://www.8200.cn/kjh/3d/2026177.htm,https://www.3d178.cn/kaijiang/2026/2026177.shtml,https://www.8200.cn/kjh/p3/2026177.htm,https://m.ydniu.com/kaijiang/pl5/sjh/2026177.html
2026-07-07,2026178,266,408,373,192,2026178,837,920,83799,920,55503,一致,一致,是,https://www.8200.cn/kjh/3d/2026178.htm,https://www.3d178.cn/kaijiang/2026/2026178.shtml,https://www.8200.cn/kjh/p3/2026178.htm,https://m.ydniu.com/kaijiang/pl5/sjh/2026178.html
2026-07-08,2026179,993,681,412,283,2026179,396,504,39623,504,52659,一致,一致,是,https://www.8200.cn/kjh/3d/2026179.htm,https://www.3d178.cn/kaijiang/2026/2026179.shtml,https://www.8200.cn/kjh/p3/2026179.htm,https://m.ydniu.com/kaijiang/pl5/sjh/2026179.html
2026-07-09,2026180,520,056,875,930,2026180,005,725,00572,725,19775,一致,一致,是,https://www.8200.cn/kjh/3d/2026180.htm,https://www.3d178.cn/kaijiang/2026/2026180.shtml,https://www.8200.cn/kjh/p3/2026180.htm,https://m.ydniu.com/kaijiang/pl5/sjh/2026180.html
2026-07-10,2026181,818,385,946,149,2026181,124,928,12444,928,05108,一致,一致,是,https://www.8200.cn/kjh/3d/2026181.htm,https://www.3d178.cn/kaijiang/2026/2026181.shtml,https://www.8200.cn/kjh/p3/2026181.htm,https://m.ydniu.com/kaijiang/pl5/sjh/2026181.html
2026-07-11,2026182,662,931,780,087,2026182,313,724,31340,724,82952,一致,一致,是,https://www.8200.cn/kjh/3d/2026182.htm,https://www.3d178.cn/kaijiang/2026/2026182.shtml,https://www.8200.cn/kjh/p3/2026182.htm,https://m.ydniu.com/kaijiang/pl5/sjh/2026182.html
2026-07-12,2026183,923,130,525,297,2026183,352,632,35262,632,05305,一致,一致,是,https://www.8200.cn/kjh/3d/2026183.htm,https://www.3d178.cn/kaijiang/2026/2026183.shtml,https://www.8200.cn/kjh/p3/2026183.htm,https://m.ydniu.com/kaijiang/pl5/sjh/2026183.html
2026-07-13,2026184,902,328,806,351,2026184,142,119,14246,119,71123,一致,一致,是,https://www.8200.cn/kjh/3d/2026184.htm,https://www.3d178.cn/kaijiang/2026/2026184.shtml,https://www.8200.cn/kjh/p3/2026184.htm,https://m.ydniu.com/kaijiang/pl5/sjh/2026184.html
2026-07-14,2026185,397,073,614,999,2026185,785,331,78579,331,71628,一致,一致,是,https://www.8200.cn/kjh/3d/2026185.htm,https://www.3d178.cn/kaijiang/2026/2026185.shtml,https://www.8200.cn/kjh/p3/2026185.htm,https://m.ydniu.com/kaijiang/pl5/sjh/2026185.html
2026-07-15,2026186,045,051,209,960,2026186,665,413,66501,413,00249,一致,一致,是,https://www.8200.cn/kjh/3d/2026186.htm,https://www.3d178.cn/kaijiang/2026/2026186.shtml,https://www.8200.cn/kjh/p3/2026186.htm,https://m.ydniu.com/kaijiang/pl5/sjh/2026186.html
2026-07-16,2026187,023,698,933,452,2026187,086,587,08678,587,12921,一致,一致,是,https://www.8200.cn/kjh/3d/2026187.htm,https://www.3d178.cn/kaijiang/2026/2026187.shtml,https://www.8200.cn/kjh/p3/2026187.htm,https://m.ydniu.com/kaijiang/pl5/sjh/2026187.html
2026-07-17,2026188,969,842,637,660,2026188,607,825,60770,825,71110,一致,一致,是,https://www.8200.cn/kjh/3d/2026188.htm,https://www.3d178.cn/kaijiang/2026/2026188.shtml,https://www.8200.cn/kjh/p3/2026188.htm,https://m.ydniu.com/kaijiang/pl5/sjh/2026188.html
2026-07-18,2026189,558,369,540,640,2026189,950,288,95065,288,37868,一致,一致,是,https://www.8200.cn/kjh/3d/2026189.htm,https://www.3d178.cn/kaijiang/2026/2026189.shtml,https://www.8200.cn/kjh/p3/2026189.htm,https://m.ydniu.com/kaijiang/pl5/sjh/2026189.html
2026-07-19,2026190,026,163,635,928,2026190,554,612,55408,612,58852,一致,一致,是,https://www.8200.cn/kjh/3d/2026190.htm,https://www.3d178.cn/kaijiang/2026/2026190.shtml,https://www.8200.cn/kjh/p3/2026190.htm,https://m.ydniu.com/kaijiang/pl5/sjh/2026190.html
2026-07-20,2026191,906,104,499,948,2026191,069,487,06989,487,29151,一致,一致,是,https://www.8200.cn/kjh/3d/2026191.htm,https://www.3d178.cn/kaijiang/2026/2026191.shtml,https://www.8200.cn/kjh/p3/2026191.htm,https://m.ydniu.com/kaijiang/pl5/sjh/2026191.html
2026-07-21,2026192,425,250,307,419,2026192,306,128,30614,128,13780,一致,一致,是,https://www.8200.cn/kjh/3d/2026192.htm,https://www.3d178.cn/kaijiang/2026/2026192.shtml,https://www.8200.cn/kjh/p3/2026192.htm,https://m.ydniu.com/kaijiang/pl5/sjh/2026192.html
2026-07-22,2026193,254,643,161,035,2026193,180,926,18068,926,36269,一致,一致,是,https://www.8200.cn/kjh/3d/2026193.htm,https://www.3d178.cn/kaijiang/2026/2026193.shtml,https://www.8200.cn/kjh/p3/2026193.htm,https://m.ydniu.com/kaijiang/pl5/sjh/2026193.html
2026-07-23,2026194,283,065,678,655,2026194,701,146,70106,146,37805,一致,一致,是,https://www.8200.cn/kjh/3d/2026194.htm,https://www.3d178.cn/kaijiang/2026/2026194.shtml,https://www.8200.cn/kjh/p3/2026194.htm,https://m.ydniu.com/kaijiang/pl5/sjh/2026194.html
2026-07-24,2026195,275,604,394,814,2026195,595,360,59516,360,68258,一致,一致,是,https://www.8200.cn/kjh/3d/2026195.htm,https://www.3d178.cn/kaijiang/2026/2026195.shtml,https://www.8200.cn/kjh/p3/2026195.htm,https://m.ydniu.com/kaijiang/pl5/sjh/2026195.html
2026-07-25,2026196,419,186,105,988,2026196,726,495,72632,495,84006,一致,一致,是,https://www.8200.cn/kjh/3d/2026196.htm,https://www.3d178.cn/kaijiang/2026/2026196.shtml,https://www.8200.cn/kjh/p3/2026196.htm,https://m.ydniu.com/kaijiang/pl5/sjh/2026196.html
2026-07-26,2026197,232,051,942,102,2026197,473,178,47341,178,49446,一致,一致,是,https://www.8200.cn/kjh/3d/2026197.htm,https://www.3d178.cn/kaijiang/2026/2026197.shtml,https://www.8200.cn/kjh/p3/2026197.htm,https://m.ydniu.com/kaijiang/pl5/sjh/2026197.html
2026-07-27,2026198,685,023,515,869,2026198,719,203,71907,203,84778,一致,一致,是,https://www.8200.cn/kjh/3d/2026198.htm,https://www.3d178.cn/kaijiang/2026/2026198.shtml,https://www.8200.cn/kjh/p3/2026198.htm,https://m.ydniu.com/kaijiang/pl5/sjh/2026198.html
2026-07-28,2026199,591,619,796,766,2026199,305,848,30507,848,71195,一致,一致,是,https://www.8200.cn/kjh/3d/2026199.htm,https://www.3d178.cn/kaijiang/2026/2026199.shtml,https://www.8200.cn/kjh/p3/2026199.htm,https://m.ydniu.com/kaijiang/pl5/sjh/2026199.html
2026-07-29,2026200,912,021,315,281,2026200,077,140,07720,140,81867,一致,一致,是,https://www.8200.cn/kjh/3d/2026200.htm,https://www.3d178.cn/kaijiang/2026/2026200.shtml,https://www.8200.cn/kjh/p3/2026200.htm,https://m.ydniu.com/kaijiang/pl5/sjh/2026200.html
2026-07-30,2026201,321,849,692,687,2026201,862,360,86271,360,15746,一致,一致,是,https://www.8200.cn/kjh/3d/2026201.htm,https://www.3d178.cn/kaijiang/2026/2026201.shtml,https://www.8200.cn/kjh/p3/2026201.htm,https://m.ydniu.com/kaijiang/pl5/sjh/2026201.html
2026-07-31,2026202,988,035,407,932,2026202,961,264,96170,264,85244,一致,一致,是,https://www.8200.cn/kjh/3d/2026202.htm,https://www.3d178.cn/kaijiang/2026/2026202.shtml,https://www.8200.cn/kjh/p3/2026202.htm,https://m.ydniu.com/kaijiang/pl5/sjh/2026202.html
2026-08-01,2026203,435,895,228,975,2026203,135,378,13568,378,81125,一致,一致,是,https://www.8200.cn/kjh/3d/2026203.htm,https://www.3d178.cn/kaijiang/2026/2026203.shtml,https://www.8200.cn/kjh/p3/2026203.htm,https://m.ydniu.com/kaijiang/pl5/sjh/2026203.html
2026-08-02,2026204,978,413,496,845,2026204,674,548,67407,548,00169,一致,一致,是,https://www.8200.cn/kjh/3d/2026204.htm,https://www.3d178.cn/kaijiang/2026/2026204.shtml,https://www.8200.cn/kjh/p3/2026204.htm,https://m.ydniu.com/kaijiang/pl5/sjh/2026204.html
2026-08-03,2026205,814,805,826,030,2026205,806,540,80608,540,59620,一致,一致,是,https://www.8200.cn/kjh/3d/2026205.htm,https://www.3d178.cn/kaijiang/2026/2026205.shtml,https://www.8200.cn/kjh/p3/2026205.htm,https://m.ydniu.com/kaijiang/pl5/sjh/2026205.html
2026-08-04,2026206,942,238,754,106,2026206,709,638,70965,638,92840,一致,一致,是,https://www.8200.cn/kjh/3d/2026206.htm,https://www.3d178.cn/kaijiang/2026/2026206.shtml,https://www.8200.cn/kjh/p3/2026206.htm,https://m.ydniu.com/kaijiang/pl5/sjh/2026206.html
2026-08-05,2026207,415,376,366,570,2026207,866,653,86644,653,72329,一致,一致,是,https://www.8200.cn/kjh/3d/2026207.htm,https://www.3d178.cn/kaijiang/2026/2026207.shtml,https://www.8200.cn/kjh/p3/2026207.htm,https://m.ydniu.com/kaijiang/pl5/sjh/2026207.html
2026-08-06,2026208,632,598,571,614,2026208,471,055,47186,055,47117,一致,一致,是,https://www.8200.cn/kjh/3d/2026208.htm,https://www.3d178.cn/kaijiang/2026/2026208.shtml,https://www.8200.cn/kjh/p3/2026208.htm,https://m.ydniu.com/kaijiang/pl5/sjh/2026208.html
2026-08-07,2026209,289,472,264,477,2026209,982,588,98277,588,13016,一致,一致,是,https://www.8200.cn/kjh/3d/2026209.htm,https://www.3d178.cn/kaijiang/2026/2026209.shtml,https://www.8200.cn/kjh/p3/2026209.htm,https://m.ydniu.com/kaijiang/pl5/sjh/2026209.html
2026-08-08,2026210,755,958,139,090,2026210,094,793,09451,793,31222,一致,一致,是,https://www.8200.cn/kjh/3d/2026210.htm,https://www.3d178.cn/kaijiang/2026/2026210.shtml,https://www.8200.cn/kjh/p3/2026210.htm,https://m.ydniu.com/kaijiang/pl5/sjh/2026210.html
2026-08-09,2026211,708,210,783,520,2026211,515,613,51543,613,26823,一致,一致,是,https://www.8200.cn/kjh/3d/2026211.htm,https://www.3d178.cn/kaijiang/2026/2026211.shtml,https://www.8200.cn/kjh/p3/2026211.htm,https://m.ydniu.com/kaijiang/pl5/sjh/2026211.html
2026-08-10,2026212,561,294,516,576,2026212,839,957,83943,957,36680,一致,一致,是,https://www.8200.cn/kjh/3d/2026212.htm,https://www.3d178.cn/kaijiang/2026/2026212.shtml,https://www.8200.cn/kjh/p3/2026212.htm,https://m.ydniu.com/kaijiang/pl5/sjh/2026212.html
2026-08-11,2026213,872,728,804,291,2026213,740,734,74071,734,60093,一致,一致,是,https://www.8200.cn/kjh/3d/2026213.htm,https://www.3d178.cn/kaijiang/2026/2026213.shtml,https://www.8200.cn/kjh/p3/2026213.htm,https://m.ydniu.com/kaijiang/pl5/sjh/2026213.html
2026-08-12,2026214,545,061,249,758,2026214,014,480,01490,480,43705,一致,一致,是,https://www.8200.cn/kjh/3d/2026214.htm,https://www.3d178.cn/kaijiang/2026/2026214.shtml,https://www.8200.cn/kjh/p3/2026214.htm,https://m.ydniu.com/kaijiang/pl5/sjh/2026214.html
2026-08-13,2026215,172,163,818,584,2026215,927,778,92738,778,45103,一致,一致,是,https://www.8200.cn/kjh/3d/2026215.htm,https://www.3d178.cn/kaijiang/2026/2026215.shtml,https://www.8200.cn/kjh/p3/2026215.htm,https://m.ydniu.com/kaijiang/pl5/sjh/2026215.html
